date,price,close,high,low,open,volume,sma_10,sma_50,ema_10,ema_50,rsi,open_norm,high_norm,low_norm,close_norm,volume_norm,ticker,source,n_items,mean_compound,median_compound,std_compound,pos_mean,neg_mean,neu_mean,sentiment_label
1970-01-01 00:00:00.000000000,Ticker,219.8866424560547,220.24497537072617,215.7061019102892,219.79706302441247,67180000.0,,,219.8866424560547,219.8866424560547,,-0.1150894627190557,-0.2511458879628382,-0.2263938033167253,-0.129740853858041,0.4736258876944993,,,,,,,,,,
1970-01-01 00:00:00.000000001,Date,219.8866424560547,220.24497537072617,215.7061019102892,219.79706302441247,67180000.0,,,219.8866424560547,219.8866424560547,,-0.1150894627190557,-0.2511458879628382,-0.2263938033167253,-0.129740853858041,0.4736258876944993,,,,,,,,,,
1970-01-01 00:00:00.000000002,2024-09-09,219.8866424560547,220.24497537072617,215.7061019102892,219.79706302441247,67180000.0,,,219.8866424560547,219.8866424560547,,-0.1150894627190557,-0.2511458879628382,-0.2263938033167253,-0.129740853858041,0.4736258876944993,,,,,,,,,,
1970-01-01 00:00:00.000000003,2024-09-10,219.09034729003903,220.45399594379384,215.726000183756,217.905857501112,51591000.0,,,219.7418615167791,219.85541519464232,,-0.2327401573507913,-0.2377492209236688,-0.2251753122951792,-0.179160930466678,-0.0900760899510581,,,,,,,,,,
1970-01-01 00:00:00.000000004,2024-09-11,221.62852478027344,222.056525502596,216.88061769002928,220.4340868524661,44587100.0,,,220.0848912010508,219.92494890388275,,-0.0754606149052687,-0.13503897281451,-0.1544711345149429,-0.0216352649005551,-0.3433387932182157,,,,,,,,,,
1970-01-01 00:00:00.000000005,2024-09-12,221.738037109375,222.51442259643304,218.8017058249269,221.46928361366915,37455600.0,,,220.38546318438244,219.9960504021373,,-0.0110616817721253,-0.1056911683648882,-0.036831347933403,-0.0148386548936533,-0.6012155430789696,,,,,,,,,,
1970-01-01 00:00:00.000000006,2024-09-13,221.4692840576172,223.00214343080088,220.8820208371711,222.54428285449177,36766600.0,,,220.5825215249706,220.0538242709797,,0.0558133383423712,-0.0744318835480943,0.0905588584903245,-0.0315181438237857,-0.6261299482747993,,,,,,,,,,
1970-01-01 00:00:00.000000007,2024-09-16,215.3179168701172,216.21374159471785,212.9290256243428,215.5368837592455,59357400.0,,,219.6253206786336,219.8681024121224,,-0.3801125094622251,-0.5095180465577314,-0.3964508952662305,-0.413287430676558,0.190758796134416,,,,,,,,,,
1970-01-01 00:00:00.000000008,2024-09-17,215.7857208251953,215.8952118613641,213.5063358570856,214.75054527350213,45519300.0,,,218.92721161437208,219.7080090165566,,-0.4290301273115652,-0.5299334378141416,-0.3610987157709265,-0.3842543430923871,-0.309630217712334,,,,,,,,,,
1970-01-01 00:00:00.000000009,2024-09-18,219.66766357421875,221.67831024616868,216.5322467283196,216.54221012404864,59894900.0,219.4357421875,,219.0618392434351,219.70642684234727,,-0.3175717947205148,-0.1592797630158191,-0.175803984810704,-0.1433312328756037,0.2101949250063441,,,,,,,,,,
1970-01-01 00:00:00.000000010,2024-09-19,227.80975341796875,228.75536468744528,223.58940496515828,223.94773787040657,66781300.0,220.2280532836914,,220.65236909335027,220.02420435511675,,0.1431213836459865,0.2943068891323436,0.2563482802378253,0.3619872985000096,0.4592088001014988,,,,,,,,,,
1970-01-01 00:00:00.000000011,2024-09-20,227.1428680419922,232.01021467188832,226.5655530501552,228.90467282845125,318679900.0,220.95367584228515,,221.8324598112852,220.303367636955,,0.4514891595821068,0.5029186102853187,0.4385957363508963,0.3205987182643064,9.567922571744786,,,,,,,,,,
1970-01-01 00:00:00.000000012,2024-09-23,225.4208831787109,228.38707413181643,224.7639369712135,226.2868480598011,54146000.0,221.5070999145508,,222.4849004235444,220.5040545209454,,0.2886359431223996,0.2707021985747645,0.3282719426745241,0.2137280156728491,0.0023133226401535,,,,,,,,,,
1970-01-01 00:00:00.000000013,2024-09-24,226.31671142578125,228.28755007923567,224.6843092769655,227.59078065470555,43556100.0,222.229736328125,,223.181593333042,220.7320018505468,62.53882294489771,0.3697527618147138,0.2643234456355428,0.3233958597988091,0.2693253651078787,-0.3806200004125559,,,,,,,,,,
1970-01-01 00:00:00.000000014,2024-09-25,225.32135009765625,226.2370864319121,222.98224544035924,223.88801837861104,42308700.0,222.5990188598633,,223.5706400175173,220.91197629160996,60.20180829728192,0.1394062719850725,0.1329039477556821,0.2191682489728279,0.2075507428464582,-0.4257262834913338,,,,,,,,,,
1970-01-01 00:00:00.000000015,2024-09-26,226.46600341796875,227.4414592531255,224.3657775193108,226.24702136687824,36636700.0,223.07181549072263,,224.09706972669028,221.12978127695732,61.84162321254527,0.2861583498468258,0.2100953047595536,0.3038902435237182,0.2785908008480943,-0.6308271634198476,,,,,,,,,,
1970-01-01 00:00:00.000000016,2024-09-27,226.73475646972656,228.45675318264773,226.24703611440785,227.40166606122023,34026000.0,223.5983627319336,,224.57664913451504,221.3495842256934,62.20723450196131,0.3579880630474865,0.2751681084605345,0.419091027710384,0.2952702897782267,-0.7252307013657875,,,,,,,,,,
1970-01-01 00:00:00.000000017,2024-09-30,231.920654296875,231.920654296875,228.58616671135624,228.9743594736852,54541900.0,225.25863647460935,,225.91192280039863,221.76413599319076,69.77604550757388,0.4558243215289809,0.4971784551113678,0.5623300697994261,0.6171201249148648,0.0166291615618211,,,,,,,,,,
1970-01-01 00:00:00.000000018,2024-10-01,225.162109375,228.5861611290004,222.70355021092283,228.45677367012016,63285000.0,226.19627532958984,,225.7755930866898,221.8973898513009,54.8194824639451,0.4236256373718612,0.2834621971431262,0.2021020630354817,0.1976678639232275,0.3327817538225738,,,,,,,,,,
1970-01-01 00:00:00.000000019,2024-10-02,225.72946166992188,226.31672490502265,221.9868849855648,224.84358511910924,32880600.0,226.80245513916012,,225.76720555636837,222.0476671775213,55.37678302978694,0.1988514720976419,0.1380081826743398,0.1582163387784695,0.2328791713325379,-0.7666486399888692,,,,,,,,,,
1970-01-01 00:00:00.000000020,2024-10-03,224.6245880126953,225.759306386038,222.2854834369284,224.09704443839323,34044200.0,226.4839385986328,,225.55945691206412,222.14872289654772,54.15682001641575,0.1524096504262433,0.102281793684455,0.1765013187613711,0.1643079390642156,-0.7245725850021241,,,,,,,,,,
1970-01-01 00:00:00.000000021,2024-10-04,225.74935913085932,226.9437971307691,223.09172964492672,226.8442543024003,37245100.0,226.34458770751957,,225.59398458820877,222.2899243175012,65.84037996148965,0.3233118315046485,0.1781988571832842,0.225872625635929,0.2341140576985665,-0.608827273548813,,,,,,,,,,
1970-01-01 00:00:00.000000022,2024-10-07,220.6630249023437,224.6444949275546,220.30469199255063,223.46000516495792,39505400.0,225.8688018798828,,224.697446463506,222.22612434043617,56.49523056873332,0.1127798417650669,0.0308306551598408,0.0552055392777531,-0.0815566106141849,-0.5270942836153822,,,,,,,,,,
1970-01-01 00:00:00.000000023,2024-10-08,224.72412109375,224.9331397600325,222.2157907816424,223.2609296773624,31855700.0,225.70954284667968,,224.70229639627763,222.32408499742888,56.701834882546,0.1003954821007148,0.0493306461249945,0.1722336181050561,0.1704852118906083,-0.8037092697206629,,,,,,,,,,
1970-01-01 00:00:00.000000024,2024-10-09,228.47666931152344,228.6857031876272,223.7884964805669,224.1866374402548,33591100.0,226.0250747680664,,225.38854601723145,222.5653628136679,51.00032728365183,0.1579831741777819,0.2898421041362291,0.268539851752639,0.4033777727332066,-0.7409567896381625,,,,,,,,,,
1970-01-01 00:00:00.000000025,2024-10-10,227.97897338867188,228.43684913724616,226.11764095959848,226.72481576308653,28183500.0,226.1763717651367,,225.8595328120388,222.7776612675896,51.26049724036187,0.3158816358210294,0.2738924069108547,0.4111673837505137,0.3724895146037494,-0.9364969021736756,,,,,,,,,,
1970-01-01 00:00:00.000000026,2024-10-11,226.49588012695312,228.34726430462075,226.2868462669136,228.23777327090536,31759200.0,226.15248413085936,,225.97523232384137,222.9234737718784,51.63240404416293,0.4100017616085958,0.2681506841855338,0.4215288429045352,0.2804450243946337,-0.8071987328576695,,,,,,,,,,
1970-01-01 00:00:00.000000027,2024-10-14,230.228515625,230.65651637799863,227.54102629778745,227.6405539391785,39882100.0,225.98327026367187,,226.7485565604157,223.20994600141256,55.46897265936517,0.3728491262342318,0.4161565990221491,0.4983298331801274,0.5121017518724548,-0.5134727212971398,,,,,,,,,,
1970-01-01 00:00:00.000000028,2024-10-15,232.76670837402344,236.3898456598821,231.29355345996072,232.52781469355563,64751400.0,226.7437301635742,,227.8427659810716,223.5847209964169,59.978649562253466,0.6768825142054238,0.7836204437913648,0.7281196520230934,0.6696283644373229,0.3858071294091698,,,,,,,,,,
1970-01-01 00:00:00.000000029,2024-10-16,230.70626831054688,231.04468960128423,228.77525301100687,230.52710945831012,34082200.0,227.2414108276367,,228.3634027682489,223.8639973616769,55.54685715815981,0.5524199120292267,0.4410356209746661,0.5739089617473367,0.5417522826396407,-0.7231984958911785,,,,,,,,,,
1970-01-01 00:00:00.000000030,2024-10-17,231.07456970214844,232.76670668063704,229.4521309302649,232.348638945834,32993800.0,227.886408996582,,228.8563422107761,224.1467649044405,55.66233292356822,0.665736104721689,0.5514041321182234,0.615358269833098,0.5646099913949127,-0.7625553008478417,,,,,,,,,,
1970-01-01 00:00:00.000000031,2024-10-18,233.911361694336,235.0858880500012,232.92594240501305,235.0858880500012,46431500.0,228.70260925292968,,229.7754366623324,224.52969026875016,52.7669718601482,0.836018633255839,0.700046441115993,0.8280806499729636,0.7406684224389607,-0.276644847001687,,,,,,,,,,
1970-01-01 00:00:00.000000032,2024-10-21,235.384521484375,235.75281781754072,233.3639265084296,233.3639265084296,36254500.0,230.1747589111328,,230.7952702663401,224.9553699242649,66.65577721982271,0.7288964992524071,0.7427916881656452,0.854901052179434,0.8320964164638064,-0.6446476070567796,,,,,,,,,,
1970-01-01 00:00:00.000000033,2024-10-22,234.76739501953125,235.12572795126604,231.52250221800776,232.80651969699693,38846600.0,231.17908630371093,,231.51747476692032,225.34015522211843,64.70201311868223,0.6942205754833883,0.7025998830297985,0.7421395621695884,0.7937959991419261,-0.5509166495704078,,,,,,,,,,
1970-01-01 00:00:00.000000034,2024-10-23,229.6910095214844,234.05072423456664,226.7049068825192,232.99563706556216,52287000.0,231.30052032470704,,231.18539017684105,225.5107769593485,57.29851612822436,0.7059854468865744,0.6337001252350069,0.4471292100634365,0.4787427740121915,-0.0649085630768963,,,,,,,,,,
1970-01-01 00:00:00.000000035,2024-10-24,229.5018920898437,229.75073396519565,227.35189464165865,228.9146137210552,31109500.0,231.45281219482425,,230.8792996155688,225.66729127819147,55.555535473009925,0.4521075761982298,0.3581026705682829,0.4867481637821267,0.4670056715424179,-0.8306920406308634,,,,,,,,,,
1970-01-01 00:00:00.000000036,2024-10-25,230.3380126953125,232.13962556438537,228.5065400142299,228.6757506783198,38802300.0,231.83702545166017,,230.78088381188584,225.8504568239609,66.38567293462327,0.4372480579949274,0.5112128877938938,0.5574540479834696,0.5188974148806095,-0.5525185481918523,,,,,,,,,,
1970-01-01 00:00:00.000000037,2024-10-28,232.3187713623047,233.64261197661628,231.47271808946843,232.2391553268284,36087100.0,232.04605102539065,,231.0604997301438,226.10411621762145,63.837454534312265,0.6589251983087647,0.6075431591807876,0.7390909804048446,0.6418282692216885,-0.6507008311928926,,,,,,,,,,
1970-01-01 00:00:00.000000038,2024-10-29,232.5875244140625,233.2444706163013,231.2437873874136,232.0201728307493,35417200.0,232.0281326293945,,231.33814058176532,226.35836751944268,58.57909026125884,0.6453024362882004,0.5820252536445952,0.7250721759354032,0.6585077581518209,-0.6749245758092733,,,,,,,,,,
1970-01-01 00:00:00.000000039,2024-10-30,229.03407287597656,232.38845656475567,228.48661770128336,231.5324398883544,47070900.0,231.8609130859375,,230.91921918071284,226.4632971412676,51.95285162328595,0.6149608796670051,0.527161107684694,0.5562340848799207,0.4379716369595018,-0.2535239896980389,,,,,,,,,,
1970-01-01 00:00:00.000000040,2024-10-31,224.8634796142578,228.76531846185907,224.32597264925337,228.27758291037028,64370100.0,231.23980407714845,,229.8181756231756,226.4005591990319,47.25202012169529,0.4124782939993817,0.2949448521789827,0.301452751805666,0.1791341514465556,0.3720192299880234,,,,,,,,,,
1970-01-01 00:00:00.000000041,2024-11-01,221.8773956298828,224.3060950069212,219.24962577022424,219.94638005344729,65276700.0,230.03640747070312,,228.37439744257685,226.22318023553584,35.579277754070844,-0.1058005451636392,0.0091417324080136,-0.009402514339986,-0.006189715337706,0.4048021033560048,,,,,,,,,,
1970-01-01 00:00:00.000000042,2024-11-04,220.9815368652344,221.75792231303785,218.69220372782075,219.96627293386248,44944500.0,228.59610900878903,,227.03024097396911,226.01762559356325,28.42566485196886,-0.1045630217055913,-0.154177220541203,-0.0435368202643143,-0.061788958770226,-0.3304151235273745,,,,,,,,,,
1970-01-01 00:00:00.000000043,2024-11-05,222.4148712158203,222.9125549800929,220.11557465497725,220.7725208689619,28111300.0,227.360856628418,,226.19108283612388,225.8763411081616,34.46479838664898,-0.0544068496549165,-0.0801738381656479,0.0436247466910626,0.0271673685250649,-0.9391076714844724,,,,,,,,,,
1970-01-01 00:00:00.000000044,2024-11-06,221.68826293945312,225.02275032206143,220.16535179621147,221.5787719009408,54561100.0,226.56058197021488,,225.37238830945648,225.7121027486044,32.64632284941571,-0.004250484949334,0.055074017914075,0.0466729005810685,-0.0179277648062231,0.0173234381652463,,,,,,,,,,
1970-01-01 00:00:00.000000045,2024-11-07,226.4261932373047,226.82434934768688,223.52968537330025,223.5894049928319,42137700.0,226.25301208496091,,225.56398920542887,225.7401062971809,37.070140718243984,0.1208297228842972,0.1705431410256151,0.2526912902677689,0.2761200811172866,-0.4319096844905891,,,,,,,,,,
1970-01-01 00:00:00.000000046,2024-11-08,226.1571655273437,227.8511489598711,225.60910803907555,226.366414165256,38328800.0,225.83492736816407,,225.671839445777,225.75646156110884,33.36882935558123,0.293585700015863,0.2363533735711286,0.3800268529475414,0.2594235462097072,-0.5696404217190298,,,,,,,,,,
1970-01-01 00:00:00.000000047,2024-11-11,223.4368133544922,224.9016146506588,220.7164746065314,224.2040938441064,42005600.0,224.9467315673828,,225.2654710655434,225.66549496477091,31.017224461587475,0.1590691259760454,0.0473101206453502,0.0804214666195078,0.0905916626036825,-0.4366864521631132,,,,,,,,,,
1970-01-01 00:00:00.000000048,2024-11-12,223.4368133544922,224.79200315214243,222.5698957238352,223.75568869738083,40398300.0,224.0316604614258,,224.93298784535227,225.5780956859365,37.37443744994952,0.1311741265490973,0.0402848373072713,0.1939175945298286,0.0905916626036825,-0.4948068055321364,,,,,,,,,,
1970-01-01 00:00:00.000000049,2024-11-13,224.3236541748047,225.84824072641777,221.97200184604,223.2175800878685,48566200.0,223.56061859130855,225.7802279663086,224.82219990525272,225.52890190118623,39.83292198752691,0.0976987316666007,0.1079818246858546,0.1573049545865887,0.1456312297767534,-0.199453583182329,,,,,,,,,,
1970-01-01 00:00:00.000000050,2024-11-14,227.41270446777344,228.06039910056816,224.2040935569292,224.22402706703755,44923900.0,223.81554107666017,225.93074920654297,225.29320073480196,225.60277651164063,44.72321172270176,0.1603091591163916,0.2497647541911134,0.2939893615794117,0.3373454441054728,-0.3311600244664661,,,,,,,,,,
1970-01-01 00:00:00.000000051,2024-11-15,224.2041015625,226.11730807125568,223.4766880681117,225.59914322363005,47923700.0,224.04821166992187,226.01709838867188,225.09518270347428,225.54792651363516,35.983325573880975,0.2458542619776003,0.1252270440295971,0.2494459463616138,0.1382114945943547,-0.2226865372292384,,,,,,,,,,
1970-01-01 00:00:00.000000052,2024-11-18,227.2134246826172,228.9273417095955,224.37349996104592,224.4532188000698,44633700.0,224.67140045166016,226.16363403320312,225.48031760877296,225.6132401673207,41.5200397931616,0.1745670312846355,0.305329339555865,0.3043631351006874,0.3249776404702301,-0.3416537260453192,,,,,,,,,,
1970-01-01 00:00:00.000000053,2024-11-19,227.4724884033203,229.3458430169113,225.8582238051146,226.1770839408332,36211800.0,225.17716217041016,226.3312768554688,225.84253048050883,225.6861518628501,47.25002176318092,0.2818075869849475,0.3321521665497979,0.3952817103476634,0.3410557851960456,-0.6461916492946053,,,,,,,,,,
1970-01-01 00:00:00.000000054,2024-11-20,228.18994140625,229.116644350332,225.0909420304879,227.25326410482543,35169600.0,225.82733001708985,226.46250518798828,226.2693324670072,225.78433968808147,56.669054845675056,0.3487560715799037,0.317462233511527,0.3482964301955895,0.3855827192791602,-0.6838778511742768,,,,,,,,,,
1970-01-01 00:00:00.000000055,2024-11-21,227.711654663086,229.3458528412815,224.91159698015457,228.07038183414417,42108300.0,225.955876159668,226.5819775390625,226.53157286629423,225.8599206674934,63.00447728515167,0.3995884466263145,0.3321527962189938,0.3373140535610098,0.3558990435558325,-0.4329727955395838,,,,,,,,,,
1970-01-01 00:00:00.000000056,2024-11-22,229.056869506836,229.9038688598125,227.2532745036032,227.2532745036032,38168300.0,226.2458465576172,226.73372924804687,226.99071771002912,225.98529121021272,67.64630368333749,0.3487567184812646,0.3679174804941759,0.4807090592857035,0.4393864530874556,-0.575444140200787,,,,,,,,,,
1970-01-01 00:00:00.000000057,2024-11-25,232.04624938964844,232.42491005721112,228.92733167542056,230.64124862727573,90152800.0,227.1067901611328,227.0682958984375,227.9099052881417,226.2229758447004,69.70643991028757,0.5595204372487459,0.5294975059333125,0.5832216534975182,0.624914871601058,1.3043278436926942,,,,,,,,,,
1970-01-01 00:00:00.000000058,2024-11-26,234.2285003662109,234.73670603206307,232.50462429580293,232.50462429580293,45986200.0,228.1859588623047,227.4371514892578,229.0587407568816,226.53691798279888,74.21570631848303,0.6754398542878334,0.677666465969395,0.8022808068788009,0.7603508443956865,-0.2927470017675839,,,,,,,,,,
1970-01-01 00:00:00.000000059,2024-11-27,234.0989532470703,234.8562745603856,232.98291999142185,233.6405889619916,33498400.0,229.16348876953128,227.72577728271483,229.97514302782497,226.83346838531932,68.02438034270624,0.7461074947994601,0.6853299210005982,0.8315697304494408,0.7523108250340335,-0.7443088438640745,,,,,,,,,,
1970-01-01 00:00:00.000000060,2024-11-29,236.490478515625,236.96877632211965,233.14236346053607,233.97938842310504,28481400.0,230.0712661743164,227.899391784668,231.1597494801522,227.2121746649392,72.0732284437798,0.7671839941274073,0.8207256014652518,0.8413334135088946,0.9007348856431624,-0.9257247667486572,,,,,,,,,,
1970-01-01 00:00:00.000000061,2024-12-02,238.7424774169922,239.938229529748,236.3210805290228,236.4306920263062,48137100.0,231.5251037597656,228.131383972168,232.5384272868504,227.66434340031384,83.36233618861952,0.9196780346305152,1.0110455079086709,1.0359853874329357,1.0404995897101277,-0.2149699420640859,,,,,,,,,,
1970-01-01 00:00:00.000000062,2024-12-03,241.79165649414065,241.9012679940841,238.0549215480856,238.96170621081689,38861000.0,232.982926940918,228.45879943847655,234.2208325972668,228.21835567850312,85.31445907107125,1.0771308197782563,1.136861700572533,1.142158906358832,1.2297392963130531,-0.5503959421178389,,,,,,,,,,
1970-01-01 00:00:00.000000063,2024-12-04,242.1503753662109,243.24649032811607,240.3966066319756,242.01087120786053,44383900.0,234.45071563720705,228.7754727172852,235.6625676461657,228.76470939174655,85.0098290653996,1.266817437932212,1.2230804657313374,1.2855543750548466,1.2520022898552337,-0.3506865539377986,,,,,,,,,,
1970-01-01 00:00:00.000000064,2024-12-05,242.18028259277344,243.67497660990784,241.2735131113704,243.1269343008096,40033900.0,235.84974975585936,229.1126513671875,236.8476067273671,229.2908103015908,82.96267938414888,1.3362470142107057,1.250543255464277,1.3392526355427603,1.253858407399269,-0.5079835969013097,,,,,,,,,,
1970-01-01 00:00:00.000000065,2024-12-06,241.98098754882807,243.7646642163996,241.22368140458013,242.05074723300527,36870600.0,237.2766830444336,229.42295104980468,237.78094869490545,229.7884643112864,95.83764157511683,1.2692981001339825,1.256291565231475,1.3362011402754117,1.2414896567652756,-0.6223692833395797,,,,,,,,,,
1970-01-01 00:00:00.000000066,2024-12-09,245.8771514892578,246.3654236467989,240.89483838917155,240.97455722335047,44649200.0,238.95871124267575,229.8057989501953,239.25298556660584,230.41939322022645,96.01967886477031,1.2023490030466106,1.422980937606117,1.3160641036404126,1.4832953698142255,-0.3410932423290125,,,,,,,,,,
1970-01-01 00:00:00.000000067,2024-12-10,246.8935546875,247.33200068563025,244.4721425450312,246.0166626912396,36914800.0,240.44344177246091,230.1052569580078,240.64217995222296,231.06543876796263,96.16298325670353,1.516015182314299,1.4849313502706998,1.5351239634083838,1.546375903347698,-0.6207710007421114,,,,,,,,,,
1970-01-01 00:00:00.000000068,2024-12-11,245.6180877685547,249.9128394219165,245.38889040813984,247.08288910248365,45205800.0,241.5824005126953,230.5143765258789,241.54689046428325,231.63613088563292,90.3553780094774,1.582344450271726,1.6503439540368532,1.5912619515652522,1.46721722508841,-0.3209664528776354,,,,,,,,,,
1970-01-01 00:00:00.000000069,2024-12-12,247.0828857421875,247.8601253939288,244.81093690846672,246.01666340683192,32777500.0,242.88079376220705,230.9414450073242,242.55343506026583,232.24188597804687,92.89495219363565,1.5160152268308442,1.518780223462447,1.555870380964966,1.5581262637999256,-0.7703767607083033,,,,,,,,,,
1970-01-01 00:00:00.000000070,2024-12-13,247.25228881835932,248.4081739675946,245.36897496771653,246.9433878213736,33155300.0,243.95697479248048,231.3939990234375,243.4077721071919,232.83052922668656,92.50464270978658,1.5736661641614067,1.5539060685165371,1.5900424093076548,1.568639843888627,-0.7567154221263229,,,,,,,,,,
1970-01-01 00:00:00.000000071,2024-12-16,250.15196228027344,250.49077111704125,246.7739547032778,247.1127635400456,51694800.0,245.0979232788086,231.88205108642575,244.63398850229763,233.50980111114092,92.47309671971584,1.584202920061282,1.6873850853347854,1.6760777729332943,1.7486008567688798,-0.0863226570637909,,,,,,,,,,
1970-01-01 00:00:00.000000072,2024-12-17,252.58334350585932,252.93211150871377,248.8964348112852,249.1953766416157,51356400.0,246.17709197998047,232.52045745849608,246.0793257756725,234.25778316583575,92.5600576793716,1.7137609585875582,1.843856880797344,1.8060500018976144,1.899498478105056,-0.0985592821991592,,,,,,,,,,
1970-01-01 00:00:00.000000073,2024-12-18,247.1725616455078,253.3805196542609,246.86366065893745,251.26802371656945,56774100.0,246.67931060791017,232.96942626953123,246.27809593382435,234.7642450669994,74.35044966513739,1.84269901692676,1.872596514104163,1.681571008400836,1.5636917754357849,0.0973460487579475,,,,,,,,,,
1970-01-01 00:00:00.000000074,2024-12-19,248.9063873291016,251.1085763755284,246.2159413374692,246.6244946545368,60882300.0,247.35192108154297,233.37802062988283,246.755967096602,235.3188388811995,73.7062483099127,1.5538280227593109,1.7269818160370796,1.6419072567185995,1.67129734905488,0.2458995457470731,,,,,,,,,,
1970-01-01 00:00:00.000000075,2024-12-20,253.5897674560547,254.0979578981185,244.8208937111572,247.1625716512524,147495300.0,248.51279907226564,233.89023651123048,247.9984762528661,236.035345884135,75.9401322466201,1.5873014510297978,1.9185789795288213,1.556480095908422,1.9619596744580208,3.377846392229507,,,,,,,,,,
1970-01-01 00:00:00.000000076,2024-12-23,254.3670196533203,254.7456651132031,252.55345036958025,253.8687883386418,40858800.0,249.36178588867188,234.44765930175785,249.15639323476688,236.75423505155405,73.86538370930765,2.0044909325015707,1.9600922036675128,2.0299910704973274,2.0101978966304554,-0.4781550151218613,,,,,,,,,,
1970-01-01 00:00:00.000000077,2024-12-24,257.2866516113281,257.2965955586333,254.38692663500532,254.58623131585568,23234700.0,250.40109558105468,234.9888220214844,250.63462203050528,237.5594278578197,76.18065815295881,2.049122604516026,2.123587908018319,2.142265855109655,2.191397583871725,-1.1154466967065086,,,,,,,,,,
1970-01-01 00:00:00.000000078,2024-12-26,258.1037292480469,259.1799258751944,256.7186620602343,257.27667867815336,27237100.0,251.6496597290039,235.49556243896484,251.99264152460373,238.36508673586783,76.81208348194242,2.216493626408998,2.244295400134767,2.2850520463341235,2.2421074727737134,-0.970718953084174,,,,,,,,,,
1970-01-01 00:00:00.000000079,2024-12-27,254.6858673095703,257.7848817480364,252.16481819720389,256.91793375888693,42355300.0,252.4099578857422,235.97515441894527,252.48231894005215,239.00511734660128,69.30064214099991,2.194176332795323,2.1548834278958764,2.006192784001996,2.029986382446844,-0.4240412163184373,,,,,,,,,,
1970-01-01 00:00:00.000000080,2024-12-30,251.307861328125,252.6032657318148,249.86299361835324,251.33775398934145,35557500.0,252.81551513671877,236.37982025146485,252.26878119242903,239.48757789489636,58.3820332658875,1.847036892915071,1.8227803077323248,1.8652382138887595,1.8203388528470223,-0.6698512941707031,,,,,,,,,,
1970-01-01 00:00:00.000000081,2024-12-31,249.5341796875,252.38406352835983,248.54767617169,251.5470385357527,39480700.0,252.7537368774414,236.6922766113281,251.7715809188056,239.88156227892,53.982576226718486,1.860056351645289,1.808731073770139,1.7846934117520843,1.7102597185008803,-0.5279874415374969,,,,,,,,,,
1970-01-01 00:00:00.000000082,2025-01-02,242.98741149902344,248.2188401577881,240.96459363401945,248.0494281352692,55740700.0,251.7941436767578,236.8443344116211,250.1744592061179,240.00336028755152,46.57673728367887,1.6424722297197545,1.541771176854874,1.3203356370322354,1.3039508531182429,0.0599780569881791,,,,,,,,,,
1970-01-01 00:00:00.000000083,2025-01-03,242.4991455078125,243.31623695542572,241.0343442297804,242.4991455078125,40244100.0,251.3268020629883,236.99896942138676,248.7789476246078,240.10123421775785,43.87969484695325,1.2971926720632545,1.2275507067677085,1.324606885732487,1.273647840214404,-0.5003827145033948,,,,,,,,,,
1970-01-01 00:00:00.000000084,2025-01-06,244.1333465576172,246.45510633108967,242.33971076643533,243.4457849039297,45045600.0,250.84949798583983,237.28781616210935,247.93429288515492,240.2593562703013,45.99229135056634,1.356082507751016,1.4287289318967726,1.4045423337700946,1.375070459014623,-0.326759323287464,,,,,,,,,,
1970-01-01 00:00:00.000000085,2025-01-07,241.35321044921875,244.68139184839129,240.4962520142114,242.12047569552988,40856000.0,249.62584228515624,237.52484252929688,246.73773244225745,240.30225251261183,38.659137492414494,1.2736358635079523,1.3150470009819184,1.2916562614218037,1.2025282343180237,-0.4782562637931942,,,,,,,,,,
1970-01-01 00:00:00.000000086,2025-01-08,241.8414764404297,242.8479134243992,239.20085656180404,241.06423680804883,37628900.0,248.3732879638672,237.7549118041992,245.84750407828875,240.3626142352713,35.42453347664227,1.2079279130614429,1.197534645096403,1.2123314028733334,1.2328312472218623,-0.5949489735282624,,,,,,,,,,
1970-01-01 00:00:00.000000087,2025-01-10,236.0121917724609,239.3104808095479,232.17580437363205,239.1610022847024,61710900.0,246.24584197998047,237.82878021240236,244.05926547722916,240.1920094328082,35.026728113811586,1.089528901975629,0.9708114751273044,0.7821451843817089,0.8710512099198313,0.2758619204136398,,,,,,,,,,
1970-01-01 00:00:00.000000088,2025-01-13,233.5708465576172,233.8398957390806,228.90740850459227,232.7039288898965,49630700.0,243.7925537109375,237.84844665527345,242.15228021911787,239.93235598672223,29.808457290542577,0.6878384665219407,0.620187583790193,0.5820016378607069,0.7195351984018934,-0.1609610079559709,,,,,,,,,,
1970-01-01 00:00:00.000000089,2025-01-14,232.45480346679688,235.28475371553364,231.6476711610837,233.91960476413303,39435300.0,241.56944732666017,237.91686126708984,240.3891026277868,239.6391186329997,19.287558797610387,0.7634648906671929,0.7127922539685799,0.7498044097539374,0.6502707630507994,-0.5296291164226793,,,,,,,,,,
1970-01-01 00:00:00.000000090,2025-01-15,237.028564453125,238.11472029161555,233.6007305222416,233.8099943677676,39832000.0,240.14151763916016,238.1601629638672,239.7780956869392,239.53674395927916,27.30825930031382,0.7566460975152188,0.8941721028290679,0.8694019869051484,0.9341298494558118,-0.5152843493092023,,,,,,,,,,
1970-01-01 00:00:00.000000091,2025-01-16,227.4525604248047,237.1680713225123,227.22337827123212,236.51041752509497,71759100.0,237.93335571289063,238.2716662597656,237.537089275642,239.0628544089076,16.748078479989687,0.9246377072820584,0.8334989314951481,0.4788783330780747,0.3398190048325213,0.639207241587422,,,,,,,,,,
1970-01-01 00:00:00.000000092,2025-01-17,229.16647338867188,231.4682996512766,227.67177943063624,231.2989028272768,68488300.0,236.55126190185547,238.4353649902344,236.01515911437463,238.674761035565,18.379793554519964,0.6004326874004761,0.4681858804486756,0.5063366343069369,0.4461887450868373,0.5209343293747664,,,,,,,,,,
1970-01-01 00:00:00.000000093,2025-01-21,221.85243225097656,223.6261344593549,218.6039696546368,223.2076219926961,98070400.0,234.48659057617184,238.4241162109375,233.4401178664841,238.01506186754196,16.93758592942146,0.0970792448896191,-0.0344386909054705,-0.0489399235108667,-0.0077390052877257,1.5906301580301416,,,,,,,,,,
1970-01-01 00:00:00.000000094,2025-01-22,223.03823852539065,223.3272060060417,219.01252087308487,219.01252087308487,64126500.0,232.37707977294923,238.45111572265623,231.5488670771944,237.4277354619674,20.218374389119816,-0.16389533174512,-0.0535977856242203,-0.0239218739623912,0.0658551083344518,0.3632105955820668,,,,,,,,,,
1970-01-01 00:00:00.000000095,2025-01-23,222.8688507080078,226.2269251350915,221.51366083038823,223.94503224654224,60234800.0,230.5286437988281,238.37996887207032,229.9706822827968,236.85679880494936,20.925704895945515,0.1429530685035396,0.1322526840633391,0.129237976146938,0.0553424752444938,0.222485790501355,,,,,,,,,,
1970-01-01 00:00:00.000000096,2025-01-24,221.991943359375,224.831867935065,220.6267944226493,223.9848686181573,54697900.0,228.54369049072267,238.29666442871093,228.5200024785383,236.27386329727975,23.878021914186466,0.1454312638844095,0.0428398739506233,0.0749298093129869,0.0009194042556911,0.0222701589646505,,,,,,,,,,
1970-01-01 00:00:00.000000097,2025-01-27,229.04690551757807,231.3287982977573,223.18770026542344,223.2275672861503,94863400.0,227.8471618652344,238.40886627197267,228.615803031091,235.99045318827189,35.61382655795266,0.0983200289295385,0.4592448792965712,0.2317494842288508,0.4387680629056882,1.474664269114284,,,,,,,,,,
1970-01-01 00:00:00.000000098,2025-01-28,237.41717529296875,239.34035603116672,229.99353191106584,230.03339893004485,75707600.0,228.23179473876957,238.6884735107422,230.21605253325052,236.0464030747306,43.72204594398977,0.5217064935869821,0.9727262550500404,0.6485115097493155,0.958248013543282,0.7819859482865998,,,,,,,,,,
1970-01-01 00:00:00.000000099,2025-01-29,238.51329040527344,239.01152170916103,233.1822093717508,233.29182086679864,45486100.0,228.8376434326172,238.97226623535155,231.7246412372547,236.14314375435973,47.25908755411415,0.7244108530758109,0.951650416158646,0.8437734184239712,1.0262756685308516,-0.3108307376724234,,,,,,,,,,
1970-01-01 00:00:00.000000100,2025-01-30,236.7495574951172,239.93823493591583,236.3709120271812,237.82573898228924,55658300.0,228.8097427368164,239.15900329589843,232.63826237504787,236.16692468536985,45.20368499636725,1.006463019865149,1.011045854403898,1.0390368699244985,0.916813977367725,0.0569984532318128,,,,,,,,,,
1970-01-01 00:00:00.000000101,2025-01-31,235.16519165039065,246.31561143302469,232.61424963136,246.31561143302469,100959800.0,229.581005859375,239.37822509765624,233.09770406147385,236.12764103693928,49.13282335851088,1.5346125936992443,1.4197883444913677,0.8089938258416454,0.8184842564750655,1.6951115547976747,,,,,,,,,,
1970-01-01 00:00:00.000000102,2025-02-03,227.20343017578125,231.0099245763286,224.90160402054903,229.17643705581955,73063300.0,229.38470153808595,239.37802520751956,232.0260179004388,235.7776719835605,44.14297323699695,0.4683954395881725,0.4388074409582023,0.3367021245120719,0.324357356290974,0.686367426284666,,,,,,,,,,
1970-01-01 00:00:00.000000103,2025-02-04,231.9765167236328,232.3053512351318,225.8482620717564,226.44614576626617,45067300.0,230.3971099853516,239.46810577392577,232.01701768647408,235.6286070714065,49.58778415419682,0.2985457522827238,0.521834673000244,0.3946716934697541,0.6205870873274699,-0.3259746460846345,,,,,,,,,,
1970-01-01 00:00:00.000000104,2025-02-05,231.64767456054688,231.84696405052932,227.46253445166025,227.72160926815613,39620300.0,231.2580535888672,239.53726043701167,231.94986439085093,235.47249207098065,44.9963079806822,0.3778915267773418,0.4924554573708182,0.4935233051197749,0.6001783173318256,-0.5229394720667598,,,,,,,,,,
1970-01-01 00:00:00.000000105,2025-02-06,232.39501953125,232.9729696905443,229.61488023403817,230.47183871784503,29925300.0,232.2106704711914,239.630927734375,232.0308016891053,235.35180687334412,55.49888751884253,0.548981554363486,0.5646240598299784,0.6253243890414715,0.6465604219602266,-0.8735129965567001,,,,,,,,,,
1970-01-01 00:00:00.000000106,2025-02-07,226.82481384277344,233.17227650429416,226.4561122970612,231.7772347780746,39707200.0,232.69395751953124,239.58628662109376,231.08425844431767,235.01741498979237,47.60060275996666,0.630189414304329,0.5773981470083743,0.4318940204829846,0.3008594763827598,-0.5197971472314658,,,,,,,,,,
1970-01-01 00:00:00.000000107,2025-02-10,227.0941162109375,230.02693972945136,226.64521806905947,229.0094413336025,33115600.0,232.4986785888672,239.48724395751952,230.35877803824852,234.7066973906216,56.27715151669759,0.4580067417563914,0.3758054096036168,0.4434741048399158,0.3175730572677827,-0.7581509836448634,,,,,,,,,,
1970-01-01 00:00:00.000000108,2025-02-11,232.051986694336,234.6556142397685,227.572960058642,227.64278121837336,53718400.0,231.9621597290039,239.44371368408204,230.6666341575372,234.6025910888065,59.89996215632869,0.3729876838585548,0.6724690840799676,0.5002853295175567,0.625270943129915,-0.0131487958819607,,,,,,,,,,
1970-01-01 00:00:00.000000109,2025-02-12,236.29161071777344,236.3814025259432,230.11672290007743,230.63545743654387,45243300.0,231.7399917602539,239.4875668334961,231.6893571684892,234.66882715268756,63.5325384310132,0.5591601709508986,0.7830793015847061,0.6560552353040333,0.8883926509740876,-0.3196104438865706,,,,,,,,,,
1970-01-01 00:00:00.000000110,2025-02-13,240.9402313232422,241.74825103145727,234.99479296308533,236.33151730066413,53614100.0,232.1590591430664,239.57656188964845,233.3713342875352,234.9147645711407,67.75311152303772,0.9135084379272777,1.1270544492117167,0.9547688188807864,1.1768977132316651,-0.0169203088891088,,,,,,,,,,
1970-01-01 00:00:00.000000111,2025-02-14,244.00274658203125,244.9504238462646,240.4015608007201,240.6609204580432,40896200.0,233.04281463623047,239.68176727294923,235.3043183410799,235.27115602254813,65.14556739639596,1.1828378590456887,1.3322899548476346,1.2858577486186136,1.3669650967394285,-0.4768026221547727,,,,,,,,,,
1970-01-01 00:00:00.000000112,2025-02-18,243.87306213378903,244.5813199542748,241.2494791133952,243.55383619329416,48822500.0,234.70977783203125,239.72339538574215,236.86227175793607,235.60848567396937,57.84756224260083,1.3628043098465372,1.308633135467237,1.337780889222984,1.3589165543890491,-0.1901857137313984,,,,,,,,,,
1970-01-01 00:00:00.000000113,2025-02-19,244.27207946777344,245.40929524371265,242.56626341463,244.0626007630516,32204200.0,235.9393341064453,239.76582946777344,238.20950952336105,235.94823445019696,57.12087341293515,1.3944542306502352,1.3617002049258378,1.4184155156918197,1.3836805716219451,-0.7911074261637012,,,,,,,,,,
1970-01-01 00:00:00.000000114,2025-02-20,245.2297515869141,246.17742890005937,243.6935033255141,244.34192533458383,32316900.0,237.297541809082,239.82681884765623,239.48591717127977,236.312215514382,60.6992337069547,1.4118308348656927,1.4109318699463185,1.4874431985626353,1.4431161069783869,-0.7870321671425545,,,,,,,,,,
1970-01-01 00:00:00.000000115,2025-02-21,244.950424194336,248.08275639920348,244.6212281548445,245.34944139409683,53197400.0,238.55308227539064,239.8862075805664,240.4794639027445,236.6509687959488,62.76616371658776,1.4745077691247817,1.5330492181670723,1.544253372414779,1.4257803479166138,-0.0319882807978203,,,,,,,,,,
1970-01-01 00:00:00.000000116,2025-02-24,246.49664306640625,248.25234005966587,243.82317911276243,244.3319283268952,51326400.0,240.5202651977539,239.89859741210935,241.5734964779557,237.03707366930007,80.2313014917864,1.411208927365785,1.5439182718738702,1.49538402733544,1.5217425719418838,-0.099644089392011,,,,,,,,,,
1970-01-01 00:00:00.000000117,2025-02-25,246.4367828369141,249.38956194785013,244.3119941197594,247.3944454522674,48013300.0,242.45453186035155,239.88946197509765,242.45773036140267,237.40568971508884,76.58517755075583,1.6017261729440548,1.6168057525752444,1.5253171116413513,1.518027495857578,-0.2194465797465877,,,,,,,,,,
1970-01-01 00:00:00.000000118,2025-02-26,239.77310180664065,244.3818160551289,238.5461094200037,243.7334092806253,44433600.0,243.22664337158204,239.77256225585936,241.96961607871864,237.4985294049536,62.11631119694199,1.3739754375750577,1.295846416578048,1.1722372954624978,1.104462726075765,-0.3488893900216407,,,,,,,,,,
1970-01-01 00:00:00.000000119,2025-02-27,236.72056579589844,241.86796980219768,236.4811463462344,238.82541422357912,41153600.0,243.26953887939453,239.5653158569336,241.01524330002405,237.4680210281279,56.03517393653155,1.068652181801735,1.1347275336665594,1.0457871806113503,0.915014679748509,-0.4674949764401043,,,,,,,,,,
1970-01-01 00:00:00.000000120,2025-02-28,241.24948120117188,241.4988707612677,229.63790389196947,236.371422014558,56833400.0,243.3004638671875,239.44525970458983,241.05783200932365,237.6163135839336,70.72816693900211,0.915990884837911,1.111071025203086,0.6267342661606747,1.1960905368362182,0.0994903509758178,,,,,,,,,,
1970-01-01 00:00:00.000000121,2025-03-03,237.4487762451172,243.43412542285543,235.5334663348245,241.19958958341564,47184000.0,242.6450668334961,239.19119598388676,240.4016400521952,237.60974349221527,63.508575098138,1.2163481232639002,1.2351064823678546,0.9877550308808584,0.9602092479482276,-0.2494342665809876,,,,,,,,,,
1970-01-01 00:00:00.000000122,2025-03-04,235.3539123535156,239.4838181516717,234.10696453181083,237.1295800554318,53798100.0,241.79315185546875,238.84660736083984,239.483871379708,237.52127952599176,54.65541996558057,0.9631554151073526,0.9819211119625992,0.9004017415568083,0.8301967369774113,-0.0102668247729511,,,,,,,,,,
1970-01-01 00:00:00.000000123,2025-03-05,235.1643829345703,235.97240266650644,228.67026910680244,234.8451569942085,47227600.0,240.88238220214845,238.6064437866211,238.69850984422845,237.42885220868112,48.20580251712112,0.8210429071464884,0.7568654468644488,0.5674801655558678,0.8184340655414751,-0.2478576801273763,,,,,,,,,,
1970-01-01 00:00:00.000000124,2025-03-06,234.75538635253903,237.27920752401755,232.59068676229825,233.86756011302523,45170400.0,239.8349456787109,238.32342376708985,237.9815783002849,237.32401041040103,38.61972188268967,0.7602272259717071,0.8406219369759615,0.8075509295802406,0.7930507111280701,-0.3222465253652005,,,,,,,,,,
1970-01-01 00:00:00.000000125,2025-03-07,238.4862518310547,240.78062356819368,234.1867631010968,234.53591456798168,46273600.0,239.1885284423828,238.02135345458984,238.07333712406125,237.36958850532864,40.09316880616312,0.8018051321892247,1.065036712139006,0.9052882881393336,1.024597586751246,-0.2823545488600636,,,,,,,,,,
1970-01-01 00:00:00.000000126,2025-03-10,226.924545288086,235.583358769024,223.6725108894593,234.96486230654432,72071200.0,237.2313186645508,237.47250396728515,236.0462840629748,236.9599789673976,28.422668883857625,0.8284896986104001,0.7319306211594897,0.2614373560698164,0.3070490601928647,0.6504928524170569,,,,,,,,,,
1970-01-01 00:00:00.000000127,2025-03-11,220.30075073242188,225.2885417663285,216.9190290202944,223.26349982428485,76137400.0,234.6177154541016,236.73278594970705,233.1834598210561,236.3066758993593,23.65711192592313,0.1005553693086385,0.0721092763503493,-0.1521189776239512,-0.1040402548644077,0.79752761933619,,,,,,,,,,
1970-01-01 00:00:00.000000128,2025-03-12,216.4501800537109,221.20853706339403,214.38524243690583,219.60246770742089,62547500.0,232.2854232788086,235.89971496582032,230.1410453179024,235.52798978776525,20.26385906436633,-0.1271951138151851,-0.1893887366024772,-0.3072779770984271,-0.3430163356574518,0.3061135769983004,,,,,,,,,,
1970-01-01 00:00:00.000000129,2025-03-13,209.16799926757807,216.31051974194543,207.9110813961123,215.42269353923288,61368300.0,229.53016662597656,234.98935760498048,226.32776421784345,234.49426466932653,17.702142146999833,-0.3872162105349624,-0.5033152857670228,-0.7037298156675409,-0.7949667526483729,0.2634734222712723,,,,,,,,,,
1970-01-01 00:00:00.000000130,2025-03-14,212.9687042236328,213.4275724686152,209.06824803363213,210.73416839029963,60107600.0,226.70208892822265,234.22257446289063,223.89884421889604,233.6501250440052,20.920578949799847,-0.6788863826946192,-0.6880908040112547,-0.6328695392417719,-0.5590854637603786,0.2178862080036634,,,,,,,,,,
1970-01-01 00:00:00.000000131,2025-03-17,213.4774627685547,214.69448503570536,209.4573042902151,212.78914514941675,48073400.0,224.3049575805664,233.50144012451173,222.00404759156123,232.8590402488895,21.63462725338668,-0.5510475834824283,-0.6068911135695356,-0.6090452835185582,-0.5275106315393784,-0.2172733493369079,,,,,,,,,,
1970-01-01 00:00:00.000000132,2025-03-18,212.1706695556641,214.624654360469,210.97360268345204,213.6370814211214,42432400.0,221.98663330078125,232.88510528564453,220.2161606759436,232.0477315942532,23.8320532543309,-0.4982980064848984,-0.6113667414540636,-0.516193208627245,-0.6086134982261651,-0.4212532618328082,,,,,,,,,,
1970-01-01 00:00:00.000000133,2025-03-19,214.7144317626953,218.22582565599035,213.2280645696868,213.6969181399133,54385400.0,219.9416381835937,232.32941101074215,219.21584632808023,231.3679943459568,28.93430080265159,-0.4945756022069832,-0.3805583952273336,-0.3781389411862522,-0.4507412311186597,0.0109700840391109,,,,,,,,,,
1970-01-01 00:00:00.000000134,2025-03-20,213.5772247314453,216.9589465476154,211.70181037410745,213.4674927164621,48862900.0,217.8238220214844,231.71828857421875,218.19064240141932,230.6703171061721,21.67075365619104,-0.5088480121077896,-0.4617559412137944,-0.4716006697636889,-0.5213191537317814,-0.1887248400450247,,,,,,,,,,
1970-01-01 00:00:00.000000135,2025-03-21,217.737045288086,218.30564558008663,210.7641075832368,211.0434226778215,94127800.0,215.7489013671875,231.2459652709961,218.10817019899508,230.16312997605104,29.9675716773378,-0.6596478698537235,-0.3754425306475179,-0.529021854242982,-0.2631502493341842,1.4480647967455578,,,,,,,,,,
1970-01-01 00:00:00.000000136,2025-03-24,220.19102478027344,220.9391934559484,218.04628066528423,220.460369765545,44299500.0,215.07554931640624,230.81295623779295,218.4868710319548,229.772067027197,34.7020838525647,-0.0738255715730752,-0.2066516623284985,-0.0830905762032322,-0.1108501228537668,-0.3537384781736883,,,,,,,,,,
1970-01-01 00:00:00.000000137,2025-03-25,223.2036590576172,223.5528105346996,219.5426220965296,220.23093972638688,34493600.0,215.36584014892577,230.5567855834961,219.34446885480247,229.514482400939,38.58312466470255,-0.0880982686140785,-0.0391382101451117,0.008539413815005,0.0761215217501979,-0.7083221732532041,,,,,,,,,,
1970-01-01 00:00:00.000000138,2025-03-26,220.98907470703125,224.4705584289048,219.93166541277708,222.9642357514217,34466100.0,215.81972961425785,230.3051501464844,219.64348810066224,229.1801526874524,37.29748877966213,0.0819383413775733,0.0196826168391547,0.0323628771236083,-0.0613211413892316,-0.7093165798466515,,,,,,,,,,
1970-01-01 00:00:00.000000139,2025-03-27,223.3034210205078,224.4406368200556,220.0214458441121,220.84942102067788,37094800.0,217.2332717895508,230.1221224975586,220.30893044972504,228.94969262208207,35.61437547434859,-0.0496229400505904,0.0177648638393133,0.0378606731849098,0.0823129995577949,-0.6142621575850006,,,,,,,,,,
1970-01-01 00:00:00.000000140,2025-03-28,217.3679351806641,223.26350805320467,217.1484711493609,221.12873402087155,39818600.0,217.6731948852539,229.72890991210937,219.7742040371685,228.495506055752,39.86458100584931,-0.0322470556807576,-0.0576803515301043,-0.1380688554010924,-0.2860581490230449,-0.5157688965220094,,,,,,,,,,
1970-01-01 00:00:00.000000141,2025-03-31,221.58761596679688,225.06908447075045,215.7020132379398,216.4801074447652,65299300.0,218.4842102050781,229.6116110229492,220.1039152971009,228.22460840520472,51.438143262942894,-0.3214351629616553,0.0580436928767845,-0.2266441773281232,-0.0241741685411435,0.4056193247746198,,,,,,,,,,
1970-01-01 00:00:00.000000142,2025-04-01,222.64503479003903,223.1338286051108,218.3655012478301,219.27328293515097,36412700.0,219.5316467285156,229.48118225097656,220.56593702308965,228.00580159676684,57.38408227778603,-0.1476734894557952,-0.0659918414587742,-0.0635427790350749,0.0414518976241444,-0.6389270571264744,,,,,,,,,,
1970-01-01 00:00:00.000000143,2025-04-02,223.34332275390625,224.6401515625236,220.48033536050963,220.7796058888877,35905900.0,220.39453582763676,229.5110000610352,221.07091624687448,227.82295928920368,70.04232863313192,-0.053966095064535,0.0305522777049531,0.0659612396258064,0.0847894012810843,-0.6572530666377174,,,,,,,,,,
1970-01-01 00:00:00.000000144,2025-04-03,202.69384765625,206.9833508454916,200.758582364718,205.0381002304481,103419000.0,219.3061981201172,229.10411224365237,217.7296310485791,226.83750393104864,40.16048952177688,-1.0332351657431729,-1.1011175704418066,-1.141720371276662,-1.1967688509942445,1.784036816419713,,,,,,,,,,
1970-01-01 00:00:00.000000145,2025-04-04,187.92002868652344,199.391948603074,186.88255957870848,193.4165691841804,125910900.0,216.32449645996093,228.40513580322263,212.30970334638715,225.3113284312633,30.77732095377189,-1.7562032321072667,-1.5876700983077787,-1.9914327449537503,-2.1136691367755454,2.597349313116493,,,,,,,,,,
1970-01-01 00:00:00.000000146,2025-04-07,181.0169219970703,193.6759230716255,174.19361217758157,176.76731422169505,160466300.0,212.40708618164064,227.58563537597652,206.62010673742049,223.5742928848244,28.38754833311215,-2.791942810542288,-1.9540249011310085,-2.768453349629188,-2.542093263895842,3.846880862178864,,,,,,,,,,
1970-01-01 00:00:00.000000147,2025-04-08,171.9989776611328,189.8752182218586,168.79682446290911,186.2441070957976,120859500.0,207.2866180419922,226.44467681884765,200.32535599627724,221.5517315035032,22.809258022775797,-2.2023975438948864,-2.197621866918668,-3.098931136382985,-3.101769523346718,2.4146894779841075,,,,,,,,,,
1970-01-01 00:00:00.000000148,2025-04-09,198.3644561767578,200.1201531468693,171.47028013366514,171.53013119082922,184395900.0,205.02415618896484,225.66362243652344,199.9688287563646,220.64242658872885,42.67038647401922,-3.1177446411225964,-1.5409975929822992,-2.935219358235072,-1.4654617524667597,4.712180935581079,,,,,,,,,,
1970-01-01 00:00:00.000000149,2025-04-10,189.9550323486328,194.30438674913324,182.553152263757,188.60833789927736,121880000.0,201.6893173217773,224.69245727539064,198.14813850041327,219.43899936362703,37.14101280114359,-2.055320246968581,-1.9137450448938087,-2.2565484069077986,-1.9873717018890389,2.4515910026609493,,,,,,,,,,
1970-01-01 00:00:00.000000150,2025-04-11,197.6661529541016,199.05275825525484,185.6056778647687,185.64558871717136,87435900.0,199.7191390991211,223.91078918457032,198.06050476472024,218.58516224952805,40.05812420092352,-2.239630992151925,-1.6094096815743608,-2.0696238958900675,-1.508800203122443,1.206084088284059,,,,,,,,,,
1970-01-01 00:00:00.000000151,2025-04-14,202.02549743652344,212.42005238891585,200.6688176319417,210.9237150406947,101352900.0,197.7629272460937,223.24799530029296,198.7814125232299,217.9357636294102,40.76234365715435,-0.6670948059414059,-0.7526653616488879,-1.1472172060207464,-1.2382483431096554,1.7093261450480095,,,,,,,,,,
1970-01-01 00:00:00.000000152,2025-04-15,201.6464080810547,203.01305790446213,199.3121256140358,201.36709301089155,51343900.0,195.6630645751953,222.73685485839843,199.3023208064708,217.296965372612,41.42566850988528,-1.2616061936710097,-1.35558387391766,-1.230295622124666,-1.2617755799790251,-0.0990112851961808,,,,,,,,,,
1970-01-01 00:00:00.000000153,2025-04-16,193.795639038086,200.2099310657198,191.9002692932641,197.8756484915953,59732400.0,192.7082962036133,221.9732373046875,198.3011059394917,216.37534473204232,37.53161870173461,-1.478806740043406,-1.535243494863355,-1.684168185235931,-1.7490140112777566,0.2043188860450635,,,,,,,,,,
1970-01-01 00:00:00.000000154,2025-04-17,196.4990234375,198.34451232255947,193.9452767059697,196.71848747425943,52164700.0,192.08881378173828,221.27026428222652,197.97345457549324,215.59588115186415,40.93431268456396,-1.5507929920995758,-1.6548029880939727,-1.5589400755942182,-1.5812351902783468,-0.0693309603997555,,,,,,,,,,
1970-01-01 00:00:00.000000155,2025-04-21,192.6883544921875,193.3267911609043,189.34652827875263,192.79808650813249,46742500.0,192.56564636230468,220.47613098144527,197.01252728761943,214.6975467730533,37.40106808109443,-1.7946786466289744,-1.9764016647769809,-1.8405491146031647,-1.8177348693481,-0.26539901243579,,,,,,,,,,
1970-01-01 00:00:00.000000156,2025-04-22,199.25228881835932,201.097762433896,195.49148998245192,195.64111763020085,52976400.0,194.3891830444336,219.92468048095705,197.41975665684487,214.0918503826732,40.26890419146319,-1.6178154859359766,-1.4783400951078869,-1.4642561323900156,-1.4103606303751386,-0.0399796937851619,,,,,,,,,,
1970-01-01 00:00:00.000000157,2025-04-23,204.1004180908203,207.49210995336892,202.30481024884085,205.4969935115097,52929200.0,197.59932708740237,219.4648065185547,198.6344223721131,213.70002950848283,42.26233535135791,-1.0046877061394643,-1.0685098884737192,-1.0470355335587234,-1.1094735595011125,-0.0416864571019154,,,,,,,,,,
1970-01-01 00:00:00.000000158,2025-04-24,207.8612060546875,208.32008954356945,202.4444721059189,204.38970763388747,47311000.0,198.5490020751953,218.98099090576173,200.31201940530843,213.47105603970653,52.404384247536086,-1.0735712574262717,-1.0154425433681606,-1.038483197639413,-0.8760696193351578,-0.2448419161312483,,,,,,,,,,
1970-01-01 00:00:00.000000159,2025-04-25,208.7689819335937,209.2378355121778,205.69650080604464,205.86608387594285,38222300.0,200.4303970336914,218.4305383300781,201.84964895590576,213.2866609767217,61.13833738361652,-0.981726828951638,-0.9566218398003572,-0.8393419113598948,-0.8197307698812653,-0.5734914872536537,,,,,,,,,,
1970-01-01 00:00:00.000000160,2025-04-28,209.6268920898437,210.9835719319316,206.95344326011443,209.48723454234343,38743100.0,201.62647094726563,217.80427154541016,203.2636931620763,213.1431406282167,66.34000877294977,-0.7564573455352125,-0.8447330950210521,-0.762371761289228,-0.7664867123324225,-0.5546592343857465,,,,,,,,,,
1970-01-01 00:00:00.000000161,2025-04-29,210.6942901611328,211.72177396764008,207.86121308906752,208.1804390437069,36827600.0,202.49335021972652,217.13810241699215,204.6147107982684,213.0471072765664,74.30756206505664,-0.837752263650667,-0.7974198246817663,-0.7067835521887152,-0.7002413089866218,-0.623924173649334,,,,,,,,,,
1970-01-01 00:00:00.000000162,2025-04-30,211.9811248779297,213.0584895980106,206.1653585429304,208.78894157113288,52286500.0,203.52682189941407,216.500263671875,205.95405881275224,213.0053040452473,62.48855938518402,-0.7998977078370333,-0.7117462760769157,-0.8106309307950808,-0.6203771166608517,-0.0649266431967772,,,,,,,,,,
1970-01-01 00:00:00.000000163,2025-05-01,212.79913330078125,214.0360957896086,208.3899124386699,208.5694808389541,57365700.0,205.4271713256836,215.8708047485352,207.19861781057568,212.99721891801332,74.34099646412815,-0.8135502206216636,-0.6490889765965031,-0.6744081095824139,-0.5696094608352984,0.118738446600985,,,,,,,,,,
1970-01-01 00:00:00.000000164,2025-05-02,204.8485870361328,206.4845819118293,201.66637387157863,205.58677037884885,101010600.0,206.2621276855469,215.06318145751956,206.7713394879497,212.67766472656703,57.61422436352307,-0.9991027442333248,-1.1330849564062089,-1.0861308347074248,-1.0630403169403757,1.6969484949775704,,,,,,,,,,
1970-01-01 00:00:00.000000165,2025-05-05,198.40435791015625,203.60164304236292,197.72602561272544,202.6040848015313,69018500.0,206.8337280273437,214.13226013183595,205.25007011016908,212.11792720435488,46.32367635021602,-1.1846537199025662,-1.3178599360251544,-1.32742206950709,-1.4629853507434705,0.5401064884964338,,,,,,,,,,
1970-01-01 00:00:00.000000166,2025-05-06,198.02528381347656,200.1600578713198,196.538931754607,197.7260285140605,51216500.0,206.71102752685547,213.1628329467773,203.93647260167955,211.56527452235963,46.32369070252241,-1.4881145038326282,-1.5384399963835196,-1.400114969736132,-1.4865116406140932,-0.1036180997418247,,,,,,,,,,
1970-01-01 00:00:00.000000167,2025-05-07,195.7707977294922,198.9530108388585,192.77812311451905,198.6836658614824,68536700.0,205.87806549072263,212.1495132446289,202.4518044431,210.9458832755805,52.2623314559935,-1.4285404925782337,-1.6158027504759886,-1.630411913305323,-1.6264307054768123,0.5226844849792339,,,,,,,,,,
1970-01-01 00:00:00.000000168,2025-05-08,197.00778198242188,199.56152863729463,194.20463054641704,197.2372161152265,50478900.0,204.7927230834961,211.2942068481445,201.46198217752212,210.39929106800565,50.60298355706304,-1.518523212753414,-1.5768012770161588,-1.543058279290815,-1.5496603580573467,-0.1302898925900743,,,,,,,,,,
1970-01-01 00:00:00.000000169,2025-05-09,198.0452423095703,200.0503289543839,197.05765414160047,198.51409591462888,36453900.0,203.72034912109376,210.520700378418,200.84075674698545,209.91481856767484,56.79574232465841,-1.439089331289939,-1.545472805370618,-1.3683504765864012,-1.485272966253075,-0.6374372552482912,,,,,,,,,,
1970-01-01 00:00:00.000000170,2025-05-12,210.5510406494141,211.0305074927824,206.5156271207593,210.7308445260501,63775800.0,203.8127639770508,209.9067315673828,202.60626291106337,209.93976845323328,62.455789284419694,-0.6790931581788276,-0.8417248740034442,-0.789181878045499,-0.7091317332230411,0.3505291994976293,,,,,,,,,,
1970-01-01 00:00:00.000000171,2025-05-13,212.6886138916016,213.1580823159532,208.7630762803324,210.19144790738707,51909300.0,204.01219635009767,209.4115283203125,204.4394176347976,210.04756631356145,60.06943673960352,-0.7126486792926643,-0.7053631221977466,-0.6515570420568426,-0.5764685727594975,-0.0785662856349005,,,,,,,,,,
1970-01-01 00:00:00.000000172,2025-05-14,212.0892944335937,213.69746987061376,210.34127831689767,212.1891719239389,49325800.0,204.02301330566405,208.94623596191408,205.83030432548776,210.12763408297448,55.354260961159554,-0.588371536838234,-0.6707923841655646,-0.5549142345814905,-0.6136638425436838,-0.1719862650593214,,,,,,,,,,
1970-01-01 00:00:00.000000173,2025-05-15,211.21029663085932,212.7185946451233,209.30245815432872,210.7108634322801,45029500.0,203.86412963867187,208.46715423583984,206.8084847446462,210.1700914377935,53.09382611392692,-0.6803361693336587,-0.7335310192976278,-0.6185274442001762,-0.6682166523608195,-0.3273415031476278,,,,,,,,,,
1970-01-01 00:00:00.000000174,2025-05-16,211.0205078125,212.32903558469047,209.53220664773164,212.11926693678467,54737900.0,204.4813217163086,207.99245666503907,207.5743071206196,210.2034410995467,51.796521671579406,-0.5927202816973154,-0.7584988631233185,-0.6044585614454605,-0.6799954227754539,0.0237165685551196,,,,,,,,,,
1970-01-01 00:00:00.000000175,2025-05-19,208.54331970214844,209.2425231134968,204.02843943795537,207.674310836722,46140500.0,205.4952178955078,207.3935980224609,207.7504912263521,210.13833829964872,47.32441661845328,-0.8692381780004593,-0.9563213993548974,-0.9414873464298954,-0.8337359343499928,-0.2871674767723495,,,,,,,,,,
1970-01-01 00:00:00.000000176,2025-05-20,206.62550354003903,208.2336790492342,204.79757620413463,207.4345828831543,42496600.0,206.3552398681641,206.9876171875,207.5459480106588,210.0005800737817,43.44112247464331,-0.8841515017573922,-1.0209808145742414,-0.8943884739827102,-0.9527604188598808,-0.4189317744401054,,,,,,,,,,
1970-01-01 00:00:00.000000177,2025-05-21,201.86090087890625,206.8052863577864,200.4824756537251,204.93741112479617,59211800.0,206.96425018310543,206.6188201904297,206.5123030776129,209.68137696810032,37.78502538817887,-1.0394989710651472,-1.1125301822162184,-1.158628046653392,-1.2484636185930675,0.1854938652251086,,,,,,,,,,
1970-01-01 00:00:00.000000178,2025-05-22,201.13172912597656,202.52015274475195,199.4736073247078,200.4824720941681,46742400.0,207.37664489746092,206.312451171875,205.5340169045881,209.34609666056608,45.05111659943218,-1.3166378991392995,-1.3871754355023076,-1.2204071252695807,-1.2937178477138442,-0.2654026284597661,,,,,,,,,,
1970-01-01 00:00:00.000000179,2025-05-23,195.04864501953125,197.4758830409797,193.2406992850713,193.4504526925712,78432900.0,207.07698516845704,206.03006408691405,203.6275856527596,208.78541228248628,45.48858360390881,-1.7540953605673293,-1.710475676648076,-1.6020855908462177,-1.6712493151739891,0.8805334497092336,,,,,,,,,,
1970-01-01 00:00:00.000000180,2025-05-27,199.9830474853516,200.51244545494848,197.20618488735448,198.07520901450675,56288500.0,206.0201858520508,205.77035095214845,202.96494234959448,208.44022150612807,52.3448139723885,-1.466392206640062,-1.515854568273137,-1.359255045245234,-1.3650079133846749,0.079786636329653,,,,,,,,,,
1970-01-01 00:00:00.000000181,2025-05-28,200.1927947998047,202.50017366149785,199.6733800230216,200.3626002526684,45339700.0,204.7706039428711,205.50465759277344,202.46091552235995,208.1167930078409,55.56899441982205,-1.324095050276746,-1.38845594642128,-1.2081738408264888,-1.3519904686090225,-0.3161245967735402,,,,,,,,,,
1970-01-01 00:00:00.000000182,2025-05-29,199.72332763671875,203.57895243464628,198.28495762525483,203.3492174371598,51396800.0,203.5340072631836,205.25571075439453,201.9631722704252,207.78763750309105,53.4873330737945,-1.1382994918219087,-1.3193142355327834,-1.293195299025759,-1.3811267790566113,-0.0970984085127854,,,,,,,,,,
1970-01-01 00:00:00.000000183,2025-05-30,200.622314453125,201.73105672211125,196.55692105301176,199.143981266816,70819900.0,202.47520904541017,204.97386840820312,201.7193799400069,207.50664444230804,53.32131643433561,-1.3999045635266552,-1.4377506325850735,-1.3990133767448245,-1.3253334008809636,0.6052455444032083,,,,,,,,,,
1970-01-01 00:00:00.000000184,2025-06-02,201.47134399414065,201.9008644592711,199.8931332988897,200.05295557621693,35423300.0,201.52029266357425,204.73175079345705,201.67428249530397,207.2699659933603,33.27197396871985,-1.3433578489650426,-1.4268672172254342,-1.1947170253873078,-1.2726404966028473,-0.6747039983467268,,,,,,,,,,
1970-01-01 00:00:00.000000185,2025-06-03,203.03956604003903,203.5389992121068,200.7321872237246,201.1217444882778,46381600.0,200.96991729736328,204.4378012084961,201.922515867074,207.1040679559752,31.842093171160457,-1.276869169459067,-1.321874940499035,-1.143336704591541,-1.1753127003844688,-0.2784492429657971,,,,,,,,,,
1970-01-01 00:00:00.000000186,2025-06-04,202.590087890625,206.0062091045684,201.8709028727957,202.6799822074808,43604000.0,200.56637573242188,204.08578247070312,202.0438925986287,206.92704912988304,32.02268605515687,-1.1799321904755982,-1.1637451020818814,-1.0736062932166746,-1.203208442473544,-0.3788879249279692,,,,,,,,,,
1970-01-01 00:00:00.000000187,2025-06-05,200.402572631836,204.5178973620389,199.92310578136207,203.26931435006065,55126100.0,200.4205429077149,203.6297607421875,201.74547078648456,206.6711873064302,30.511524501614065,-1.143270212129467,-1.259134836080447,-1.1928816299271388,-1.3389711298358722,0.0377539736306219,,,,,,,,,,
1970-01-01 00:00:00.000000188,2025-06-06,203.68882751464844,205.4668084267123,201.82095228760733,202.76987228695745,46607700.0,200.6762527465821,203.28375579833985,202.09880837342345,206.554232020478,38.10756158419496,-1.1743401857142792,-1.1983166812134738,-1.0766650681236871,-1.1350179037014978,-0.2702734127556707,,,,,,,,,,
1970-01-01 00:00:00.000000189,2025-06-09,201.2216339111328,205.76647909477697,199.79326227022588,204.15830357568728,72862600.0,201.2935516357422,202.84212005615237,201.9393221075524,206.34511052599387,38.11992136455362,-1.087966756938319,-1.1791100160390946,-1.2008327294428722,-1.2881381310967808,0.6791100661644874,,,,,,,,,,
1970-01-01 00:00:00.000000190,2025-06-10,202.44024658203125,204.11835001917973,200.34263633745985,200.3726011094186,54672600.0,201.53927154541012,202.5435662841797,202.03039928473035,206.1919786066228,43.05138607275191,-1.3234729033291617,-1.2847428546602069,-1.1671912494665873,-1.21250797016865,0.0213553048986788,,,,,,,,,,
1970-01-01 00:00:00.000000191,2025-06-11,198.55465698242188,204.2681738718989,198.18508130061548,203.26930749599725,60989900.0,201.37545776367188,202.0829071044922,201.3984461388561,205.8924757978306,44.34574073668424,-1.1432706385163982,-1.2751402579399571,-1.299311327385774,-1.453657413085956,0.2497903875454349,,,,,,,,,,
1970-01-01 00:00:00.000000192,2025-06-12,198.97418212890625,199.45363372918547,197.13627162659284,198.85432303920933,43904600.0,201.30054321289063,201.60949005126952,200.9576708643197,205.62117016375512,46.27071786551544,-1.4179240179243189,-1.5837165396524937,-1.3635362549023102,-1.4276206295371532,-0.3680181568555942,,,,,,,,,,
1970-01-01 00:00:00.000000193,2025-06-13,196.227294921875,200.1428492549886,195.47814514596445,199.50357538920457,51447300.0,200.8610412597656,201.0671694946289,200.09760251114795,205.25278289936767,52.302868117959655,-1.377534441526023,-1.5395429409396963,-1.465073317030238,-1.5980993439641358,-0.0952723164048182,,,,,,,,,,
1970-01-01 00:00:00.000000194,2025-06-16,198.195068359375,198.46476655376847,196.33717625414863,197.07634287373045,43020700.0,200.53341369628907,200.97719390869145,199.7516872108256,204.97600978015228,46.04853965945681,-1.5285310349475014,-1.6470955845981614,-1.4124696730859811,-1.475974385556716,-0.3999801927809844,,,,,,,,,,
1970-01-01 00:00:00.000000195,2025-06-17,195.418212890625,198.1650953641773,194.98870767431248,196.9764419642561,38856200.0,199.77127838134768,201.12715759277344,198.9637827889709,204.6011942158571,40.523385723360455,-1.5347458070857969,-1.666302283198517,-1.495044518592635,-1.6483130055227198,-0.5505695112686952,,,,,,,,,,
1970-01-01 00:00:00.000000196,2025-06-18,196.35714721679688,197.3460303816964,194.84886452825484,195.71787336797544,45394700.0,199.14798431396488,201.433962097168,198.4898490485756,204.27789825510965,43.441021339002695,-1.6130405602312377,-1.7187982681281302,-1.503607955927065,-1.590040384627542,-0.3141357835866452,,,,,,,,,,
1970-01-01 00:00:00.000000197,2025-06-20,200.7721405029297,201.4713439140944,196.6368343380514,198.01527480684123,96813500.0,199.18494110107423,202.0094253540039,198.90481113118545,204.14041755894573,50.25675488152715,-1.4701206756388967,-1.4543962955633436,-1.394119805426405,-1.3160348201846046,1.5451803526736272,,,,,,,,,,
1970-01-01 00:00:00.000000198,2025-06-23,201.2715759277344,202.07067208145293,198.7344620242812,201.40143343464243,55814300.0,198.9432159423828,202.06756774902345,199.33513200328525,204.0279139655649,49.65350852807516,-1.2594698977166767,-1.4159838092350332,-1.2656694397961172,-1.2850386041979929,0.0626394506346422,,,,,,,,,,
1970-01-01 00:00:00.000000199,2025-06-24,200.07293701171875,203.2093768046809,199.9730442780961,202.36033429336192,54064000.0,198.8283462524414,202.26992584228515,199.46927836845492,203.87281683011997,44.78764913294552,-1.1998172842268269,-1.3430012898154,-1.1898235952689318,-1.35942914376636,-0.000651817020308,,,,,,,,,,
1970-01-01 00:00:00.000000200,2025-06-25,201.33151245117188,203.43912119943792,200.3925755811161,201.2216365357081,39525700.0,198.71747283935548,202.34323303222652,199.8078663834944,203.77315783486708,47.84982283658516,-1.2706549486229055,-1.3282763796522317,-1.164133169069835,-1.281318793119952,-0.5263602307482192,,,,,,,,,,
1970-01-01 00:00:00.000000201,2025-06-26,200.7721405029297,202.41028074115465,199.23389299836737,201.20164572639828,50799100.0,198.93922119140623,202.3181658935547,199.98318895066444,203.65547088067348,50.66857097802994,-1.271898564175299,-1.394217415282178,-1.235086275944118,-1.3160348201846046,-0.1187113838183695,,,,,,,,,,
1970-01-01 00:00:00.000000202,2025-06-27,200.85205078125,202.98962419564967,199.7732732765776,201.66113009938155,73188600.0,199.12700805664065,202.3022787475586,200.1411638289527,203.54553283755885,44.1946171427872,-1.243314333118504,-1.3570858006890103,-1.2020567758070373,-1.311075387746797,0.6908983043268103,,,,,,,,,,
1970-01-01 00:00:00.000000203,2025-06-30,204.9374084472656,207.15489297707504,199.0341046248948,201.7809871041056,91912800.0,199.99801940917968,202.5251141357422,201.0132083050096,203.60011619480227,57.131878704295765,-1.2358581049674489,-1.0901229932751415,-1.2473205202715063,-1.0575278372343475,1.3679698656733332,,,,,,,,,,
1970-01-01 00:00:00.000000204,2025-07-01,207.5844116210937,209.95171998702364,205.90630823197932,206.4357061767528,78788900.0,200.93695373535155,202.74682189941407,202.2079725442976,203.75636307426467,59.36022575653193,-0.9462909873456652,-0.910867144587435,-0.8264941401609449,-0.8932481766049377,0.8934064950644083,,,,,,,,,,
1970-01-01 00:00:00.000000205,2025-07-02,212.1991729736328,213.09814660534315,207.9040445567577,208.6731759252599,67941800.0,202.61504974365235,203.13703826904296,204.0245544405404,204.0874536585536,74.18552330776681,-0.8070994151521,-0.7092045563064313,-0.7041607236851625,-0.6068445045668533,0.5011727583449826,,,,,,,,,,
1970-01-01 00:00:00.000000206,2025-07-03,213.30792236328125,214.4066662563,211.56988934364432,211.90950026104147,34955800.0,204.3101272583008,203.4181509399414,205.71243951740232,204.4490406665821,74.8012208157824,-0.6057697333871068,-0.6253381606650628,-0.4796789882892087,-0.5380327346168042,-0.691608910435334,,,,,,,,,,
1970-01-01 00:00:00.000000207,2025-07-07,209.7119903564453,215.9848699115094,208.563300132892,212.43889126622693,50229000.0,205.20411224365236,203.53038238525392,206.43963057904648,204.65543085049836,72.66617866310845,-0.5728366551338425,-0.5241870223893351,-0.66379053771071,-0.7612053003206483,-0.1393263365065299,,,,,,,,,,
1970-01-01 00:00:00.000000208,2025-07-08,209.7719268798828,211.1903153368944,208.213697736729,209.8618364392892,42848900.0,206.0541473388672,203.56859680175785,207.045502633744,204.85607775361143,70.79292553281542,-0.7331535994097693,-0.8314823775525187,-0.685198796148163,-0.757485489242606,-0.406192521972049,,,,,,,,,,
1970-01-01 00:00:00.000000209,2025-07-09,210.9006500244141,211.09043707809712,206.98509558510867,209.2924745188519,48749400.0,207.1369186401367,203.61123016357425,207.7464385229567,205.09311980344685,79.55755300321805,-0.7685732429181071,-0.837883832480718,-0.760433498963054,-0.6874340979327899,-0.1928290272579807,,,,,,,,,,
1970-01-01 00:00:00.000000210,2025-07-10,212.1692047119141,213.237983779078,209.7918979255535,210.27134950514616,44443600.0,208.2206878662109,203.6620764160156,208.55057783003983,205.37061332926908,79.81163525010899,-0.7076780516360061,-0.7002420315715199,-0.5885561018210974,-0.6087044101058727,-0.3485277876240235,,,,,,,,,,
1970-01-01 00:00:00.000000211,2025-07-11,210.92062377929688,211.88952536572023,209.6220944658076,210.3312962861296,39765800.0,209.23553619384765,203.6666030883789,208.9814952753593,205.5882607978976,71.72794196487727,-0.7039488004590497,-0.786668205391605,-0.5989541894478164,-0.6861944765730266,-0.5176781571814286,,,,,,,,,,
1970-01-01 00:00:00.000000212,2025-07-14,208.3834991455078,210.670911689046,207.3047216270235,209.69201166358403,38840100.0,209.98868103027343,203.5946505737305,208.8727687062954,205.697877988,64.00468979039996,-0.7437182908625095,-0.8647722955114661,-0.7408608730778982,-0.8436547992256078,-0.551151691128859,,,,,,,,,,
1970-01-01 00:00:00.000000213,2025-07-15,208.8729553222656,211.64980271899068,208.6831682659836,208.9828312368767,42296300.0,210.38223571777343,203.51612701416016,208.8728026364718,205.82239082463784,67.82676645085428,-0.7878359548569205,-0.8020326474312139,-0.6564502906191453,-0.8132779204195084,-0.4261746704643792,,,,,,,,,,
1970-01-01 00:00:00.000000214,2025-07-16,209.92176818847656,212.1592191902425,208.40348697906973,210.0616088760869,47490500.0,210.61597137451173,203.61759063720703,209.0635236459272,205.98315072125897,67.55099559101399,-0.720725882978129,-0.7693828333508569,-0.6735768587894017,-0.7481859615475,-0.2383511530940184,,,,,,,,,,
1970-01-01 00:00:00.000000215,2025-07-17,209.78192138671875,211.5599023237274,209.35240091776063,210.3313009439948,48068100.0,210.3742462158203,203.8451419067383,209.1941414169802,206.13212211990444,68.72921187606713,-0.7039485106962123,-0.8077945953789972,-0.6154691482663794,-0.7568652050633499,-0.2174649986076451,,,,,,,,,,
1970-01-01 00:00:00.000000216,2025-07-18,210.9405975341797,211.54990664350103,209.46227954032304,210.63095139102305,48974600.0,210.13751373291012,204.10344818115237,209.51167889283465,206.32068978320933,70.07150493926957,-0.6853074466736946,-0.8084352442771298,-0.6087406190160524,-0.6849548552132614,-0.1846857412636398,,,,,,,,,,
1970-01-01 00:00:00.000000217,2025-07-21,212.23912048339844,215.53538252867688,211.39009321998003,211.8595616297783,51377400.0,210.39022674560547,204.4328146362305,210.00757736384625,206.55278510478536,66.33881482613704,-0.6088763839254446,-0.5529958267942747,-0.4906889868581616,-0.6043652618473231,-0.0977999171641629,,,,,,,,,,
1970-01-01 00:00:00.000000218,2025-07-22,214.15695190429688,214.7063314773177,211.9894136266437,212.89838571641525,46404100.0,210.82872924804687,204.775798034668,210.7620090984736,206.85098772437405,65.20329748256563,-0.5442517971805209,-0.6061318446059584,-0.4539889919682164,-0.4853398303386898,-0.2776356375711583,,,,,,,,,,
1970-01-01 00:00:00.000000219,2025-07-23,213.9072265625,214.90609293027532,212.1692088371252,214.7562690717056,46989300.0,211.12938690185547,205.09303771972657,211.33386681920564,207.12770297292803,54.95074420598379,-0.4286740534601148,-0.5933286184294232,-0.4429790493189407,-0.5008384118313683,-0.2564746652625958,,,,,,,,,,
1970-01-01 00:00:00.000000220,2025-07-24,213.5176696777344,215.44548969662856,213.28793468034505,213.65751035981805,46022600.0,211.2642333984375,205.15237030029297,211.73092188439267,207.37828990252828,50.63439523880913,-0.4970271351815745,-0.5587572899961263,-0.3744727340443172,-0.5250152898411481,-0.291430769040257,,,,,,,,,,
1970-01-01 00:00:00.000000221,2025-07-25,213.63754272460932,214.9960015887686,213.15807589620647,214.45660521718813,40268800.0,211.5359252929688,205.17134887695312,212.07758021897752,207.62375079751183,65.03441496193022,-0.4473159515540201,-0.587566140869942,-0.3824247688178881,-0.5175756676850669,-0.4994895565812801,,,,,,,,,,
1970-01-01 00:00:00.000000222,2025-07-28,213.807357788086,214.6064539631857,212.81847455673216,213.78737619229813,37858000.0,212.07831115722652,205.20571014404297,212.3920852315427,207.86624518929904,65.32624467888562,-0.4889482642117242,-0.6125332518066418,-0.403220602373277,-0.5070365186301923,-0.5866646625988508,,,,,,,,,,
1970-01-01 00:00:00.000000223,2025-07-29,211.030502319336,214.5664825639156,210.58101550100253,213.93719187335407,51411700.0,212.2940658569336,205.2021142578125,212.14452470205052,207.99033370420247,50.43829830590469,-0.4796283258307312,-0.6150951217663881,-0.5402336841884928,-0.6793751385961961,-0.0965596209403357,,,,,,,,,,
1970-01-01 00:00:00.000000224,2025-07-30,208.81301879882807,212.14922883427732,207.484524690738,211.65977882345743,45512500.0,212.18319091796877,205.15796447753905,211.5387963560101,208.02259586477604,39.35366203937221,-0.6213047454385334,-0.7700231410033704,-0.7298504495279109,-0.8169977314975526,-0.3098761073427138,,,,,,,,,,
1970-01-01 00:00:00.000000225,2025-07-31,207.334701538086,209.60211724381097,206.92516266487007,208.25365677749065,80698400.0,211.93846893310547,205.1337921142578,210.7744154800239,207.99561961667052,38.78831538382534,-0.8331974349274595,-0.9332740851008168,-0.7641035523135488,-0.9087458110988658,0.9624544728894254,,,,,,,,,,
1970-01-01 00:00:00.000000226,2025-08-01,202.1505889892578,213.3378897360685,201.2715816709361,210.63095505795985,104434500.0,211.0594680786133,205.04429382324216,209.2064470271573,207.76640272932104,33.27982067963515,-0.6853072185558845,-0.6938388013947558,-1.110306336801251,-1.2304848473821115,1.8207575398977465,,,,,,,,,,
1970-01-01 00:00:00.000000227,2025-08-04,203.11949157714844,207.64435521756303,201.4513712516652,204.27816503495924,75109300.0,210.1475051879883,205.06946563720703,208.0997278544284,207.58417091943195,34.95301846043037,-1.0805102516726677,-1.0587520972536268,-1.0992967388955928,-1.1703523209479123,0.7603512768371588,,,,,,,,,,
1970-01-01 00:00:00.000000228,2025-08-05,202.68995666503903,205.1072113881769,201.93082373064988,203.1694082424696,44155100.0,209.0008056640625,205.1006301879883,207.11613309272124,207.39224094867143,30.453563890749574,-1.1494853076393026,-1.221364181862946,-1.0699369785185633,-1.19701033567472,-0.3589600167952816,,,,,,,,,,
1970-01-01 00:00:00.000000229,2025-08-06,213.0082550048828,215.1358452662651,205.3569348951669,205.39689808550256,108483100.0,208.9109085083008,205.4598223876953,208.1874279858415,207.61247679401305,55.62519919554304,-1.0109145790277403,-0.5786031992921902,-0.8601355754091259,-0.5566308430082691,1.967155886597073,,,,,,,,,,
1970-01-01 00:00:00.000000230,2025-08-07,219.7805633544922,220.5996410833085,216.33447747046452,218.63187314031333,90224800.0,209.53719787597657,205.85577270507807,210.29527078014164,208.08965665912987,62.88957790945498,-0.1875751854779975,-0.228414448698546,-0.1879145865388734,-0.1363243891468777,1.3069313809555383,,,,,,,,,,
1970-01-01 00:00:00.000000231,2025-08-08,229.0900115966797,230.73813503605493,219.00145500716468,220.57966572513484,113854000.0,211.0824447631836,206.43371704101563,213.71249638314856,208.9131999900142,69.91733962950184,-0.0664042456835393,0.4213877490956399,-0.0245995035211517,0.4414433343658418,2.161368918333331,,,,,,,,,,
1970-01-01 00:00:00.000000232,2025-08-11,227.17999267578125,229.5599975585937,224.759994506836,227.9199981689453,61806100.0,212.41970825195312,206.98285034179688,216.1611320727181,209.6295448012208,65.3957578385999,0.3902331743124759,0.3458778828644124,0.3280305218570442,0.3229027662156499,0.2793043752389562,,,,,,,,,,
1970-01-01 00:00:00.000000233,2025-08-12,229.6499938964844,230.8000030517578,227.07000732421875,228.009994506836,55626200.0,214.281657409668,207.56340393066407,218.613652404312,210.41466045201545,67.6827303543923,0.395831789342253,0.4253530296160281,0.4694865070880472,0.4761972413803744,0.0558377095354614,,,,,,,,,,
1970-01-01 00:00:00.000000234,2025-08-13,233.3300018310547,235.0,230.42999267578125,231.07000732421875,69878500.0,216.7333557128906,208.20057708740237,221.28935230008335,211.31330129040916,70.72203902380443,0.5861932435108119,0.6945416547132837,0.6752386287604755,0.7045877701799431,0.5712042946915188,,,,,,,,,,
1970-01-01 00:00:00.000000235,2025-08-14,232.77999877929688,235.1199951171875,230.8500061035156,234.0599975585937,51916300.0,219.2778854370117,208.7953857421875,223.37856075084943,212.15513256448315,69.84286661301248,0.772198637256916,0.7022324509238872,0.7009585783570008,0.6704532003459214,-0.0783131639565684,,,,,,,,,,
1970-01-01 00:00:00.000000236,2025-08-15,231.58999633789065,234.27999877929688,229.33999633789065,234.0,56038700.0,222.221826171875,209.3753839111328,224.8715490394024,212.91728408500896,68.05149945825696,0.7684662272370675,0.6483949214994567,0.6084915939759712,0.5965986620683345,0.0707538084371736,,,,,,,,,,
1970-01-01 00:00:00.000000237,2025-08-18,230.88999938964844,233.1199951171875,230.1100006103516,231.6999969482422,37476200.0,224.998876953125,209.98513244628907,225.96581273944716,213.6220964498968,71.04721842703165,0.6253844979588169,0.5740472982132795,0.6556435890529727,0.5531550945517355,-0.6004706421398781,,,,,,,,,,
1970-01-01 00:00:00.000000238,2025-08-19,230.5599975585937,232.8699951171875,229.3500061035156,231.27999877929688,39402600.0,227.78588104248047,210.522555847168,226.80111907020105,214.2863278659241,74.00808169604142,0.5992566785802876,0.5580241541244535,0.6091045521586067,0.5326743526513207,-0.5308115562628878,,,,,,,,,,
1970-01-01 00:00:00.000000239,2025-08-20,226.009994506836,230.47000122070312,225.7700042724609,229.97999572753903,42263900.0,229.08605499267577,211.01832305908204,226.65727824049827,214.74607949890108,69.30756139422915,0.5183843142717461,0.4042023620617655,0.3898794975052758,0.250289743295322,-0.4273462622326591,,,,,,,,,,
1970-01-01 00:00:00.000000240,2025-08-21,224.8999938964844,226.5200042724609,223.77999877929688,226.2700042724609,30621200.0,229.597998046875,211.4675180053711,226.3377719961321,215.14427222037492,75.6831799398159,0.2875881018082822,0.1510368810533341,0.2680194863692508,0.1814003194480226,-0.8483490857065146,,,,,,,,,,
1970-01-01 00:00:00.000000241,2025-08-22,227.759994506836,229.08999633789065,225.41000366210932,226.1699981689453,42477800.0,229.46499633789065,212.05162475585936,226.5963579071692,215.63900642768715,76.67897600503456,0.2813667856154818,0.315754293739415,0.3678344938421622,0.3588991355861885,-0.4196115869476258,,,,,,,,,,
1970-01-01 00:00:00.000000242,2025-08-25,227.16000366210932,229.3000030517578,226.22999572753903,226.47999572753903,30983100.0,229.46299743652344,212.61534118652344,226.6988389535219,216.09081024080177,76.39698327297002,0.300651536877758,0.3292141650830724,0.4180475422824648,0.321662197857136,-0.8352626949367457,,,,,,,,,,
1970-01-01 00:00:00.000000243,2025-08-26,229.3099975585937,229.4900054931641,224.69000244140625,226.8699951171875,54575100.0,229.4289978027344,213.2769952392578,227.17359506353492,216.6092097434603,71.34754249960484,0.3249131512463639,0.3413919110665984,0.3237444865159369,0.4550962153007018,0.0178296815219104,,,,,,,,,,
1970-01-01 00:00:00.000000244,2025-08-27,230.4900054931641,230.8999938964844,228.259994506836,228.6100006103516,31259500.0,229.1449981689453,213.9228939819336,227.77657877801295,217.15355467482124,66.43082820823872,0.4331577880199106,0.4317617004664985,0.5423565829866306,0.5283304693990379,-0.8252680046666044,,,,,,,,,,
1970-01-01 00:00:00.000000245,2025-08-28,232.5599975585937,233.41000366210932,229.33999633789065,230.82000732421875,38074700.0,229.122998046875,214.66572967529297,228.6462912835731,217.75772890555743,56.84414800036864,0.5706409022683842,0.5926346930223735,0.6084915939759712,0.6567993724123109,-0.5788287386424846,,,,,,,,,,
1970-01-01 00:00:00.000000246,2025-08-29,232.13999938964844,233.3800048828125,231.3699951171875,232.509994506836,39418400.0,229.1779983520508,215.38138671875,229.28151093922315,218.3217395127767,60.39397859450238,0.675773931705952,0.5907119939697244,0.7328006346801316,0.6307332319023544,-0.5302402244746525,,,,,,,,,,
1970-01-01 00:00:00.000000247,2025-09-02,229.72000122070312,230.8500061035156,226.97000122070312,229.25,44075600.0,229.06099853515624,215.96034393310543,229.3612364449468,218.7687301679895,50.147012452736135,0.4729717436309407,0.4285578540288121,0.4633625315864981,0.4805420716314058,-0.3618347558563389,,,,,,,,,,
1970-01-01 00:00:00.000000248,2025-09-03,238.47000122070312,238.8500061035156,234.3600006103516,237.2100067138672,66427800.0,229.8519989013672,216.70431243896485,231.01737549508428,219.5413290328018,58.89889410438643,0.9681587064552536,0.9412984648712428,0.915896663281756,1.023589033085738,0.4464261553457285,,,,,,,,,,
1970-01-01 00:00:00.000000249,2025-09-04,239.77999877929688,239.8999938964844,236.7400054931641,238.4499969482422,47549400.0,231.22899932861327,217.4984536743164,232.61057972857748,220.33500235619377,61.80837339076269,1.0452977115043651,1.008594887664233,1.0616386838538665,1.1048907695093872,-0.2362213149720527,,,,,,,,,,
1970-01-01 00:00:00.000000250,2025-09-05,239.69000244140625,241.32000732421875,238.4900054931641,240.0,54870400.0,232.70800018310547,218.2656234741211,233.8977474945463,221.09402196737855,64.19063128562634,1.1417224170553328,1.0996072067068534,1.1688017144186595,1.099305370899842,0.0285078003235483,,,,,,,,,,
1970-01-01 00:00:00.000000251,2025-09-08,237.8800048828125,240.1499938964844,236.33999633789065,239.3000030517578,48959400.0,233.72000122070312,219.00778076171875,234.6217942924129,221.75229580719952,61.78753883240124,1.0981760514244507,1.024618031753059,1.0371437162351438,0.9869723795359452,-0.185235376908018,,,,,,,,,,



