Price,Close,High,Low,Open,Volume,SMA_10,SMA_50,EMA_10,EMA_50,RSI,Open_Norm,High_Norm,Low_Norm,Close_Norm,Volume_Norm
Ticker,4374.31103515625,4414.323018683421,4355.583349318389,4379.669071484804,1184938.0,,,4374.31103515625,4374.31103515625,,1.5535215748700775,1.5388877427260428,1.6017749313020775,1.5563023788496642,-1.0779438354015
Date,4374.31103515625,4414.323018683421,4355.583349318389,4379.669071484804,1184938.0,,,4374.31103515625,4374.31103515625,,1.5535215748700775,1.5388877427260428,1.6017749313020775,1.5563023788496642,-1.0779438354015
2024-09-09,4374.31103515625,4414.323018683421,4355.583349318389,4379.669071484804,1184938.0,,,4374.31103515625,4374.31103515625,,1.5535215748700775,1.5388877427260428,1.6017749313020775,1.5563023788496642,-1.0779438354015
2024-09-10,4431.625,4463.182303857518,4365.364790420401,4367.330971595015,1385591.0,,,4384.731756036932,4376.558641620711,,1.5250374661804014,1.6502543030458754,1.6247094633342207,1.6890833155223104,-0.9096184051335579
2024-09-11,4403.60791015625,4472.42426676839,4395.644778600455,4444.99612920937,1325919.0,,,4388.163784058626,4377.619397249556,,1.7043375861866494,1.6713198101714897,1.6957069116248955,1.6241753050149814,-0.9596765406956907
2024-09-12,4441.30908203125,4455.957037570517,4356.369660869125,4433.984864249237,2742216.0,,,4397.826565508194,4380.1170319468765,,1.6789166485433378,1.6337855182302374,1.6036185949564947,1.711518711266256,0.22843827399532252
2024-09-13,4446.12646484375,4470.113783909694,4428.823971082729,4453.401240622589,1458786.0,,,4406.608365387386,4382.705637158519,,1.723741879325913,1.6660534513262033,1.773502120413595,1.7226792827587063,-0.8482159846939828
2024-09-16,4436.9345703125,4469.179756667669,4418.452655210724,4450.452068864939,1155120.0,,,4412.122220828315,4384.832261988086,,1.7169333326582887,1.66392449260692,1.7491845097873788,1.701384152174338,-1.102957803195301
2024-09-17,4429.46240234375,4459.102490180248,4390.482953097841,4436.933987476228,1699364.0,,,4415.274981103848,4386.582463570661,,1.6857250831716217,1.6409550508287318,1.683603986186877,1.6840731623558738,-0.6463979437825536
2024-09-18,4272.6591796875,4421.007457462107,4247.934546729184,4421.007457462107,2961779.0,4398.465771484375,,4389.344835391785,4382.114883810537,,1.648956616712123,1.554123801784177,1.3493709260582896,1.3208025557184269,0.41262707977405605
2024-09-19,4223.50537109375,4347.424252297365,4209.397922353699,4315.817499606224,2927551.0,4383.385205078125,,4359.1922055194145,4375.894902919683,,1.4061119145785905,1.3864032052321347,1.2590141537859034,1.2069264914136937,0.38391361510016064
2024-09-20,4212.44580078125,4257.471648802865,4156.016483153334,4243.904707336166,5447908.0,4367.198681640625,,4332.511041021566,4369.485134208372,,1.2400918783091655,1.1813713058234403,1.1338507638012847,1.1813044617862865,2.4982113153778553
2024-09-23,4196.32275390625,4236.531068498641,4181.084847689653,4227.290111701271,1702319.0,4349.399853515625,,4307.749534273326,4362.694452627897,,1.2017349228519418,1.1336407589832034,1.1926285250182282,1.1439517280866403,-0.6439190292064357
2024-09-24,4199.0751953125,4218.442274483283,4168.304647823145,4179.757558692518,3012026.0,4326.144873046875,,4287.990563553176,4356.278011164548,26.967246887540014,1.0919998406031997,1.0924103815299453,1.1626628072718608,1.1503283894998717,0.4547786942262361
2024-09-25,4202.46728515625,4217.066279151633,4168.3048807678815,4180.4461478288495,2713073.0,4306.030810546875,,4272.440876571916,4350.246217987752,27.612726426011648,1.093589538204695,1.0892740305465873,1.1626633534570758,1.1581869431343794,0.20399055572398522
2024-09-26,4219.9169921875,4243.805905107155,4187.96654320763,4187.96654320763,3964251.0,4283.8916015625,,4262.891079411113,4345.13526795637,30.760749858427147,1.1109513492835479,1.1502225310474528,1.2087640274095932,1.1986131891738785,1.2535889927858956
2024-09-27,4235.84375,4303.971754097644,4227.33963010235,4261.698847421947,3012477.0,4262.863330078125,,4257.973383154547,4340.849326075729,33.404145496058774,1.2811719655811287,1.2873605105925483,1.301082052245995,1.235511174268217,0.4551570327960599
2024-09-30,4196.32275390625,4226.061248296706,4188.015445281488,4214.411527216484,2503416.0,4238.8021484375,,4246.764177836674,4335.1816173632005,20.541658057495056,1.1720030351617259,1.1097765567358342,1.2088786880375755,1.1439517280866403,0.028111776270471036
2024-10-01,4215.39501953125,4223.112378452082,4171.20537530813,4183.591935586364,1823365.0,4217.39541015625,,4241.060694508415,4330.4841037227325,25.89712036048111,1.100851998486271,1.1030551016376586,1.1694641391744998,1.1881370030202618,-0.5423749703973806
2024-10-03,4161.17724609375,4206.645191904827,4138.811932208301,4190.522600097852,3350119.0,4206.247216796875,,4226.536431160293,4323.844619109832,15.581805528838686,1.116852339138423,1.0655209069113485,1.0935112759249697,1.0625291034278534,0.7384009161495536
2024-10-04,4180.34765625,4225.324058219178,4152.624304993512,4153.558433219178,2965463.0,4201.9314453125,,4218.138472085694,4318.217287232976,18.457758435792556,1.031515751138605,1.1080962553776859,1.1258971281504835,1.1069417526641288,0.4157175438344344
2024-10-07,4200.599609375,4224.586928824883,4157.884122221105,4201.631662702275,1472619.0,4200.746826171875,,4214.9495879564765,4313.604829277761,22.669584838083267,1.1424990553663172,1.1064160923368067,1.1382298146566303,1.1538600440913405,-0.8366116444802983
2024-10-08,4181.33056640625,4207.038292492998,4132.864386365645,4200.353467668349,1541867.0,4199.247607421875,,4208.837038583708,4308.417603282801,22.067485593227175,1.1395481758469284,1.0664169138874708,1.0795660730434662,1.1092188893369752,-0.7785203156928171
2024-10-09,4181.03564453125,4222.374415071707,4174.891327862054,4187.966241724208,1082504.0,4197.44365234375,,4203.782239665079,4303.422232351368,34.07404641166747,1.1109506532698477,1.1013730376651383,1.178106587259122,1.1085356352135778,-1.1638745073778294
2024-10-10,4155.91748046875,4221.244048728042,4127.604660650472,4181.330470770868,2378875.0,4192.788671875,,4195.079556174837,4297.63773227754,37.18076948703332,1.0956311127601146,1.0987965568356155,1.06723360110637,1.050343650750307,-0.07636419673267271
2024-10-11,4079.0400390625,4170.221699578775,4042.911456593787,4072.944684840193,5759183.0,4178.7009765625,,4173.981462154412,4289.065273720087,29.752462993824835,0.8454084257627018,0.9824996543339829,0.8686535574210491,0.8722394364153341,2.7593362340516543
2024-10-14,4066.701904296875,4094.965760922086,4052.496532199221,4069.995354030325,2137590.0,4161.786791992187,,4154.476087998496,4280.3451415858435,30.09826287536606,0.838599511902341,0.810966341843381,0.8911276715327338,0.8436553191685288,-0.27877533158837114
2024-10-15,4047.1875,4099.439153411149,4025.7563152887024,4061.196542122799,2759474.0,4146.873266601562,,4134.969071998769,4271.201704660909,27.82104884882189,0.8182863099544939,0.8211626910673291,0.8284299202622578,0.7984457286575289,0.24291580623039574
2024-10-16,4025.70751953125,4045.418537564878,3998.426750535521,4015.925814326252,2359151.0,4127.904516601562,,4115.103335186493,4261.574481714648,25.484215259657134,0.7137729454545955,0.6980317416127568,0.764350325883526,0.7486824304085544,-0.0929104272231458
2024-10-17,4039.519775390625,4060.1157180197656,4023.741121305155,4043.255328123109,2522659.0,4115.73876953125,,4101.3608697690615,4252.866454015667,24.724690210114687,0.7768666834190593,0.7315315037936502,0.8237048975907885,0.7806816870569113,0.04425450154567755
2024-10-18,4063.220703125,4085.985597920686,4020.7955892025657,4030.650480352572,2361000.0,4104.02607421875,,4094.426294015596,4245.429365745445,26.32957497512588,0.7477667525447792,0.7904975637797278,0.8167985123604313,0.8355903187169349,-0.09135932297568662
2024-10-21,4020.647705078125,4079.875694816127,4010.940541435238,4072.63225386454,1595450.0,4086.0308837890625,,4081.0120051178737,4236.614398660452,26.111027375285772,0.8446871382104839,0.7765710625994995,0.7936913948773452,0.7369602104520862,-0.7335701702673953
2024-10-22,3957.231201171875,4030.453084242788,3948.214072783788,4006.998397202053,1928049.0,4063.620947265625,,4058.5064044004193,4225.6581948373705,18.672094187571176,0.6931628416334864,0.6639204963464881,0.6466167266820804,0.5900413432592044,-0.45455680001283977
2024-10-23,4007.244873046875,4053.8583129067215,3937.176504942076,3941.562123718608,1966476.0,4046.2418701171873,,4049.186125972502,4217.092966531861,31.12791271932923,0.5420946915293933,0.7172687964805088,0.6207369559425072,0.7059094779468896,-0.4223208438651309
2024-10-24,3989.1611328125,4019.809939302293,3945.8982586335824,3945.8982586335824,2676744.0,4029.5662353515627,,4038.2724908525015,4208.154463248749,26.497937604649195,0.5521052230791872,0.6396612293763535,0.6411868403029186,0.6640143486636295,0.17351458698091096
2024-10-25,3998.67138671875,4032.62143844137,3974.181886094128,3998.178642163711,1759676.0,4021.5293701171877,,4031.0722901009103,4199.93944063973,24.504169476851473,0.672801289743606,0.6688628967068435,0.7075034242514409,0.6860470317123275,-0.5958029197843072
2024-10-28,4031.488037109375,4074.011794017733,3992.216201636632,4009.905682230793,1532534.0,4018.0079833984373,,4031.1478804660856,4193.333503246382,31.706444703581653,0.6998746873382722,0.7632052824893945,0.7497884600834581,0.7620743243486896,-0.7863496590900786
2024-10-29,4016.1142578125,4043.9543235221386,4001.184194918886,4036.415428516039,1445885.0,4014.9006591796874,,4028.41449452907,4186.383728915642,30.580527574527764,0.7610758853565872,0.6946943108474302,0.7708157020870522,0.7264574407357214,-0.8590384811225772
2024-10-30,4025.377685546875,4047.403461690784,4001.1347996748937,4015.867812610164,1935002.0,4014.86767578125,,4027.862347441398,4180.069766430592,34.03277353021393,0.7136390409474194,0.7025560438331088,0.7706998851237065,0.7479182943814766,-0.44872401048737537
2024-10-31,3910.864013671875,4019.120083197284,3902.536679230978,4010.940475876283,3740372.0,4002.002099609375,,4006.5899231196663,4169.512678087112,31.163518452489285,0.7022636430877648,0.6380888178837023,0.5395170023514517,0.482621125448229,1.0657795456161216
2024-11-01,3926.3857421875,3940.921706849673,3918.354102020117,3931.953900128719,154895.0,3988.318603515625,,3992.007344768363,4159.97828844399,34.39523615317138,0.519912857414432,0.45984871131238836,0.5766040926728208,0.5185807673383321,-1.9420347344634734
2024-11-04,3906.62646484375,3933.9737869859614,3856.465166595041,3908.745410737845,2269192.0,3976.9164794921876,,3976.483548418433,4150.042922812609,34.37651285714442,0.466333040405494,0.44401209123409063,0.43149318752718563,0.4728038722861339,-0.16837596913616887
2024-11-05,3913.72216796875,3928.159486802753,3883.911123193089,3883.911123193089,967590.0,3972.565576171875,,3965.0723883366722,4140.775442230496,37.14155802058229,0.4089998568541953,0.43075936742195015,0.4958456857108416,0.48924269500337375,-1.260274503858372
2024-11-06,4079.579833984375,4089.5824520548135,3917.56552308073,3945.504235150184,3792017.0,3979.799072265625,,3985.8919239089814,4138.3756144561385,53.40936668870252,0.5511955686082668,0.7986959905774724,0.5747551126752293,0.87348999507993,1.1091039257459372
2024-11-07,4090.666748046875,4144.770005237393,4025.7724329640114,4109.19423247438,3724349.0,3989.9496337890623,,4004.9418919340524,4136.50467851852,52.387085924263864,0.9290952222700288,0.9244867783164238,0.828467711354266,0.8991753727717582,1.0523380402851112
2024-11-08,4086.823486328125,4109.243364387919,4057.899283668953,4094.707399492009,1648039.0,3998.76484375,,4019.8294545511562,4134.5563964718385,56.1713149150483,0.895650483702092,0.8435097485251347,0.9037954957676309,0.8902715760743047,-0.6894538796943124
2024-11-11,4137.7734375,4172.856465867137,4057.899254122464,4068.296453249154,1406487.0,4009.3933837890627,,4041.2738150873092,4134.682554943531,67.23752035498495,0.8346773784347805,0.9885051629642456,0.9037954264900165,1.00830881636069,-0.8920889976944519
2024-11-12,4136.4921875,4156.7933608452495,4103.921962582448,4154.822382485437,1587640.0,4021.4311767578124,,4058.5862464350707,4134.753520926138,63.60620429964417,1.0344337424500658,0.9518920044219221,1.011704810227389,1.0053405070563932,-0.740121886964343
2024-11-13,4090.125,4135.851600433275,4071.104770640701,4117.472323979751,1098813.0,4027.905908203125,,4064.3205652650577,4133.003382850603,60.03136894932734,0.9482062734276893,0.9041587677236481,0.9347583836279192,0.8979202892454179,-1.1501930800269309
2024-11-14,4085.73876953125,4099.63426074071,4056.7164070519016,4074.997035616066,1825432.0,4045.3933837890627,4153.569448242188,4068.2147842225468,4131.149868602785,58.739657087125615,0.8501465445242213,0.8216074055593424,0.9010220065260239,0.8877585809830338,-0.5406409885263702
2024-11-18,3961.17333984375,4151.865475994954,3932.298461805664,4151.865475994954,3313944.0,4048.8721435546877,4145.306694335937,4048.7527034264017,4124.484122376941,44.03976840246674,1.0276073391454674,0.940659715953638,0.6092994146436889,0.5991742110824658,0.7080541361864192
2024-11-19,3980.932373046875,4072.188515474592,3955.851724636053,3961.5673686951022,1776233.0,4056.302734375,4137.43912109375,4036.421734266488,4118.854642011056,47.03981140893526,0.5882794020897033,0.7590494243115466,0.6645247188919499,0.644950540526946,-0.5819134481644145
2024-11-21,4013.749267578125,4033.064709051959,3965.6080301184593,3986.204655506895,2384347.0,4066.3054443359374,4130.227885742188,4032.299467595876,4114.732862621529,49.058891313394405,0.645157783820642,0.6698732578493831,0.6874003154700044,0.7209783987710261,-0.07177380060390225
2024-11-22,4183.00732421875,4193.207233116264,3995.172996802809,4011.9263122802745,3096553.0,4076.648193359375,4125.2555322265625,4059.700896072762,4117.410292488087,70.23224173134466,0.7045395746762887,1.0348913296944624,0.7567212538041325,1.1131034831445035,0.5256873955377459
2024-11-25,4252.48388671875,4265.295244341108,4190.496721846663,4217.89312489922,4052167.0,4092.8299072265627,4122.233051757812,4094.7523489174873,4122.707296183407,72.44298763527968,1.180040756342025,1.1992038819923927,1.2146965339225657,1.2740618651146811,1.3273406861442627
2024-11-26,4289.53857421875,4303.236776393483,4247.45799740418,4258.347459420346,2060669.0,4113.101416015625,4119.197641601562,4130.16802624499,4129.249699243617,75.74030066289164,1.2734348503890331,1.2856852519690827,1.3482535614853988,1.3599075421285745,-0.34330344939194446
2024-11-27,4269.68017578125,4313.879453683967,4261.303519278681,4295.69747034587,1558993.0,4126.29208984375,4115.668715820312,4155.533871615219,4134.756776754897,73.5247231575508,1.3596622095664168,1.309943453009314,1.3807171383367869,1.3139010103428501,-0.7641535166976923
2024-11-28,4183.30224609375,4276.973266192127,4171.57502299117,4256.327078738215,2558544.0,4130.973095703125,4110.5960693359375,4160.582666974951,4136.660520650538,57.65951869349319,1.2687705387479862,1.2258219776164638,1.1703308516086774,1.1137867372679011,0.07435800393619806
2024-11-29,4208.87646484375,4236.322434121229,4134.767487716193,4158.764244942179,2017425.0,4142.8482421875,4106.184350585938,4169.363357496551,4139.492518462037,58.546486402977926,1.0435340447381465,1.1331652118503703,1.0840282722663972,1.1730352769484786,-0.37958032990958884
2024-12-02,4214.59228515625,4225.974974118166,4168.668392260101,4208.0388782244245,1670944.0,4155.73359375,4105.023012695313,4177.586798889223,4142.437607352006,59.21265680785782,1.1572909459298009,1.1095799091902503,1.1635156783727425,1.186277284843332,-0.6702391458987189
2024-12-03,4240.31298828125,4262.240119532022,4203.554439381881,4251.744757442165,2010905.0,4183.64755859375,4105.359165039063,4188.9915605968645,4146.2758575845255,57.672676413964965,1.25819165391048,1.1922402364923952,1.2453129469802027,1.2458651891547363,-0.38504988085249514
2024-12-04,4291.21337890625,4323.291335871028,4226.81157391255,4250.956055389001,3302642.0,4214.6756591796875,4106.934516601563,4207.5773457440255,4151.959681950084,60.77698472016601,1.2563708326165406,1.3313962626763747,1.2998439195952483,1.3637876110743583,0.6985730219599272
2024-12-05,4399.2724609375,4423.860606665184,4296.732511708666,4336.940274844479,3746747.0,4253.227978515625,4110.993510742188,4242.43100305193,4161.658222302532,69.82926016483916,1.4548765891304651,1.5606270777059135,1.4637874500912507,1.6141312431579504,1.071127457772721
2024-12-06,4380.99169921875,4400.208736252777,4348.7169318923725,4388.38286730876,1842087.0,4273.026416015625,4114.631840820312,4267.623856900443,4170.259535122776,68.60639292999242,1.573638506129051,1.5067165990000855,1.5856752514327528,1.5717796684462286,-0.5266693058646977
2024-12-09,4387.54541015625,4404.545097944245,4351.476411132113,4366.16058438105,2066639.0,4286.532568359375,4118.333403320313,4289.427775674226,4178.78054982997,81.56411939556499,1.5223354750383793,1.5166006094632074,1.5921453987613343,1.5869628420294102,-0.33829528694882316
2024-12-10,4368.2294921875,4428.590699209594,4348.076528927836,4361.922458223545,2087828.0,4294.40166015625,4121.299653320312,4303.755360494821,4186.209920118501,78.69024241397325,1.5125512094554054,1.5714085317281832,1.5841736994476758,1.5422130905931803,-0.320520085272559
2024-12-11,4363.20361328125,4384.095692071247,4343.050170070465,4367.539668788923,1635256.0,4303.75400390625,4123.846850585937,4314.564133728717,4193.150849262138,76.99856308434661,1.5255192708024747,1.4699896125043872,1.5723884024738275,1.5305694901095201,-0.7001773873174982
2024-12-12,4390.3046875,4419.918441323063,4361.774586688044,4365.765624909234,1914642.0,4324.454248046875,4127.726489257812,4328.335143505314,4200.882372330289,70.5238762372703,1.5214236597164321,1.551641571823057,1.6162915173850578,1.5933553404587468,-0.4658037738612363
2024-12-13,4408.9794921875,4429.674762836589,4330.63311044452,4370.594981296335,1967048.0,4344.46455078125,4131.598178710938,4342.99775235662,4209.043043697239,67.2271021434585,1.5325728571990382,1.5738794732672599,1.543274139169854,1.6366198060273922,-0.4218409998253545
2024-12-16,4351.13134765625,4410.063399035425,4333.195254873467,4394.295574591947,1646224.0,4358.11845703125,4135.397260742187,4344.4765878656435,4214.615134048573,56.48335653047556,1.5872887600910839,1.5291786529025282,1.5492815958282171,1.502601319667665,-0.690976461743603
2024-12-17,4265.689453125,4368.623979293737,4255.341817856936,4346.006812586636,3225027.0,4360.656103515625,4137.104096679687,4330.151654276436,4216.6180485221585,49.6308921542636,1.475807870996679,1.4347244335696532,1.366738744887691,1.304655586583698,0.6334627157584434
2024-12-18,4284.75830078125,4298.702873423096,4227.353568461925,4249.132970868585,1575404.0,4360.010595703125,4138.7872705078125,4321.8983172773105,4219.290215277417,60.71836827317794,1.2521620048315607,1.2753509792338873,1.3011147334992783,1.348832943009267,-0.750386522752288
2024-12-19,4209.9111328125,4300.674782551446,4200.154886167338,4219.864669772065,3015763.0,4341.074462890625,4139.358881835938,4301.537011010981,4218.92240812193,50.09900101930998,1.184592324164163,1.2798456159463376,1.2373420190483388,1.1754323224575505,0.4579136193602302
2024-12-20,4109.78466796875,4318.412885998388,4092.2431558896183,4266.181967934054,4116989.0,4313.953759765625,4137.933862304688,4266.672948639666,4214.642496743374,41.50619210718502,1.2915218325036253,1.3202766529630368,0.984321527600576,0.943466416348654,1.3817190958407464
2024-12-23,4097.958984375,4155.807384938678,4055.188855215461,4139.103152817303,2195338.0,4284.9951171875,4136.774692382813,4235.997682409727,4210.066672728928,38.19755207519024,0.9981438558074985,0.9496446374192776,0.8974403577527772,0.9160695097020237,-0.23033121688730449
2024-12-24,4118.8515625,4156.792891643738,4097.959001765894,4097.959001765894,1181886.0,4260.05732421875,4137.5709228515625,4214.698387880685,4206.489609582696,34.96132941265164,0.9031572305603823,0.9518909349556317,0.9977234638769469,0.9644719557813837,-1.0805041221312164
2024-12-26,4108.6025390625,4139.004972823218,4083.028905459881,4118.851529054263,1208464.0,4234.597216796875,4138.408935546875,4195.408233550106,4202.650900934846,19.419386920531792,0.9513903477664173,0.9113463521351706,0.9627168867885455,0.9407277437778835,-1.0582081520452402
2024-12-27,4104.4140625,4120.280532043556,4087.069359418768,4102.59081156437,858100.0,4206.008154296875,4139.553466796875,4178.863838813723,4198.798475898186,20.01281162145642,0.91385036604382,0.8686671243054348,0.9721905338491436,0.9310241777671153,-1.3521243708428528
2024-12-30,4098.4521484375,4138.364459634742,4052.331447976817,4090.7655254260135,1527169.0,4174.955419921875,4141.008359375,4164.243531472592,4194.863325801688,18.615563539773547,0.886550154612541,0.9098864095595504,0.8907405987745134,0.9172120372924732,-0.7908502941834363
2024-12-31,4035.380859375,4079.875837090253,3973.541417666912,4074.997473513026,1555429.0,4143.38037109375,4140.925581054687,4140.813954727575,4188.609111432014,17.00046666803948,0.85014755546632,0.7765713868895487,0.7060017187761053,0.7710929394129061,-0.7671433141762993
2025-01-01,4052.774658203125,4074.011754867852,4026.166213110429,4034.9862920363385,763161.0,4122.088891601563,4140.71666015625,4124.806809904947,4183.282270128921,19.959912434792983,0.7577765378732798,0.7632051932537951,0.8293910071434498,0.811389661284973,-1.4317675758993842
2025-01-02,4115.15625,4122.301046219242,4037.499898743688,4060.215230796863,1720835.0,4105.128686523438,4142.606831054687,4123.052162649502,4180.610661496414,25.0758555532706,0.8160208250973395,0.8732725480856195,0.8559650848777376,0.9559109173610649,-0.6283861756391269
2025-01-03,4040.40673828125,4119.295430887484,4032.917165343889,4119.295430887484,1791953.0,4088.1782470703124,4144.270341796875,4108.025721855274,4175.112468429153,19.692052945519478,0.9524151528967023,0.8664217511500981,0.8452199559282981,0.7827365398965663,-0.5687261259523766
2025-01-06,4035.577880859375,4089.4347641535296,4007.392796245949,4045.925516451322,2085593.0,4080.757568359375,4144.837001953125,4094.8533871287473,4169.6405238185735,21.573147777868513,0.7830311605461796,0.798359360733048,0.7853730014180312,0.7715493848413679,-0.32239500035804913
2025-01-07,3969.845703125,4080.269802492842,3953.338761059777,4055.2384761375806,2669054.0,4067.946240234375,4144.450693359375,4072.1247173098836,4161.805432810983,22.367444108923294,0.8045313395279949,0.7774693650653451,0.6586325765138848,0.6192657284428359,0.16706353686573464
2025-01-08,4048.783203125,4066.127907014057,3959.4487150765217,3976.349756405288,2181277.0,4060.939404296875,4145.4529296875,4067.880805639905,4157.373188509572,30.17635800249026,0.622406467196249,0.7452352820192469,0.6729585776266588,0.8021425407026666,-0.24212682360635446
2025-01-09,3980.24267578125,4077.7074497691783,3966.889250598196,4041.490725999252,2392472.0,4048.10341796875,4144.428022460937,4051.9466002110585,4150.426893892775,30.499533591685548,0.7727928698546566,0.7716289110320176,0.690404391436553,0.6433526987234709,-0.06495783412980502
2025-01-10,4203.75146484375,4234.646644233189,4109.4895290789855,4139.054201950057,7894300.0,4058.037158203125,4148.180766601563,4079.547484689729,4152.518053537912,56.59636720602678,0.9980308463623204,1.1293455293686325,1.0247590760379415,1.1611620397312925,4.550460651316276
2025-01-13,4228.83251953125,4260.220444691178,4166.056669211393,4183.401374210544,4003771.0,4071.0751953125,4152.24986328125,4106.690218297278,4155.510777694513,59.01932821339763,1.1004120627595875,1.187636725835459,1.1573919747901096,1.2192680518214205,1.2867418537159045
2025-01-14,4171.62451171875,4251.301403019245,4157.827664089084,4239.5741787732,3441709.0,4084.699560546875,4157.465073242188,4118.496453464818,4156.142688832719,53.463553199968665,1.230094289752328,1.1673072636091262,1.138097437349052,1.0867325888984056,0.8152346846864847
2025-01-15,4187.9345703125,4194.685266878148,4146.396301039106,4156.793018552642,1653474.0,4098.215551757812,4162.696049804687,4131.1215656189415,4157.389429282906,55.16556173470815,1.0389832121761564,1.0382602601958193,1.111294335504801,1.1245185781100737,-0.6848945224282548
2025-01-16,4145.2626953125,4231.6902836635245,4131.022666237995,4198.183653564652,2637705.0,4101.2261962890625,4167.468774414063,4133.692680108679,4156.913871087989,52.53284972076186,1.134538877712029,1.122607000416856,1.075247794292786,1.0256593987194171,0.1407652312661686
2025-01-17,4074.13818359375,4109.996975792013,4050.183123188137,4109.305296575243,1761466.0,4104.599340820312,4170.677094726562,4122.864589833238,4153.667765696058,48.60511408671495,0.9293516281954755,0.8452274795478585,0.8857034244800944,0.8608831646524404,-0.5943013099395522
2025-01-20,4028.203857421875,4095.376567112533,4018.6218817831777,4095.376567112533,1287799.0,4103.8619384765625,4169.6495751953125,4105.653547576626,4148.747612430404,49.57999881693757,0.8971953442077519,0.811902705775542,0.8117018234453177,0.7544657693255575,-0.9916549581717014
2025-01-21,3986.76416015625,4061.0000534758,3980.9852141832826,4045.491052612616,1971591.0,4105.553784179688,4167.5715234375,4084.0372953183755,4142.395320184359,46.242779225217255,0.7820281442540454,0.7335471984063836,0.7234551786359562,0.6584612120878705,-0.41802993081713
2025-01-22,4106.04541015625,4112.515552783079,3995.0123315030273,4000.741837183122,2409223.0,4111.280004882812,4167.955961914063,4088.0387707434434,4140.96983351659,49.51297065705399,0.6787187588983302,0.8509681541278558,0.7563445420879481,0.9348035685390874,-0.05090561820271546
2025-01-23,4095.03125,4140.372895807769,4089.6965415052296,4117.306793192179,1822998.0,4122.758862304688,4167.101118164062,4089.3101306082717,4139.168320437509,53.13353086129042,0.9478241240702661,0.9144643035548254,0.9783504842171765,0.9092867419472364,-0.5426828423599644
2025-01-24,4101.84765625,4127.185594847985,4054.0856106405295,4054.0856106405295,1910099.0,4112.5684814453125,4166.408227539063,4091.589680724949,4137.704764979175,53.792911484719156,0.8018697995489126,0.8844060588924135,0.8948535816551476,0.9250785094350336,-0.4696148428694607
2025-01-27,4015.70751953125,4105.798492532756,3991.900780466966,4052.1094279008153,1551782.0,4091.2559814453125,4164.919877929688,4077.792924144276,4132.920559275335,52.56495473054896,0.7973075246077549,0.8356577398867542,0.7490488924835639,0.7255151382774595,-0.7702027393739649
2025-01-28,3991.16015625,4052.1096856868494,3979.306105487386,4021.2892019383103,2468272.0,4073.2095458984377,4163.028305664063,4062.0415117998623,4127.361327784146,46.56849688687687,0.7261550234934657,0.7132830934956024,0.719518174694526,0.6686455446589763,-0.001370109977611797
2025-01-29,4049.93603515625,4057.888416526293,4004.693270083929,4004.693270083929,1217089.0,4059.4096923828124,4164.803559570312,4059.840516046478,4124.325041798738,54.19913623677265,0.6878411558015767,0.7264547429438051,0.779043425991592,0.8048133403472718,-1.0509727414804293
2025-01-30,4050.18310546875,4079.6701524518658,4009.1386486944825,4050.035026306533,1531251.0,4049.9017333984375,4166.18857421875,4058.084623214164,4121.417514883837,37.34170490211135,0.7925184986632916,0.7761025631929642,0.789466499348112,0.8053857353579327,-0.7874259526268499
2025-01-31,4062.3828125,4078.237893678919,4035.5631210153647,4060.012098983697,1492943.0,4048.7261962890625,4167.161245117188,4058.8661121752248,4119.102428515844,35.98224881747619,0.8155518688807225,0.77283796911504,0.8514239246963166,0.8336491530286069,-0.8195620810809688
2025-02-01,4023.610595703125,4085.597404667629,4006.669277450664,4062.9760202550738,437172.0,4048.2668701171874,4163.973310546875,4052.456018271206,4115.357650758482,37.13536969636491,0.8223944667195856,0.7896127422523909,0.7836765678543817,0.7438244257182719,-1.7052358952747049
2025-02-03,4019.165283203125,4027.413823484761,3950.066092547816,3981.874414467155,1265713.0,4051.506982421875,4159.306938476562,4046.403157349737,4111.585401050429,35.022513494793444,0.6351608590485759,0.656993010294851,0.6509591549765698,0.7335258403881211,-1.010182642546706
2025-02-04,4057.09814453125,4068.754917393804,4016.597044877319,4034.03228171527,2547132.0,4046.612255859375,4154.658129882812,4048.3477004736483,4109.448645892814,42.10943768245231,0.7555740809375181,0.7512231123543501,0.8069541910266419,0.8214060083638197,0.06478461200974912
2025-02-05,4041.34228515625,4099.525820208286,4026.425841727464,4099.525820208286,1693912.0,4041.243359375,4150.091372070313,4047.0739885977573,4106.777808216871,46.74192806674859,0.9067744347659523,0.8213602335212694,0.8299997580188835,0.7849039486721121,-0.6509715621476955
2025-02-06,4033.09375,4089.153530861552,4002.2732667297546,4055.468173998699,2284536.0,4034.36796875,4147.087202148437,4044.5321270345285,4103.888237306405,50.52509877210954,0.8050616269223528,0.797718336529289,0.7733692473235032,0.765794326310267,-0.1555040688803476
2025-02-07,3980.392578125,4040.2556308848634,3959.252950754653,4040.2556308848634,1548940.0,4030.836474609375,4142.517524414063,4032.8703908691596,4099.045270279684,49.331948320945926,0.7699414921064955,0.686263760232007,0.6724995692797467,0.64369998186235,-0.7725868595855815
2025-02-10,3987.850830078125,4002.7178337412574,3965.525845698329,3990.8637829009576,1339511.0,4030.5055419921873,4137.9826953125,4024.6850161798807,4094.68470399727,33.81139797949268,0.6559139855273056,0.6007026363847973,0.6872076177686771,0.6609787320408856,-0.9482743725337303
2025-02-11,3915.343505859375,3990.863637094394,3906.8974467099824,3969.526249892905,1810908.0,4017.0462890625,4131.483305664063,4004.804741576152,4087.651715835,28.936989058029127,0.6066535147254801,0.5736829798095521,0.5497416880995865,0.492998895858906,-0.5528250004734211
2025-02-12,3902.1064453125,3972.83571115218,3892.228069702002,3922.801835153518,1678002.0,4002.238623046875,4123.701166992188,3986.132324073669,4080.3754307164704,26.93353031387899,0.4987841248042863,0.5325913409382274,0.5153464192049121,0.4623322109942615,-0.6643182731142047
2025-02-13,3862.593017578125,3935.989398017966,3854.789197163407,3919.739518058658,2277310.0,3982.2596435546875,4112.967578125,3963.67063198357,4071.8349439267313,30.18407451186789,0.49171436740635566,0.448606339119159,0.4275635442145256,0.3707902986519441,-0.16156587487934165
2025-02-14,3886.992431640625,3899.982398124333,3852.56619875504,3877.2621359265463,1681975.0,3968.5978271484373,4103.087592773438,3949.729141012125,4064.586217954727,36.51355279339876,0.39364980476609124,0.3665344113105141,0.42235128278265854,0.4273171339932924,-0.6609853703693938
2025-02-17,3857.01171875,3886.152926511077,3809.299116791676,3809.5955162912983,1799806.0,3952.382470703125,4092.4769189453127,3932.871427873557,4056.446041515326,23.009947359917945,0.23743261041928374,0.335012446158523,0.32090301285216255,0.3578599406097331,-0.5621383370636276
2025-02-18,3826.092529296875,3876.669765987123,3817.498390444352,3850.9859884863977,2149879.0,3929.2819091796873,4081.6341796875,3913.4570826777963,4047.412570447936,21.12763511928857,0.332987900071138,0.3133971694562452,0.34012783895564197,0.28622855115801143,-0.2684662347268104
2025-02-19,3738.076171875,3827.82106864859,3722.319970005145,3825.104515384308,4366672.0,3898.9552978515626,4069.131630859375,3881.569644350015,4035.2817312882135,15.044703286756658,0.2732371524297598,0.20205474233491894,0.11696312226754264,0.08231848468726691,1.5911752136440718
2025-02-20,3733.43310546875,3741.928604788681,3705.675015273267,3715.7509099558138,2888572.0,3868.9892333984376,4055.99419921875,3854.635728189785,4023.444530275686,16.23947404145501,0.02078012821558498,0.006277251456995192,0.07793571889307309,0.07156175710550022,0.35121459267630395
2025-02-21,3739.953125,3770.5760903658215,3729.086911483096,3730.173629303301,1833931.0,3844.9452880859376,4042.613671875,3833.7843457916415,4012.3272202648745,17.67129940309367,0.05407685211668874,0.07157439854316627,0.13282956101283033,0.08666687682359156,-0.5335112778724193
2025-02-24,3630.895751953125,3717.430175598509,3625.3637652705775,3697.623984722925,2508516.0,3809.2497802734374,4028.2089599609376,3796.8955105482746,3997.3691234683356,7.630399273805722,-0.021068236861324793,-0.04956281624818817,-0.11036996290971543,-0.16598952521908378,0.032390105995750526
2025-02-25,3585.40576171875,3613.5096912637337,3577.2066619706934,3580.911052714881,4101954.0,3776.256005859375,4014.6032861328126,3758.4428289429065,3981.2136975173717,7.204480852960074,-0.29051522387748796,-0.28643216146878975,-0.22328385940900156,-0.27137751449912595,1.3691064120329863
2025-02-27,3568.612548828125,3593.752965954935,3556.9065775254853,3567.772790451682,3823856.0,3742.9066162109375,4000.28037109375,3723.928232558401,3965.033260313872,7.09074137139811,-0.3208466115012961,-0.3314643090531175,-0.2708814405944653,-0.31028284138480383,1.1358132865544026
2025-02-28,3440.88525390625,3556.215291484246,3414.954517405844,3541.348287656423,7085018.0,3700.73583984375,3984.899853515625,3672.4658728034638,3944.4784365331807,6.227488023971162,-0.3818510138334384,-0.4170251532879517,-0.6037162484606647,-0.6061923968417636,3.871563546074386
2025-03-03,3450.56591796875,3480.398563015721,3433.871319078812,3442.6137776512555,4990439.0,3657.0931884765623,3971.715478515625,3632.120426469879,3925.109318158105,6.564442242659254,-0.6097924747983301,-0.5898366922647588,-0.5593620485641732,-0.5837649196058706,2.1144459779084666
2025-03-04,3489.091796875,3507.811270911589,3422.1658003657744,3431.747776723982,2797737.0,3620.3011962890623,3959.538134765625,3606.115221088992,3908.0105918332774,13.537293552064014,-0.6348780515240257,-0.5273540141711862,-0.5868079628294852,-0.4945108904830424,0.2750141847163505
2025-03-05,3503.9091796875,3556.5609685813047,3478.0278844831014,3478.0278844831014,2501894.0,3588.082861328125,3947.239287109375,3587.5323044705383,3892.1634776314822,16.02899275177377,-0.5280344020677802,-0.41623724021997266,-0.4558282079846074,-0.46018302685949714,0.026834988458338607
2025-03-06,3557.795654296875,3565.550034007974,3493.092297722642,3513.738005107593,2786513.0,3570.0548095703125,3936.2231494140624,3582.1256408025993,3879.051013971302,24.619552489257387,-0.44559294298773716,-0.39574817056840095,-0.42050669815957503,-0.33534265694047505,0.26559850376800986
2025-03-07,3567.27880859375,3580.9110146215976,3530.926339576579,3556.2150765897245,2051315.0,3553.4393798828123,3925.4804443359376,3579.4262167646266,3866.824652976104,22.699285974824548,-0.34752909752336547,-0.3607353870619847,-0.33179727019746214,-0.3133727563484799,-0.3511504094410159
2025-03-10,3545.990966796875,3578.0464882486435,3539.026905002649,3562.6361259918417,1004626.0,3534.0431640625,3914.431220703125,3573.3470804068534,3854.2429397926053,23.041355291129975,-0.33270526964829183,-0.3672645953376405,-0.3128038851425268,-0.3626909213233535,-1.2292054411710287
2025-03-11,3531.815673828125,3545.1020407658093,3494.623445019518,3514.7260358188087,1995450.0,3524.13515625,3904.3599169921877,3565.7959155743574,3841.5987332841946,23.73015962954352,-0.4433119455555231,-0.44235594767174546,-0.4169166191149943,-0.39553123664844225,-0.3980148976964549
2025-03-12,3463.555908203125,3525.8391128612507,3444.4413966520915,3521.640803348143,3174167.0,3511.9501708984376,3892.5755419921875,3547.206823325042,3826.773524457486,24.597799719174333,-0.42734830515474975,-0.4862625667468222,-0.5345784016395134,-0.5536706297518871,0.5907968628510483
2025-03-13,3468.34716796875,3481.436015845164,3441.724993541169,3459.7035891824394,1693004.0,3501.9236328125,3879.6393603515626,3532.868704169352,3812.717588908908,25.477512229649392,-0.5703384216225071,-0.5874719922349182,-0.5409475484257521,-0.5425705782852674,-0.6517332726164315
2025-03-17,3455.159423828125,3487.5111042781477,3435.057073961186,3446.565285194742,2690906.0,3503.3510498046876,3867.9344140625,3518.739744107311,3798.695700082211,23.975439734614255,-0.6006699055727476,-0.5736248452697211,-0.5565818106576671,-0.573123010390867,0.1853949214062851
2025-03-18,3455.159423828125,3455.159423828125,3455.159423828125,3455.159423828125,0.0,3503.810400390625,3856.326044921875,3507.1796858747316,3785.223689248717,29.943627185911197,-0.5808292185047144,-0.647365084396173,-0.5094478574766942,-0.573123010390867,-2.071974319325663
2025-03-19,3454.56689453125,3503.859893262568,3420.634577218764,3503.859893262568,3051244.0,3500.35791015625,3846.02046875,3497.61372381228,3772.2567561225424,33.36266020594337,-0.4683978492501138,-0.5363605179652574,-0.5903982197197754,-0.5744957403225606,0.487678210925454
2025-03-20,3519.813232421875,3535.4211137803227,3469.285438744659,3469.285438744659,2845192.0,3501.9483154296877,3835.4410693359373,3501.6499981049337,3762.357010095065,44.47548597423447,-0.5482174753814829,-0.4644219999121632,-0.47632660896013845,-0.42333764328293666,0.3148236233659854
2025-03-21,3534.581787109375,3572.267694804508,3422.857258900137,3432.735634827699,4161925.0,3499.6269287109376,3826.5278515625,3507.637596105741,3753.424648409352,64.25246608066861,-0.6325974525786776,-0.3804363874827565,-0.5851867009172733,-0.38912290120300025,1.4194153751613658
2025-03-24,3584.81298828125,3605.360057323045,3523.2214624383355,3556.215139766549,1834751.0,3501.3803466796876,3814.14908203125,3521.669485592197,3746.812426443544,68.17817571589173,-0.3475289516714476,-0.3050078875893474,-0.3498628854465715,-0.27275081003853757,-0.5328233895636488
2025-03-25,3613.2626953125,3664.877205825815,3593.752904257228,3600.6677669097294,3135390.0,3508.10751953125,3801.837685546875,3538.322796450434,3741.5751820854643,67.28546278836463,-0.24490427895859518,-0.16934851219774483,-0.18448790697474557,-0.20684054265483406,0.5582672958398399
2025-03-26,3591.57958984375,3635.7358773567735,3581.7506550649064,3603.3841996001006,1734499.0,3514.0839111328123,3790.236787109375,3548.0058497946734,3735.6930019975543,61.97542606185011,-0.23863304070538868,-0.23577129147467404,-0.21262956480289993,-0.25707442652522144,-0.6169236075281036
2025-03-27,3606.79248046875,3618.449012006768,3566.5875396807087,3570.884729570523,2528474.0,3528.407568359375,3778.6139453125,3558.694328099051,3730.63807958466,57.48341605085399,-0.31366229520555156,-0.27517380679765413,-0.24818250141613996,-0.22183027839844438,0.0491326363206776
2025-03-28,3562.290283203125,3616.42382915822,3548.2135981206075,3606.5948937734543,2051919.0,3537.8018798828125,3766.9544970703123,3559.3481381179736,3724.0362052167566,49.31171568816455,-0.23122073551901165,-0.2797898720359781,-0.29126385792302517,-0.3249298188512793,-0.35064372097943375
2025-04-01,3507.613525390625,3540.4096829245336,3482.127269059425,3529.2470706788267,2618493.0,3543.0472900390623,3755.62400390625,3549.941844894819,3715.5490413020066,45.15163740249921,-0.40978824750363224,-0.4530513917559277,-0.4462163863831428,-0.45160106095361086,0.12464851152458634
2025-04-02,3500.846923828125,3520.751995656576,3487.1160780114287,3500.8963639411054,1764313.0,3547.6160400390627,3745.076865234375,3541.0154956099655,3707.1293504206783,46.01296991732001,-0.4752395422216106,-0.49785779870753866,-0.4345191326228111,-0.46727744446692693,-0.5919129952870286
2025-04-03,3361.75927734375,3459.407116080848,3354.8444144618065,3448.5409029806515,4537821.0,3538.3352783203127,3732.576767578125,3508.423455925199,3693.585425986289,38.91578839343774,-0.5961089349009445,-0.6376831810732453,-0.7446563274375665,-0.7895058582599246,1.7347500870071815
2025-04-04,3259.271240234375,3358.301958396606,3255.4187701110422,3321.702768711085,5317367.0,3512.2810791015627,3715.6412841796873,3463.123053072322,3676.553497133273,31.228367824176715,-0.8889312685505766,-0.8681354605482172,-0.97777950442118,-1.0269428878254636,2.3887020132861476
2025-04-07,3234.2294921875,3251.368328518194,3018.8809120553065,3062.296322980731,6623955.0,3482.245849609375,3698.4252490234376,3421.5060420023538,3659.207457723635,30.57749671715682,-1.4878047953487759,-1.1118727665615762,-1.5323895077751917,-1.0849578370729867,3.4847832444809477
2025-04-08,3252.899658203125,3308.2680019006634,3215.70767038631,3261.889076504213,5557558.0,3449.0545166015627,3681.4462890625,3390.8503358570388,3643.273818526752,32.783984785018845,-1.0270189583221185,-0.9821794874776038,-1.070890067493649,-1.041704118050984,2.5901954044713644
2025-04-09,3207.113525390625,3230.228827873871,3172.9836893878546,3220.89381114684,2990265.0,3408.439599609375,3665.2744091796876,3357.443643044963,3626.1694933057274,30.441903769458037,-1.1216618615756404,-1.1600567190129571,-1.1710649293090742,-1.147778189493014,0.43652364851019554
2025-04-11,3192.197021484375,3258.8266155521846,3167.0071641277755,3249.541039112772,7108961.0,3368.5013427734375,3649.295146484375,3327.3988027612195,3609.150964999008,21.867872189074234,-1.0555260090271539,-1.094872849966524,-1.1850780801923329,-1.1823356898500852,3.891649045802301
2025-04-15,3208.69384765625,3274.08864453866,3199.2107519795586,3274.08864453866,3512160.0,3328.6914794921877,3632.470302734375,3305.8160836512247,3593.4467643189,22.099090214707843,-0.998854668442451,-1.0600856101272795,-1.1095703702921267,-1.1441170107341132,0.874335195956223
2025-04-16,3233.982421875,3238.23017131478,3189.727254104092,3208.693685671263,2384391.0,3295.860693359375,3616.1462890625,3292.755417873729,3579.3501234387472,18.623560987194068,-1.1498274383806748,-1.1418189962592056,-1.1318063152345255,-1.0855302320836475,-0.07173688952391945
2025-04-17,3258.77734375,3263.420373380785,3178.8613788302714,3206.0269126767075,2932346.0,3270.9770751953124,3600.0741796875,3286.577586214869,3566.7786418823257,18.08807860149956,-1.1559840307657379,-1.0844021481031911,-1.1572835186369421,-1.0280871122390673,0.3879360839301048
2025-04-21,3281.201171875,3313.20701075186,3244.15726522527,3250.084290289227,2432946.0,3249.0125,3585.2259912109375,3285.6000563348925,3555.57952541145,22.095941970144594,-1.0542718430134113,-0.9709218437116947,-1.0041843400521755,-0.9761371745521334,-0.031004673874714405
2025-04-22,3274.088623046875,3293.3514549412,3254.924671374364,3282.18908375484,2710498.0,3240.2454345703127,3570.3244580078126,3283.5070684643433,3544.540666495192,19.646716021658435,-0.980153750705616,-1.016179258878382,-0.9789380170764425,-0.9926150242019184,0.20183041865680978
2025-04-23,3371.489501953125,3379.293321999538,3296.7102488988207,3324.0733003434707,3543923.0,3251.4672607421876,3556.61228515625,3299.5038745532124,3537.7543463170714,34.125101157915466,-0.8834585878888583,-0.8202891616809381,-0.8809634286470187,-0.7669635626572686,0.9009808012629
2025-04-24,3360.228271484375,3370.9956041985065,3346.497184979893,3359.734352714529,2252175.0,3264.067138671875,3542.9900048828126,3310.5446739952417,3530.7925394608874,36.78243666096052,-0.8011304092552771,-0.839202420168302,-0.7642280653784329,-0.7930527842597804,-0.1826513293195181
2025-04-25,3406.06396484375,3435.5015728669696,3363.5869490408845,3378.404512693047,2742991.0,3279.3835693359374,3530.4494091796873,3327.911817785879,3525.901222809235,42.056469450032736,-0.7580279160973238,-0.6921718644590225,-0.7241577181575142,-0.6868638944509875,0.2290884123359287
2025-04-28,3401.618408203125,3415.7445325916697,3363.5866647108005,3393.2217895100143,1593296.0,3298.8340576171877,3518.87392578125,3341.31301604356,3521.0273869423286,54.31410755406199,-0.7238203049489622,-0.7372047299567568,-0.7241583848258866,-0.6971630453888564,-0.7353771354101899
2025-04-29,3430.265869140625,3452.492213865078,3388.6778120988047,3412.9787121327167,1578332.0,3322.6409423828127,3507.7222265625,3357.4862620612075,3517.468111734419,72.0284598562709,-0.6782088788472536,-0.6534445429510188,-0.6653272046866887,-0.630794635753537,-0.7479302581570687
2025-04-30,3411.694580078125,3467.2110034862103,3325.061273098265,3429.772055911222,2809332.0,3342.941015625,3497.649248046875,3367.342319882465,3513.320130100839,73.24961858159148,-0.639439260046716,-0.6198955262935717,-0.8144888196538218,-0.6738192836497316,0.2847410931800006
2025-05-02,3389.270751953125,3449.034925807151,3378.40453852512,3429.772092912052,1721761.0,3358.4698486328125,3487.3925341796876,3371.3293075316756,3508.45544860485,67.69190812203813,-0.639439174625487,-0.6613248522448254,-0.6894149356655297,-0.7257692213366654,-0.6276093651831252
2025-05-05,3412.287353515625,3461.8767511097926,3404.4832920390604,3408.0396037462647,1284443.0,3373.820849609375,3478.3864208984373,3378.7762249833027,3504.684150758214,78.28924513689046,-0.6896114530982719,-0.6320540615018287,-0.6282681167473219,-0.6724459881103201,-0.9944702669085715
2025-05-06,3417.91796875,3430.759857071893,3395.1977047958817,3417.91796875,1324763.0,3387.492529296875,3469.004931640625,3385.8929056681563,3501.281555385343,81.94015011150265,-0.6668059623860777,-0.7029798117351704,-0.6500400208916041,-0.6594013773090641,-0.9606462954334207
2025-05-07,3403.19921875,3417.4239829127787,3378.997198925932,3378.997198925932,1477128.0,3400.4035888671874,3459.928681640625,3389.0395080466733,3497.435189242781,77.6622561345983,-0.7566596228246822,-0.733376704130683,-0.6880253256065573,-0.6935007354145195,-0.8328290976702424
2025-05-08,3406.952880859375,3434.7112128994936,3386.998610284149,3406.063923519544,2543591.0,3403.9499267578126,3451.545888671875,3392.2964849217096,3493.886863423824,76.20471789710624,-0.6941725679228108,-0.6939733576793726,-0.6692644269635507,-0.6848045167495882,0.06181410895931487
2025-05-09,3398.45751953125,3404.285664518617,3356.7708237929637,3357.659781105859,2531757.0,3407.7728515625,3444.753515625,3393.416673032535,3490.1445362123504,72.26068970637012,-0.8059198277000716,-0.7633233012356336,-0.7401394780232857,-0.7044859685143761,0.0518867062203036
2025-05-12,3576.366943359375,3586.344199009816,3459.604594038759,3462.370587392757,2228678.0,3424.8031494140623,3441.6121923828123,3426.680358546506,3493.5258070808613,81.45261785351596,-0.5641813092975588,-0.3483513528964569,-0.4990252727551908,-0.29231800904428046,-0.20236268491851658
2025-05-13,3472.2490234375,3578.935479918652,3467.803754417452,3576.3670057941126,3062887.0,3431.8662109375,3436.2581103515627,3434.965570344868,3492.6914234085725,67.49827855374079,-0.30100574734044677,-0.36523828766471667,-0.4798007122450688,-0.5335310357354833,0.49744538602181265
2025-05-14,3505.5390625,3517.689512589028,3465.9269214811093,3478.176010622288,2119499.0,3439.3935302734376,3433.7509765625,3447.7971143730733,3493.19525239255,63.348427289917616,-0.5276924336053705,-0.5048382161257493,-0.48420131995191124,-0.45640702973383335,-0.29395165767857334
2025-05-15,3536.359619140625,3556.21525075921,3471.360099994329,3520.653098251618,3548330.0,3451.8600341796873,3432.7700537109376,3463.8993879671734,3494.887972657181,66.88127226454682,-0.4296285508630905,-0.4170252461138526,-0.471462153468338,-0.3850041458002016,0.9046777814784503
2025-05-16,3517.98583984375,3550.1891985825587,3502.970757638989,3550.1891985825587,1666727.0,3464.73154296875,3431.75751953125,3473.733288308369,3495.7937713703795,61.32320046774019,-0.3614406208243643,-0.4307606231426039,-0.39734468624160585,-0.42757121705249834,-0.673776737359798
2025-05-19,3476.002685546875,3506.823167687793,3461.0862426467947,3506.823167687793,2537377.0,3471.103076171875,3432.4598681640623,3474.145905988097,3495.017650357693,56.99425818764844,-0.4615567447397424,-0.5296062300372797,-0.49555125322095384,-0.524834817070552,0.05660125779992531
2025-05-20,3455.752197265625,3514.726051583229,3451.5044475075333,3488.8447556489973,2038374.0,3474.8864990234374,3432.56359375,3470.8015953112836,3493.477828667808,52.43489651349247,-0.5030622477876375,-0.511592929332907,-0.5180176756279372,-0.5717497148514554,-0.36200646139686726
2025-05-21,3482.917724609375,3493.9814570703943,3455.752191652226,3465.334167770128,1440153.0,3482.858349609375,3432.4401123046873,3473.0045279109363,3493.0637069400263,56.69453743354337,-0.5573394984568565,-0.5588767593744665,-0.5080579955424775,-0.508814544064665,-0.8638469881785187
2025-05-22,3434.711181640625,3455.2582510362627,3409.323804689904,3452.492257645667,2034383.0,3485.6341796875,3431.05615234375,3466.042101316334,3490.7753726145597,54.0736765430655,-0.5869867186152007,-0.6471398243213052,-0.6169185731284438,-0.6204960504233862,-0.3653544641289438
2025-05-23,3471.853759765625,3492.005548214681,3423.44972246364,3434.710973449065,1274331.0,3492.9738037109373,3429.337314453125,3467.098766488932,3490.0333485812685,55.2081429958193,-0.6280371263945401,-0.5633805127957908,-0.5837975523824793,-0.534446754630997,-1.002953104199165
2025-05-26,3494.27783203125,3501.884132971573,3467.408698765696,3478.176031648211,967470.0,3484.764892578125,3427.877294921875,3472.0404147693534,3490.1997989126403,56.48599529333533,-0.5276923850642916,-0.5408639327581802,-0.4807269987099351,-0.4824962513363452,-1.2603751704401434
2025-05-27,3456.147216796875,3496.944956186642,3440.7370955910237,3489.042255720683,2467680.0,3483.1547119140623,3426.080419921875,3469.1507424107203,3488.8644035355514,54.32536648182059,-0.5026062931788756,-0.5521219593009214,-0.5432638714446005,-0.5708345615636597,-0.001866731781016789
2025-05-28,3455.159423828125,3486.078788034464,3450.516635478714,3477.1882498955265,1222933.0,3478.116748046875,3424.547294921875,3466.606866304794,3487.542639625456,53.95590948200597,-0.5299728077433484,-0.5768895703425683,-0.520333797187166,-0.573123010390867,-1.046070278948168
2025-05-29,3455.5546875,3489.536203315723,3444.0956752612224,3462.0742707354857,3188072.0,3470.0362548828125,3424.3872705078124,3464.597379249377,3486.2882101303403,54.748617871260436,-0.5648653948494405,-0.5690089710644775,-0.5353890141280407,-0.5722072914953532,0.6024616030137956
2025-05-30,3421.276611328125,3464.050027191762,3411.1020770923456,3447.5531876798154,3404365.0,3460.36533203125,3423.445859375,3456.720875990967,3483.7387356675085,33.052696842058054,-0.5983892041672645,-0.627100442532335,-0.6127490601752572,-0.6516203119319285,0.7839072444392617
2025-06-02,3407.842041015625,3417.91793582919,3377.0215575741954,3408.039560292111,1877585.0,3453.549267578125,3422.49951171875,3447.833815086359,3480.762394700768,41.22240980371599,-0.6896115534178382,-0.7322508211574742,-0.692657609274463,-0.6827445734404708,-0.4968904532003896
2025-06-03,3363.784423828125,3431.2537776661225,3359.1416355127826,3404.088244663152,2848125.0,3444.352490234375,3420.67201171875,3432.552107584862,3476.1750232939976,31.23204019493781,-0.6987336795837673,-0.7018540024349631,-0.7345806389152953,-0.784814142238747,0.31728408240211187
2025-06-04,3369.465087890625,3383.3182215676084,3358.6020509863906,3377.5377895527827,2544807.0,3433.0072265625,3418.9699755859374,3421.0817403677274,3471.990319944846,26.327738239255382,-0.7600288592207926,-0.8111150769817536,-0.7358458020416204,-0.7716535818552921,0.06283419698793052
2025-06-05,3359.6982421875,3397.4699581243544,3352.3231247435624,3397.4699581243544,3584683.0,3425.5059326171877,3415.76767578125,3409.9211043349587,3467.5867090524007,26.98664659977797,-0.7140128550479377,-0.7788585628460784,-0.7505679921097067,-0.7942807186156546,0.9351738835378788
2025-06-06,3372.75390625,3379.4311968394054,3347.340152378988,3359.6983590738278,2070390.0,3415.595947265625,3412.5311181640627,3403.1634319558752,3463.8677756091697,33.610072681716105,-0.8012135052573381,-0.8199748990670671,-0.7622515608312022,-0.7640342802855171,-0.33514861738028917
2025-06-09,3410.326416015625,3422.3855889461997,3379.431263640164,3388.500583115049,1718678.0,3407.2008056640625,3409.04138671875,3404.4657926940117,3461.7681144486387,43.16490999133967,-0.7347198241052217,-0.7220675538712115,-0.6870075746444283,-0.676988949301652,-0.6301956574464658
2025-06-10,3451.187744140625,3474.010438158552,3411.622065434572,3428.365293437595,2419874.0,3406.7048583984374,3405.7998876953125,3412.9606929570323,3461.353197965972,45.414665055786074,-0.6426869542263132,-0.604397353348963,-0.6115298441960615,-0.5823243167480118,-0.04197062018233274
2025-06-11,3460.1572265625,3477.1994881899896,3437.434535479036,3458.2637500771752,2847013.0,3407.204638671875,3403.1714404296877,3421.541880885299,3461.30629712662,54.14758885334908,-0.5736624775092596,-0.5971284477269597,-0.5510073797770156,-0.5615444547947819,0.31635123874436466
2025-06-12,3422.584716796875,3462.947736714505,3411.6219212636915,3460.1571582794445,4060134.0,3403.9076416015623,3399.48728515625,3421.7314874146764,3459.7878037803557,41.98061098119693,-0.569291298356139,-0.6296129291249656,-0.6115301822333346,-0.6485897857786471,1.3340241082856943
2025-06-13,3434.0458984375,3438.8297125316194,3381.723464034396,3381.723464034396,2178493.0,3405.1845703125,3396.9223974609376,3423.970471237008,3458.7783172963223,39.833384706743225,-0.7503656851551852,-0.6845859273051045,-0.6816330554077091,-0.622037331455057,-0.2444622883034482
2025-06-16,3484.474853515625,3497.131850878911,3414.6118485958773,3428.365222862198,1934088.0,3412.8478515625,3396.4596240234373,3434.9712680149382,3459.78602459904,54.590854849132036,-0.6426871171587981,-0.5516959641406182,-0.604519703566782,-0.5052070980389783,-0.44949075428519997
2025-06-17,3503.41064453125,3508.094699586469,3476.302688697425,3498.128521462644,2111940.0,3426.8104736328123,3396.5108984375,3447.414791017904,3461.496794008146,57.38982951958716,-0.48162946665865014,-0.5267079859596621,-0.4598732722645711,-0.46133799781974366,-0.3002928134419827
2025-06-18,3439.7265625,3526.033760927228,3431.4548294482115,3507.19778191584,2696327.0,3433.83662109375,3398.070244140625,3446.016931287376,3460.643059439199,47.9694999039903,-0.46069189905979935,-0.485818899069255,-0.56502798860924,-0.608876771071602,0.1899425342378028
2025-06-19,3412.41943359375,3439.3281148750093,3401.4566375162,3438.331497049777,2672768.0,3439.108740234375,3401.1332080078123,3439.90829534308,3458.7519368570247,48.84307108658003,-0.6196786766593764,-0.6834499026080403,-0.6353647096093389,-0.672139994334858,0.17017916757155582
2025-06-20,3424.07958984375,3434.643835427168,3399.3634207293467,3413.415828473248,2351248.0,3444.24130859375,3404.9302099609376,3437.0303488886566,3457.3922369741513,52.130834090847145,-0.6771997389095853,-0.6941269333469084,-0.6402726722446637,-0.6451265697210619,-0.09954016052096615
2025-06-23,3382.122314453125,3413.416016519491,3358.6020366921707,3403.4498383690693,3123421.0,3441.4208984375,3407.5146630859376,3427.047069900378,3454.44047530666,52.41979858617385,-0.7002075235655202,-0.7425121924929758,-0.7358458355572589,-0.7423302153210029,0.548226643196336
2025-06-24,3378.932861328125,3430.4581957754644,3370.561369209563,3422.983562342859,3403048.0,3434.19541015625,3410.9510498046875,3418.29903197815,3451.479392405541,51.257599754904945,-0.655111380581294,-0.7036673981549296,-0.7078048044001246,-0.7497193145495337,0.7828024287043219
2025-06-25,3433.14892578125,3438.331289496645,3388.5004012430704,3395.775759591069,1757699.0,3431.494580078125,3415.770087890625,3420.999012669623,3450.7605505771376,58.72602080159595,-0.717924132764528,-0.6857219991651718,-0.665743179685797,-0.6241153742111518,-0.5974614017189891
2025-06-26,3430.1591796875,3439.7265645422617,3403.748808087712,3433.149033076155,2879106.0,3432.2520263671877,3420.19939453125,3422.6644975819636,3449.9526536795047,56.98691357711791,-0.6316430689421109,-0.6825417033017187,-0.6299902602979109,-0.6310418063263223,0.3432736771509126
2025-06-27,3429.461669921875,3454.675906058565,3419.395732636828,3443.3145602623845,1778433.0,3431.793603515625,3424.1089794921877,3423.900347098311,3449.1490856890096,52.55866337583644,-0.6081746269739862,-0.6484671821992322,-0.5933029369747221,-0.632657747576775,-0.5800678941652744
2025-06-30,3450.290771484375,3453.180865734764,3418.399002366091,3428.2654211111044,1468351.0,3428.3751953125,3427.939248046875,3428.6986060775953,3449.193857680985,49.87327258860157,-0.6429175224846562,-0.6518748763111677,-0.5956399691239962,-0.5844023595041066,-0.8401920192386303
2025-07-01,3418.10009765625,3473.213111911396,3401.9549375924103,3443.3145772321013,2375183.0,3419.844140625,3430.6772265625,3426.7716045464413,3447.97449454276,44.42390084156173,-0.6081745877971871,-0.6062147250375189,-0.6341963460788242,-0.658979433951403,-0.0794613718985025
2025-07-02,3411.7216796875,3478.0962775498906,3408.4327923652227,3475.4054582188955,3090585.0,3417.04365234375,3433.4298876953126,3424.035254572088,3446.5528155288284,48.42985903823337,-0.5340886142566541,-0.5950843665254494,-0.6190077285492374,-0.6737565011930287,0.5206809108709874
2025-07-03,3389.2978515625,3423.6811655474544,3386.108723276149,3418.3990425621496,2531870.0,3414.731494140625,3433.7860546875,3417.719363115799,3444.307522824267,43.730802961080705,-0.6656953409066417,-0.719114503919734,-0.6713509438558081,-0.7257064388799626,0.051981500584804885
2025-07-04,3408.233642578125,3415.409242162467,3378.6341422209043,3396.473503732036,1109320.0,3413.1468994140623,3434.746162109375,3415.9946866544033,3442.89286085383,38.28482208357064,-0.7163132996438347,-0.7379689683543393,-0.688876584183295,-0.6818373386607277,-1.1413788819046735
2025-07-07,3400.160888671875,3414.5123309346973,3396.8720012794643,3406.738663456697,1639174.0,3414.9507568359377,3434.6281005859373,3413.1158142939435,3441.2170972388517,33.58676356768248,-0.6926148429992968,-0.7400133273332523,-0.6461143001380301,-0.7005397234655809,-0.6968906234226658
2025-07-08,3394.679443359375,3413.415906340367,3381.922687075622,3393.483550682905,2325242.0,3416.5254150390624,3434.4893212890624,3409.7637468512944,3439.3920912043627,41.21303902637204,-0.7232159952281823,-0.7425124436278424,-0.6811659374060886,-0.7132387479511118,-0.12135628656716585
2025-07-09,3372.355224609375,3402.4530322953497,3355.611997580095,3398.4665612557537,2034938.0,3410.446044921875,3433.3311083984377,3402.9621973527637,3436.7631944751474,42.03008212581554,-0.7117120670685224,-0.7675004795612956,-0.7428565763139724,-0.7649579176890835,-0.36488888118825163
2025-07-10,3370.561279296875,3387.5037812921582,3344.6492174217365,3368.5680437680185,3035012.0,3404.4862548828123,3432.5084423828125,3397.071121342602,3434.1670409387443,38.91869704143736,-0.7807366842614578,-0.8015747943542978,-0.7685609924711685,-0.7691140032012731,0.47406137796452524
2025-07-11,3254.95361328125,3323.7202389139525,3250.070283569519,3288.738858113972,7635550.0,3387.03544921875,3429.822099609375,3371.231574422356,3427.1390633835485,29.82285836015494,-0.9650327445211233,-0.9469587002866947,-0.9903200937505814,-1.0369456603190772,4.333398334371949
2025-07-14,3211.800048828125,3260.933353706794,3189.1768740408747,3254.953647067968,3924009.0,3363.186376953125,3425.812353515625,3342.2440243143137,3418.694396146081,26.466446838189796,-1.0430302994229534,-1.0900708930623775,-1.1330967906417857,-1.1369207837374353,1.2198304545888963
2025-07-15,3241.300048828125,3248.375889064686,3195.156597032704,3195.156597032704,2590889.0,3345.5063720703124,3422.2799951171874,3323.8905742259153,3411.7377550747888,20.96530451924305,-1.1810795685763165,-1.1186935312885897,-1.1190761420411157,-1.0685772719507054,0.10149184216446573
2025-07-16,3233.10009765625,3244.89990234375,3220.60009765625,3227.0,2540733.0,3327.6442138671873,3418.8780126953125,3307.383214849612,3404.73235674465,20.639806426932637,-1.1075649302388266,-1.1266164610541132,-1.0594187997359465,-1.0875743383766596,0.0594165665367955
2025-07-17,3209.199951171875,3242.0,3204.10009765625,3224.10009765625,2947640.0,3309.634423828125,3414.9229541015625,3289.531712362751,3397.064419271208,19.30505372166037,-1.1142597320548815,-1.133226302932399,-1.0981063279420442,-1.1429445059346073,0.4007660397768547
2025-07-18,3189.89990234375,3228.800048828125,3187.0,3225.0,3432645.0,3287.8010498046874,3410.7518017578127,3271.4168378138415,3388.9403205681706,13.557481581553972,-1.1121821904238007,-1.163313381635319,-1.1382009043301167,-1.187657492869164,0.8076310022100271
2025-07-21,3158.199951171875,3197.60009765625,3152.0,3190.0,3844346.0,3263.6049560546876,3402.3884619140626,3250.831949333484,3379.891678631061,13.576129256921675,-1.1929842436608467,-1.2344284466997697,-1.2202653581006269,-1.2610976958031916,1.153002105391849
2025-07-22,3159.60009765625,3180.10009765625,3154.60009765625,3159.60009765625,3198036.0,3240.097021484375,3396.1354833984374,3234.244339937623,3371.252793102637,14.166249116843218,-1.263166373020295,-1.27431676677348,-1.2141689125603372,-1.2578539355402074,0.6108202848535378
2025-07-23,3179.10009765625,3182.0,3157.60009765625,3159.60009765625,1922875.0,3220.7715087890624,3389.6067041015626,3224.218114068282,3363.71739328121,19.874455026967695,-1.263166373020295,-1.269986257470835,-1.2071348165228648,-1.2126777158845723,-0.4588972074635449
2025-07-24,3148.0,3173.699951171875,3140.0,3165.10009765625,2934778.0,3198.515380859375,3381.83951171875,3210.360275146776,3355.2578876623393,13.959947119052984,-1.2504689075116164,-1.2889048291441878,-1.248401742250516,-1.2847282206553647,0.3899762599873361
2025-07-25,3135.800048828125,3156.89990234375,3125.60009765625,3140.0,2568917.0,3186.6000244140623,3374.1957958984376,3196.8038703615666,3346.651697904135,13.80216620974852,-1.3084157482851984,-1.3271977277104856,-1.2821651742559026,-1.312992203933757,0.08305979104214396
2025-07-28,3079.300048828125,3118.0,3069.89990234375,3110.0,3374473.0,3173.3500244140623,3366.2617431640624,3175.439539173668,3336.1673195089975,12.110188939532378,-1.3776746510598092,-1.415863542311833,-1.4127653486339322,-1.4438874044744434,0.7588311989200354
2025-07-29,3056.0,3074.0,3041.199951171875,3060.0,4785312.0,3154.82001953125,3358.26669921875,3153.72325932391,3325.1803658027625,12.081860208109774,-1.493106155684161,-1.5161541756400194,-1.4800580862385104,-1.4978673082614382,1.942367361916818
2025-07-30,3053.60009765625,3069.0,3047.199951171875,3060.0,2880121.0,3136.87001953125,3349.6803466796873,3135.5190481116083,3314.5301592087817,12.06433564304426,-1.493106155684161,-1.5275508385182224,-1.4659898941635658,-1.5034272321298139,0.3441251486550614
2025-07-31,3036.800048828125,3059.800048828125,3015.0,3041.699951171875,2968371.0,3119.630029296875,3341.7221240234376,3117.5701391509747,3303.638782331109,15.801704638890868,-1.5353541991027524,-1.5485205869185799,-1.541489077145195,-1.542348396031597,0.4181570306660251
2025-08-01,3003.0,3036.800048828125,3000.0,3029.89990234375,2053847.0,3100.9400390625,3332.345048828125,3096.7392047598883,3291.849026161262,16.27909910939762,-1.5625961469201781,-1.6009452361583136,-1.5766595573325564,-1.6206539565562414,-0.34902634456564186
2025-08-04,3074.39990234375,3079.39990234375,2991.60009765625,3009.10009765625,2519252.0,3092.5600341796876,3323.947490234375,3092.6775134114996,3283.3216095409675,26.258886122090658,-1.6106152019395934,-1.5038460023226319,-1.5963547972629983,-1.455239716983311,0.04139640951155457
2025-08-05,3063.89990234375,3077.5,3042.0,3074.39990234375,1927996.0,3082.9900146484374,3316.1025439453124,3087.4452204900904,3274.7168367097042,26.088177613779507,-1.459862107804505,-1.5081765116252772,-1.4781822128079443,-1.4795653737209604,-0.45460126108645543
2025-08-06,3032.300048828125,3066.800048828125,3026.0,3063.0,1487081.0,3068.310009765625,3307.6453564453127,3077.41882564246,3265.210296008466,25.5325169648043,-1.4861802654066998,-1.5325652588890957,-1.5156973916744632,-1.5527736774905898,-0.824479643600496
2025-08-07,3047.0,3051.60009765625,3010.89990234375,3016.0,2543076.0,3058.210009765625,3299.4742626953125,3071.888130071103,3256.65302949833,29.98039486615569,-1.5946858797535903,-1.5672110027432968,-1.5511025707042208,-1.5187178711794238,0.061382081545879784
2025-08-08,3036.39990234375,3059.800048828125,3025.0,3048.10009765625,2762140.0,3048.2699951171876,3291.776728515625,3065.435725029766,3248.0156519628563,31.864200250405716,-1.5205786283325993,-1.5485205869185799,-1.5180420903536207,-1.5432754270814717,0.24515228212208107
2025-08-11,3040.800048828125,3049.89990234375,3021.300048828125,3036.39990234375,1884215.0,3044.4199951171877,3284.435888671875,3060.9565111749225,3239.8895498791417,32.467527788152424,-1.5475900513190124,-1.5710863133040296,-1.5267173609792628,-1.533081479179159,-0.4913286245575263
2025-08-12,3035.39990234375,3096.39990234375,3026.89990234375,3041.0,3358232.0,3042.3599853515625,3277.8681982421876,3056.3098550238,3231.870348015009,27.871864971473215,-1.5369701274414145,-1.4650973485367418,-1.5135873918377019,-1.5455921562945811,0.7452068159654737
2025-08-13,3036.199951171875,3044.39990234375,3028.60009765625,3036.10009765625,2148166.0,3040.619970703125,3271.2028955078126,3052.6535088689043,3224.1969991192,31.012229415631936,-1.5482821894424437,-1.5836226424700528,-1.5096009461341735,-1.54373865980255,-0.2699032501815955
2025-08-14,3022.300048828125,3055.89990234375,3019.10009765625,3034.0,3342174.0,3039.169970703125,3264.454931640625,3047.134697952399,3216.2794716568046,30.8341839635885,-1.5531305380888238,-1.557410317850186,-1.531875583586169,-1.5759409696216846,0.7317359495481133
2025-08-18,3011.199951171875,3049.0,3003.39990234375,3046.5,2945609.0,3039.9899658203126,3257.2238525390626,3040.6011076286677,3208.237137520141,36.41802062172662,-1.5242726619327358,-1.5731374900310342,-1.5686878107979014,-1.6016568901302872,0.39906225788037575
2025-08-19,3016.199951171875,3025.0,3011.10009765625,3011.199951171875,2650784.0,3034.169970703125,3249.3413232421876,3036.1645337274326,3200.706267467268,41.437172172358956,-1.605767416923607,-1.6278414718464087,-1.5506331730194285,-1.5900732440647398,0.15173704979105693
2025-08-20,3098.60009765625,3103.39990234375,3010.89990234375,3010.89990234375,4952358.0,3037.639990234375,3242.2895703125,3047.516454441763,3196.7021039452675,57.202295731508144,-1.6064601186774317,-1.4491420205072576,-1.5511025707042208,-1.3991744175398866,2.0825002770715315
2025-08-21,3102.60009765625,3130.0,3083.10009765625,3130.0,3230726.0,3044.6699951171877,3235.138427734375,3057.531662298942,3193.0118291888357,60.98130403186073,-1.3315020492100686,-1.388511551404146,-1.3818148681200935,-1.3899075006874486,0.6382435395043978
2025-08-22,3054.0,3095.699951171875,3050.0,3086.0,1593791.0,3045.3699951171875,3227.7667333984373,3056.8895418809525,3187.5603849069207,58.11067694556445,-1.433081773279498,-1.4666927700441543,-1.4594246233746848,-1.5025007666876573,-0.7349618857603833
2025-08-25,3140.60009765625,3152.0,3077.10009765625,3087.300048828125,3448370.0,3055.7900146484376,3221.8978173828127,3072.1096429310064,3185.718805014738,60.042487503855945,-1.4300804414331862,-1.3383662347400527,-1.395883060195038,-1.3018717905892878,0.8208225188629723
2025-08-26,3157.199951171875,3162.0,3120.0,3129.0,5522097.0,3067.4300048828127,3215.3523193359374,3087.5806080657094,3184.6004185895276,63.89632509542242,-1.3338106793025557,-1.3155729089836468,-1.2952957158336647,-1.263414425016301,2.560447590669769
2025-08-27,3157.199951171875,3157.199951171875,3157.199951171875,3157.199951171875,0.0,3079.610009765625,3208.42810546875,3100.238670448648,3183.525890455502,70.53595226670245,-1.2687074234205002,-1.3265138166422576,-1.2080730394562484,-1.263414425016301,-2.071974319325663
2025-08-28,3093.699951171875,3146.5,3086.5,3145.0,3116051.0,3085.360009765625,3201.5075732421874,3099.0498123983252,3180.0033046012422,56.61658645092902,-1.2968725978227633,-1.350902563906076,-1.3738431215854385,-1.410526730048754,0.5420440372992164
2025-08-29,3084.699951171875,3115.0,3077.199951171875,3093.0,2271789.0,3091.6,3194.95318359375,3096.4407467207884,3176.2659181922477,56.87446270705454,-1.416921362632089,-1.4227015400387548,-1.395648933788843,-1.4313772929667394,-0.16619737652900204
2025-09-01,3112.60009765625,3131.10009765625,3090.0,3090.0,1246862.0,3101.7400146484374,3188.72359375,3099.3788105272356,3173.769219347699,59.57843462288102,-1.42384725290955,-1.3860040629798693,-1.3656366762083876,-1.3667402085563536,-1.0259965236547928
2025-09-02,3111.5,3155.0,3103.10009765625,3121.10009765625,2185229.0,3111.27001953125,3183.3111474609377,3101.582663158647,3171.3272891772012,60.26990517712816,-1.3520486315810458,-1.331528237013131,-1.3349208945369448,-1.3692888369338614,-0.23881153751335357
2025-09-03,3097.5,3141.89990234375,3088.0,3129.89990234375,1799774.0,3111.160009765625,3177.682490234375,3100.8403607661658,3168.4321013663307,57.98800868118241,-1.331733137671475,-1.3613877163450947,-1.3703260735667024,-1.4017230459173942,-0.5621651814854333
2025-09-04,3095.699951171875,3118.0,3090.800048828125,3116.0,1481391.0,3110.4699951171874,3170.9335107421875,3099.905740839931,3165.579860182235,59.87618226662575,-1.3638228705048872,-1.415863542311833,-1.3637608027778214,-1.405893271622535,-0.8292529173528176
2025-09-05,3048.300048828125,3103.39990234375,3028.60009765625,3097.10009765625,2802055.0,3109.9,3163.296328125,3090.522887746875,3160.9806518938385,54.547690871033055,-1.4074557538007346,-1.4491420205072576,-1.5096009461341735,-1.5157060100808377,0.27863650388375377
2025-09-08,3019.0,3064.89990234375,3016.0,3050.0,2626187.0,3097.739990234375,3155.0870947265626,3077.518726338352,3155.4127831921196,50.32392942846829,-1.5161924566090312,-1.5368963246694207,-1.5391443784660375,-1.5835862891464896,0.13110291719248837
2025-09-09,3046.5,3060.0,3030.800048828125,3032.10009765625,757616.0,3086.6699951171877,3147.011279296875,3071.8789579131967,3151.1416936551736,43.095672249879236,-1.5575167098123917,-1.5480648316989878,-1.5044427235272673,-1.5198762357859785,-1.4364192108653988
