Ticker,AXISBANK.NS,AXISBANK.NS,AXISBANK.NS,AXISBANK.NS,AXISBANK.NS,Date,sentiment_compound,sentiment_positive,sentiment_negative,sentiment_strength,positive_ratio,negative_ratio
,929.7868500899776,929.7868500899776,929.7868500899776,929.7868500899776,929.7868500899776,2023-01-02,0,0,0,0,0,0
,942.2538282071222,942.2538282071222,942.2538282071222,942.2538282071222,942.2538282071222,2023-01-03,0,0,0,0,0,0
,960.9542909190052,960.9542909190052,960.9542909190052,960.9542909190052,960.9542909190052,2023-01-04,0,0,0,0,0,0
,957.4635394400372,957.4635394400372,957.4635394400372,957.4635394400372,957.4635394400372,2023-01-05,0,0,0,0,0,0
,944.0490803274756,944.0490803274756,944.0490803274756,944.0490803274756,944.0490803274756,2023-01-06,0,0,0,0,0,0
,944.2984191882836,944.2984191882836,944.2984191882836,944.2984191882836,944.2984191882836,2023-01-09,0,0,0,0,0,0
,961.4529432194536,961.4529432194536,961.4529432194536,961.4529432194536,961.4529432194536,2023-01-10,0,0,0,0,0,0
,950.4820135387192,950.4820135387192,950.4820135387192,950.4820135387192,950.4820135387192,2023-01-11,0,0,0,0,0,0
,946.8416511641792,946.8416511641792,946.8416511641792,946.8416511641792,946.8416511641792,2023-01-12,0,0,0,0,0,0
,933.0282324261028,933.0282324261028,933.0282324261028,933.0282324261028,933.0282324261028,2023-01-13,0,0,0,0,0,0
,937.9651606102152,937.9651606102152,937.9651606102152,937.9651606102152,937.9651606102152,2023-01-16,0,0,0,0,0,0
,912.532534594739,912.532534594739,912.532534594739,912.532534594739,912.532534594739,2023-01-17,0,0,0,0,0,0
,919.4641667501236,919.4641667501236,919.4641667501236,919.4641667501236,919.4641667501236,2023-01-18,0,0,0,0,0,0
,921.159654434783,921.159654434783,921.159654434783,921.159654434783,921.159654434783,2023-01-19,0,0,0,0,0,0
,928.7894712435568,928.7894712435568,928.7894712435568,928.7894712435568,928.7894712435568,2023-01-20,0,0,0,0,0,0
,933.5269253901992,933.5269253901992,933.5269253901992,933.5269253901992,933.5269253901992,2023-01-23,0,0,0,0,0,0
,932.5295668790604,932.5295668790604,932.5295668790604,932.5295668790604,932.5295668790604,2023-01-24,0,0,0,0,0,0
,902.6088496225308,902.6088496225308,902.6088496225308,902.6088496225308,902.6088496225308,2023-01-25,0,0,0,0,0,0
,889.9922375871389,889.9922375871389,889.9922375871389,889.9922375871389,889.9922375871389,2023-01-27,0,0,0,0,0,0
,849.6492066457566,849.6492066457566,849.6492066457566,849.6492066457566,849.6492066457566,2023-01-30,0,0,0,0,0,0
,870.6933834135348,870.6933834135348,870.6933834135348,870.6933834135348,870.6933834135348,2023-01-31,0,0,0,0,0,0
,873.9846395179304,873.9846395179304,873.9846395179304,873.9846395179304,873.9846395179304,2023-02-01,0,0,0,0,0,0
,848.7016937743082,848.7016937743082,848.7016937743082,848.7016937743082,848.7016937743082,2023-02-02,0,0,0,0,0,0
,870.693394455164,870.693394455164,870.693394455164,870.693394455164,870.693394455164,2023-02-03,0,0,0,0,0,0
,869.5464186317218,869.5464186317218,869.5464186317218,869.5464186317218,869.5464186317218,2023-02-06,0,0,0,0,0,0
,884.506744665385,884.506744665385,884.506744665385,884.506744665385,884.506744665385,2023-02-07,0,0,0,0,0,0
,879.7693458320437,879.7693458320437,879.7693458320437,879.7693458320437,879.7693458320437,2023-02-08,0,0,0,0,0,0
,873.8350955880709,873.8350955880709,873.8350955880709,873.8350955880709,873.8350955880709,2023-02-09,0,0,0,0,0,0
,869.7459237952077,869.7459237952077,869.7459237952077,869.7459237952077,869.7459237952077,2023-02-10,0,0,0,0,0,0
,864.9585687010346,864.9585687010346,864.9585687010346,864.9585687010346,864.9585687010346,2023-02-13,0,0,0,0,0,0
,860.2709943420871,860.2709943420871,860.2709943420871,860.2709943420871,860.2709943420871,2023-02-14,0,0,0,0,0,0
,869.6960345142812,869.6960345142812,869.6960345142812,869.6960345142812,869.6960345142812,2023-02-15,0,0,0,0,0,0
,870.4938669607202,870.4938669607202,870.4938669607202,870.4938669607202,870.4938669607202,2023-02-16,0,0,0,0,0,0
,858.725155250901,858.725155250901,858.725155250901,858.725155250901,858.725155250901,2023-02-17,0,0,0,0,0,0
,857.4285526319146,857.4285526319146,857.4285526319146,857.4285526319146,857.4285526319146,2023-02-20,0,0,0,0,0,0
,846.7568188104417,846.7568188104417,846.7568188104417,846.7568188104417,846.7568188104417,2023-02-21,0,0,0,0,0,0
,837.7805863154392,837.7805863154392,837.7805863154392,837.7805863154392,837.7805863154392,2023-02-22,0,0,0,0,0,0
,830.8488877972475,830.8488877972475,830.8488877972475,830.8488877972475,830.8488877972475,2023-02-23,0,0,0,0,0,0
,847.8538987685147,847.8538987685147,847.8538987685147,847.8538987685147,847.8538987685147,2023-02-24,0,0,0,0,0,0
,849.5992567522266,849.5992567522266,849.5992567522266,849.5992567522266,849.5992567522266,2023-02-27,0,0,0,0,0,0
,853.6884782219203,853.6884782219203,853.6884782219203,853.6884782219203,853.6884782219203,2023-02-28,0,0,0,0,0,0
,843.814565001129,843.814565001129,843.814565001129,843.814565001129,843.814565001129,2023-03-01,0,0,0,0,0,0
,863.7118776816358,863.7118776816358,863.7118776816358,863.7118776816358,863.7118776816358,2023-03-02,0,0,0,0,0,0
,847.5047937811358,847.5047937811358,847.5047937811358,847.5047937811358,847.5047937811358,2023-03-03,0,0,0,0,0,0
,854.6858146198489,854.6858146198489,854.6858146198489,854.6858146198489,854.6858146198489,2023-03-06,0,0,0,0,0,0
,856.2316930866406,856.2316930866406,856.2316930866406,856.2316930866406,856.2316930866406,2023-03-08,0,0,0,0,0,0
,860.2210959531328,860.2210959531328,860.2210959531328,860.2210959531328,860.2210959531328,2023-03-09,0,0,0,0,0,0
,857.3288381927395,857.3288381927395,857.3288381927395,857.3288381927395,857.3288381927395,2023-03-10,0,0,0,0,0,0
,843.365747946297,843.365747946297,843.365747946297,843.365747946297,843.365747946297,2023-03-13,0,0,0,0,0,0
,825.8122531130239,825.8122531130239,825.8122531130239,825.8122531130239,825.8122531130239,2023-03-14,0,0,0,0,0,0
,835.835689825817,835.835689825817,835.835689825817,835.835689825817,835.835689825817,2023-03-15,0,0,0,0,0,0
,819.3294536392584,819.3294536392584,819.3294536392584,819.3294536392584,819.3294536392584,2023-03-16,0,0,0,0,0,0
,832.7938167758774,832.7938167758774,832.7938167758774,832.7938167758774,832.7938167758774,2023-03-17,0,0,0,0,0,0
,833.7911436751785,833.7911436751785,833.7911436751785,833.7911436751785,833.7911436751785,2023-03-20,0,0,0,0,0,0
,837.8803087329111,837.8803087329111,837.8803087329111,837.8803087329111,837.8803087329111,2023-03-21,0,0,0,0,0,0
,853.3393206214389,853.3393206214389,853.3393206214389,853.3393206214389,853.3393206214389,2023-03-22,0,0,0,0,0,0
,844.7620800965633,844.7620800965633,844.7620800965633,844.7620800965633,844.7620800965633,2023-03-23,0,0,0,0,0,0
,844.0141063949059,844.0141063949059,844.0141063949059,844.0141063949059,844.0141063949059,2023-03-24,0,0,0,0,0,0
,838.8277998735553,838.8277998735553,838.8277998735553,838.8277998735553,838.8277998735553,2023-03-27,0,0,0,0,0,0
,835.1874828184127,835.1874828184127,835.1874828184127,835.1874828184127,835.1874828184127,2023-03-28,0,0,0,0,0,0
,830.3004281081028,830.3004281081028,830.3004281081028,830.3004281081028,830.3004281081028,2023-03-29,0,0,0,0,0,0
,852.641164867343,852.641164867343,852.641164867343,852.641164867343,852.641164867343,2023-03-31,0,0,0,0,0,0
,861.7171614119438,861.7171614119438,861.7171614119438,861.7171614119438,861.7171614119438,2023-04-03,0,0,0,0,0,0
,868.6986362029479,868.6986362029479,868.6986362029479,868.6986362029479,868.6986362029479,2023-04-05,0,0,0,0,0,0
,859.5229861540353,859.5229861540353,859.5229861540353,859.5229861540353,859.5229861540353,2023-04-06,0,0,0,0,0,0
,852.5414115625723,852.5414115625723,852.5414115625723,852.5414115625723,852.5414115625723,2023-04-10,0,0,0,0,0,0
,846.0087653724299,846.0087653724299,846.0087653724299,846.0087653724299,846.0087653724299,2023-04-11,0,0,0,0,0,0
,852.6412558734322,852.6412558734322,852.6412558734322,852.6412558734322,852.6412558734322,2023-04-12,0,0,0,0,0,0
,851.3945429743361,851.3945429743361,851.3945429743361,851.3945429743361,851.3945429743361,2023-04-13,0,0,0,0,0,0
,879.6696543336656,879.6696543336656,879.6696543336656,879.6696543336656,879.6696543336656,2023-04-17,0,0,0,0,0,0
,863.0636244684166,863.0636244684166,863.0636244684166,863.0636244684166,863.0636244684166,2023-04-18,0,0,0,0,0,0
,862.7145161360205,862.7145161360205,862.7145161360205,862.7145161360205,862.7145161360205,2023-04-19,0,0,0,0,0,0
,872.488653826795,872.488653826795,872.488653826795,872.488653826795,872.488653826795,2023-04-20,0,0,0,0,0,0
,868.4991631302372,868.4991631302372,868.4991631302372,868.4991631302372,868.4991631302372,2023-04-21,0,0,0,0,0,0
,865.7066060820845,865.7066060820845,865.7066060820845,865.7066060820845,865.7066060820845,2023-04-24,0,0,0,0,0,0
,882.6616898361922,882.6616898361922,882.6616898361922,882.6616898361922,882.6616898361922,2023-04-25,0,0,0,0,0,0
,875.0817699116577,875.0817699116577,875.0817699116577,875.0817699116577,875.0817699116577,2023-04-26,0,0,0,0,0,0
,885.6537654480087,885.6537654480087,885.6537654480087,885.6537654480087,885.6537654480087,2023-04-27,0,0,0,0,0,0
,882.7613161953902,882.7613161953902,882.7613161953902,882.7613161953902,882.7613161953902,2023-04-28,0,0,0,0,0,0
,867.7013024431587,867.7013024431587,867.7013024431587,867.7013024431587,867.7013024431587,2023-05-02,0,0,0,0,0,0
,861.5674950903395,861.5674950903395,861.5674950903395,861.5674950903395,861.5674950903395,2023-05-03,0,0,0,0,0,0
,857.7276963008517,857.7276963008517,857.7276963008517,857.7276963008517,857.7276963008517,2023-05-04,0,0,0,0,0,0
,864.8588202859523,864.8588202859523,864.8588202859523,864.8588202859523,864.8588202859523,2023-05-05,0,0,0,0,0,0
,863.013687929964,863.013687929964,863.013687929964,863.013687929964,863.013687929964,2023-05-08,0,0,0,0,0,0
,879.8690735863491,879.8690735863491,879.8690735863491,879.8690735863491,879.8690735863491,2023-05-09,0,0,0,0,0,0
,889.6431942064683,889.6431942064683,889.6431942064683,889.6431942064683,889.6431942064683,2023-05-10,0,0,0,0,0,0
,888.6458302181073,888.6458302181073,888.6458302181073,888.6458302181073,888.6458302181073,2023-05-11,0,0,0,0,0,0
,892.8347664423467,892.8347664423467,892.8347664423467,892.8347664423467,892.8347664423467,2023-05-12,0,0,0,0,0,0
,908.2439536374152,908.2439536374152,908.2439536374152,908.2439536374152,908.2439536374152,2023-05-15,0,0,0,0,0,0
,913.779312757632,913.779312757632,913.779312757632,913.779312757632,913.779312757632,2023-05-16,0,0,0,0,0,0
,915.275357867754,915.275357867754,915.275357867754,915.275357867754,915.275357867754,2023-05-17,0,0,0,0,0,0
,917.5691873556405,917.5691873556405,917.5691873556405,917.5691873556405,917.5691873556405,2023-05-18,0,0,0,0,0,0
,918.4668189387248,918.4668189387248,918.4668189387248,918.4668189387248,918.4668189387248,2023-05-19,0,0,0,0,0,0
,920.5612837744666,920.5612837744666,920.5612837744666,920.5612837744666,920.5612837744666,2023-05-22,0,0,0,0,0,0
,915.1256956371484,915.1256956371484,915.1256956371484,915.1256956371484,915.1256956371484,2023-05-23,0,0,0,0,0,0
,908.7425871157698,908.7425871157698,908.7425871157698,908.7425871157698,908.7425871157698,2023-05-24,0,0,0,0,0,0
,914.2779119411406,914.2779119411406,914.2779119411406,914.2779119411406,914.2779119411406,2023-05-25,0,0,0,0,0,0
,915.5744897215402,915.5744897215402,915.5744897215402,915.5744897215402,915.5744897215402,2023-05-26,0,0,0,0,0,0
,928.5401643564268,928.5401643564268,928.5401643564268,928.5401643564268,928.5401643564268,2023-05-29,0,0,0,0,0,0
,928.3406903665872,928.3406903665872,928.3406903665872,928.3406903665872,928.3406903665872,2023-05-30,0,0,0,0,0,0
,934.8733518090172,934.8733518090172,934.8733518090172,934.8733518090172,934.8733518090172,2023-05-31,0,0,0,0,0,0
,919.5639303932444,919.5639303932444,919.5639303932444,919.5639303932444,919.5639303932444,2023-06-01,0,0,0,0,0,0
,920.212240304744,920.212240304744,920.212240304744,920.212240304744,920.212240304744,2023-06-02,0,0,0,0,0,0
,925.1490774704516,925.1490774704516,925.1490774704516,925.1490774704516,925.1490774704516,2023-06-05,0,0,0,0,0,0
,948.5869905944752,948.5869905944752,948.5869905944752,948.5869905944752,948.5869905944752,2023-06-06,0,0,0,0,0,0
,970.3793637455271,970.3793637455271,970.3793637455271,970.3793637455271,970.3793637455271,2023-06-07,0,0,0,0,0,0
,970.4790025315168,970.4790025315168,970.4790025315168,970.4790025315168,970.4790025315168,2023-06-08,0,0,0,0,0,0
,964.4450372391158,964.4450372391158,964.4450372391158,964.4450372391158,964.4450372391158,2023-06-09,0,0,0,0,0,0
,970.4291959930816,970.4291959930816,970.4291959930816,970.4291959930816,970.4291959930816,2023-06-12,0,0,0,0,0,0
,971.7257679465994,971.7257679465994,971.7257679465994,971.7257679465994,971.7257679465994,2023-06-13,0,0,0,0,0,0
,983.3948796018038,983.3948796018038,983.3948796018038,983.3948796018038,983.3948796018038,2023-06-14,0,0,0,0,0,0
,985.7385346742471,985.7385346742471,985.7385346742471,985.7385346742471,985.7385346742471,2023-06-15,0,0,0,0,0,0
,980.2033013399802,980.2033013399802,980.2033013399802,980.2033013399802,980.2033013399802,2023-06-16,0,0,0,0,0,0
,981.2504969948916,981.2504969948916,981.2504969948916,981.2504969948916,981.2504969948916,2023-06-19,0,0,0,0,0,0
,963.3978435029916,963.3978435029916,963.3978435029916,963.3978435029916,963.3978435029916,2023-06-20,0,0,0,0,0,0
,975.7151205634184,975.7151205634184,975.7151205634184,975.7151205634184,975.7151205634184,2023-06-21,0,0,0,0,0,0
,959.6577434905124,959.6577434905124,959.6577434905124,959.6577434905124,959.6577434905124,2023-06-22,0,0,0,0,0,0
,957.4635460788032,957.4635460788032,957.4635460788032,957.4635460788032,957.4635460788032,2023-06-23,0,0,0,0,0,0
,956.9648713775646,956.9648713775646,956.9648713775646,956.9648713775646,956.9648713775646,2023-06-26,0,0,0,0,0,0
,964.4450412674792,964.4450412674792,964.4450412674792,964.4450412674792,964.4450412674792,2023-06-27,0,0,0,0,0,0
,976.4132915500628,976.4132915500628,976.4132915500628,976.4132915500628,976.4132915500628,2023-06-28,0,0,0,0,0,0
,974.518252936658,974.518252936658,974.518252936658,974.518252936658,974.518252936658,2023-06-30,0,0,0,0,0,0
,987.3842168463996,987.3842168463996,987.3842168463996,987.3842168463996,987.3842168463996,2023-07-03,0,0,0,0,0,0
,979.5051583506634,979.5051583506634,979.5051583506634,979.5051583506634,979.5051583506634,2023-07-04,0,0,0,0,0,0
,966.4397446918044,966.4397446918044,966.4397446918044,966.4397446918044,966.4397446918044,2023-07-05,0,0,0,0,0,0
,958.4609136389416,958.4609136389416,958.4609136389416,958.4609136389416,958.4609136389416,2023-07-06,0,0,0,0,0,0
,974.6641831465856,974.6641831465856,974.6641831465856,974.6641831465856,974.6641831465856,2023-07-07,0,0,0,0,0,0
,975.1134848157154,975.1134848157154,975.1134848157154,975.1134848157154,975.1134848157154,2023-07-10,0,0,0,0,0,0
,966.3278064604592,966.3278064604592,966.3278064604592,966.3278064604592,966.3278064604592,2023-07-11,0,0,0,0,0,0
,955.1459155846112,955.1459155846112,955.1459155846112,955.1459155846112,955.1459155846112,2023-07-12,0,0,0,0,0,0
,954.7465495086188,954.7465495086188,954.7465495086188,954.7465495086188,954.7465495086188,2023-07-13,0,0,0,0,0,0
,962.8833651853292,962.8833651853292,962.8833651853292,962.8833651853292,962.8833651853292,2023-07-14,0,0,0,0,0,0
,958.4406173492556,958.4406173492556,958.4406173492556,958.4406173492556,958.4406173492556,2023-07-17,0,0,0,0,0,0
,962.434062841666,962.434062841666,962.434062841666,962.434062841666,962.434062841666,2023-07-18,0,0,0,0,0,0
,962.4340810493464,962.4340810493464,962.4340810493464,962.4340810493464,962.4340810493464,2023-07-19,0,0,0,0,0,0
,962.3342650400326,962.3342650400326,962.3342650400326,962.3342650400326,962.3342650400326,2023-07-20,0,0,0,0,0,0
,970.0216684491554,970.0216684491554,970.0216684491554,970.0216684491554,970.0216684491554,2023-07-21,0,0,0,0,0,0
,971.868719566255,971.868719566255,971.868719566255,971.868719566255,971.868719566255,2023-07-24,0,0,0,0,0,0
,976.061876288846,976.061876288846,976.061876288846,976.061876288846,976.061876288846,2023-07-25,0,0,0,0,0,0
,965.2794076024824,965.2794076024824,965.2794076024824,965.2794076024824,965.2794076024824,2023-07-26,0,0,0,0,0,0
,987.7428718400172,987.7428718400172,987.7428718400172,987.7428718400172,987.7428718400172,2023-07-27,0,0,0,0,0,0
,958.3407708775004,958.3407708775004,958.3407708775004,958.3407708775004,958.3407708775004,2023-07-28,0,0,0,0,0,0
,953.1492132082984,953.1492132082984,953.1492132082984,953.1492132082984,953.1492132082984,2023-07-31,0,0,0,0,0,0
,954.4470700773104,954.4470700773104,954.4470700773104,954.4470700773104,954.4470700773104,2023-08-01,0,0,0,0,0,0
,949.9543860919008,949.9543860919008,949.9543860919008,949.9543860919008,949.9543860919008,2023-08-02,0,0,0,0,0,0
,942.5663725667334,942.5663725667334,942.5663725667334,942.5663725667334,942.5663725667334,2023-08-03,0,0,0,0,0,0
,945.4617140197354,945.4617140197354,945.4617140197354,945.4617140197354,945.4617140197354,2023-08-04,0,0,0,0,0,0
,950.7031813527489,950.7031813527489,950.7031813527489,950.7031813527489,950.7031813527489,2023-08-07,0,0,0,0,0,0
,948.4568591177452,948.4568591177452,948.4568591177452,948.4568591177452,948.4568591177452,2023-08-08,0,0,0,0,0,0
,950.4535382401316,950.4535382401316,950.4535382401316,950.4535382401316,950.4535382401316,2023-08-09,0,0,0,0,0,0
,946.4601097989824,946.4601097989824,946.4601097989824,946.4601097989824,946.4601097989824,2023-08-10,0,0,0,0,0,0
,935.9771127935796,935.9771127935796,935.9771127935796,935.9771127935796,935.9771127935796,2023-08-11,0,0,0,0,0,0
,933.4811853346018,933.4811853346018,933.4811853346018,933.4811853346018,933.4811853346018,2023-08-14,0,0,0,0,0,0
,934.4296152490268,934.4296152490268,934.4296152490268,934.4296152490268,934.4296152490268,2023-08-16,0,0,0,0,0,0
,934.4296245222276,934.4296245222276,934.4296245222276,934.4296245222276,934.4296245222276,2023-08-17,0,0,0,0,0,0
,933.3314350729252,933.3314350729252,933.3314350729252,933.3314350729252,933.3314350729252,2023-08-18,0,0,0,0,0,0
,942.666232975574,942.666232975574,942.666232975574,942.666232975574,942.666232975574,2023-08-21,0,0,0,0,0,0
,952.3005472024148,952.3005472024148,952.3005472024148,952.3005472024148,952.3005472024148,2023-08-22,0,0,0,0,0,0
,960.4373227378256,960.4373227378256,960.4373227378256,960.4373227378256,960.4373227378256,2023-08-23,0,0,0,0,0,0
,983.2002673424388,983.2002673424388,983.2002673424388,983.2002673424388,983.2002673424388,2023-08-24,0,0,0,0,0,0
,972.4177974819816,972.4177974819816,972.4177974819816,972.4177974819816,972.4177974819816,2023-08-25,0,0,0,0,0,0
,978.5079223942116,978.5079223942116,978.5079223942116,978.5079223942116,978.5079223942116,2023-08-28,0,0,0,0,0,0
,988.5915631342556,988.5915631342556,988.5915631342556,988.5915631342556,988.5915631342556,2023-08-29,0,0,0,0,0,0
,981.4032174251884,981.4032174251884,981.4032174251884,981.4032174251884,981.4032174251884,2023-08-30,0,0,0,0,0,0
,980.2052069299484,980.2052069299484,980.2052069299484,980.2052069299484,980.2052069299484,2023-08-31,0,0,0,0,0,0
,972.6674663874048,972.6674663874048,972.6674663874048,972.6674663874048,972.6674663874048,2023-09-01,0,0,0,0,0,0
,992.135738179592,992.135738179592,992.135738179592,992.135738179592,992.135738179592,2023-09-04,0,0,0,0,0,0
,983.8492151605458,983.8492151605458,983.8492151605458,983.8492151605458,983.8492151605458,2023-09-05,0,0,0,0,0,0
,979.8557450584462,979.8557450584462,979.8557450584462,979.8557450584462,979.8557450584462,2023-09-06,0,0,0,0,0,0
,963.4823594503812,963.4823594503812,963.4823594503812,963.4823594503812,963.4823594503812,2023-09-07,0,0,0,0,0,0
,976.6110161977904,976.6110161977904,976.6110161977904,976.6110161977904,976.6110161977904,2023-09-08,0,0,0,0,0,0
,980.205140866197,980.205140866197,980.205140866197,980.205140866197,980.205140866197,2023-09-11,0,0,0,0,0,0
,1008.359363575727,1008.359363575727,1008.359363575727,1008.359363575727,1008.359363575727,2023-09-12,0,0,0,0,0,0
,1001.320865143348,1001.320865143348,1001.320865143348,1001.320865143348,1001.320865143348,2023-09-13,0,0,0,0,0,0
,1012.8021036052968,1012.8021036052968,1012.8021036052968,1012.8021036052968,1012.8021036052968,2023-09-14,0,0,0,0,0,0
,1019.3415327961676,1019.3415327961676,1019.3415327961676,1019.3415327961676,1019.3415327961676,2023-09-15,0,0,0,0,0,0
,1019.8906349456726,1019.8906349456726,1019.8906349456726,1019.8906349456726,1019.8906349456726,2023-09-18,0,0,0,0,0,0
,1010.6556520627736,1010.6556520627736,1010.6556520627736,1010.6556520627736,1010.6556520627736,2023-09-20,0,0,0,0,0,0
,1024.932412581354,1024.932412581354,1024.932412581354,1024.932412581354,1024.932412581354,2023-09-21,0,0,0,0,0,0
,1008.3593486258594,1008.3593486258594,1008.3593486258594,1008.3593486258594,1008.3593486258594,2023-09-22,0,0,0,0,0,0
,1013.5509522256356,1013.5509522256356,1013.5509522256356,1013.5509522256356,1013.5509522256356,2023-09-25,0,0,0,0,0,0
,1017.34472172748,1017.34472172748,1017.34472172748,1017.34472172748,1017.34472172748,2023-09-26,0,0,0,0,0,0
,1008.3095002372424,1008.3095002372424,1008.3095002372424,1008.3095002372424,1008.3095002372424,2023-09-27,0,0,0,0,0,0
,1025.331774526227,1025.331774526227,1025.331774526227,1025.331774526227,1025.331774526227,2023-09-28,0,0,0,0,0,0
,1029.2253641566097,1029.2253641566097,1029.2253641566097,1029.2253641566097,1029.2253641566097,2023-09-29,0,0,0,0,0,0
,1033.3187874181458,1033.3187874181458,1033.3187874181458,1033.3187874181458,1033.3187874181458,2023-10-03,0,0,0,0,0,0
,1033.6681363421294,1033.6681363421294,1033.6681363421294,1033.6681363421294,1033.6681363421294,2023-10-04,0,0,0,0,0,0
,998.3755796590768,998.3755796590768,998.3755796590768,998.3755796590768,998.3755796590768,2023-10-05,0,0,0,0,0,0
,1003.3674445023388,1003.3674445023388,1003.3674445023388,1003.3674445023388,1003.3674445023388,2023-10-06,0,0,0,0,0,0
,993.1839960811092,993.1839960811092,993.1839960811092,993.1839960811092,993.1839960811092,2023-10-09,0,0,0,0,0,0
,998.275738170682,998.275738170682,998.275738170682,998.275738170682,998.275738170682,2023-10-10,0,0,0,0,0,0
,1017.344766889538,1017.344766889538,1017.344766889538,1017.344766889538,1017.344766889538,2023-10-11,0,0,0,0,0,0
,1020.3398755325106,1020.3398755325106,1020.3398755325106,1020.3398755325106,1020.3398755325106,2023-10-12,0,0,0,0,0,0
,1007.3609689365712,1007.3609689365712,1007.3609689365712,1007.3609689365712,1007.3609689365712,2023-10-13,0,0,0,0,0,0
,988.3918390260908,988.3918390260908,988.3918390260908,988.3918390260908,988.3918390260908,2023-10-16,0,0,0,0,0,0
,1007.211163850319,1007.211163850319,1007.211163850319,1007.211163850319,1007.211163850319,2023-10-17,0,0,0,0,0,0
,1008.359348402586,1008.359348402586,1008.359348402586,1008.359348402586,1008.359348402586,2023-10-18,0,0,0,0,0,0
,978.108604901474,978.108604901474,978.108604901474,978.108604901474,978.108604901474,2023-10-19,0,0,0,0,0,0
,987.3934807466092,987.3934807466092,987.3934807466092,987.3934807466092,987.3934807466092,2023-10-20,0,0,0,0,0,0
,978.4080906933192,978.4080906933192,978.4080906933192,978.4080906933192,978.4080906933192,2023-10-23,0,0,0,0,0,0
,958.4405458687386,958.4405458687386,958.4405458687386,958.4405458687386,958.4405458687386,2023-10-25,0,0,0,0,0,0
,954.4470918023892,954.4470918023892,954.4470918023892,954.4470918023892,954.4470918023892,2023-10-26,0,0,0,0,0,0
,978.40804973822,978.40804973822,978.40804973822,978.40804973822,978.40804973822,2023-10-27,0,0,0,0,0,0
,1001.1211166212636,1001.1211166212636,1001.1211166212636,1001.1211166212636,1001.1211166212636,2023-10-30,0,0,0,0,0,0
,996.378856354625,996.378856354625,996.378856354625,996.378856354625,996.378856354625,2023-10-31,0,0,0,0,0,0
,976.2615345714077,976.2615345714077,976.2615345714077,976.2615345714077,976.2615345714077,2023-11-01,0,0,0,0,0,0
,976.4113002621044,976.4113002621044,976.4113002621044,976.4113002621044,976.4113002621044,2023-11-02,0,0,0,0,0,0
,984.3983672192596,984.3983672192596,984.3983672192596,984.3983672192596,984.3983672192596,2023-11-03,0,0,0,0,0,0
,993.3836824986804,993.3836824986804,993.3836824986804,993.3836824986804,993.3836824986804,2023-11-06,0,0,0,0,0,0
,1006.3625690269996,1006.3625690269996,1006.3625690269996,1006.3625690269996,1006.3625690269996,2023-11-07,0,0,0,0,0,0
,1022.336595889503,1022.336595889503,1022.336595889503,1022.336595889503,1022.336595889503,2023-11-08,0,0,0,0,0,0
,1023.0853973586272,1023.0853973586272,1023.0853973586272,1023.0853973586272,1023.0853973586272,2023-11-09,0,0,0,0,0,0
,1016.246626212862,1016.246626212862,1016.246626212862,1016.246626212862,1016.246626212862,2023-11-10,0,0,0,0,0,0
,1028.3768869198957,1028.3768869198957,1028.3768869198957,1028.3768869198957,1028.3768869198957,2023-11-13,0,0,0,0,0,0
,1043.302542722266,1043.302542722266,1043.302542722266,1043.302542722266,1043.302542722266,2023-11-15,0,0,0,0,0,0
,1041.1062144920777,1041.1062144920777,1041.1062144920777,1041.1062144920777,1041.1062144920777,2023-11-16,0,0,0,0,0,0
,1013.251408286068,1013.251408286068,1013.251408286068,1013.251408286068,1013.251408286068,2023-11-17,0,0,0,0,0,0
,979.4064896291164,979.4064896291164,979.4064896291164,979.4064896291164,979.4064896291164,2023-11-20,0,0,0,0,0,0
,988.3419333306164,988.3419333306164,988.3419333306164,988.3419333306164,988.3419333306164,2023-11-21,0,0,0,0,0,0
,989.3901954825056,989.3901954825056,989.3901954825056,989.3901954825056,989.3901954825056,2023-11-22,0,0,0,0,0,0
,997.3772174309884,997.3772174309884,997.3772174309884,997.3772174309884,997.3772174309884,2023-11-23,0,0,0,0,0,0
,1000.3723748528136,1000.3723748528136,1000.3723748528136,1000.3723748528136,1000.3723748528136,2023-11-24,0,0,0,0,0,0
,1011.4043930220316,1011.4043930220316,1011.4043930220316,1011.4043930220316,1011.4043930220316,2023-11-28,0,0,0,0,0,0
,1025.481463521349,1025.481463521349,1025.481463521349,1025.481463521349,1025.481463521349,2023-11-29,0,0,0,0,0,0
,1060.973597017865,1060.973597017865,1060.973597017865,1060.973597017865,1060.973597017865,2023-11-30,0,0,0,0,0,0
,1073.6531055819628,1073.6531055819628,1073.6531055819628,1073.6531055819628,1073.6531055819628,2023-12-01,0,0,0,0,0,0
,1118.67979349121,1118.67979349121,1118.67979349121,1118.67979349121,1118.67979349121,2023-12-04,0,0,0,0,0,0
,1134.953382736085,1134.953382736085,1134.953382736085,1134.953382736085,1134.953382736085,2023-12-05,0,0,0,0,0,0
,1133.2560683014217,1133.2560683014217,1133.2560683014217,1133.2560683014217,1133.2560683014217,2023-12-06,0,0,0,0,0,0
,1117.4319299515028,1117.4319299515028,1117.4319299515028,1117.4319299515028,1117.4319299515028,2023-12-07,0,0,0,0,0,0
,1114.037385715821,1114.037385715821,1114.037385715821,1114.037385715821,1114.037385715821,2023-12-08,0,0,0,0,0,0
,1127.166096859431,1127.166096859431,1127.166096859431,1127.166096859431,1127.166096859431,2023-12-11,0,0,0,0,0,0
,1118.1807098253755,1118.1807098253755,1118.1807098253755,1118.1807098253755,1118.1807098253755,2023-12-12,0,0,0,0,0,0
,1148.131864847023,1148.131864847023,1148.131864847023,1148.131864847023,1148.131864847023,2023-12-13,0,0,0,0,0,0
,1130.560544254832,1130.560544254832,1130.560544254832,1130.560544254832,1130.560544254832,2023-12-14,0,0,0,0,0,0
,1117.381873033578,1117.381873033578,1117.381873033578,1117.381873033578,1117.381873033578,2023-12-15,0,0,0,0,0,0
,1117.8810894625565,1117.8810894625565,1117.8810894625565,1117.8810894625565,1117.8810894625565,2023-12-18,0,0,0,0,0,0
,1121.974580081625,1121.974580081625,1121.974580081625,1121.974580081625,1121.974580081625,2023-12-19,0,0,0,0,0,0
,1120.1774467497469,1120.1774467497469,1120.1774467497469,1120.1774467497469,1120.1774467497469,2023-12-20,0,0,0,0,0,0
,1102.106920689418,1102.106920689418,1102.106920689418,1102.106920689418,1102.106920689418,2023-12-21,0,0,0,0,0,0
,1093.6206690285596,1093.6206690285596,1093.6206690285596,1093.6206690285596,1093.6206690285596,2023-12-22,0,0,0,0,0,0
,1089.4274397564448,1089.4274397564448,1089.4274397564448,1089.4274397564448,1089.4274397564448,2023-12-26,0,0,0,0,0,0
,1094.2696605556089,1094.2696605556089,1094.2696605556089,1094.2696605556089,1094.2696605556089,2023-12-27,0,0,0,0,0,0
,1105.4512920325003,1105.4512920325003,1105.4512920325003,1105.4512920325003,1105.4512920325003,2023-12-28,0,0,0,0,0,0
,1099.6606827129087,1099.6606827129087,1099.6606827129087,1099.6606827129087,1099.6606827129087,2023-12-29,0,0,0,0,0,0
,1093.221182919986,1093.221182919986,1093.221182919986,1093.221182919986,1093.221182919986,2024-01-01,0,0,0,0,0,0
,1093.3210915732434,1093.3210915732434,1093.3210915732434,1093.3210915732434,1093.3210915732434,2024-01-02,0,0,0,0,0,0
,1089.2277993642251,1089.2277993642251,1089.2277993642251,1089.2277993642251,1089.2277993642251,2024-01-03,0,0,0,0,0,0
,1101.2083083004443,1101.2083083004443,1101.2083083004443,1101.2083083004443,1101.2083083004443,2024-01-04,0,0,0,0,0,0
,1122.174233462395,1122.174233462395,1122.174233462395,1122.174233462395,1122.174233462395,2024-01-05,0,0,0,0,0,0
,1143.1400058358747,1143.1400058358747,1143.1400058358747,1143.1400058358747,1143.1400058358747,2024-01-08,0,0,0,0,0,0
,1126.7168353593506,1126.7168353593506,1126.7168353593506,1126.7168353593506,1126.7168353593506,2024-01-09,0,0,0,0,0,0
,1113.4383808745924,1113.4383808745924,1113.4383808745924,1113.4383808745924,1113.4383808745924,2024-01-10,0,0,0,0,0,0
,1109.2451929528,1109.2451929528,1109.2451929528,1109.2451929528,1109.2451929528,2024-01-11,0,0,0,0,0,0
,1124.520282630233,1124.520282630233,1124.520282630233,1124.520282630233,1124.520282630233,2024-01-12,0,0,0,0,0,0
,1120.1774576314062,1120.1774576314062,1120.1774576314062,1120.1774576314062,1120.1774576314062,2024-01-15,0,0,0,0,0,0
,1114.8361330321468,1114.8361330321468,1114.8361330321468,1114.8361330321468,1114.8361330321468,2024-01-16,0,0,0,0,0,0
,1080.2424307499423,1080.2424307499423,1080.2424307499423,1080.2424307499423,1080.2424307499423,2024-01-17,0,0,0,0,0,0
,1064.2684519148634,1064.2684519148634,1064.2684519148634,1064.2684519148634,1064.2684519148634,2024-01-18,0,0,0,0,0,0
,1105.3515730836875,1105.3515730836875,1105.3515730836875,1105.3515730836875,1105.3515730836875,2024-01-19,0,0,0,0,0,0
,1124.0712060531346,1124.0712060531346,1124.0712060531346,1124.0712060531346,1124.0712060531346,2024-01-23,0,0,0,0,0,0
,1033.1191433850806,1033.1191433850806,1033.1191433850806,1033.1191433850806,1033.1191433850806,2024-01-24,0,0,0,0,0,0
,1056.2812991912028,1056.2812991912028,1056.2812991912028,1056.2812991912028,1056.2812991912028,2024-01-25,0,0,0,0,0,0
,1034.317019563457,1034.317019563457,1034.317019563457,1034.317019563457,1034.317019563457,2024-01-29,0,0,0,0,0,0
,1058.3281032541713,1058.3281032541713,1058.3281032541713,1058.3281032541713,1058.3281032541713,2024-01-30,0,0,0,0,0,0
,1046.4972120059565,1046.4972120059565,1046.4972120059565,1046.4972120059565,1046.4972120059565,2024-01-31,0,0,0,0,0,0
,1070.907636675715,1070.907636675715,1070.907636675715,1070.907636675715,1070.907636675715,2024-02-01,0,0,0,0,0,0
,1086.2826608428827,1086.2826608428827,1086.2826608428827,1086.2826608428827,1086.2826608428827,2024-02-02,0,0,0,0,0,0
,1065.3167904650495,1065.3167904650495,1065.3167904650495,1065.3167904650495,1065.3167904650495,2024-02-05,0,0,0,0,0,0
,1059.8256798919954,1059.8256798919954,1059.8256798919954,1059.8256798919954,1059.8256798919954,2024-02-06,0,0,0,0,0,0
,1059.3265523083303,1059.3265523083303,1059.3265523083303,1059.3265523083303,1059.3265523083303,2024-02-07,0,0,0,0,0,0
,1070.2586191313246,1070.2586191313246,1070.2586191313246,1070.2586191313246,1070.2586191313246,2024-02-08,0,0,0,0,0,0
,1038.2606648365577,1038.2606648365577,1038.2606648365577,1038.2606648365577,1038.2606648365577,2024-02-09,0,0,0,0,0,0
,1049.692071971914,1049.692071971914,1049.692071971914,1049.692071971914,1049.692071971914,2024-02-12,0,0,0,0,0,0
,1049.2927030055232,1049.2927030055232,1049.2927030055232,1049.2927030055232,1049.2927030055232,2024-02-13,0,0,0,0,0,0
,1059.5760583399278,1059.5760583399278,1059.5760583399278,1059.5760583399278,1059.5760583399278,2024-02-14,0,0,0,0,0,0
,1095.7172029662108,1095.7172029662108,1095.7172029662108,1095.7172029662108,1095.7172029662108,2024-02-15,0,0,0,0,0,0
,1071.2570122898392,1071.2570122898392,1071.2570122898392,1071.2570122898392,1071.2570122898392,2024-02-16,0,0,0,0,0,0
,1067.2636103322973,1067.2636103322973,1067.2636103322973,1067.2636103322973,1067.2636103322973,2024-02-19,0,0,0,0,0,0
,1057.2797713474754,1057.2797713474754,1057.2797713474754,1057.2797713474754,1057.2797713474754,2024-02-20,0,0,0,0,0,0
,1092.073192275301,1092.073192275301,1092.073192275301,1092.073192275301,1092.073192275301,2024-02-21,0,0,0,0,0,0
,1088.5289376206945,1088.5289376206945,1088.5289376206945,1088.5289376206945,1088.5289376206945,2024-02-22,0,0,0,0,0,0
,1097.214810240105,1097.214810240105,1097.214810240105,1097.214810240105,1097.214810240105,2024-02-23,0,0,0,0,0,0
,1091.673732347796,1091.673732347796,1091.673732347796,1091.673732347796,1091.673732347796,2024-02-26,0,0,0,0,0,0
,1079.8929933996226,1079.8929933996226,1079.8929933996226,1079.8929933996226,1079.8929933996226,2024-02-27,0,0,0,0,0,0
,1075.6499533390715,1075.6499533390715,1075.6499533390715,1075.6499533390715,1075.6499533390715,2024-02-28,0,0,0,0,0,0
,1069.26032190184,1069.26032190184,1069.26032190184,1069.26032190184,1069.26032190184,2024-02-29,0,0,0,0,0,0
,1074.2522427400784,1074.2522427400784,1074.2522427400784,1074.2522427400784,1074.2522427400784,2024-03-01,0,0,0,0,0,0
,1097.4643317550683,1097.4643317550683,1097.4643317550683,1097.4643317550683,1097.4643317550683,2024-03-04,0,0,0,0,0,0
,1100.4095913012502,1100.4095913012502,1100.4095913012502,1100.4095913012502,1100.4095913012502,2024-03-05,0,0,0,0,0,0
,1098.4127231478956,1098.4127231478956,1098.4127231478956,1098.4127231478956,1098.4127231478956,2024-03-06,0,0,0,0,0,0
,1124.1709452324976,1124.1709452324976,1124.1709452324976,1124.1709452324976,1124.1709452324976,2024-03-07,0,0,0,0,0,0
,1110.4433420755754,1110.4433420755754,1110.4433420755754,1110.4433420755754,1110.4433420755754,2024-03-11,0,0,0,0,0,0
,1103.2050222642006,1103.2050222642006,1103.2050222642006,1103.2050222642006,1103.2050222642006,2024-03-12,0,0,0,0,0,0
,1094.219654472328,1094.219654472328,1094.219654472328,1094.219654472328,1094.219654472328,2024-03-13,0,0,0,0,0,0
,1073.2536735868105,1073.2536735868105,1073.2536735868105,1073.2536735868105,1073.2536735868105,2024-03-14,0,0,0,0,0,0
,1054.5341700624665,1054.5341700624665,1054.5341700624665,1054.5341700624665,1054.5341700624665,2024-03-15,0,0,0,0,0,0
,1042.3041833307857,1042.3041833307857,1042.3041833307857,1042.3041833307857,1042.3041833307857,2024-03-18,0,0,0,0,0,0
,1053.835423795538,1053.835423795538,1053.835423795538,1053.835423795538,1053.835423795538,2024-03-19,0,0,0,0,0,0
,1048.2944426775036,1048.2944426775036,1048.2944426775036,1048.2944426775036,1048.2944426775036,2024-03-20,0,0,0,0,0,0
,1037.661633028349,1037.661633028349,1037.661633028349,1037.661633028349,1037.661633028349,2024-03-21,0,0,0,0,0,0
,1038.4104631578375,1038.4104631578375,1038.4104631578375,1038.4104631578375,1038.4104631578375,2024-03-22,0,0,0,0,0,0
,1027.3284547052351,1027.3284547052351,1027.3284547052351,1027.3284547052351,1027.3284547052351,2024-03-26,0,0,0,0,0,0
,1044.1011741006478,1044.1011741006478,1044.1011741006478,1044.1011741006478,1044.1011741006478,2024-03-27,0,0,0,0,0,0
,1051.1397479991892,1051.1397479991892,1051.1397479991892,1051.1397479991892,1051.1397479991892,2024-03-28,0,0,0,0,0,0
,1050.640500553454,1050.640500553454,1050.640500553454,1050.640500553454,1050.640500553454,2024-04-01,0,0,0,0,0,0
,1049.2927774750888,1049.2927774750888,1049.2927774750888,1049.2927774750888,1049.2927774750888,2024-04-02,0,0,0,0,0,0
,1042.1044710178303,1042.1044710178303,1042.1044710178303,1042.1044710178303,1042.1044710178303,2024-04-03,0,0,0,0,0,0
,1068.2619860201664,1068.2619860201664,1068.2619860201664,1068.2619860201664,1068.2619860201664,2024-04-04,0,0,0,0,0,0
,1059.376267693954,1059.376267693954,1059.376267693954,1059.376267693954,1059.376267693954,2024-04-05,0,0,0,0,0,0
,1065.2667760030004,1065.2667760030004,1065.2667760030004,1065.2667760030004,1065.2667760030004,2024-04-08,0,0,0,0,0,0
,1088.229361074942,1088.229361074942,1088.229361074942,1088.229361074942,1088.229361074942,2024-04-09,0,0,0,0,0,0
,1084.4355825167183,1084.4355825167183,1084.4355825167183,1084.4355825167183,1084.4355825167183,2024-04-10,0,0,0,0,0,0
,1077.746397535418,1077.746397535418,1077.746397535418,1077.746397535418,1077.746397535418,2024-04-12,0,0,0,0,0,0
,1061.373104163407,1061.373104163407,1061.373104163407,1061.373104163407,1061.373104163407,2024-04-15,0,0,0,0,0,0
,1048.2443786991994,1048.2443786991994,1048.2443786991994,1048.2443786991994,1048.2443786991994,2024-04-16,0,0,0,0,0,0
,1042.453901492634,1042.453901492634,1042.453901492634,1042.453901492634,1042.453901492634,2024-04-18,0,0,0,0,0,0
,1013.3511522068916,1013.3511522068916,1013.3511522068916,1013.3511522068916,1013.3511522068916,2024-04-19,0,0,0,0,0,0
,1037.3121282267066,1037.3121282267066,1037.3121282267066,1037.3121282267066,1037.3121282267066,2024-04-22,0,0,0,0,0,0
,1056.2813792679226,1056.2813792679226,1056.2813792679226,1056.2813792679226,1056.2813792679226,2024-04-23,0,0,0,0,0,0
,1054.2846042499411,1054.2846042499411,1054.2846042499411,1054.2846042499411,1054.2846042499411,2024-04-24,0,0,0,0,0,0
,1098.2131700761147,1098.2131700761147,1098.2131700761147,1098.2131700761147,1098.2131700761147,2024-04-25,0,0,0,0,0,0
,1128.1644278290491,1128.1644278290491,1128.1644278290491,1128.1644278290491,1128.1644278290491,2024-04-26,0,0,0,0,0,0
,1128.4640177624838,1128.4640177624838,1128.4640177624838,1128.4640177624838,1128.4640177624838,2024-04-29,0,0,0,0,0,0
,1158.2654439778755,1158.2654439778755,1158.2654439778755,1158.2654439778755,1158.2654439778755,2024-04-30,0,0,0,0,0,0
,1154.1222121474534,1154.1222121474534,1154.1222121474534,1154.1222121474534,1154.1222121474534,2024-05-02,0,0,0,0,0,0
,1149.0305070050233,1149.0305070050233,1149.0305070050233,1149.0305070050233,1149.0305070050233,2024-05-03,0,0,0,0,0,0
,1142.0418302187284,1142.0418302187284,1142.0418302187284,1142.0418302187284,1142.0418302187284,2024-05-06,0,0,0,0,0,0
,1144.1884546124293,1144.1884546124293,1144.1884546124293,1144.1884546124293,1144.1884546124293,2024-05-07,0,0,0,0,0,0
,1122.8231479726346,1122.8231479726346,1122.8231479726346,1122.8231479726346,1122.8231479726346,2024-05-08,0,0,0,0,0,0
,1120.177429274663,1120.177429274663,1120.177429274663,1120.177429274663,1120.177429274663,2024-05-09,0,0,0,0,0,0
,1121.8746454678296,1121.8746454678296,1121.8746454678296,1121.8746454678296,1121.8746454678296,2024-05-10,0,0,0,0,0,0
,1118.280560072801,1118.280560072801,1118.280560072801,1118.280560072801,1118.280560072801,2024-05-13,0,0,0,0,0,0
,1128.114566096159,1128.114566096159,1128.114566096159,1128.114566096159,1128.114566096159,2024-05-14,0,0,0,0,0,0
,1123.721712351589,1123.721712351589,1123.721712351589,1123.721712351589,1123.721712351589,2024-05-15,0,0,0,0,0,0
,1132.3076822370365,1132.3076822370365,1132.3076822370365,1132.3076822370365,1132.3076822370365,2024-05-16,0,0,0,0,0,0
,1130.16118415318,1130.16118415318,1130.16118415318,1130.16118415318,1130.16118415318,2024-05-17,0,0,0,0,0,0
,1134.1546578731836,1134.1546578731836,1134.1546578731836,1134.1546578731836,1134.1546578731836,2024-05-21,0,0,0,0,0,0
,1140.144907651532,1140.144907651532,1140.144907651532,1140.144907651532,1140.144907651532,2024-05-22,0,0,0,0,0,0
,1124.1709351031163,1124.1709351031163,1124.1709351031163,1124.1709351031163,1124.1709351031163,2024-05-23,0,0,0,0,0,0
,1163.6068245207025,1163.6068245207025,1163.6068245207025,1163.6068245207025,1163.6068245207025,2024-05-24,0,0,0,0,0,0
,1176.985081003924,1176.985081003924,1176.985081003924,1176.985081003924,1176.985081003924,2024-05-27,0,0,0,0,0,0
,1186.0701643307336,1186.0701643307336,1186.0701643307336,1186.0701643307336,1186.0701643307336,2024-05-28,0,0,0,0,0,0
,1170.0961898274145,1170.0961898274145,1170.0961898274145,1170.0961898274145,1170.0961898274145,2024-05-29,0,0,0,0,0,0
,1153.3234454629503,1153.3234454629503,1153.3234454629503,1153.3234454629503,1153.3234454629503,2024-05-30,0,0,0,0,0,0
,1171.094680931854,1171.094680931854,1171.094680931854,1171.094680931854,1171.094680931854,2024-05-31,0,0,0,0,0,0
,1195.1056253692,1195.1056253692,1195.1056253692,1195.1056253692,1195.1056253692,2024-06-03,0,0,0,0,0,0
,1222.0118188881215,1222.0118188881215,1222.0118188881215,1222.0118188881215,1222.0118188881215,2024-06-04,0,0,0,0,0,0
,1136.1513438967522,1136.1513438967522,1136.1513438967522,1136.1513438967522,1136.1513438967522,2024-06-05,0,0,0,0,0,0
,1190.163519723218,1190.163519723218,1190.163519723218,1190.163519723218,1190.163519723218,2024-06-06,0,0,0,0,0,0
,1176.0864384907798,1176.0864384907798,1176.0864384907798,1176.0864384907798,1176.0864384907798,2024-06-07,0,0,0,0,0,0
,1183.075146484375,1183.075146484375,1183.075146484375,1183.075146484375,1183.075146484375,2024-06-10,0,0,0,0,0,0
,1202.4935218314042,1202.4935218314042,1202.4935218314042,1202.4935218314042,1202.4935218314042,2024-06-11,0,0,0,0,0,0
,1190.1635879654757,1190.1635879654757,1190.1635879654757,1190.1635879654757,1190.1635879654757,2024-06-12,0,0,0,0,0,0
,1199.8478657463295,1199.8478657463295,1199.8478657463295,1199.8478657463295,1199.8478657463295,2024-06-13,0,0,0,0,0,0
,1179.0315346758443,1179.0315346758443,1179.0315346758443,1179.0315346758443,1179.0315346758443,2024-06-14,0,0,0,0,0,0
,1192.06055379712,1192.06055379712,1192.06055379712,1192.06055379712,1192.06055379712,2024-06-18,0,0,0,0,0,0
,1191.0619882120277,1191.0619882120277,1191.0619882120277,1191.0619882120277,1191.0619882120277,2024-06-19,0,0,0,0,0,0
,1228.1018171293836,1228.1018171293836,1228.1018171293836,1228.1018171293836,1228.1018171293836,2024-06-20,0,0,0,0,0,0
,1243.975979339442,1243.975979339442,1243.975979339442,1243.975979339442,1243.975979339442,2024-06-21,0,0,0,0,0,0
,1229.0002939189978,1229.0002939189978,1229.0002939189978,1229.0002939189978,1229.0002939189978,2024-06-24,0,0,0,0,0,0
,1232.4447453162752,1232.4447453162752,1232.4447453162752,1232.4447453162752,1232.4447453162752,2024-06-25,0,0,0,0,0,0
,1279.0189479197,1279.0189479197,1279.0189479197,1279.0189479197,1279.0189479197,2024-06-26,0,0,0,0,0,0
,1307.8720566322172,1307.8720566322172,1307.8720566322172,1307.8720566322172,1307.8720566322172,2024-06-27,0,0,0,0,0,0
,1281.0156818707335,1281.0156818707335,1281.0156818707335,1281.0156818707335,1281.0156818707335,2024-06-28,0,0,0,0,0,0
,1270.9321647383283,1270.9321647383283,1270.9321647383283,1270.9321647383283,1270.9321647383283,2024-07-01,0,0,0,0,0,0
,1262.9451463709113,1262.9451463709113,1262.9451463709113,1262.9451463709113,1262.9451463709113,2024-07-02,0,0,0,0,0,0
,1257.9532642364502,1257.9532642364502,1257.9532642364502,1257.9532642364502,1257.9532642364502,2024-07-03,0,0,0,0,0,0
,1285.90777835371,1285.90777835371,1285.90777835371,1285.90777835371,1285.90777835371,2024-07-04,0,0,0,0,0,0
,1269.9337492225077,1269.9337492225077,1269.9337492225077,1269.9337492225077,1269.9337492225077,2024-07-05,0,0,0,0,0,0
,1282.9125886119964,1282.9125886119964,1282.9125886119964,1282.9125886119964,1282.9125886119964,2024-07-08,0,0,0,0,0,0
,1281.9141677392236,1281.9141677392236,1281.9141677392236,1281.9141677392236,1281.9141677392236,2024-07-09,0,0,0,0,0,0
,1282.1139084717208,1282.1139084717208,1282.1139084717208,1282.1139084717208,1282.1139084717208,2024-07-10,0,0,0,0,0,0
,1298.9366185010135,1298.9366185010135,1298.9366185010135,1298.9366185010135,1298.9366185010135,2024-07-11,0,0,0,0,0,0
,1292.7951283943742,1292.7951283943742,1292.7951283943742,1292.7951283943742,1292.7951283943742,2024-07-12,0,0,0,0,0,0
,1315.575597352033,1315.575597352033,1315.575597352033,1315.575597352033,1315.575597352033,2024-07-15,0,0,0,0,0,0
,1306.3334797626717,1306.3334797626717,1306.3334797626717,1306.3334797626717,1306.3334797626717,2024-07-16,0,0,0,0,0,0
,1298.8899842960564,1298.8899842960564,1298.8899842960564,1298.8899842960564,1298.8899842960564,2024-07-18,0,0,0,0,0,0
,1304.5351521039754,1304.5351521039754,1304.5351521039754,1304.5351521039754,1304.5351521039754,2024-07-19,0,0,0,0,0,0
,1282.254157040865,1282.254157040865,1282.254157040865,1282.254157040865,1282.254157040865,2024-07-22,0,0,0,0,0,0
,1287.3997027504545,1287.3997027504545,1287.3997027504545,1287.3997027504545,1287.3997027504545,2024-07-23,0,0,0,0,0,0
,1261.821601509146,1261.821601509146,1261.821601509146,1261.821601509146,1261.821601509146,2024-07-24,0,0,0,0,0,0
,1198.9752696285975,1198.9752696285975,1198.9752696285975,1198.9752696285975,1198.9752696285975,2024-07-25,0,0,0,0,0,0
,1164.0051748855426,1164.0051748855426,1164.0051748855426,1164.0051748855426,1164.0051748855426,2024-07-26,0,0,0,0,0,0
,1181.3403267525805,1181.3403267525805,1181.3403267525805,1181.3403267525805,1181.3403267525805,2024-07-29,0,0,0,0,0,0
,1163.1059899797806,1163.1059899797806,1163.1059899797806,1163.1059899797806,1163.1059899797806,2024-07-30,0,0,0,0,0,0
,1156.0120428892758,1156.0120428892758,1156.0120428892758,1156.0120428892758,1156.0120428892758,2024-07-31,0,0,0,0,0,0
,1167.0026950641443,1167.0026950641443,1167.0026950641443,1167.0026950641443,1167.0026950641443,2024-08-01,0,0,0,0,0,0
,1163.0060993620923,1163.0060993620923,1163.0060993620923,1163.0060993620923,1163.0060993620923,2024-08-02,0,0,0,0,0,0
,1141.0248463432538,1141.0248463432538,1141.0248463432538,1141.0248463432538,1141.0248463432538,2024-08-05,0,0,0,0,0,0
,1139.026583274535,1139.026583274535,1139.026583274535,1139.026583274535,1139.026583274535,2024-08-06,0,0,0,0,0,0
,1137.8276379214865,1137.8276379214865,1137.8276379214865,1137.8276379214865,1137.8276379214865,2024-08-07,0,0,0,0,0,0
,1132.1324857784152,1132.1324857784152,1132.1324857784152,1132.1324857784152,1132.1324857784152,2024-08-08,0,0,0,0,0,0
,1151.0162710566617,1151.0162710566617,1151.0162710566617,1151.0162710566617,1151.0162710566617,2024-08-09,0,0,0,0,0,0
,1145.0214849192898,1145.0214849192898,1145.0214849192898,1145.0214849192898,1145.0214849192898,2024-08-12,0,0,0,0,0,0
,1160.3582468075288,1160.3582468075288,1160.3582468075288,1160.3582468075288,1160.3582468075288,2024-08-13,0,0,0,0,0,0
,1158.0103428946786,1158.0103428946786,1158.0103428946786,1158.0103428946786,1158.0103428946786,2024-08-14,0,0,0,0,0,0
,1165.4040707231295,1165.4040707231295,1165.4040707231295,1165.4040707231295,1165.4040707231295,2024-08-16,0,0,0,0,0,0
,1168.0018101230555,1168.0018101230555,1168.0018101230555,1168.0018101230555,1168.0018101230555,2024-08-19,0,0,0,0,0,0
,1157.0112241980148,1157.0112241980148,1157.0112241980148,1157.0112241980148,1157.0112241980148,2024-08-20,0,0,0,0,0,0
,1165.603828347,1165.603828347,1165.603828347,1165.603828347,1165.603828347,2024-08-21,0,0,0,0,0,0
,1178.6926021829222,1178.6926021829222,1178.6926021829222,1178.6926021829222,1178.6926021829222,2024-08-22,0,0,0,0,0,0
,1169.0009361917578,1169.0009361917578,1169.0009361917578,1169.0009361917578,1169.0009361917578,2024-08-23,0,0,0,0,0,0
,1170.6994882789022,1170.6994882789022,1170.6994882789022,1170.6994882789022,1170.6994882789022,2024-08-26,0,0,0,0,0,0
,1169.000939360119,1169.000939360119,1169.000939360119,1169.000939360119,1169.000939360119,2024-08-27,0,0,0,0,0,0
,1175.994955914158,1175.994955914158,1175.994955914158,1175.994955914158,1175.994955914158,2024-08-28,0,0,0,0,0,0
,1168.0018028062875,1168.0018028062875,1168.0018028062875,1168.0018028062875,1168.0018028062875,2024-08-29,0,0,0,0,0,0
,1175.9949656447764,1175.9949656447764,1175.9949656447764,1175.9949656447764,1175.9949656447764,2024-08-30,0,0,0,0,0,0
,1174.9957934621327,1174.9957934621327,1174.9957934621327,1174.9957934621327,1174.9957934621327,2024-09-02,0,0,0,0,0,0
,1186.985617809891,1186.985617809891,1186.985617809891,1186.985617809891,1186.985617809891,2024-09-03,0,0,0,0,0,0
,1181.6900665341032,1181.6900665341032,1181.6900665341032,1181.6900665341032,1181.6900665341032,2024-09-04,0,0,0,0,0,0
,1180.990705264549,1180.990705264549,1180.990705264549,1180.990705264549,1180.990705264549,2024-09-05,0,0,0,0,0,0
,1174.9957675970877,1174.9957675970877,1174.9957675970877,1174.9957675970877,1174.9957675970877,2024-09-06,0,0,0,0,0,0
,1157.0112163733215,1157.0112163733215,1157.0112163733215,1157.0112163733215,1157.0112163733215,2024-09-09,0,0,0,0,0,0
,1177.8933180831702,1177.8933180831702,1177.8933180831702,1177.8933180831702,1177.8933180831702,2024-09-10,0,0,0,0,0,0
,1186.1861945137762,1186.1861945137762,1186.1861945137762,1186.1861945137762,1186.1861945137762,2024-09-11,0,0,0,0,0,0
,1189.083702391641,1189.083702391641,1189.083702391641,1189.083702391641,1189.083702391641,2024-09-12,0,0,0,0,0,0
,1208.8669203308898,1208.8669203308898,1208.8669203308898,1208.8669203308898,1208.8669203308898,2024-09-13,0,0,0,0,0,0
,1220.9565800362964,1220.9565800362964,1220.9565800362964,1220.9565800362964,1220.9565800362964,2024-09-16,0,0,0,0,0,0
,1234.1451799941071,1234.1451799941071,1234.1451799941071,1234.1451799941071,1234.1451799941071,2024-09-17,0,0,0,0,0,0
,1230.8481209839067,1230.8481209839067,1230.8481209839067,1230.8481209839067,1230.8481209839067,2024-09-18,0,0,0,0,0,0
,1247.3838839474913,1247.3838839474913,1247.3838839474913,1247.3838839474913,1247.3838839474913,2024-09-19,0,0,0,0,0,0
,1242.9377435523345,1242.9377435523345,1242.9377435523345,1242.9377435523345,1242.9377435523345,2024-09-20,0,0,0,0,0,0
,1250.4312892398568,1250.4312892398568,1250.4312892398568,1250.4312892398568,1250.4312892398568,2024-09-23,0,0,0,0,0,0
,1240.0401803989173,1240.0401803989173,1240.0401803989173,1240.0401803989173,1240.0401803989173,2024-09-24,0,0,0,0,0,0
,1236.942817936568,1236.942817936568,1236.942817936568,1236.942817936568,1236.942817936568,2024-09-25,0,0,0,0,0,0
,1266.4677489486294,1266.4677489486294,1266.4677489486294,1266.4677489486294,1266.4677489486294,2024-09-26,0,0,0,0,0,0
,1271.9129699045366,1271.9129699045366,1271.9129699045366,1271.9129699045366,1271.9129699045366,2024-09-27,0,0,0,0,0,0
,1262.421150173437,1262.421150173437,1262.421150173437,1262.421150173437,1262.421150173437,2024-09-30,0,0,0,0,0,0
,1227.0512520632726,1227.0512520632726,1227.0512520632726,1227.0512520632726,1227.0512520632726,2024-10-01,0,0,0,0,0,0
,1206.4689403357831,1206.4689403357831,1206.4689403357831,1206.4689403357831,1206.4689403357831,2024-10-03,0,0,0,0,0,0
,1174.4962507198202,1174.4962507198202,1174.4962507198202,1174.4962507198202,1174.4962507198202,2024-10-04,0,0,0,0,0,0
,1181.9398732684149,1181.9398732684149,1181.9398732684149,1181.9398732684149,1181.9398732684149,2024-10-07,0,0,0,0,0,0
,1152.0155149847044,1152.0155149847044,1152.0155149847044,1152.0155149847044,1152.0155149847044,2024-10-08,0,0,0,0,0,0
,1153.0146443687056,1153.0146443687056,1153.0146443687056,1153.0146443687056,1153.0146443687056,2024-10-09,0,0,0,0,0,0
,1175.9949603025386,1175.9949603025386,1175.9949603025386,1175.9949603025386,1175.9949603025386,2024-10-10,0,0,0,0,0,0
,1181.4903201137774,1181.4903201137774,1181.4903201137774,1181.4903201137774,1181.4903201137774,2024-10-11,0,0,0,0,0,0
,1170.5496378403072,1170.5496378403072,1170.5496378403072,1170.5496378403072,1170.5496378403072,2024-10-14,0,0,0,0,0,0
,1165.104286275286,1165.104286275286,1165.104286275286,1165.104286275286,1165.104286275286,2024-10-15,0,0,0,0,0,0
,1150.017137372719,1150.017137372719,1150.017137372719,1150.017137372719,1150.017137372719,2024-10-16,0,0,0,0,0,0
,1150.017218078076,1150.017218078076,1150.017218078076,1150.017218078076,1150.017218078076,2024-10-17,0,0,0,0,0,0
,1157.0112007686191,1157.0112007686191,1157.0112007686191,1157.0112007686191,1157.0112007686191,2024-10-18,0,0,0,0,0,0
,1195.8280254005576,1195.8280254005576,1195.8280254005576,1195.8280254005576,1195.8280254005576,2024-10-21,0,0,0,0,0,0
,1193.2301736580623,1193.2301736580623,1193.2301736580623,1193.2301736580623,1193.2301736580623,2024-10-22,0,0,0,0,0,0
,1174.0965788352514,1174.0965788352514,1174.0965788352514,1174.0965788352514,1174.0965788352514,2024-10-23,0,0,0,0,0,0
,1164.005180524674,1164.005180524674,1164.005180524674,1164.005180524674,1164.005180524674,2024-10-24,0,0,0,0,0,0
,1185.986381721321,1185.986381721321,1185.986381721321,1185.986381721321,1185.986381721321,2024-10-25,0,0,0,0,0,0
,1192.9805076128805,1192.9805076128805,1192.9805076128805,1192.9805076128805,1192.9805076128805,2024-10-28,0,0,0,0,0,0
,1175.3955196864351,1175.3955196864351,1175.3955196864351,1175.3955196864351,1175.3955196864351,2024-10-29,0,0,0,0,0,0
,1177.7434804139418,1177.7434804139418,1177.7434804139418,1177.7434804139418,1177.7434804139418,2024-10-30,0,0,0,0,0,0
,1164.504807173024,1164.504807173024,1164.504807173024,1164.504807173024,1164.504807173024,2024-10-31,0,0,0,0,0,0
,1163.0560879501725,1163.0560879501725,1163.0560879501725,1163.0560879501725,1163.0560879501725,2024-11-01,0,0,0,0,0,0
,1170.9992572381775,1170.9992572381775,1170.9992572381775,1170.9992572381775,1170.9992572381775,2024-11-04,0,0,0,0,0,0
,1137.9774273803207,1137.9774273803207,1137.9774273803207,1137.9774273803207,1137.9774273803207,2024-11-05,0,0,0,0,0,0
,1170.799429278286,1170.799429278286,1170.799429278286,1170.799429278286,1170.799429278286,2024-11-06,0,0,0,0,0,0
,1167.6020678828468,1167.6020678828468,1167.6020678828468,1167.6020678828468,1167.6020678828468,2024-11-07,0,0,0,0,0,0
,1155.0128937463028,1155.0128937463028,1155.0128937463028,1155.0128937463028,1155.0128937463028,2024-11-08,0,0,0,0,0,0
,1151.0163455380018,1151.0163455380018,1151.0163455380018,1151.0163455380018,1151.0163455380018,2024-11-11,0,0,0,0,0,0
,1170.6496057768486,1170.6496057768486,1170.6496057768486,1170.6496057768486,1170.6496057768486,2024-11-12,0,0,0,0,0,0
,1150.916481654892,1150.916481654892,1150.916481654892,1150.916481654892,1150.916481654892,2024-11-13,0,0,0,0,0,0
,1136.5787393829623,1136.5787393829623,1136.5787393829623,1136.5787393829623,1136.5787393829623,2024-11-14,0,0,0,0,0,0
,1130.234011715443,1130.234011715443,1130.234011715443,1130.234011715443,1130.234011715443,2024-11-18,0,0,0,0,0,0
,1129.0351110813515,1129.0351110813515,1129.0351110813515,1129.0351110813515,1129.0351110813515,2024-11-19,0,0,0,0,0,0
,1137.0283256912808,1137.0283256912808,1137.0283256912808,1137.0283256912808,1137.0283256912808,2024-11-21,0,0,0,0,0,0
,1135.6794703132584,1135.6794703132584,1135.6794703132584,1135.6794703132584,1135.6794703132584,2024-11-22,0,0,0,0,0,0
,1159.0094383509029,1159.0094383509029,1159.0094383509029,1159.0094383509029,1159.0094383509029,2024-11-25,0,0,0,0,0,0
,1156.1119336772122,1156.1119336772122,1156.1119336772122,1156.1119336772122,1156.1119336772122,2024-11-26,0,0,0,0,0,0
,1144.2220616490547,1144.2220616490547,1144.2220616490547,1144.2220616490547,1144.2220616490547,2024-11-27,0,0,0,0,0,0
,1147.5192965947504,1147.5192965947504,1147.5192965947504,1147.5192965947504,1147.5192965947504,2024-11-28,0,0,0,0,0,0
,1132.582060260801,1132.582060260801,1132.582060260801,1132.582060260801,1132.582060260801,2024-11-29,0,0,0,0,0,0
,1131.7327610004063,1131.7327610004063,1131.7327610004063,1131.7327610004063,1131.7327610004063,2024-12-02,0,0,0,0,0,0
,1143.422805606189,1143.422805606189,1143.422805606189,1143.422805606189,1143.422805606189,2024-12-03,0,0,0,0,0,0
,1156.5116747211634,1156.5116747211634,1156.5116747211634,1156.5116747211634,1156.5116747211634,2024-12-04,0,0,0,0,0,0
,1163.00607766556,1163.00607766556,1163.00607766556,1163.00607766556,1163.00607766556,2024-12-05,0,0,0,0,0,0
,1166.503084244846,1166.503084244846,1166.503084244846,1166.503084244846,1166.503084244846,2024-12-06,0,0,0,0,0,0
,1183.2387822026365,1183.2387822026365,1183.2387822026365,1183.2387822026365,1183.2387822026365,2024-12-09,0,0,0,0,0,0
,1156.0120320175192,1156.0120320175192,1156.0120320175192,1156.0120320175192,1156.0120320175192,2024-12-10,0,0,0,0,0,0
,1149.018037571162,1149.018037571162,1149.018037571162,1149.018037571162,1149.018037571162,2024-12-11,0,0,0,0,0,0
,1144.022283571999,1144.022283571999,1144.022283571999,1144.022283571999,1144.022283571999,2024-12-12,0,0,0,0,0,0
,1140.0257583610694,1140.0257583610694,1140.0257583610694,1140.0257583610694,1140.0257583610694,2024-12-13,0,0,0,0,0,0
,1145.5209692270178,1145.5209692270178,1145.5209692270178,1145.5209692270178,1145.5209692270178,2024-12-16,0,0,0,0,0,0
,1144.2721002862004,1144.2721002862004,1144.2721002862004,1144.2721002862004,1144.2721002862004,2024-12-17,0,0,0,0,0,0
,1135.229787819368,1135.229787819368,1135.229787819368,1135.229787819368,1135.229787819368,2024-12-18,0,0,0,0,0,0
,1103.956540634929,1103.956540634929,1103.956540634929,1103.956540634929,1103.956540634929,2024-12-19,0,0,0,0,0,0
,1103.0072568859084,1103.0072568859084,1103.0072568859084,1103.0072568859084,1103.0072568859084,2024-12-20,0,0,0,0,0,0
,1074.181925218324,1074.181925218324,1074.181925218324,1074.181925218324,1074.181925218324,2024-12-23,0,0,0,0,0,0
,1076.3801503868544,1076.3801503868544,1076.3801503868544,1076.3801503868544,1076.3801503868544,2024-12-24,0,0,0,0,0,0
,1082.075186563399,1082.075186563399,1082.075186563399,1082.075186563399,1082.075186563399,2024-12-26,0,0,0,0,0,0
,1077.1793765790876,1077.1793765790876,1077.1793765790876,1077.1793765790876,1077.1793765790876,2024-12-27,0,0,0,0,0,0
,1073.1828578787208,1073.1828578787208,1073.1828578787208,1073.1828578787208,1073.1828578787208,2024-12-30,0,0,0,0,0,0
,1061.093125882966,1061.093125882966,1061.093125882966,1061.093125882966,1061.093125882966,2024-12-31,0,0,0,0,0,0
,1063.2413952878649,1063.2413952878649,1063.2413952878649,1063.2413952878649,1063.2413952878649,2025-01-01,0,0,0,0,0,0
,1071.0846105910884,1071.0846105910884,1071.0846105910884,1071.0846105910884,1071.0846105910884,2025-01-02,0,0,0,0,0,0
,1085.0726691338768,1085.0726691338768,1085.0726691338768,1085.0726691338768,1085.0726691338768,2025-01-03,0,0,0,0,0,0
,1086.8211254988164,1086.8211254988164,1086.8211254988164,1086.8211254988164,1086.8211254988164,2025-01-06,0,0,0,0,0,0
,1063.6410686595937,1063.6410686595937,1063.6410686595937,1063.6410686595937,1063.6410686595937,2025-01-07,0,0,0,0,0,0
,1062.8417164055377,1062.8417164055377,1062.8417164055377,1062.8417164055377,1062.8417164055377,2025-01-08,0,0,0,0,0,0
,1078.6781174845069,1078.6781174845069,1078.6781174845069,1078.6781174845069,1078.6781174845069,2025-01-09,0,0,0,0,0,0
,1055.3480496665616,1055.3480496665616,1055.3480496665616,1055.3480496665616,1055.3480496665616,2025-01-10,0,0,0,0,0,0
,1025.7233630583803,1025.7233630583803,1025.7233630583803,1025.7233630583803,1025.7233630583803,2025-01-13,0,0,0,0,0,0
,1052.050892013326,1052.050892013326,1052.050892013326,1052.050892013326,1052.050892013326,2025-01-14,0,0,0,0,0,0
,1042.1093350734811,1042.1093350734811,1042.1093350734811,1042.1093350734811,1042.1093350734811,2025-01-15,0,0,0,0,0,0
,1033.0171728612916,1033.0171728612916,1033.0171728612916,1033.0171728612916,1033.0171728612916,2025-01-16,0,0,0,0,0,0
,999.1461051896172,999.1461051896172,999.1461051896172,999.1461051896172,999.1461051896172,2025-01-17,0,0,0,0,0,0
,991.2028832561386,991.2028832561386,991.2028832561386,991.2028832561386,991.2028832561386,2025-01-20,0,0,0,0,0,0
,992.7515647509814,992.7515647509814,992.7515647509814,992.7515647509814,992.7515647509814,2025-01-21,0,0,0,0,0,0
,974.9168003898412,974.9168003898412,974.9168003898412,974.9168003898412,974.9168003898412,2025-01-22,0,0,0,0,0,0
,953.1854083200984,953.1854083200984,953.1854083200984,953.1854083200984,953.1854083200984,2025-01-23,0,0,0,0,0,0
,947.1904904330852,947.1904904330852,947.1904904330852,947.1904904330852,947.1904904330852,2025-01-24,0,0,0,0,0,0
,942.2946747087996,942.2946747087996,942.2946747087996,942.2946747087996,942.2946747087996,2025-01-27,0,0,0,0,0,0
,959.180235428942,959.180235428942,959.180235428942,959.180235428942,959.180235428942,2025-01-28,0,0,0,0,0,0
,987.1563504180044,987.1563504180044,987.1563504180044,987.1563504180044,987.1563504180044,2025-01-29,0,0,0,0,0,0
,983.809246785376,983.809246785376,983.809246785376,983.809246785376,983.809246785376,2025-01-30,0,0,0,0,0,0
,981.1614599961304,981.1614599961304,981.1614599961304,981.1614599961304,981.1614599961304,2025-01-31,0,0,0,0,0,0
,988.6550911139932,988.6550911139932,988.6550911139932,988.6550911139932,988.6550911139932,2025-02-01,0,0,0,0,0,0
,986.2570909647076,986.2570909647076,986.2570909647076,986.2570909647076,986.2570909647076,2025-02-03,0,0,0,0,0,0
,993.1512442533444,993.1512442533444,993.1512442533444,993.1512442533444,993.1512442533444,2025-02-04,0,0,0,0,0,0
,1019.7285079133438,1019.7285079133438,1019.7285079133438,1019.7285079133438,1019.7285079133438,2025-02-05,0,0,0,0,0,0
,1011.135846962794,1011.135846962794,1011.135846962794,1011.135846962794,1011.135846962794,2025-02-06,0,0,0,0,0,0
,1018.629477108508,1018.629477108508,1018.629477108508,1018.629477108508,1018.629477108508,2025-02-07,0,0,0,0,0,0
,1020.1281486117224,1020.1281486117224,1020.1281486117224,1020.1281486117224,1020.1281486117224,2025-02-10,0,0,0,0,0,0
,1008.1384042718064,1008.1384042718064,1008.1384042718064,1008.1384042718064,1008.1384042718064,2025-02-11,0,0,0,0,0,0
,999.1460897554412,999.1460897554412,999.1460897554412,999.1460897554412,999.1460897554412,2025-02-12,0,0,0,0,0,0
,1002.1435394057844,1002.1435394057844,1002.1435394057844,1002.1435394057844,1002.1435394057844,2025-02-13,0,0,0,0,0,0
,1009.6870990599268,1009.6870990599268,1009.6870990599268,1009.6870990599268,1009.6870990599268,2025-02-14,0,0,0,0,0,0
,991.6025387766662,991.6025387766662,991.6025387766662,991.6025387766662,991.6025387766662,2025-02-17,0,0,0,0,0,0
,992.1021599108304,992.1021599108304,992.1021599108304,992.1021599108304,992.1021599108304,2025-02-18,0,0,0,0,0,0
,990.8032596729912,990.8032596729912,990.8032596729912,990.8032596729912,990.8032596729912,2025-02-19,0,0,0,0,0,0
,1007.5389474515372,1007.5389474515372,1007.5389474515372,1007.5389474515372,1007.5389474515372,2025-02-20,0,0,0,0,0,0
,1011.1358844792248,1011.1358844792248,1011.1358844792248,1011.1358844792248,1011.1358844792248,2025-02-21,0,0,0,0,0,0
,1000.4949167860066,1000.4949167860066,1000.4949167860066,1000.4949167860066,1000.4949167860066,2025-02-24,0,0,0,0,0,0
,1003.1426606538377,1003.1426606538377,1003.1426606538377,1003.1426606538377,1003.1426606538377,2025-02-25,0,0,0,0,0,0
,1006.7895881710506,1006.7895881710506,1006.7895881710506,1006.7895881710506,1006.7895881710506,2025-02-27,0,0,0,0,0,0
,1013.9334407248851,1013.9334407248851,1013.9334407248851,1013.9334407248851,1013.9334407248851,2025-02-28,0,0,0,0,0,0
,1016.1815119995524,1016.1815119995524,1016.1815119995524,1016.1815119995524,1016.1815119995524,2025-03-03,0,0,0,0,0,0
,1000.2451655910476,1000.2451655910476,1000.2451655910476,1000.2451655910476,1000.2451655910476,2025-03-04,0,0,0,0,0,0
,1002.1435659127036,1002.1435659127036,1002.1435659127036,1002.1435659127036,1002.1435659127036,2025-03-05,0,0,0,0,0,0
,1021.7267392253694,1021.7267392253694,1021.7267392253694,1021.7267392253694,1021.7267392253694,2025-03-06,0,0,0,0,0,0
,1032.817337571361,1032.817337571361,1032.817337571361,1032.817337571361,1032.817337571361,2025-03-07,0,0,0,0,0,0
,1035.1153504084468,1035.1153504084468,1035.1153504084468,1035.1153504084468,1035.1153504084468,2025-03-10,0,0,0,0,0,0
,1029.520113656347,1029.520113656347,1029.520113656347,1029.520113656347,1029.520113656347,2025-03-11,0,0,0,0,0,0
,1024.3245322593168,1024.3245322593168,1024.3245322593168,1024.3245322593168,1024.3245322593168,2025-03-12,0,0,0,0,0,0
,1014.1332914267962,1014.1332914267962,1014.1332914267962,1014.1332914267962,1014.1332914267962,2025-03-13,0,0,0,0,0,0
,1010.2366012913976,1010.2366012913976,1010.2366012913976,1010.2366012913976,1010.2366012913976,2025-03-17,0,0,0,0,0,0
,1033.2669677734375,1033.2669677734375,1033.2669677734375,1033.2669677734375,1033.2669677734375,2025-03-18,0,0,0,0,0,0
,1046.9053623518132,1046.9053623518132,1046.9053623518132,1046.9053623518132,1046.9053623518132,2025-03-19,0,0,0,0,0,0
,1055.3481090881514,1055.3481090881514,1055.3481090881514,1055.3481090881514,1055.3481090881514,2025-03-20,0,0,0,0,0,0
,1053.4496491429936,1053.4496491429936,1053.4496491429936,1053.4496491429936,1053.4496491429936,2025-03-21,0,0,0,0,0,0
,1081.0760349569089,1081.0760349569089,1081.0760349569089,1081.0760349569089,1081.0760349569089,2025-03-24,0,0,0,0,0,0
,1109.002216272288,1109.002216272288,1109.002216272288,1109.002216272288,1109.002216272288,2025-03-25,0,0,0,0,0,0
,1114.047955120439,1114.047955120439,1114.047955120439,1114.047955120439,1114.047955120439,2025-03-26,0,0,0,0,0,0
,1091.067555947459,1091.067555947459,1091.067555947459,1091.067555947459,1091.067555947459,2025-03-27,0,0,0,0,0,0
,1097.462058532138,1097.462058532138,1097.462058532138,1097.462058532138,1097.462058532138,2025-03-28,0,0,0,0,0,0
,1092.2664595426536,1092.2664595426536,1092.2664595426536,1092.2664595426536,1092.2664595426536,2025-04-01,0,0,0,0,0,0
,1090.76773491548,1090.76773491548,1090.76773491548,1090.76773491548,1090.76773491548,2025-04-02,0,0,0,0,0,0
,1077.9787109284953,1077.9787109284953,1077.9787109284953,1077.9787109284953,1077.9787109284953,2025-04-03,0,0,0,0,0,0
,1080.5764837084853,1080.5764837084853,1080.5764837084853,1080.5764837084853,1080.5764837084853,2025-04-04,0,0,0,0,0,0
,1034.1161611572818,1034.1161611572818,1034.1161611572818,1034.1161611572818,1034.1161611572818,2025-04-07,0,0,0,0,0,0
,1060.093978570394,1060.093978570394,1060.093978570394,1060.093978570394,1060.093978570394,2025-04-08,0,0,0,0,0,0
,1072.1837048584816,1072.1837048584816,1072.1837048584816,1072.1837048584816,1072.1837048584816,2025-04-09,0,0,0,0,0,0
,1062.392153253822,1062.392153253822,1062.392153253822,1062.392153253822,1062.392153253822,2025-04-11,0,0,0,0,0,0
,1089.0692731441595,1089.0692731441595,1089.0692731441595,1089.0692731441595,1089.0692731441595,2025-04-15,0,0,0,0,0,0
,1121.7413327534418,1121.7413327534418,1121.7413327534418,1121.7413327534418,1121.7413327534418,2025-04-16,0,0,0,0,0,0
,1154.613187862119,1154.613187862119,1154.613187862119,1154.613187862119,1154.613187862119,2025-04-17,0,0,0,0,0,0
,1200.9736202361637,1200.9736202361637,1200.9736202361637,1200.9736202361637,1200.9736202361637,2025-04-21,0,0,0,0,0,0
,1229.3493484820565,1229.3493484820565,1229.3493484820565,1229.3493484820565,1229.3493484820565,2025-04-22,0,0,0,0,0,0
,1224.2538202977976,1224.2538202977976,1224.2538202977976,1224.2538202977976,1224.2538202977976,2025-04-23,0,0,0,0,0,0
,1198.0760451934375,1198.0760451934375,1198.0760451934375,1198.0760451934375,1198.0760451934375,2025-04-24,0,0,0,0,0,0
,1175.9950141977513,1175.9950141977513,1175.9950141977513,1175.9950141977513,1175.9950141977513,2025-04-25,0,0,0,0,0,0
,1165.304122995516,1165.304122995516,1165.304122995516,1165.304122995516,1165.304122995516,2025-04-28,0,0,0,0,0,0
,1192.9804852009415,1192.9804852009415,1192.9804852009415,1192.9804852009415,1192.9804852009415,2025-04-29,0,0,0,0,0,0
,1184.0880493990603,1184.0880493990603,1184.0880493990603,1184.0880493990603,1184.0880493990603,2025-04-30,0,0,0,0,0,0
,1181.09058764281,1181.09058764281,1181.09058764281,1181.09058764281,1181.09058764281,2025-05-02,0,0,0,0,0,0
,1188.9838228735969,1188.9838228735969,1188.9838228735969,1188.9838228735969,1188.9838228735969,2025-05-05,0,0,0,0,0,0
,1176.9941263517048,1176.9941263517048,1176.9941263517048,1176.9941263517048,1176.9941263517048,2025-05-06,0,0,0,0,0,0
,1158.0103867504365,1158.0103867504365,1158.0103867504365,1158.0103867504365,1158.0103867504365,2025-05-07,0,0,0,0,0,0
,1169.000902041538,1169.000902041538,1169.000902041538,1169.000902041538,1169.000902041538,2025-05-08,0,0,0,0,0,0
,1159.0094902220203,1159.0094902220203,1159.0094902220203,1159.0094902220203,1159.0094902220203,2025-05-09,0,0,0,0,0,0
,1183.9881482207568,1183.9881482207568,1183.9881482207568,1183.9881482207568,1183.9881482207568,2025-05-12,0,0,0,0,0,0
,1204.17088139939,1204.17088139939,1204.17088139939,1204.17088139939,1204.17088139939,2025-05-13,0,0,0,0,0,0
,1194.8788087975402,1194.8788087975402,1194.8788087975402,1194.8788087975402,1194.8788087975402,2025-05-14,0,0,0,0,0,0
,1195.9778616685178,1195.9778616685178,1195.9778616685178,1195.9778616685178,1195.9778616685178,2025-05-15,0,0,0,0,0,0
,1204.9701644737838,1204.9701644737838,1204.9701644737838,1204.9701644737838,1204.9701644737838,2025-05-16,0,0,0,0,0,0
,1206.9684600284695,1206.9684600284695,1206.9684600284695,1206.9684600284695,1206.9684600284695,2025-05-19,0,0,0,0,0,0
,1206.9684640476503,1206.9684640476503,1206.9684640476503,1206.9684640476503,1206.9684640476503,2025-05-20,0,0,0,0,0,0
,1196.0777462450546,1196.0777462450546,1196.0777462450546,1196.0777462450546,1196.0777462450546,2025-05-21,0,0,0,0,0,0
,1195.6780564317094,1195.6780564317094,1195.6780564317094,1195.6780564317094,1195.6780564317094,2025-05-22,0,0,0,0,0,0
,1187.485119395582,1187.485119395582,1187.485119395582,1187.485119395582,1187.485119395582,2025-05-23,0,0,0,0,0,0
,1215.1614996663016,1215.1614996663016,1215.1614996663016,1215.1614996663016,1215.1614996663016,2025-05-26,0,0,0,0,0,0
,1214.162341529213,1214.162341529213,1214.162341529213,1214.162341529213,1214.162341529213,2025-05-27,0,0,0,0,0,0
,1194.5790654630853,1194.5790654630853,1194.5790654630853,1194.5790654630853,1194.5790654630853,2025-05-28,0,0,0,0,0,0
,1198.9753285293475,1198.9753285293475,1198.9753285293475,1198.9753285293475,1198.9753285293475,2025-05-29,0,0,0,0,0,0
,1200.3741017035964,1200.3741017035964,1200.3741017035964,1200.3741017035964,1200.3741017035964,2025-05-30,0,0,0,0,0,0
,1188.7840792835675,1188.7840792835675,1188.7840792835675,1188.7840792835675,1188.7840792835675,2025-06-02,0,0,0,0,0,0
,1193.9795608940235,1193.9795608940235,1193.9795608940235,1193.9795608940235,1193.9795608940235,2025-06-03,0,0,0,0,0,0
,1180.7909490961636,1180.7909490961636,1180.7909490961636,1180.7909490961636,1180.7909490961636,2025-06-04,0,0,0,0,0,0
,1171.498848863261,1171.498848863261,1171.498848863261,1171.498848863261,1171.498848863261,2025-06-05,0,0,0,0,0,0
,1157.9104875951884,1157.9104875951884,1157.9104875951884,1157.9104875951884,1157.9104875951884,2025-06-06,0,0,0,0,0,0
,1211.4646926212756,1211.4646926212756,1211.4646926212756,1211.4646926212756,1211.4646926212756,2025-06-09,0,0,0,0,0,0
,1223.3544631361597,1223.3544631361597,1223.3544631361597,1223.3544631361597,1223.3544631361597,2025-06-10,0,0,0,0,0,0
,1231.547437255107,1231.547437255107,1231.547437255107,1231.547437255107,1231.547437255107,2025-06-11,0,0,0,0,0,0
,1229.948900657674,1229.948900657674,1229.948900657674,1229.948900657674,1229.948900657674,2025-06-12,0,0,0,0,0,0
,1196.9769975725644,1196.9769975725644,1196.9769975725644,1196.9769975725644,1196.9769975725644,2025-06-13,0,0,0,0,0,0
,1205.070075190406,1205.070075190406,1205.070075190406,1205.070075190406,1205.070075190406,2025-06-16,0,0,0,0,0,0
,1214.3621705402445,1214.3621705402445,1214.3621705402445,1214.3621705402445,1214.3621705402445,2025-06-17,0,0,0,0,0,0
,1208.7670098415024,1208.7670098415024,1208.7670098415024,1208.7670098415024,1208.7670098415024,2025-06-18,0,0,0,0,0,0
,1216.9599001780673,1216.9599001780673,1216.9599001780673,1216.9599001780673,1216.9599001780673,2025-06-19,0,0,0,0,0,0
,1216.4603740469724,1216.4603740469724,1216.4603740469724,1216.4603740469724,1216.4603740469724,2025-06-20,0,0,0,0,0,0
,1211.564513300532,1211.564513300532,1211.564513300532,1211.564513300532,1211.564513300532,2025-06-23,0,0,0,0,0,0
,1221.85584819293,1221.85584819293,1221.85584819293,1221.85584819293,1221.85584819293,2025-06-24,0,0,0,0,0,0
,1225.2529376663326,1225.2529376663326,1225.2529376663326,1225.2529376663326,1225.2529376663326,2025-06-25,0,0,0,0,0,0
,1214.162353992752,1214.162353992752,1214.162353992752,1214.162353992752,1214.162353992752,2025-06-26,0,0,0,0,0,0
,1235.8438054880892,1235.8438054880892,1235.8438054880892,1235.8438054880892,1235.8438054880892,2025-06-27,0,0,0,0,0,0
,1227.850614406535,1227.850614406535,1227.850614406535,1227.850614406535,1227.850614406535,2025-06-30,0,0,0,0,0,0
,1200.973663276553,1200.973663276553,1200.973663276553,1200.973663276553,1200.973663276553,2025-07-01,0,0,0,0,0,0
,1178.9924468672707,1178.9924468672707,1178.9924468672707,1178.9924468672707,1178.9924468672707,2025-07-02,0,0,0,0,0,0
,1176.9941080825224,1176.9941080825224,1176.9941080825224,1176.9941080825224,1176.9941080825224,2025-07-03,0,0,0,0,0,0
,1174.0,1174.0,1174.0,1174.0,1174.0,2025-07-04,0,0,0,0,0,0
,1177.5999755859375,1177.5999755859375,1177.5999755859375,1177.5999755859375,1177.5999755859375,2025-07-07,0,0,0,0,0,0
,1180.0,1180.0,1180.0,1180.0,1180.0,2025-07-08,0,0,0,0,0,0
,1160.0,1160.0,1160.0,1160.0,1160.0,2025-07-09,0,0,0,0,0,0
,1170.0999755859375,1170.0999755859375,1170.0999755859375,1170.0999755859375,1170.0999755859375,2025-07-10,0,0,0,0,0,0
,1162.0,1162.0,1162.0,1162.0,1162.0,2025-07-11,0,0,0,0,0,0
,1179.0,1179.0,1179.0,1179.0,1179.0,2025-07-14,0,0,0,0,0,0
,1174.0,1174.0,1174.0,1174.0,1174.0,2025-07-15,0,0,0,0,0,0
,1164.9000244140625,1164.9000244140625,1164.9000244140625,1164.9000244140625,1164.9000244140625,2025-07-16,0,0,0,0,0,0
,1170.0,1170.0,1170.0,1170.0,1170.0,2025-07-17,0,0,0,0,0,0
,1090.0,1090.0,1090.0,1090.0,1090.0,2025-07-18,0,0,0,0,0,0
,1086.0,1086.0,1086.0,1086.0,1086.0,2025-07-21,0,0,0,0,0,0
,1102.0,1102.0,1102.0,1102.0,1102.0,2025-07-22,0,0,0,0,0,0
,1099.5,1099.5,1099.5,1099.5,1099.5,2025-07-23,0,0,0,0,0,0
,1104.0,1104.0,1104.0,1104.0,1104.0,2025-07-24,0,0,0,0,0,0
,1086.0999755859375,1086.0999755859375,1086.0999755859375,1086.0999755859375,1086.0999755859375,2025-07-25,0,0,0,0,0,0
,1080.9000244140625,1080.9000244140625,1080.9000244140625,1080.9000244140625,1080.9000244140625,2025-07-28,0,0,0,0,0,0
,1070.9000244140625,1070.9000244140625,1070.9000244140625,1070.9000244140625,1070.9000244140625,2025-07-29,0,0,0,0,0,0
,1070.5,1070.5,1070.5,1070.5,1070.5,2025-07-30,0,0,0,0,0,0
,1066.0,1066.0,1066.0,1066.0,1066.0,2025-07-31,0,0,0,0,0,0
,1065.0,1065.0,1065.0,1065.0,1065.0,2025-08-01,0,0,0,0,0,0
,1064.4000244140625,1064.4000244140625,1064.4000244140625,1064.4000244140625,1064.4000244140625,2025-08-04,0,0,0,0,0,0
,1068.0,1068.0,1068.0,1068.0,1068.0,2025-08-05,0,0,0,0,0,0
,1074.0,1074.0,1074.0,1074.0,1074.0,2025-08-06,0,0,0,0,0,0
,1067.800048828125,1067.800048828125,1067.800048828125,1067.800048828125,1067.800048828125,2025-08-07,0,0,0,0,0,0
,1073.0,1073.0,1073.0,1073.0,1073.0,2025-08-08,0,0,0,0,0,0
,1058.0999755859375,1058.0999755859375,1058.0999755859375,1058.0999755859375,1058.0999755859375,2025-08-11,0,0,0,0,0,0
,1071.0999755859375,1071.0999755859375,1071.0999755859375,1071.0999755859375,1071.0999755859375,2025-08-12,0,0,0,0,0,0
,1071.0999755859375,1071.0999755859375,1071.0999755859375,1071.0999755859375,1071.0999755859375,2025-08-13,0,0,0,0,0,0
,1067.0,1067.0,1067.0,1067.0,1067.0,2025-08-14,0,0,0,0,0,0
,1080.0,1080.0,1080.0,1080.0,1080.0,2025-08-18,0,0,0,0,0,0
,1078.0,1078.0,1078.0,1078.0,1078.0,2025-08-19,0,0,0,0,0,0
,1081.0,1081.0,1081.0,1081.0,1081.0,2025-08-20,0,0,0,0,0,0
,1090.0,1090.0,1090.0,1090.0,1090.0,2025-08-21,0,0,0,0,0,0
,1076.0,1076.0,1076.0,1076.0,1076.0,2025-08-22,0,0,0,0,0,0
,1073.0,1073.0,1073.0,1073.0,1073.0,2025-08-25,0,0,0,0,0,0
,1068.0,1068.0,1068.0,1068.0,1068.0,2025-08-26,0,0,0,0,0,0
,1050.0999755859375,1050.0999755859375,1050.0999755859375,1050.0999755859375,1050.0999755859375,2025-08-27,0,0,0,0,0,0
,1057.0,1057.0,1057.0,1057.0,1057.0,2025-08-28,0,0,0,0,0,0
,1052.0999755859375,1052.0999755859375,1052.0999755859375,1052.0999755859375,1052.0999755859375,2025-08-29,0,0,0,0,0,0
,1047.5999755859375,1047.5999755859375,1047.5999755859375,1047.5999755859375,1047.5999755859375,2025-09-01,0,0,0,0,0,0
,1061.5,1061.5,1061.5,1061.5,1061.5,2025-09-02,0,0,0,0,0,0
,1056.199951171875,1056.199951171875,1056.199951171875,1056.199951171875,1056.199951171875,2025-09-03,0,0,0,0,0,0
,1058.199951171875,1058.199951171875,1058.199951171875,1058.199951171875,1058.199951171875,2025-09-04,0,0,0,0,0,0
,1056.5999755859375,1056.5999755859375,1056.5999755859375,1056.5999755859375,1056.5999755859375,2025-09-05,0,0,0,0,0,0
,1055.9000244140625,1055.9000244140625,1055.9000244140625,1055.9000244140625,1055.9000244140625,2025-09-08,0,0,0,0,0,0
,1057.5,1057.5,1057.5,1057.5,1057.5,2025-09-09,0,0,0,0,0,0
,1058.0,1058.0,1058.0,1058.0,1058.0,2025-09-10,0,0,0,0,0,0
,1069.0,1069.0,1069.0,1069.0,1069.0,2025-09-11,0,0,0,0,0,0
,1088.4000244140625,1088.4000244140625,1088.4000244140625,1088.4000244140625,1088.4000244140625,2025-09-12,0,0,0,0,0,0
