Ticker,GOOGL,GOOGL,GOOGL,GOOGL,GOOGL,Date,sentiment_compound,sentiment_positive,sentiment_negative,sentiment_strength,positive_ratio,negative_ratio
,148.05706787109375,148.05706787109375,148.05706787109375,148.05706787109375,148.05706787109375,2024-09-09,0,0,0,0,0,0
,148.00729370117188,148.00729370117188,148.00729370117188,148.00729370117188,148.00729370117188,2024-09-10,0,0,0,0,0,0
,150.49630737304688,150.49630737304688,150.49630737304688,150.49630737304688,150.49630737304688,2024-09-11,0,0,0,0,0,0
,154.0108184814453,154.0108184814453,154.0108184814453,154.0108184814453,154.0108184814453,2024-09-12,0,0,0,0,0,0
,156.76866149902344,156.76866149902344,156.76866149902344,156.76866149902344,156.76866149902344,2024-09-13,0,0,0,0,0,0
,157.36599731445312,157.36599731445312,157.36599731445312,157.36599731445312,157.36599731445312,2024-09-16,0,0,0,0,0,0
,158.62049865722656,158.62049865722656,158.62049865722656,158.62049865722656,158.62049865722656,2024-09-17,0,0,0,0,0,0
,159.10833740234375,159.10833740234375,159.10833740234375,159.10833740234375,159.10833740234375,2024-09-18,0,0,0,0,0,0
,161.4281005859375,161.4281005859375,161.4281005859375,161.4281005859375,161.4281005859375,2024-09-19,0,0,0,0,0,0
,162.87173461914062,162.87173461914062,162.87173461914062,162.87173461914062,162.87173461914062,2024-09-20,0,0,0,0,0,0
,161.13937377929688,161.13937377929688,161.13937377929688,161.13937377929688,161.13937377929688,2024-09-23,0,0,0,0,0,0
,161.5774383544922,161.5774383544922,161.5774383544922,161.5774383544922,161.5774383544922,2024-09-24,0,0,0,0,0,0
,160.7809600830078,160.7809600830078,160.7809600830078,160.7809600830078,160.7809600830078,2024-09-25,0,0,0,0,0,0
,162.0155029296875,162.0155029296875,162.0155029296875,162.0155029296875,162.0155029296875,2024-09-26,0,0,0,0,0,0
,163.2301483154297,163.2301483154297,163.2301483154297,163.2301483154297,163.2301483154297,2024-09-27,0,0,0,0,0,0
,165.12181091308594,165.12181091308594,165.12181091308594,165.12181091308594,165.12181091308594,2024-09-30,0,0,0,0,0,0
,166.25680541992188,166.25680541992188,166.25680541992188,166.25680541992188,166.25680541992188,2024-10-01,0,0,0,0,0,0
,165.13177490234375,165.13177490234375,165.13177490234375,165.13177490234375,165.13177490234375,2024-10-02,0,0,0,0,0,0
,165.13177490234375,165.13177490234375,165.13177490234375,165.13177490234375,165.13177490234375,2024-10-03,0,0,0,0,0,0
,166.32650756835938,166.32650756835938,166.32650756835938,166.32650756835938,166.32650756835938,2024-10-04,0,0,0,0,0,0
,162.26441955566406,162.26441955566406,162.26441955566406,162.26441955566406,162.26441955566406,2024-10-07,0,0,0,0,0,0
,163.65826416015625,163.65826416015625,163.65826416015625,163.65826416015625,163.65826416015625,2024-10-08,0,0,0,0,0,0
,161.1493377685547,161.1493377685547,161.1493377685547,161.1493377685547,161.1493377685547,2024-10-09,0,0,0,0,0,0
,161.3683624267578,161.3683624267578,161.3683624267578,161.3683624267578,161.3683624267578,2024-10-10,0,0,0,0,0,0
,162.5232696533203,162.5232696533203,162.5232696533203,162.5232696533203,162.5232696533203,2024-10-11,0,0,0,0,0,0
,164.2357177734375,164.2357177734375,164.2357177734375,164.2357177734375,164.2357177734375,2024-10-14,0,0,0,0,0,0
,164.73353576660156,164.73353576660156,164.73353576660156,164.73353576660156,164.73353576660156,2024-10-15,0,0,0,0,0,0
,164.43484497070312,164.43484497070312,164.43484497070312,164.43484497070312,164.43484497070312,2024-10-16,0,0,0,0,0,0
,162.21461486816406,162.21461486816406,162.21461486816406,162.21461486816406,162.21461486816406,2024-10-17,0,0,0,0,0,0
,162.70248413085938,162.70248413085938,162.70248413085938,162.70248413085938,162.70248413085938,2024-10-18,0,0,0,0,0,0
,163.34963989257812,163.34963989257812,163.34963989257812,163.34963989257812,163.34963989257812,2024-10-21,0,0,0,0,0,0
,164.41493225097656,164.41493225097656,164.41493225097656,164.41493225097656,164.41493225097656,2024-10-22,0,0,0,0,0,0
,162.0653076171875,162.0653076171875,162.0653076171875,162.0653076171875,162.0653076171875,2024-10-23,0,0,0,0,0,0
,162.0055389404297,162.0055389404297,162.0055389404297,162.0055389404297,162.0055389404297,2024-10-24,0,0,0,0,0,0
,164.54437255859375,164.54437255859375,164.54437255859375,164.54437255859375,164.54437255859375,2024-10-25,0,0,0,0,0,0
,165.9879913330078,165.9879913330078,165.9879913330078,165.9879913330078,165.9879913330078,2024-10-28,0,0,0,0,0,0
,168.9349822998047,168.9349822998047,168.9349822998047,168.9349822998047,168.9349822998047,2024-10-29,0,0,0,0,0,0
,173.69400024414062,173.69400024414062,173.69400024414062,173.69400024414062,173.69400024414062,2024-10-30,0,0,0,0,0,0
,170.3587188720703,170.3587188720703,170.3587188720703,170.3587188720703,170.3587188720703,2024-10-31,0,0,0,0,0,0
,170.53790283203125,170.53790283203125,170.53790283203125,170.53790283203125,170.53790283203125,2024-11-01,0,0,0,0,0,0
,168.49691772460938,168.49691772460938,168.49691772460938,168.49691772460938,168.49691772460938,2024-11-04,0,0,0,0,0,0
,168.9947509765625,168.9947509765625,168.9947509765625,168.9947509765625,168.9947509765625,2024-11-05,0,0,0,0,0,0
,175.73500061035156,175.73500061035156,175.73500061035156,175.73500061035156,175.73500061035156,2024-11-06,0,0,0,0,0,0
,179.95639038085938,179.95639038085938,179.95639038085938,179.95639038085938,179.95639038085938,2024-11-07,0,0,0,0,0,0
,177.5669403076172,177.5669403076172,177.5669403076172,177.5669403076172,177.5669403076172,2024-11-08,0,0,0,0,0,0
,179.5581512451172,179.5581512451172,179.5581512451172,179.5581512451172,179.5581512451172,2024-11-11,0,0,0,0,0,0
,180.82257080078125,180.82257080078125,180.82257080078125,180.82257080078125,180.82257080078125,2024-11-12,0,0,0,0,0,0
,178.0946044921875,178.0946044921875,178.0946044921875,178.0946044921875,178.0946044921875,2024-11-13,0,0,0,0,0,0
,174.80909729003906,174.80909729003906,174.80909729003906,174.80909729003906,174.80909729003906,2024-11-14,0,0,0,0,0,0
,171.73265075683594,171.73265075683594,171.73265075683594,171.73265075683594,171.73265075683594,2024-11-15,0,0,0,0,0,0
,174.5303192138672,174.5303192138672,174.5303192138672,174.5303192138672,174.5303192138672,2024-11-18,0,0,0,0,0,0
,177.3379364013672,177.3379364013672,177.3379364013672,177.3379364013672,177.3379364013672,2024-11-19,0,0,0,0,0,0
,175.2073211669922,175.2073211669922,175.2073211669922,175.2073211669922,175.2073211669922,2024-11-20,0,0,0,0,0,0
,166.8939971923828,166.8939971923828,166.8939971923828,166.8939971923828,166.8939971923828,2024-11-21,0,0,0,0,0,0
,164.03659057617188,164.03659057617188,164.03659057617188,164.03659057617188,164.03659057617188,2024-11-22,0,0,0,0,0,0
,166.9138946533203,166.9138946533203,166.9138946533203,166.9138946533203,166.9138946533203,2024-11-25,0,0,0,0,0,0
,168.37744140625,168.37744140625,168.37744140625,168.37744140625,168.37744140625,2024-11-26,0,0,0,0,0,0
,168.48696899414062,168.48696899414062,168.48696899414062,168.48696899414062,168.48696899414062,2024-11-27,0,0,0,0,0,0
,168.20819091796875,168.20819091796875,168.20819091796875,168.20819091796875,168.20819091796875,2024-11-29,0,0,0,0,0,0
,170.73704528808594,170.73704528808594,170.73704528808594,170.73704528808594,170.73704528808594,2024-12-02,0,0,0,0,0,0
,170.5876922607422,170.5876922607422,170.5876922607422,170.5876922607422,170.5876922607422,2024-12-03,0,0,0,0,0,0
,173.60438537597656,173.60438537597656,173.60438537597656,173.60438537597656,173.60438537597656,2024-12-04,0,0,0,0,0,0
,171.8820037841797,171.8820037841797,171.8820037841797,171.8820037841797,171.8820037841797,2024-12-05,0,0,0,0,0,0
,173.9429168701172,173.9429168701172,173.9429168701172,173.9429168701172,173.9429168701172,2024-12-06,0,0,0,0,0,0
,174.80010986328125,174.80010986328125,174.80010986328125,174.80010986328125,174.80010986328125,2024-12-09,0,0,0,0,0,0
,184.5682678222656,184.5682678222656,184.5682678222656,184.5682678222656,184.5682678222656,2024-12-10,0,0,0,0,0,0
,194.76502990722656,194.76502990722656,194.76502990722656,194.76502990722656,194.76502990722656,2024-12-11,0,0,0,0,0,0
,191.33621215820312,191.33621215820312,191.33621215820312,191.33621215820312,191.33621215820312,2024-12-12,0,0,0,0,0,0
,189.20315551757807,189.20315551757807,189.20315551757807,189.20315551757807,189.20315551757807,2024-12-13,0,0,0,0,0,0
,196.0209350585937,196.0209350585937,196.0209350585937,196.0209350585937,196.0209350585937,2024-12-16,0,0,0,0,0,0
,194.7849578857422,194.7849578857422,194.7849578857422,194.7849578857422,194.7849578857422,2024-12-17,0,0,0,0,0,0
,187.7877655029297,187.7877655029297,187.7877655029297,187.7877655029297,187.7877655029297,2024-12-18,0,0,0,0,0,0
,187.8974151611328,187.8974151611328,187.8974151611328,187.8974151611328,187.8974151611328,2024-12-19,0,0,0,0,0,0
,190.7879943847656,190.7879943847656,190.7879943847656,190.7879943847656,190.7879943847656,2024-12-20,0,0,0,0,0,0
,193.9975433349609,193.9975433349609,193.9975433349609,193.9975433349609,193.9975433349609,2024-12-23,0,0,0,0,0,0
,195.47271728515625,195.47271728515625,195.47271728515625,195.47271728515625,195.47271728515625,2024-12-24,0,0,0,0,0,0
,194.96438598632807,194.96438598632807,194.96438598632807,194.96438598632807,194.96438598632807,2024-12-26,0,0,0,0,0,0
,192.1335906982422,192.1335906982422,192.1335906982422,192.1335906982422,192.1335906982422,2024-12-27,0,0,0,0,0,0
,190.6185607910156,190.6185607910156,190.6185607910156,190.6185607910156,190.6185607910156,2024-12-30,0,0,0,0,0,0
,188.6848602294922,188.6848602294922,188.6848602294922,188.6848602294922,188.6848602294922,2024-12-31,0,0,0,0,0,0
,188.81442260742188,188.81442260742188,188.81442260742188,188.81442260742188,188.81442260742188,2025-01-02,0,0,0,0,0,0
,191.166748046875,191.166748046875,191.166748046875,191.166748046875,191.166748046875,2025-01-03,0,0,0,0,0,0
,196.23025512695312,196.23025512695312,196.23025512695312,196.23025512695312,196.23025512695312,2025-01-06,0,0,0,0,0,0
,194.854736328125,194.854736328125,194.854736328125,194.854736328125,194.854736328125,2025-01-07,0,0,0,0,0,0
,193.3197479248047,193.3197479248047,193.3197479248047,193.3197479248047,193.3197479248047,2025-01-08,0,0,0,0,0,0
,191.4159240722656,191.4159240722656,191.4159240722656,191.4159240722656,191.4159240722656,2025-01-10,0,0,0,0,0,0
,190.3892974853516,190.3892974853516,190.3892974853516,190.3892974853516,190.3892974853516,2025-01-13,0,0,0,0,0,0
,189.04367065429688,189.04367065429688,189.04367065429688,189.04367065429688,189.04367065429688,2025-01-14,0,0,0,0,0,0
,194.9145355224609,194.9145355224609,194.9145355224609,194.9145355224609,194.9145355224609,2025-01-15,0,0,0,0,0,0
,192.2831115722656,192.2831115722656,192.2831115722656,192.2831115722656,192.2831115722656,2025-01-16,0,0,0,0,0,0
,195.3630828857422,195.3630828857422,195.3630828857422,195.3630828857422,195.3630828857422,2025-01-17,0,0,0,0,0,0
,197.4064178466797,197.4064178466797,197.4064178466797,197.4064178466797,197.4064178466797,2025-01-21,0,0,0,0,0,0
,197.72537231445312,197.72537231445312,197.72537231445312,197.72537231445312,197.72537231445312,2025-01-22,0,0,0,0,0,0
,197.336654663086,197.336654663086,197.336654663086,197.336654663086,197.336654663086,2025-01-23,0,0,0,0,0,0
,199.5594024658203,199.5594024658203,199.5594024658203,199.5594024658203,199.5594024658203,2025-01-24,0,0,0,0,0,0
,191.18670654296875,191.18670654296875,191.18670654296875,191.18670654296875,191.18670654296875,2025-01-27,0,0,0,0,0,0
,194.6653594970703,194.6653594970703,194.6653594970703,194.6653594970703,194.6653594970703,2025-01-28,0,0,0,0,0,0
,194.7749938964844,194.7749938964844,194.7749938964844,194.7749938964844,194.7749938964844,2025-01-29,0,0,0,0,0,0
,200.21725463867188,200.21725463867188,200.21725463867188,200.21725463867188,200.21725463867188,2025-01-30,0,0,0,0,0,0
,203.3570251464844,203.3570251464844,203.3570251464844,203.3570251464844,203.3570251464844,2025-01-31,0,0,0,0,0,0
,200.5760803222656,200.5760803222656,200.5760803222656,200.5760803222656,200.5760803222656,2025-02-03,0,0,0,0,0,0
,205.7093505859375,205.7093505859375,205.7093505859375,205.7093505859375,205.7093505859375,2025-02-04,0,0,0,0,0,0
,190.7082672119141,190.7082672119141,190.7082672119141,190.7082672119141,190.7082672119141,2025-02-05,0,0,0,0,0,0
,190.9773864746093,190.9773864746093,190.9773864746093,190.9773864746093,190.9773864746093,2025-02-06,0,0,0,0,0,0
,184.7377014160156,184.7377014160156,184.7377014160156,184.7377014160156,184.7377014160156,2025-02-07,0,0,0,0,0,0
,185.86404418945312,185.86404418945312,185.86404418945312,185.86404418945312,185.86404418945312,2025-02-10,0,0,0,0,0,0
,184.71778869628903,184.71778869628903,184.71778869628903,184.71778869628903,184.71778869628903,2025-02-11,0,0,0,0,0,0
,183.01333618164065,183.01333618164065,183.01333618164065,183.01333618164065,183.01333618164065,2025-02-12,0,0,0,0,0,0
,185.5351104736328,185.5351104736328,185.5351104736328,185.5351104736328,185.5351104736328,2025-02-13,0,0,0,0,0,0
,184.62808227539065,184.62808227539065,184.62808227539065,184.62808227539065,184.62808227539065,2025-02-14,0,0,0,0,0,0
,183.1728363037109,183.1728363037109,183.1728363037109,183.1728363037109,183.1728363037109,2025-02-18,0,0,0,0,0,0
,184.6679534912109,184.6679534912109,184.6679534912109,184.6679534912109,184.6679534912109,2025-02-19,0,0,0,0,0,0
,183.9602508544922,183.9602508544922,183.9602508544922,183.9602508544922,183.9602508544922,2025-02-20,0,0,0,0,0,0
,179.076171875,179.076171875,179.076171875,179.076171875,179.076171875,2025-02-21,0,0,0,0,0,0
,178.66751098632812,178.66751098632812,178.66751098632812,178.66751098632812,178.66751098632812,2025-02-24,0,0,0,0,0,0
,174.84994506835938,174.84994506835938,174.84994506835938,174.84994506835938,174.84994506835938,2025-02-25,0,0,0,0,0,0
,172.16868591308594,172.16868591308594,172.16868591308594,172.16868591308594,172.16868591308594,2025-02-26,0,0,0,0,0,0
,167.9524383544922,167.9524383544922,167.9524383544922,167.9524383544922,167.9524383544922,2025-02-27,0,0,0,0,0,0
,169.72665405273438,169.72665405273438,169.72665405273438,169.72665405273438,169.72665405273438,2025-02-28,0,0,0,0,0,0
,166.46726989746094,166.46726989746094,166.46726989746094,166.46726989746094,166.46726989746094,2025-03-03,0,0,0,0,0,0
,170.3645782470703,170.3645782470703,170.3645782470703,170.3645782470703,170.3645782470703,2025-03-04,0,0,0,0,0,0
,172.457763671875,172.457763671875,172.457763671875,172.457763671875,172.457763671875,2025-03-05,0,0,0,0,0,0
,171.78994750976562,171.78994750976562,171.78994750976562,171.78994750976562,171.78994750976562,2025-03-06,0,0,0,0,0,0
,173.29502868652344,173.29502868652344,173.29502868652344,173.29502868652344,173.29502868652344,2025-03-07,0,0,0,0,0,0
,165.52139282226562,165.52139282226562,165.52139282226562,165.52139282226562,165.52139282226562,2025-03-10,0,0,0,0,0,0
,163.6952362060547,163.6952362060547,163.6952362060547,163.6952362060547,163.6952362060547,2025-03-11,0,0,0,0,0,0
,166.7587890625,166.7587890625,166.7587890625,166.7587890625,166.7587890625,2025-03-12,0,0,0,0,0,0
,162.41793823242188,162.41793823242188,162.41793823242188,162.41793823242188,162.41793823242188,2025-03-13,0,0,0,0,0,0
,165.14219665527344,165.14219665527344,165.14219665527344,165.14219665527344,165.14219665527344,2025-03-14,0,0,0,0,0,0
,163.9447021484375,163.9447021484375,163.9447021484375,163.9447021484375,163.9447021484375,2025-03-17,0,0,0,0,0,0
,160.3323211669922,160.3323211669922,160.3323211669922,160.3323211669922,160.3323211669922,2025-03-18,0,0,0,0,0,0
,163.54556274414062,163.54556274414062,163.54556274414062,163.54556274414062,163.54556274414062,2025-03-19,0,0,0,0,0,0
,162.45785522460938,162.45785522460938,162.45785522460938,162.45785522460938,162.45785522460938,2025-03-20,0,0,0,0,0,0
,163.64535522460938,163.64535522460938,163.64535522460938,163.64535522460938,163.64535522460938,2025-03-21,0,0,0,0,0,0
,167.3275909423828,167.3275909423828,167.3275909423828,167.3275909423828,167.3275909423828,2025-03-24,0,0,0,0,0,0
,170.2015380859375,170.2015380859375,170.2015380859375,170.2015380859375,170.2015380859375,2025-03-25,0,0,0,0,0,0
,164.7130889892578,164.7130889892578,164.7130889892578,164.7130889892578,164.7130889892578,2025-03-26,0,0,0,0,0,0
,161.89903259277344,161.89903259277344,161.89903259277344,161.89903259277344,161.89903259277344,2025-03-27,0,0,0,0,0,0
,154.0056610107422,154.0056610107422,154.0056610107422,154.0056610107422,154.0056610107422,2025-03-28,0,0,0,0,0,0
,154.31500244140625,154.31500244140625,154.31500244140625,154.31500244140625,154.31500244140625,2025-03-31,0,0,0,0,0,0
,156.73989868164062,156.73989868164062,156.73989868164062,156.73989868164062,156.73989868164062,2025-04-01,0,0,0,0,0,0
,156.70994567871094,156.70994567871094,156.70994567871094,156.70994567871094,156.70994567871094,2025-04-02,0,0,0,0,0,0
,150.4032440185547,150.4032440185547,150.4032440185547,150.4032440185547,150.4032440185547,2025-04-03,0,0,0,0,0,0
,145.29400634765625,145.29400634765625,145.29400634765625,145.29400634765625,145.29400634765625,2025-04-04,0,0,0,0,0,0
,146.4415740966797,146.4415740966797,146.4415740966797,146.4415740966797,146.4415740966797,2025-04-07,0,0,0,0,0,0
,144.39588928222656,144.39588928222656,144.39588928222656,144.39588928222656,144.39588928222656,2025-04-08,0,0,0,0,0,0
,158.37644958496094,158.37644958496094,158.37644958496094,158.37644958496094,158.37644958496094,2025-04-09,0,0,0,0,0,0
,152.4988250732422,152.4988250732422,152.4988250732422,152.4988250732422,152.4988250732422,2025-04-10,0,0,0,0,0,0
,156.80975341796875,156.80975341796875,156.80975341796875,156.80975341796875,156.80975341796875,2025-04-11,0,0,0,0,0,0
,158.73570251464844,158.73570251464844,158.73570251464844,158.73570251464844,158.73570251464844,2025-04-14,0,0,0,0,0,0
,155.9814910888672,155.9814910888672,155.9814910888672,155.9814910888672,155.9814910888672,2025-04-15,0,0,0,0,0,0
,153.00775146484375,153.00775146484375,153.00775146484375,153.00775146484375,153.00775146484375,2025-04-16,0,0,0,0,0,0
,150.84231567382812,150.84231567382812,150.84231567382812,150.84231567382812,150.84231567382812,2025-04-17,0,0,0,0,0,0
,147.35964965820312,147.35964965820312,147.35964965820312,147.35964965820312,147.35964965820312,2025-04-21,0,0,0,0,0,0
,151.1516571044922,151.1516571044922,151.1516571044922,151.1516571044922,151.1516571044922,2025-04-22,0,0,0,0,0,0
,155.0235137939453,155.0235137939453,155.0235137939453,155.0235137939453,155.0235137939453,2025-04-23,0,0,0,0,0,0
,158.9452362060547,158.9452362060547,158.9452362060547,158.9452362060547,158.9452362060547,2025-04-24,0,0,0,0,0,0
,161.61962890625,161.61962890625,161.61962890625,161.61962890625,161.61962890625,2025-04-25,0,0,0,0,0,0
,160.2724609375,160.2724609375,160.2724609375,160.2724609375,160.2724609375,2025-04-28,0,0,0,0,0,0
,159.8234100341797,159.8234100341797,159.8234100341797,159.8234100341797,159.8234100341797,2025-04-29,0,0,0,0,0,0
,158.4662628173828,158.4662628173828,158.4662628173828,158.4662628173828,158.4662628173828,2025-04-30,0,0,0,0,0,0
,160.96099853515625,160.96099853515625,160.96099853515625,160.96099853515625,160.96099853515625,2025-05-01,0,0,0,0,0,0
,163.68527221679688,163.68527221679688,163.68527221679688,163.68527221679688,163.68527221679688,2025-05-02,0,0,0,0,0,0
,163.86489868164062,163.86489868164062,163.86489868164062,163.86489868164062,163.86489868164062,2025-05-05,0,0,0,0,0,0
,162.88693237304688,162.88693237304688,162.88693237304688,162.88693237304688,162.88693237304688,2025-05-06,0,0,0,0,0,0
,151.06185913085938,151.06185913085938,151.06185913085938,151.06185913085938,151.06185913085938,2025-05-07,0,0,0,0,0,0
,153.9557647705078,153.9557647705078,153.9557647705078,153.9557647705078,153.9557647705078,2025-05-08,0,0,0,0,0,0
,152.42897033691406,152.42897033691406,152.42897033691406,152.42897033691406,152.42897033691406,2025-05-09,0,0,0,0,0,0
,158.12696838378906,158.12696838378906,158.12696838378906,158.12696838378906,158.12696838378906,2025-05-12,0,0,0,0,0,0
,159.19471740722656,159.19471740722656,159.19471740722656,159.19471740722656,159.19471740722656,2025-05-13,0,0,0,0,0,0
,165.02244567871094,165.02244567871094,165.02244567871094,165.02244567871094,165.02244567871094,2025-05-14,0,0,0,0,0,0
,163.61541748046875,163.61541748046875,163.61541748046875,163.61541748046875,163.61541748046875,2025-05-15,0,0,0,0,0,0
,165.84072875976562,165.84072875976562,165.84072875976562,165.84072875976562,165.84072875976562,2025-05-16,0,0,0,0,0,0
,166.1899871826172,166.1899871826172,166.1899871826172,166.1899871826172,166.1899871826172,2025-05-19,0,0,0,0,0,0
,163.6353759765625,163.6353759765625,163.6353759765625,163.6353759765625,163.6353759765625,2025-05-20,0,0,0,0,0,0
,168.20574951171875,168.20574951171875,168.20574951171875,168.20574951171875,168.20574951171875,2025-05-21,0,0,0,0,0,0
,170.51089477539062,170.51089477539062,170.51089477539062,170.51089477539062,170.51089477539062,2025-05-22,0,0,0,0,0,0
,168.11593627929688,168.11593627929688,168.11593627929688,168.11593627929688,168.11593627929688,2025-05-23,0,0,0,0,0,0
,172.53662109375,172.53662109375,172.53662109375,172.53662109375,172.53662109375,2025-05-27,0,0,0,0,0,0
,171.9977569580078,171.9977569580078,171.9977569580078,171.9977569580078,171.9977569580078,2025-05-28,0,0,0,0,0,0
,171.49880981445312,171.49880981445312,171.49880981445312,171.49880981445312,171.49880981445312,2025-05-29,0,0,0,0,0,0
,171.3790740966797,171.3790740966797,171.3790740966797,171.3790740966797,171.3790740966797,2025-05-30,0,0,0,0,0,0
,168.6747589111328,168.6747589111328,168.6747589111328,168.6747589111328,168.6747589111328,2025-06-02,0,0,0,0,0,0
,165.83074951171875,165.83074951171875,165.83074951171875,165.83074951171875,165.83074951171875,2025-06-03,0,0,0,0,0,0
,167.69680786132812,167.69680786132812,167.69680786132812,167.69680786132812,167.69680786132812,2025-06-04,0,0,0,0,0,0
,167.8564910888672,167.8564910888672,167.8564910888672,167.8564910888672,167.8564910888672,2025-06-05,0,0,0,0,0,0
,173.31497192382812,173.31497192382812,173.31497192382812,173.31497192382812,173.31497192382812,2025-06-06,0,0,0,0,0,0
,175.93264770507812,175.93264770507812,175.93264770507812,175.93264770507812,175.93264770507812,2025-06-09,0,0,0,0,0,0
,178.44041442871094,178.44041442871094,178.44041442871094,178.44041442871094,178.44041442871094,2025-06-10,0,0,0,0,0,0
,177.1915283203125,177.1915283203125,177.1915283203125,177.1915283203125,177.1915283203125,2025-06-11,0,0,0,0,0,0
,175.54299926757812,175.54299926757812,175.54299926757812,175.54299926757812,175.54299926757812,2025-06-12,0,0,0,0,0,0
,174.513916015625,174.513916015625,174.513916015625,174.513916015625,174.513916015625,2025-06-13,0,0,0,0,0,0
,176.61204528808594,176.61204528808594,176.61204528808594,176.61204528808594,176.61204528808594,2025-06-16,0,0,0,0,0,0
,175.7927703857422,175.7927703857422,175.7927703857422,175.7927703857422,175.7927703857422,2025-06-17,0,0,0,0,0,0
,173.16513061523438,173.16513061523438,173.16513061523438,173.16513061523438,173.16513061523438,2025-06-18,0,0,0,0,0,0
,166.4910888671875,166.4910888671875,166.4910888671875,166.4910888671875,166.4910888671875,2025-06-20,0,0,0,0,0,0
,165.04238891601562,165.04238891601562,165.04238891601562,165.04238891601562,165.04238891601562,2025-06-23,0,0,0,0,0,0
,166.62098693847656,166.62098693847656,166.62098693847656,166.62098693847656,166.62098693847656,2025-06-24,0,0,0,0,0,0
,170.52748107910156,170.52748107910156,170.52748107910156,170.52748107910156,170.52748107910156,2025-06-25,0,0,0,0,0,0
,173.38491821289062,173.38491821289062,173.38491821289062,173.38491821289062,173.38491821289062,2025-06-26,0,0,0,0,0,0
,178.37046813964844,178.37046813964844,178.37046813964844,178.37046813964844,178.37046813964844,2025-06-27,0,0,0,0,0,0
,176.07252502441406,176.07252502441406,176.07252502441406,176.07252502441406,176.07252502441406,2025-06-30,0,0,0,0,0,0
,175.682861328125,175.682861328125,175.682861328125,175.682861328125,175.682861328125,2025-07-01,0,0,0,0,0,0
,178.48036193847656,178.48036193847656,178.48036193847656,178.48036193847656,178.48036193847656,2025-07-02,0,0,0,0,0,0
,179.36956787109375,179.36956787109375,179.36956787109375,179.36956787109375,179.36956787109375,2025-07-03,0,0,0,0,0,0
,176.63201904296875,176.63201904296875,176.63201904296875,176.63201904296875,176.63201904296875,2025-07-07,0,0,0,0,0,0
,174.20419311523438,174.20419311523438,174.20419311523438,174.20419311523438,174.20419311523438,2025-07-08,0,0,0,0,0,0
,176.46217346191406,176.46217346191406,176.46217346191406,176.46217346191406,176.46217346191406,2025-07-09,0,0,0,0,0,0
,177.46127319335938,177.46127319335938,177.46127319335938,177.46127319335938,177.46127319335938,2025-07-10,0,0,0,0,0,0
,180.02899169921875,180.02899169921875,180.02899169921875,180.02899169921875,180.02899169921875,2025-07-11,0,0,0,0,0,0
,181.3977508544922,181.3977508544922,181.3977508544922,181.3977508544922,181.3977508544922,2025-07-14,0,0,0,0,0,0
,181.83737182617188,181.83737182617188,181.83737182617188,181.83737182617188,181.83737182617188,2025-07-15,0,0,0,0,0,0
,182.80650329589844,182.80650329589844,182.80650329589844,182.80650329589844,182.80650329589844,2025-07-16,0,0,0,0,0,0
,183.4159545898437,183.4159545898437,183.4159545898437,183.4159545898437,183.4159545898437,2025-07-17,0,0,0,0,0,0
,184.8946228027344,184.8946228027344,184.8946228027344,184.8946228027344,184.8946228027344,2025-07-18,0,0,0,0,0,0
,189.9301300048828,189.9301300048828,189.9301300048828,189.9301300048828,189.9301300048828,2025-07-21,0,0,0,0,0,0
,191.1690216064453,191.1690216064453,191.1690216064453,191.1690216064453,191.1690216064453,2025-07-22,0,0,0,0,0,0
,190.0600128173828,190.0600128173828,190.0600128173828,190.0600128173828,190.0600128173828,2025-07-23,0,0,0,0,0,0
,191.998275756836,191.998275756836,191.998275756836,191.998275756836,191.998275756836,2025-07-24,0,0,0,0,0,0
,193.0073699951172,193.0073699951172,193.0073699951172,193.0073699951172,193.0073699951172,2025-07-25,0,0,0,0,0,0
,192.4079132080078,192.4079132080078,192.4079132080078,192.4079132080078,192.4079132080078,2025-07-28,0,0,0,0,0,0
,195.5750732421875,195.5750732421875,195.5750732421875,195.5750732421875,195.5750732421875,2025-07-29,0,0,0,0,0,0
,196.35438537597656,196.35438537597656,196.35438537597656,196.35438537597656,196.35438537597656,2025-07-30,0,0,0,0,0,0
,191.728515625,191.728515625,191.728515625,191.728515625,191.728515625,2025-07-31,0,0,0,0,0,0
,188.96099853515625,188.96099853515625,188.96099853515625,188.96099853515625,188.96099853515625,2025-08-01,0,0,0,0,0,0
,194.8657073974609,194.8657073974609,194.8657073974609,194.8657073974609,194.8657073974609,2025-08-04,0,0,0,0,0,0
,194.4960479736328,194.4960479736328,194.4960479736328,194.4960479736328,194.4960479736328,2025-08-05,0,0,0,0,0,0
,195.91476440429688,195.91476440429688,195.91476440429688,195.91476440429688,195.91476440429688,2025-08-06,0,0,0,0,0,0
,196.34439086914065,196.34439086914065,196.34439086914065,196.34439086914065,196.34439086914065,2025-08-07,0,0,0,0,0,0
,201.2400054931641,201.2400054931641,201.2400054931641,201.2400054931641,201.2400054931641,2025-08-08,0,0,0,0,0,0
,200.8203887939453,200.8203887939453,200.8203887939453,200.8203887939453,200.8203887939453,2025-08-11,0,0,0,0,0,0
,203.1582946777344,203.1582946777344,203.1582946777344,203.1582946777344,203.1582946777344,2025-08-12,0,0,0,0,0,0
,201.779541015625,201.779541015625,201.779541015625,201.779541015625,201.779541015625,2025-08-13,0,0,0,0,0,0
,202.75865173339844,202.75865173339844,202.75865173339844,202.75865173339844,202.75865173339844,2025-08-14,0,0,0,0,0,0
,203.71778869628903,203.71778869628903,203.71778869628903,203.71778869628903,203.71778869628903,2025-08-15,0,0,0,0,0,0
,203.3181610107422,203.3181610107422,203.3181610107422,203.3181610107422,203.3181610107422,2025-08-18,0,0,0,0,0,0
,201.389892578125,201.389892578125,201.389892578125,201.389892578125,201.389892578125,2025-08-19,0,0,0,0,0,0
,199.1418914794922,199.1418914794922,199.1418914794922,199.1418914794922,199.1418914794922,2025-08-20,0,0,0,0,0,0
,199.57150268554688,199.57150268554688,199.57150268554688,199.57150268554688,199.57150268554688,2025-08-21,0,0,0,0,0,0
,205.9058380126953,205.9058380126953,205.9058380126953,205.9058380126953,205.9058380126953,2025-08-22,0,0,0,0,0,0
,208.3036956787109,208.3036956787109,208.3036956787109,208.3036956787109,208.3036956787109,2025-08-25,0,0,0,0,0,0
,206.95489501953125,206.95489501953125,206.95489501953125,206.95489501953125,206.95489501953125,2025-08-26,0,0,0,0,0,0
,207.29458618164065,207.29458618164065,207.29458618164065,207.29458618164065,207.29458618164065,2025-08-27,0,0,0,0,0,0
,211.4508819580078,211.4508819580078,211.4508819580078,211.4508819580078,211.4508819580078,2025-08-28,0,0,0,0,0,0
,212.71974182128903,212.71974182128903,212.71974182128903,212.71974182128903,212.71974182128903,2025-08-29,0,0,0,0,0,0
,211.16114807128903,211.16114807128903,211.16114807128903,211.16114807128903,211.16114807128903,2025-09-02,0,0,0,0,0,0
,230.45388793945312,230.45388793945312,230.45388793945312,230.45388793945312,230.45388793945312,2025-09-03,0,0,0,0,0,0
,232.0924224853516,232.0924224853516,232.0924224853516,232.0924224853516,232.0924224853516,2025-09-04,0,0,0,0,0,0
,234.79000854492188,234.79000854492188,234.79000854492188,234.79000854492188,234.79000854492188,2025-09-05,0,0,0,0,0,0
,234.0399932861328,234.0399932861328,234.0399932861328,234.0399932861328,234.0399932861328,2025-09-08,0,0,0,0,0,0
