Ticker,HDFCBANK.NS,HDFCBANK.NS,HDFCBANK.NS,HDFCBANK.NS,HDFCBANK.NS,Date,sentiment_compound,sentiment_positive,sentiment_negative,sentiment_strength,positive_ratio,negative_ratio
,765.2139032896102,765.2139032896102,765.2139032896102,765.2139032896102,765.2139032896102,2023-01-02,0,0,0,0,0,0
,762.9563656942497,762.9563656942497,762.9563656942497,762.9563656942497,762.9563656942497,2023-01-03,0,0,0,0,0,0
,768.9765160320345,768.9765160320345,768.9765160320345,768.9765160320345,768.9765160320345,2023-01-04,0,0,0,0,0,0
,759.5701573140472,759.5701573140472,759.5701573140472,759.5701573140472,759.5701573140472,2023-01-05,0,0,0,0,0,0
,753.4559057369754,753.4559057369754,753.4559057369754,753.4559057369754,753.4559057369754,2023-01-06,0,0,0,0,0,0
,750.633994461561,750.633994461561,750.633994461561,750.633994461561,750.633994461561,2023-01-09,0,0,0,0,0,0
,752.5153270897389,752.5153270897389,752.5153270897389,752.5153270897389,752.5153270897389,2023-01-10,0,0,0,0,0,0
,737.4414262012392,737.4414262012392,737.4414262012392,737.4414262012392,737.4414262012392,2023-01-11,0,0,0,0,0,0
,746.7773690003871,746.7773690003871,746.7773690003871,746.7773690003871,746.7773690003871,2023-01-12,0,0,0,0,0,0
,751.9273605293412,751.9273605293412,751.9273605293412,751.9273605293412,751.9273605293412,2023-01-13,0,0,0,0,0,0
,759.5700421228421,759.5700421228421,759.5700421228421,759.5700421228421,759.5700421228421,2023-01-16,0,0,0,0,0,0
,747.7179717239397,747.7179717239397,747.7179717239397,747.7179717239397,747.7179717239397,2023-01-17,0,0,0,0,0,0
,754.8668639240747,754.8668639240747,754.8668639240747,754.8668639240747,754.8668639240747,2023-01-18,0,0,0,0,0,0
,769.9171946591991,769.9171946591991,769.9171946591991,769.9171946591991,769.9171946591991,2023-01-19,0,0,0,0,0,0
,773.2564813178083,773.2564813178083,773.2564813178083,773.2564813178083,773.2564813178083,2023-01-20,0,0,0,0,0,0
,783.6741184175438,783.6741184175438,783.6741184175438,783.6741184175438,783.6741184175438,2023-01-23,0,0,0,0,0,0
,787.8129673822374,787.8129673822374,787.8129673822374,787.8129673822374,787.8129673822374,2023-01-24,0,0,0,0,0,0
,795.5026900470906,795.5026900470906,795.5026900470906,795.5026900470906,795.5026900470906,2023-01-25,0,0,0,0,0,0
,767.5655439290683,767.5655439290683,767.5655439290683,767.5655439290683,767.5655439290683,2023-01-27,0,0,0,0,0,0
,750.1636100625897,750.1636100625897,750.1636100625897,750.1636100625897,750.1636100625897,2023-01-30,0,0,0,0,0,0
,761.7805708928535,761.7805708928535,761.7805708928535,761.7805708928535,761.7805708928535,2023-01-31,0,0,0,0,0,0
,763.8029900494191,763.8029900494191,763.8029900494191,763.8029900494191,763.8029900494191,2023-02-01,0,0,0,0,0,0
,756.3248499697963,756.3248499697963,756.3248499697963,756.3248499697963,756.3248499697963,2023-02-02,0,0,0,0,0,0
,757.6888104547171,757.6888104547171,757.6888104547171,757.6888104547171,757.6888104547171,2023-02-03,0,0,0,0,0,0
,780.7345879902471,780.7345879902471,780.7345879902471,780.7345879902471,780.7345879902471,2023-02-06,0,0,0,0,0,0
,780.4523617529932,780.4523617529932,780.4523617529932,780.4523617529932,780.4523617529932,2023-02-07,0,0,0,0,0,0
,778.0302392020911,778.0302392020911,778.0302392020911,778.0302392020911,778.0302392020911,2023-02-08,0,0,0,0,0,0
,780.7345592208327,780.7345592208327,780.7345592208327,780.7345592208327,780.7345592208327,2023-02-09,0,0,0,0,0,0
,775.4669671621383,775.4669671621383,775.4669671621383,775.4669671621383,775.4669671621383,2023-02-10,0,0,0,0,0,0
,778.3829288380895,778.3829288380895,778.3829288380895,778.3829288380895,778.3829288380895,2023-02-13,0,0,0,0,0,0
,783.0861997162851,783.0861997162851,783.0861997162851,783.0861997162851,783.0861997162851,2023-02-14,0,0,0,0,0,0
,789.2003138470542,789.2003138470542,789.2003138470542,789.2003138470542,789.2003138470542,2023-02-15,0,0,0,0,0,0
,786.9428187893894,786.9428187893894,786.9428187893894,786.9428187893894,786.9428187893894,2023-02-16,0,0,0,0,0,0
,781.2049053260296,781.2049053260296,781.2049053260296,781.2049053260296,781.2049053260296,2023-02-17,0,0,0,0,0,0
,780.7345762649051,780.7345762649051,780.7345762649051,780.7345762649051,780.7345762649051,2023-02-20,0,0,0,0,0,0
,771.3281605868509,771.3281605868509,771.3281605868509,771.3281605868509,771.3281605868509,2023-02-21,0,0,0,0,0,0
,770.8577957573494,770.8577957573494,770.8577957573494,770.8577957573494,770.8577957573494,2023-02-22,0,0,0,0,0,0
,758.6294632088872,758.6294632088872,758.6294632088872,758.6294632088872,758.6294632088872,2023-02-23,0,0,0,0,0,0
,760.934033661556,760.934033661556,760.934033661556,760.934033661556,760.934033661556,2023-02-24,0,0,0,0,0,0
,745.8837709506996,745.8837709506996,745.8837709506996,745.8837709506996,745.8837709506996,2023-02-27,0,0,0,0,0,0
,748.7526515532792,748.7526515532792,748.7526515532792,748.7526515532792,748.7526515532792,2023-02-28,0,0,0,0,0,0
,758.1591754660717,758.1591754660717,758.1591754660717,758.1591754660717,758.1591754660717,2023-03-01,0,0,0,0,0,0
,749.6933195652881,749.6933195652881,749.6933195652881,749.6933195652881,749.6933195652881,2023-03-02,0,0,0,0,0,0
,750.6339879733662,750.6339879733662,750.6339879733662,750.6339879733662,750.6339879733662,2023-03-03,0,0,0,0,0,0
,761.921667813631,761.921667813631,761.921667813631,761.921667813631,761.921667813631,2023-03-06,0,0,0,0,0,0
,761.9217462354013,761.9217462354013,761.9217462354013,761.9217462354013,761.9217462354013,2023-03-08,0,0,0,0,0,0
,766.6013600445043,766.6013600445043,766.6013600445043,766.6013600445043,766.6013600445043,2023-03-09,0,0,0,0,0,0
,757.4301100987259,757.4301100987259,757.4301100987259,757.4301100987259,757.4301100987259,2023-03-10,0,0,0,0,0,0
,746.8243524833551,746.8243524833551,746.8243524833551,746.8243524833551,746.8243524833551,2023-03-13,0,0,0,0,0,0
,738.5232026066013,738.5232026066013,738.5232026066013,738.5232026066013,738.5232026066013,2023-03-14,0,0,0,0,0,0
,742.1681895965124,742.1681895965124,742.1681895965124,742.1681895965124,742.1681895965124,2023-03-15,0,0,0,0,0,0
,723.8255956325588,723.8255956325588,723.8255956325588,723.8255956325588,723.8255956325588,2023-03-16,0,0,0,0,0,0
,732.5265870556958,732.5265870556958,732.5265870556958,732.5265870556958,732.5265870556958,2023-03-17,0,0,0,0,0,0
,737.4414253658022,737.4414253658022,737.4414253658022,737.4414253658022,737.4414253658022,2023-03-20,0,0,0,0,0,0
,739.3226824771314,739.3226824771314,739.3226824771314,739.3226824771314,739.3226824771314,2023-03-21,0,0,0,0,0,0
,744.9901015992465,744.9901015992465,744.9901015992465,744.9901015992465,744.9901015992465,2023-03-22,0,0,0,0,0,0
,737.3474300144667,737.3474300144667,737.3474300144667,737.3474300144667,737.3474300144667,2023-03-23,0,0,0,0,0,0
,733.7023968612838,733.7023968612838,733.7023968612838,733.7023968612838,733.7023968612838,2023-03-24,0,0,0,0,0,0
,734.7370471527703,734.7370471527703,734.7370471527703,734.7370471527703,734.7370471527703,2023-03-27,0,0,0,0,0,0
,736.3832111305732,736.3832111305732,736.3832111305732,736.3832111305732,736.3832111305732,2023-03-28,0,0,0,0,0,0
,744.990097067345,744.990097067345,744.990097067345,744.990097067345,744.990097067345,2023-03-29,0,0,0,0,0,0
,750.4458092618439,750.4458092618439,750.4458092618439,750.4458092618439,750.4458092618439,2023-03-31,0,0,0,0,0,0
,756.066206753236,756.066206753236,756.066206753236,756.066206753236,756.066206753236,2023-04-03,0,0,0,0,0,0
,761.2632133882062,761.2632133882062,761.2632133882062,761.2632133882062,761.2632133882062,2023-04-05,0,0,0,0,0,0
,775.3494323943526,775.3494323943526,775.3494323943526,775.3494323943526,775.3494323943526,2023-04-06,0,0,0,0,0,0
,782.2631841388156,782.2631841388156,782.2631841388156,782.2631841388156,782.2631841388156,2023-04-10,0,0,0,0,0,0
,780.2642743660277,780.2642743660277,780.2642743660277,780.2642743660277,780.2642743660277,2023-04-11,0,0,0,0,0,0
,784.4971637073063,784.4971637073063,784.4971637073063,784.4971637073063,784.4971637073063,2023-04-12,0,0,0,0,0,0
,794.0447304419262,794.0447304419262,794.0447304419262,794.0447304419262,794.0447304419262,2023-04-13,0,0,0,0,0,0
,808.9539131384394,808.9539131384394,808.9539131384394,808.9539131384394,808.9539131384394,2023-04-17,0,0,0,0,0,0
,785.4377470450944,785.4377470450944,785.4377470450944,785.4377470450944,785.4377470450944,2023-04-18,0,0,0,0,0,0
,783.0862028077712,783.0862028077712,783.0862028077712,783.0862028077712,783.0862028077712,2023-04-19,0,0,0,0,0,0
,786.2373220441306,786.2373220441306,786.2373220441306,786.2373220441306,786.2373220441306,2023-04-20,0,0,0,0,0,0
,784.96752627854,784.96752627854,784.96752627854,784.96752627854,784.96752627854,2023-04-21,0,0,0,0,0,0
,793.4333002876134,793.4333002876134,793.4333002876134,793.4333002876134,793.4333002876134,2023-04-24,0,0,0,0,0,0
,793.7624504950436,793.7624504950436,793.7624504950436,793.7624504950436,793.7624504950436,2023-04-25,0,0,0,0,0,0
,780.7346006896045,780.7346006896045,780.7346006896045,780.7346006896045,780.7346006896045,2023-04-26,0,0,0,0,0,0
,785.6729468368902,785.6729468368902,785.6729468368902,785.6729468368902,785.6729468368902,2023-04-27,0,0,0,0,0,0
,792.351508718763,792.351508718763,792.351508718763,792.351508718763,792.351508718763,2023-04-28,0,0,0,0,0,0
,794.2327862612793,794.2327862612793,794.2327862612793,794.2327862612793,794.2327862612793,2023-05-02,0,0,0,0,0,0
,792.4690695933574,792.4690695933574,792.4690695933574,792.4690695933574,792.4690695933574,2023-05-03,0,0,0,0,0,0
,793.4802952165305,793.4802952165305,793.4802952165305,793.4802952165305,793.4802952165305,2023-05-04,0,0,0,0,0,0
,770.8577667812418,770.8577667812418,770.8577667812418,770.8577667812418,770.8577667812418,2023-05-05,0,0,0,0,0,0
,768.9765610814786,768.9765610814786,768.9765610814786,768.9765610814786,768.9765610814786,2023-05-08,0,0,0,0,0,0
,775.9843305283202,775.9843305283202,775.9843305283202,775.9843305283202,775.9843305283202,2023-05-09,0,0,0,0,0,0
,773.4446068912501,773.4446068912501,773.4446068912501,773.4446068912501,773.4446068912501,2023-05-10,0,0,0,0,0,0
,783.1568212793908,783.1568212793908,783.1568212793908,783.1568212793908,783.1568212793908,2023-05-11,0,0,0,0,0,0
,774.6203553374617,774.6203553374617,774.6203553374617,774.6203553374617,774.6203553374617,2023-05-12,0,0,0,0,0,0
,786.3784637031315,786.3784637031315,786.3784637031315,786.3784637031315,786.3784637031315,2023-05-15,0,0,0,0,0,0
,804.5276692029475,804.5276692029475,804.5276692029475,804.5276692029475,804.5276692029475,2023-05-16,0,0,0,0,0,0
,794.0367352342563,794.0367352342563,794.0367352342563,794.0367352342563,794.0367352342563,2023-05-17,0,0,0,0,0,0
,793.074257337576,793.074257337576,793.074257337576,793.074257337576,793.074257337576,2023-05-18,0,0,0,0,0,0
,793.0742679505952,793.0742679505952,793.0742679505952,793.0742679505952,793.0742679505952,2023-05-19,0,0,0,0,0,0
,791.6305887120614,791.6305887120614,791.6305887120614,791.6305887120614,791.6305887120614,2023-05-22,0,0,0,0,0,0
,793.5555426648878,793.5555426648878,793.5555426648878,793.5555426648878,793.5555426648878,2023-05-23,0,0,0,0,0,0
,783.2330563386749,783.2330563386749,783.2330563386749,783.2330563386749,783.2330563386749,2023-05-24,0,0,0,0,0,0
,777.5303666107704,777.5303666107704,777.5303666107704,777.5303666107704,777.5303666107704,2023-05-25,0,0,0,0,0,0
,779.1184787990662,779.1184787990662,779.1184787990662,779.1184787990662,779.1184787990662,2023-05-26,0,0,0,0,0,0
,783.69019719039,783.69019719039,783.69019719039,783.69019719039,783.69019719039,2023-05-29,0,0,0,0,0,0
,786.1445002890696,786.1445002890696,786.1445002890696,786.1445002890696,786.1445002890696,2023-05-30,0,0,0,0,0,0
,784.3639498280878,784.3639498280878,784.3639498280878,784.3639498280878,784.3639498280878,2023-05-31,0,0,0,0,0,0
,779.5516019468231,779.5516019468231,779.5516019468231,779.5516019468231,779.5516019468231,2023-06-01,0,0,0,0,0,0
,775.9663483916953,775.9663483916953,775.9663483916953,775.9663483916953,775.9663483916953,2023-06-02,0,0,0,0,0,0
,776.9529238593666,776.9529238593666,776.9529238593666,776.9529238593666,776.9529238593666,2023-06-05,0,0,0,0,0,0
,773.6564629327828,773.6564629327828,773.6564629327828,773.6564629327828,773.6564629327828,2023-06-06,0,0,0,0,0,0
,771.6352348638964,771.6352348638964,771.6352348638964,771.6352348638964,771.6352348638964,2023-06-07,0,0,0,0,0,0
,771.5390392245838,771.5390392245838,771.5390392245838,771.5390392245838,771.5390392245838,2023-06-08,0,0,0,0,0,0
,777.626676650867,777.626676650867,777.626676650867,777.626676650867,777.626676650867,2023-06-09,0,0,0,0,0,0
,776.0144890695673,776.0144890695673,776.0144890695673,776.0144890695673,776.0144890695673,2023-06-12,0,0,0,0,0,0
,765.2108100640846,765.2108100640846,765.2108100640846,765.2108100640846,765.2108100640846,2023-06-13,0,0,0,0,0,0
,775.0039154865802,775.0039154865802,775.0039154865802,775.0039154865802,775.0039154865802,2023-06-14,0,0,0,0,0,0
,771.8999857563421,771.8999857563421,771.8999857563421,771.8999857563421,771.8999857563421,2023-06-15,0,0,0,0,0,0
,763.7912167570945,763.7912167570945,763.7912167570945,763.7912167570945,763.7912167570945,2023-06-16,0,0,0,0,0,0
,775.2686118319358,775.2686118319358,775.2686118319358,775.2686118319358,775.2686118319358,2023-06-19,0,0,0,0,0,0
,771.9721660772758,771.9721660772758,771.9721660772758,771.9721660772758,771.9721660772758,2023-06-20,0,0,0,0,0,0
,777.6747515735509,777.6747515735509,777.6747515735509,777.6747515735509,777.6747515735509,2023-06-21,0,0,0,0,0,0
,789.224416053301,789.224416053301,789.224416053301,789.224416053301,789.224416053301,2023-06-22,0,0,0,0,0,0
,788.045370386914,788.045370386914,788.045370386914,788.045370386914,788.045370386914,2023-06-23,0,0,0,0,0,0
,791.6305883616478,791.6305883616478,791.6305883616478,791.6305883616478,791.6305883616478,2023-06-26,0,0,0,0,0,0
,790.6440239901992,790.6440239901992,790.6440239901992,790.6440239901992,790.6440239901992,2023-06-27,0,0,0,0,0,0
,803.6614294741811,803.6614294741811,803.6614294741811,803.6614294741811,803.6614294741811,2023-06-28,0,0,0,0,0,0
,820.0234144832326,820.0234144832326,820.0234144832326,820.0234144832326,820.0234144832326,2023-06-30,0,0,0,0,0,0
,824.1139184711159,824.1139184711159,824.1139184711159,824.1139184711159,824.1139184711159,2023-07-03,0,0,0,0,0,0
,829.3833871325158,829.3833871325158,829.3833871325158,829.3833871325158,829.3833871325158,2023-07-04,0,0,0,0,0,0
,825.9185674480586,825.9185674480586,825.9185674480586,825.9185674480586,825.9185674480586,2023-07-05,0,0,0,0,0,0
,805.1050971825443,805.1050971825443,805.1050971825443,805.1050971825443,805.1050971825443,2023-07-06,0,0,0,0,0,0
,801.2552925132978,801.2552925132978,801.2552925132978,801.2552925132978,801.2552925132978,2023-07-07,0,0,0,0,0,0
,799.3303260190139,799.3303260190139,799.3303260190139,799.3303260190139,799.3303260190139,2023-07-10,0,0,0,0,0,0
,800.2927950524349,800.2927950524349,800.2927950524349,800.2927950524349,800.2927950524349,2023-07-11,0,0,0,0,0,0
,796.6113888781981,796.6113888781981,796.6113888781981,796.6113888781981,796.6113888781981,2023-07-12,0,0,0,0,0,0
,797.2609676654259,797.2609676654259,797.2609676654259,797.2609676654259,797.2609676654259,2023-07-13,0,0,0,0,0,0
,795.7691748092905,795.7691748092905,795.7691748092905,795.7691748092905,795.7691748092905,2023-07-14,0,0,0,0,0,0
,794.0367718906589,794.0367718906589,794.0367718906589,794.0367718906589,794.0367718906589,2023-07-17,0,0,0,0,0,0
,817.1359959336578,817.1359959336578,817.1359959336578,817.1359959336578,817.1359959336578,2023-07-18,0,0,0,0,0,0
,809.0031020365692,809.0031020365692,809.0031020365692,809.0031020365692,809.0031020365692,2023-07-19,0,0,0,0,0,0
,809.0272614839648,809.0272614839648,809.0272614839648,809.0272614839648,809.0272614839648,2023-07-20,0,0,0,0,0,0
,808.4737739864613,808.4737739864613,808.4737739864613,808.4737739864613,808.4737739864613,2023-07-21,0,0,0,0,0,0
,807.7519080759067,807.7519080759067,807.7519080759067,807.7519080759067,807.7519080759067,2023-07-24,0,0,0,0,0,0
,810.7115526279442,810.7115526279442,810.7115526279442,810.7115526279442,810.7115526279442,2023-07-25,0,0,0,0,0,0
,817.9059837974636,817.9059837974636,817.9059837974636,817.9059837974636,817.9059837974636,2023-07-26,0,0,0,0,0,0
,818.0503266737262,818.0503266737262,818.0503266737262,818.0503266737262,818.0503266737262,2023-07-27,0,0,0,0,0,0
,799.5709101134679,799.5709101134679,799.5709101134679,799.5709101134679,799.5709101134679,2023-07-28,0,0,0,0,0,0
,794.0608242275185,794.0608242275185,794.0608242275185,794.0608242275185,794.0608242275185,2023-07-31,0,0,0,0,0,0
,796.1782329320584,796.1782329320584,796.1782329320584,796.1782329320584,796.1782329320584,2023-08-01,0,0,0,0,0,0
,790.1868784496676,790.1868784496676,790.1868784496676,790.1868784496676,790.1868784496676,2023-08-02,0,0,0,0,0,0
,789.2243886384707,789.2243886384707,789.2243886384707,789.2243886384707,789.2243886384707,2023-08-03,0,0,0,0,0,0
,786.8904476408402,786.8904476408402,786.8904476408402,786.8904476408402,786.8904476408402,2023-08-04,0,0,0,0,0,0
,800.3408601011272,800.3408601011272,800.3408601011272,800.3408601011272,800.3408601011272,2023-08-07,0,0,0,0,0,0
,794.8548341333523,794.8548341333523,794.8548341333523,794.8548341333523,794.8548341333523,2023-08-08,0,0,0,0,0,0
,795.4804296993335,795.4804296993335,795.4804296993335,795.4804296993335,795.4804296993335,2023-08-09,0,0,0,0,0,0
,792.6170940874488,792.6170940874488,792.6170940874488,792.6170940874488,792.6170940874488,2023-08-10,0,0,0,0,0,0
,788.4544604153358,788.4544604153358,788.4544604153358,788.4544604153358,788.4544604153358,2023-08-11,0,0,0,0,0,0
,775.2685706725264,775.2685706725264,775.2685706725264,775.2685706725264,775.2685706725264,2023-08-14,0,0,0,0,0,0
,761.8421761726726,761.8421761726726,761.8421761726726,761.8421761726726,761.8421761726726,2023-08-16,0,0,0,0,0,0
,768.8200552862303,768.8200552862303,768.8200552862303,768.8200552862303,768.8200552862303,2023-08-17,0,0,0,0,0,0
,763.983694025645,763.983694025645,763.983694025645,763.983694025645,763.983694025645,2023-08-18,0,0,0,0,0,0
,770.2156363622539,770.2156363622539,770.2156363622539,770.2156363622539,770.2156363622539,2023-08-21,0,0,0,0,0,0
,768.2185194845936,768.2185194845936,768.2185194845936,768.2185194845936,768.2185194845936,2023-08-22,0,0,0,0,0,0
,760.3503539585181,760.3503539585181,760.3503539585181,760.3503539585181,760.3503539585181,2023-08-23,0,0,0,0,0,0
,766.7507701687617,766.7507701687617,766.7507701687617,766.7507701687617,766.7507701687617,2023-08-24,0,0,0,0,0,0
,757.7276421346384,757.7276421346384,757.7276421346384,757.7276421346384,757.7276421346384,2023-08-25,0,0,0,0,0,0
,751.4475190886943,751.4475190886943,751.4475190886943,751.4475190886943,751.4475190886943,2023-08-28,0,0,0,0,0,0
,765.0182802438285,765.0182802438285,765.0182802438285,765.0182802438285,765.0182802438285,2023-08-29,0,0,0,0,0,0
,771.8758381565142,771.8758381565142,771.8758381565142,771.8758381565142,771.8758381565142,2023-08-30,0,0,0,0,0,0
,759.8691220476337,759.8691220476337,759.8691220476337,759.8691220476337,759.8691220476337,2023-08-31,0,0,0,0,0,0
,756.0191999700463,756.0191999700463,756.0191999700463,756.0191999700463,756.0191999700463,2023-09-01,0,0,0,0,0,0
,765.1626819614512,765.1626819614512,765.1626819614512,765.1626819614512,765.1626819614512,2023-09-04,0,0,0,0,0,0
,764.3927214330718,764.3927214330718,764.3927214330718,764.3927214330718,764.3927214330718,2023-09-05,0,0,0,0,0,0
,758.8103888931225,758.8103888931225,758.8103888931225,758.8103888931225,758.8103888931225,2023-09-06,0,0,0,0,0,0
,767.8094749404047,767.8094749404047,767.8094749404047,767.8094749404047,767.8094749404047,2023-09-07,0,0,0,0,0,0
,773.9692735210638,773.9692735210638,773.9692735210638,773.9692735210638,773.9692735210638,2023-09-08,0,0,0,0,0,0
,783.8827287984687,783.8827287984687,783.8827287984687,783.8827287984687,783.8827287984687,2023-09-11,0,0,0,0,0,0
,789.2244198789141,789.2244198789141,789.2244198789141,789.2244198789141,789.2244198789141,2023-09-12,0,0,0,0,0,0
,785.0377155149517,785.0377155149517,785.0377155149517,785.0377155149517,785.0377155149517,2023-09-13,0,0,0,0,0,0
,791.2696497981185,791.2696497981185,791.2696497981185,791.2696497981185,791.2696497981185,2023-09-14,0,0,0,0,0,0
,794.0367192348286,794.0367192348286,794.0367192348286,794.0367192348286,794.0367192348286,2023-09-15,0,0,0,0,0,0
,795.8413607802759,795.8413607802759,795.8413607802759,795.8413607802759,795.8413607802759,2023-09-18,0,0,0,0,0,0
,769.4938238056243,769.4938238056243,769.4938238056243,769.4938238056243,769.4938238056243,2023-09-20,0,0,0,0,0,0
,747.3570313672025,747.3570313672025,747.3570313672025,747.3570313672025,747.3570313672025,2023-09-21,0,0,0,0,0,0
,750.2444576775175,750.2444576775175,750.2444576775175,750.2444576775175,750.2444576775175,2023-09-22,0,0,0,0,0,0
,733.8824301432504,733.8824301432504,733.8824301432504,733.8824301432504,733.8824301432504,2023-09-25,0,0,0,0,0,0
,733.8824658163039,733.8824658163039,733.8824658163039,733.8824658163039,733.8824658163039,2023-09-26,0,0,0,0,0,0
,732.9199644546211,732.9199644546211,732.9199644546211,732.9199644546211,732.9199644546211,2023-09-27,0,0,0,0,0,0
,738.2135737833627,738.2135737833627,738.2135737833627,738.2135737833627,738.2135737833627,2023-09-28,0,0,0,0,0,0
,733.2568002588707,733.2568002588707,733.2568002588707,733.2568002588707,733.2568002588707,2023-09-29,0,0,0,0,0,0
,734.8448928382883,734.8448928382883,734.8448928382883,734.8448928382883,734.8448928382883,2023-10-03,0,0,0,0,0,0
,719.4454108970147,719.4454108970147,719.4454108970147,719.4454108970147,719.4454108970147,2023-10-04,0,0,0,0,0,0
,738.718884517573,738.718884517573,738.718884517573,738.718884517573,738.718884517573,2023-10-05,0,0,0,0,0,0
,743.0259297849643,743.0259297849643,743.0259297849643,743.0259297849643,743.0259297849643,2023-10-06,0,0,0,0,0,0
,735.3261348413025,735.3261348413025,735.3261348413025,735.3261348413025,735.3261348413025,2023-10-09,0,0,0,0,0,0
,731.7409690862019,731.7409690862019,731.7409690862019,731.7409690862019,731.7409690862019,2023-10-10,0,0,0,0,0,0
,736.3367206089364,736.3367206089364,736.3367206089364,736.3367206089364,736.3367206089364,2023-10-11,0,0,0,0,0,0
,739.224152467014,739.224152467014,739.224152467014,739.224152467014,739.224152467014,2023-10-12,0,0,0,0,0,0
,741.1009712846432,741.1009712846432,741.1009712846432,741.1009712846432,741.1009712846432,2023-10-13,0,0,0,0,0,0
,737.0104874848001,737.0104874848001,737.0104874848001,737.0104874848001,737.0104874848001,2023-10-16,0,0,0,0,0,0
,748.6803895149582,748.6803895149582,748.6803895149582,748.6803895149582,748.6803895149582,2023-10-17,0,0,0,0,0,0
,741.6784110977611,741.6784110977611,741.6784110977611,741.6784110977611,741.6784110977611,2023-10-18,0,0,0,0,0,0
,724.4502672992404,724.4502672992404,724.4502672992404,724.4502672992404,724.4502672992404,2023-10-19,0,0,0,0,0,0
,724.2577350875503,724.2577350875503,724.2577350875503,724.2577350875503,724.2577350875503,2023-10-20,0,0,0,0,0,0
,733.1605779569741,733.1605779569741,733.1605779569741,733.1605779569741,733.1605779569741,2023-10-23,0,0,0,0,0,0
,731.9575404540934,731.9575404540934,731.9575404540934,731.9575404540934,731.9575404540934,2023-10-25,0,0,0,0,0,0
,717.6407690521316,717.6407690521316,717.6407690521316,717.6407690521316,717.6407690521316,2023-10-26,0,0,0,0,0,0
,707.1739744959755,707.1739744959755,707.1739744959755,707.1739744959755,707.1739744959755,2023-10-27,0,0,0,0,0,0
,704.166253227556,704.166253227556,704.166253227556,704.166253227556,704.166253227556,2023-10-30,0,0,0,0,0,0
,723.7765487428039,723.7765487428039,723.7765487428039,723.7765487428039,723.7765487428039,2023-10-31,0,0,0,0,0,0
,703.6850176242377,703.6850176242377,703.6850176242377,703.6850176242377,703.6850176242377,2023-11-01,0,0,0,0,0,0
,714.6330252706006,714.6330252706006,714.6330252706006,714.6330252706006,714.6330252706006,2023-11-02,0,0,0,0,0,0
,716.0767402064027,716.0767402064027,716.0767402064027,716.0767402064027,716.0767402064027,2023-11-03,0,0,0,0,0,0
,720.8890932605752,720.8890932605752,720.8890932605752,720.8890932605752,720.8890932605752,2023-11-06,0,0,0,0,0,0
,718.9641523260211,718.9641523260211,718.9641523260211,718.9641523260211,718.9641523260211,2023-11-07,0,0,0,0,0,0
,714.1277280007819,714.1277280007819,714.1277280007819,714.1277280007819,714.1277280007819,2023-11-08,0,0,0,0,0,0
,715.1142820989701,715.1142820989701,715.1142820989701,715.1142820989701,715.1142820989701,2023-11-09,0,0,0,0,0,0
,712.2749639148036,712.2749639148036,712.2749639148036,712.2749639148036,712.2749639148036,2023-11-10,0,0,0,0,0,0
,718.0498302517283,718.0498302517283,718.0498302517283,718.0498302517283,718.0498302517283,2023-11-13,0,0,0,0,0,0
,723.824661355601,723.824661355601,723.824661355601,723.824661355601,723.824661355601,2023-11-15,0,0,0,0,0,0
,726.5195277179007,726.5195277179007,726.5195277179007,726.5195277179007,726.5195277179007,2023-11-16,0,0,0,0,0,0
,717.0392198432753,717.0392198432753,717.0392198432753,717.0392198432753,717.0392198432753,2023-11-17,0,0,0,0,0,0
,728.1075944167509,728.1075944167509,728.1075944167509,728.1075944167509,728.1075944167509,2023-11-20,0,0,0,0,0,0
,730.9950657199016,730.9950657199016,730.9950657199016,730.9950657199016,730.9950657199016,2023-11-21,0,0,0,0,0,0
,731.4762860539383,731.4762860539383,731.4762860539383,731.4762860539383,731.4762860539383,2023-11-22,0,0,0,0,0,0
,725.942104788048,725.942104788048,725.942104788048,725.942104788048,725.942104788048,2023-11-23,0,0,0,0,0,0
,732.0537277562146,732.0537277562146,732.0537277562146,732.0537277562146,732.0537277562146,2023-11-24,0,0,0,0,0,0
,738.7910271230152,738.7910271230152,738.7910271230152,738.7910271230152,738.7910271230152,2023-11-28,0,0,0,0,0,0
,738.165421357158,738.165421357158,738.165421357158,738.165421357158,738.165421357158,2023-11-29,0,0,0,0,0,0
,755.1289575651123,755.1289575651123,755.1289575651123,755.1289575651123,755.1289575651123,2023-11-30,0,0,0,0,0,0
,749.7150488349829,749.7150488349829,749.7150488349829,749.7150488349829,749.7150488349829,2023-12-01,0,0,0,0,0,0
,764.2002292895172,764.2002292895172,764.2002292895172,764.2002292895172,764.2002292895172,2023-12-04,0,0,0,0,0,0
,787.5400726617975,787.5400726617975,787.5400726617975,787.5400726617975,787.5400726617975,2023-12-05,0,0,0,0,0,0
,788.4784930090145,788.4784930090145,788.4784930090145,788.4784930090145,788.4784930090145,2023-12-06,0,0,0,0,0,0
,782.0058362705728,782.0058362705728,782.0058362705728,782.0058362705728,782.0058362705728,2023-12-07,0,0,0,0,0,0
,784.6286381151427,784.6286381151427,784.6286381151427,784.6286381151427,784.6286381151427,2023-12-08,0,0,0,0,0,0
,794.0608561825546,794.0608561825546,794.0608561825546,794.0608561825546,794.0608561825546,2023-12-11,0,0,0,0,0,0
,796.057914840214,796.057914840214,796.057914840214,796.057914840214,796.057914840214,2023-12-12,0,0,0,0,0,0
,785.591031843064,785.591031843064,785.591031843064,785.591031843064,785.591031843064,2023-12-13,0,0,0,0,0,0
,792.1118132680438,792.1118132680438,792.1118132680438,792.1118132680438,792.1118132680438,2023-12-14,0,0,0,0,0,0
,794.0367340586441,794.0367340586441,794.0367340586441,794.0367340586441,794.0367340586441,2023-12-15,0,0,0,0,0,0
,799.1859571942219,799.1859571942219,799.1859571942219,799.1859571942219,799.1859571942219,2023-12-18,0,0,0,0,0,0
,794.0367205721301,794.0367205721301,794.0367205721301,794.0367205721301,794.0367205721301,2023-12-19,0,0,0,0,0,0
,797.8866299046186,797.8866299046186,797.8866299046186,797.8866299046186,797.8866299046186,2023-12-20,0,0,0,0,0,0
,797.4053605854511,797.4053605854511,797.4053605854511,797.4053605854511,797.4053605854511,2023-12-21,0,0,0,0,0,0
,810.2061727817437,810.2061727817437,810.2061727817437,810.2061727817437,810.2061727817437,2023-12-22,0,0,0,0,0,0
,805.2254381329979,805.2254381329979,805.2254381329979,805.2254381329979,805.2254381329979,2023-12-26,0,0,0,0,0,0
,809.1956509594698,809.1956509594698,809.1956509594698,809.1956509594698,809.1956509594698,2023-12-27,0,0,0,0,0,0
,822.5739617312327,822.5739617312327,822.5739617312327,822.5739617312327,822.5739617312327,2023-12-28,0,0,0,0,0,0
,816.6547445554177,816.6547445554177,816.6547445554177,816.6547445554177,816.6547445554177,2023-12-29,0,0,0,0,0,0
,820.9858453500456,820.9858453500456,820.9858453500456,820.9858453500456,820.9858453500456,2024-01-01,0,0,0,0,0,0
,817.5210091672456,817.5210091672456,817.5210091672456,817.5210091672456,817.5210091672456,2024-01-02,0,0,0,0,0,0
,819.0609155587073,819.0609155587073,819.0609155587073,819.0609155587073,819.0609155587073,2024-01-03,0,0,0,0,0,0
,807.5112794385394,807.5112794385394,807.5112794385394,807.5112794385394,807.5112794385394,2024-01-04,0,0,0,0,0,0
,811.9146161901213,811.9146161901213,811.9146161901213,811.9146161901213,811.9146161901213,2024-01-05,0,0,0,0,0,0
,807.7519395894117,807.7519395894117,807.7519395894117,807.7519395894117,807.7519395894117,2024-01-08,0,0,0,0,0,0
,802.2899079214475,802.2899079214475,802.2899079214475,802.2899079214475,802.2899079214475,2024-01-09,0,0,0,0,0,0
,790.6680628757774,790.6680628757774,790.6680628757774,790.6680628757774,790.6680628757774,2024-01-10,0,0,0,0,0,0
,798.849120501535,798.849120501535,798.849120501535,798.849120501535,798.849120501535,2024-01-11,0,0,0,0,0,0
,794.9991735039283,794.9991735039283,794.9991735039283,794.9991735039283,794.9991735039283,2024-01-12,0,0,0,0,0,0
,792.9298809476207,792.9298809476207,792.9298809476207,792.9298809476207,792.9298809476207,2024-01-15,0,0,0,0,0,0
,805.1050941663964,805.1050941663964,805.1050941663964,805.1050941663964,805.1050941663964,2024-01-16,0,0,0,0,0,0
,755.5380061451982,755.5380061451982,755.5380061451982,755.5380061451982,755.5380061451982,2024-01-17,0,0,0,0,0,0
,718.964140414,718.964140414,718.964140414,718.964140414,718.964140414,2024-01-18,0,0,0,0,0,0
,724.7148944026496,724.7148944026496,724.7148944026496,724.7148944026496,724.7148944026496,2024-01-19,0,0,0,0,0,0
,705.0083790514392,705.0083790514392,705.0083790514392,705.0083790514392,705.0083790514392,2024-01-23,0,0,0,0,0,0
,664.2237575453395,664.2237575453395,664.2237575453395,664.2237575453395,664.2237575453395,2024-01-24,0,0,0,0,0,0
,698.9929681112263,698.9929681112263,698.9929681112263,698.9929681112263,698.9929681112263,2024-01-25,0,0,0,0,0,0
,696.851452798322,696.851452798322,696.851452798322,696.851452798322,696.851452798322,2024-01-29,0,0,0,0,0,0
,699.97952765381,699.97952765381,699.97952765381,699.97952765381,699.97952765381,2024-01-30,0,0,0,0,0,0
,692.7369301389425,692.7369301389425,692.7369301389425,692.7369301389425,692.7369301389425,2024-01-31,0,0,0,0,0,0
,705.0324505733819,705.0324505733819,705.0324505733819,705.0324505733819,705.0324505733819,2024-02-01,0,0,0,0,0,0
,709.820734370058,709.820734370058,709.820734370058,709.820734370058,709.820734370058,2024-02-02,0,0,0,0,0,0
,695.8649547562138,695.8649547562138,695.8649547562138,695.8649547562138,695.8649547562138,2024-02-05,0,0,0,0,0,0
,695.6483866262317,695.6483866262317,695.6483866262317,695.6483866262317,695.6483866262317,2024-02-06,0,0,0,0,0,0
,699.2335898037843,699.2335898037843,699.2335898037843,699.2335898037843,699.2335898037843,2024-02-07,0,0,0,0,0,0
,688.0929690365573,688.0929690365573,688.0929690365573,688.0929690365573,688.0929690365573,2024-02-08,0,0,0,0,0,0
,669.9504610765299,669.9504610765299,669.9504610765299,669.9504610765299,669.9504610765299,2024-02-09,0,0,0,0,0,0
,673.5596948842136,673.5596948842136,673.5596948842136,673.5596948842136,673.5596948842136,2024-02-12,0,0,0,0,0,0
,669.8542259643353,669.8542259643353,669.8542259643353,669.8542259643353,669.8542259643353,2024-02-13,0,0,0,0,0,0
,662.17852984326,662.17852984326,662.17852984326,662.17852984326,662.17852984326,2024-02-14,0,0,0,0,0,0
,666.5096196461675,666.5096196461675,666.5096196461675,666.5096196461675,666.5096196461675,2024-02-15,0,0,0,0,0,0
,685.2296861695988,685.2296861695988,685.2296861695988,685.2296861695988,685.2296861695988,2024-02-16,0,0,0,0,0,0
,687.6839766582194,687.6839766582194,687.6839766582194,687.6839766582194,687.6839766582194,2024-02-19,0,0,0,0,0,0
,680.9466570043411,680.9466570043411,680.9466570043411,680.9466570043411,680.9466570043411,2024-02-20,0,0,0,0,0,0
,704.5271442417869,704.5271442417869,704.5271442417869,704.5271442417869,704.5271442417869,2024-02-21,0,0,0,0,0,0
,682.2700461172175,682.2700461172175,682.2700461172175,682.2700461172175,682.2700461172175,2024-02-22,0,0,0,0,0,0
,684.5800439230268,684.5800439230268,684.5800439230268,684.5800439230268,684.5800439230268,2024-02-23,0,0,0,0,0,0
,680.2489157588611,680.2489157588611,680.2489157588611,680.2489157588611,680.2489157588611,2024-02-26,0,0,0,0,0,0
,680.2489135187975,680.2489135187975,680.2489135187975,680.2489135187975,680.2489135187975,2024-02-27,0,0,0,0,0,0
,683.425039780713,683.425039780713,683.425039780713,683.425039780713,683.425039780713,2024-02-28,0,0,0,0,0,0
,674.738751654688,674.738751654688,674.738751654688,674.738751654688,674.738751654688,2024-02-29,0,0,0,0,0,0
,673.7281651341079,673.7281651341079,673.7281651341079,673.7281651341079,673.7281651341079,2024-03-01,0,0,0,0,0,0
,688.6223173681863,688.6223173681863,688.6223173681863,688.6223173681863,688.6223173681863,2024-03-04,0,0,0,0,0,0
,684.3152794485474,684.3152794485474,684.3152794485474,684.3152794485474,684.3152794485474,2024-03-05,0,0,0,0,0,0
,689.8735628764491,689.8735628764491,689.8735628764491,689.8735628764491,689.8735628764491,2024-03-06,0,0,0,0,0,0
,695.6242960233407,695.6242960233407,695.6242960233407,695.6242960233407,695.6242960233407,2024-03-07,0,0,0,0,0,0
,688.1651985399441,688.1651985399441,688.1651985399441,688.1651985399441,688.1651985399441,2024-03-11,0,0,0,0,0,0
,690.0901189247743,690.0901189247743,690.0901189247743,690.0901189247743,690.0901189247743,2024-03-12,0,0,0,0,0,0
,705.2490224929844,705.2490224929844,705.2490224929844,705.2490224929844,705.2490224929844,2024-03-13,0,0,0,0,0,0
,703.612818227614,703.612818227614,703.612818227614,703.612818227614,703.612818227614,2024-03-14,0,0,0,0,0,0
,697.7899025966905,697.7899025966905,697.7899025966905,697.7899025966905,697.7899025966905,2024-03-15,0,0,0,0,0,0
,696.346187275041,696.346187275041,696.346187275041,696.346187275041,696.346187275041,2024-03-18,0,0,0,0,0,0
,690.8119662345265,690.8119662345265,690.8119662345265,690.8119662345265,690.8119662345265,2024-03-19,0,0,0,0,0,0
,697.3326898829163,697.3326898829163,697.3326898829163,697.3326898829163,697.3326898829163,2024-03-20,0,0,0,0,0,0
,694.2287288080258,694.2287288080258,694.2287288080258,694.2287288080258,694.2287288080258,2024-03-21,0,0,0,0,0,0
,693.4587271878006,693.4587271878006,693.4587271878006,693.4587271878006,693.4587271878006,2024-03-22,0,0,0,0,0,0
,686.817724775159,686.817724775159,686.817724775159,686.817724775159,686.817724775159,2024-03-26,0,0,0,0,0,0
,685.06126894079,685.06126894079,685.06126894079,685.06126894079,685.06126894079,2024-03-27,0,0,0,0,0,0
,693.3143739614376,693.3143739614376,693.3143739614376,693.3143739614376,693.3143739614376,2024-03-28,0,0,0,0,0,0
,701.6397216547837,701.6397216547837,701.6397216547837,701.6397216547837,701.6397216547837,2024-04-01,0,0,0,0,0,0
,705.0805566369718,705.0805566369718,705.0805566369718,705.0805566369718,705.0805566369718,2024-04-02,0,0,0,0,0,0
,708.4251749594738,708.4251749594738,708.4251749594738,708.4251749594738,708.4251749594738,2024-04-03,0,0,0,0,0,0
,723.7765467573814,723.7765467573814,723.7765467573814,723.7765467573814,723.7765467573814,2024-04-04,0,0,0,0,0,0
,740.6197309986502,740.6197309986502,740.6197309986502,740.6197309986502,740.6197309986502,2024-04-05,0,0,0,0,0,0
,748.2953950374196,748.2953950374196,748.2953950374196,748.2953950374196,748.2953950374196,2024-04-08,0,0,0,0,0,0
,748.247256453507,748.247256453507,748.247256453507,748.247256453507,748.247256453507,2024-04-09,0,0,0,0,0,0
,745.8652322489452,745.8652322489452,745.8652322489452,745.8652322489452,745.8652322489452,2024-04-10,0,0,0,0,0,0
,731.9575623724307,731.9575623724307,731.9575623724307,731.9575623724307,731.9575623724307,2024-04-12,0,0,0,0,0,0
,720.672590409408,720.672590409408,720.672590409408,720.672590409408,720.672590409408,2024-04-15,0,0,0,0,0,0
,715.5955137006688,715.5955137006688,715.5955137006688,715.5955137006688,715.5955137006688,2024-04-16,0,0,0,0,0,0
,726.5677117373554,726.5677117373554,726.5677117373554,726.5677117373554,726.5677117373554,2024-04-18,0,0,0,0,0,0
,715.379006632492,715.379006632492,715.379006632492,715.379006632492,715.379006632492,2024-04-19,0,0,0,0,0,0
,749.4744241169775,749.4744241169775,749.4744241169775,749.4744241169775,749.4744241169775,2024-04-22,0,0,0,0,0,0
,734.5080289331231,734.5080289331231,734.5080289331231,734.5080289331231,734.5080289331231,2024-04-23,0,0,0,0,0,0
,729.0700915935163,729.0700915935163,729.0700915935163,729.0700915935163,729.0700915935163,2024-04-24,0,0,0,0,0,0
,724.8593474468134,724.8593474468134,724.8593474468134,724.8593474468134,724.8593474468134,2024-04-25,0,0,0,0,0,0
,731.3800317721633,731.3800317721633,731.3800317721633,731.3800317721633,731.3800317721633,2024-04-26,0,0,0,0,0,0
,729.0700752230865,729.0700752230865,729.0700752230865,729.0700752230865,729.0700752230865,2024-04-29,0,0,0,0,0,0
,735.9035740391075,735.9035740391075,735.9035740391075,735.9035740391075,735.9035740391075,2024-04-30,0,0,0,0,0,0
,732.4387463958486,732.4387463958486,732.4387463958486,732.4387463958486,732.4387463958486,2024-05-02,0,0,0,0,0,0
,737.8526750637805,737.8526750637805,737.8526750637805,737.8526750637805,737.8526750637805,2024-05-03,0,0,0,0,0,0
,732.438772798343,732.438772798343,732.438772798343,732.438772798343,732.438772798343,2024-05-06,0,0,0,0,0,0
,732.4146866919178,732.4146866919178,732.4146866919178,732.4146866919178,732.4146866919178,2024-05-07,0,0,0,0,0,0
,719.9025179774412,719.9025179774412,719.9025179774412,719.9025179774412,719.9025179774412,2024-05-08,0,0,0,0,0,0
,709.7966527363385,709.7966527363385,709.7966527363385,709.7966527363385,709.7966527363385,2024-05-09,0,0,0,0,0,0
,711.6708342116414,711.6708342116414,711.6708342116414,711.6708342116414,711.6708342116414,2024-05-10,0,0,0,0,0,0
,708.2089541772247,708.2089541772247,708.2089541772247,708.2089541772247,708.2089541772247,2024-05-13,0,0,0,0,0,0
,718.22378620478,718.22378620478,718.22378620478,718.22378620478,718.22378620478,2024-05-14,0,0,0,0,0,0
,721.9082174518683,721.9082174518683,721.9082174518683,721.9082174518683,721.9082174518683,2024-05-15,0,0,0,0,0,0
,715.157518720131,715.157518720131,715.157518720131,715.157518720131,715.157518720131,2024-05-16,0,0,0,0,0,0
,715.2316656337492,715.2316656337492,715.2316656337492,715.2316656337492,715.2316656337492,2024-05-17,0,0,0,0,0,0
,717.1604326104932,717.1604326104932,717.1604326104932,717.1604326104932,717.1604326104932,2024-05-21,0,0,0,0,0,0
,720.9933066861782,720.9933066861782,720.9933066861782,720.9933066861782,720.9933066861782,2024-05-22,0,0,0,0,0,0
,721.3889351295842,721.3889351295842,721.3889351295842,721.3889351295842,721.3889351295842,2024-05-23,0,0,0,0,0,0
,735.657009867002,735.657009867002,735.657009867002,735.657009867002,735.657009867002,2024-05-24,0,0,0,0,0,0
,753.386948018145,753.386948018145,753.386948018145,753.386948018145,753.386948018145,2024-05-27,0,0,0,0,0,0
,756.7251988669668,756.7251988669668,756.7251988669668,756.7251988669668,756.7251988669668,2024-05-28,0,0,0,0,0,0
,750.7410489192533,750.7410489192533,750.7410489192533,750.7410489192533,750.7410489192533,2024-05-29,0,0,0,0,0,0
,741.4433011473677,741.4433011473677,741.4433011473677,741.4433011473677,741.4433011473677,2024-05-30,0,0,0,0,0,0
,751.2355783998958,751.2355783998958,751.2355783998958,751.2355783998958,751.2355783998958,2024-05-31,0,0,0,0,0,0
,790.8003565676889,790.8003565676889,790.8003565676889,790.8003565676889,790.8003565676889,2024-06-03,0,0,0,0,0,0
,770.0288704123839,770.0288704123839,770.0288704123839,770.0288704123839,770.0288704123839,2024-06-04,0,0,0,0,0,0
,738.8963534687351,738.8963534687351,738.8963534687351,738.8963534687351,738.8963534687351,2024-06-05,0,0,0,0,0,0
,773.935880390408,773.935880390408,773.935880390408,773.935880390408,773.935880390408,2024-06-06,0,0,0,0,0,0
,772.0318249530194,772.0318249530194,772.0318249530194,772.0318249530194,772.0318249530194,2024-06-07,0,0,0,0,0,0
,778.4363970142696,778.4363970142696,778.4363970142696,778.4363970142696,778.4363970142696,2024-06-10,0,0,0,0,0,0
,769.5343282958008,769.5343282958008,769.5343282958008,769.5343282958008,769.5343282958008,2024-06-11,0,0,0,0,0,0
,778.9309224262815,778.9309224262815,778.9309224262815,778.9309224262815,778.9309224262815,2024-06-12,0,0,0,0,0,0
,782.2692175314205,782.2692175314205,782.2692175314205,782.2692175314205,782.2692175314205,2024-06-13,0,0,0,0,0,0
,783.3819525669433,783.3819525669433,783.3819525669433,783.3819525669433,783.3819525669433,2024-06-14,0,0,0,0,0,0
,789.7617573819961,789.7617573819961,789.7617573819961,789.7617573819961,789.7617573819961,2024-06-18,0,0,0,0,0,0
,797.9220138815658,797.9220138815658,797.9220138815658,797.9220138815658,797.9220138815658,2024-06-19,0,0,0,0,0,0
,825.8151782490594,825.8151782490594,825.8151782490594,825.8151782490594,825.8151782490594,2024-06-20,0,0,0,0,0,0
,827.3235539541299,827.3235539541299,827.3235539541299,827.3235539541299,827.3235539541299,2024-06-21,0,0,0,0,0,0
,814.5391944673332,814.5391944673332,814.5391944673332,814.5391944673332,814.5391944673332,2024-06-24,0,0,0,0,0,0
,826.4580622064062,826.4580622064062,826.4580622064062,826.4580622064062,826.4580622064062,2024-06-25,0,0,0,0,0,0
,844.6825592195571,844.6825592195571,844.6825592195571,844.6825592195571,844.6825592195571,2024-06-26,0,0,0,0,0,0
,838.8220496434358,838.8220496434358,838.8220496434358,838.8220496434358,838.8220496434358,2024-06-27,0,0,0,0,0,0
,839.5638961186019,839.5638961186019,839.5638961186019,839.5638961186019,839.5638961186019,2024-06-28,0,0,0,0,0,0
,830.8596393241663,830.8596393241663,830.8596393241663,830.8596393241663,830.8596393241663,2024-07-01,0,0,0,0,0,0
,848.1692251398825,848.1692251398825,848.1692251398825,848.1692251398825,848.1692251398825,2024-07-02,0,0,0,0,0,0
,885.7557199946634,885.7557199946634,885.7557199946634,885.7557199946634,885.7557199946634,2024-07-03,0,0,0,0,0,0
,870.3007837565597,870.3007837565597,870.3007837565597,870.3007837565597,870.3007837565597,2024-07-04,0,0,0,0,0,0
,833.3324416247847,833.3324416247847,833.3324416247847,833.3324416247847,833.3324416247847,2024-07-05,0,0,0,0,0,0
,813.6984894445985,813.6984894445985,813.6984894445985,813.6984894445985,813.6984894445985,2024-07-08,0,0,0,0,0,0
,803.6588813928593,803.6588813928593,803.6588813928593,803.6588813928593,803.6588813928593,2024-07-09,0,0,0,0,0,0
,806.1069221261695,806.1069221261695,806.1069221261695,806.1069221261695,806.1069221261695,2024-07-10,0,0,0,0,0,0
,803.1396038660503,803.1396038660503,803.1396038660503,803.1396038660503,803.1396038660503,2024-07-11,0,0,0,0,0,0
,802.1751949386293,802.1751949386293,802.1751949386293,802.1751949386293,802.1751949386293,2024-07-12,0,0,0,0,0,0
,802.9170655405684,802.9170655405684,802.9170655405684,802.9170655405684,802.9170655405684,2024-07-15,0,0,0,0,0,0
,801.5569982727399,801.5569982727399,801.5569982727399,801.5569982727399,801.5569982727399,2024-07-16,0,0,0,0,0,0
,795.2514132805662,795.2514132805662,795.2514132805662,795.2514132805662,795.2514132805662,2024-07-18,0,0,0,0,0,0
,799.2078543012296,799.2078543012296,799.2078543012296,799.2078543012296,799.2078543012296,2024-07-19,0,0,0,0,0,0
,799.7024250934729,799.7024250934729,799.7024250934729,799.7024250934729,799.7024250934729,2024-07-22,0,0,0,0,0,0
,814.8112530537705,814.8112530537705,814.8112530537705,814.8112530537705,814.8112530537705,2024-07-23,0,0,0,0,0,0
,795.3255937640898,795.3255937640898,795.3255937640898,795.3255937640898,795.3255937640898,2024-07-24,0,0,0,0,0,0
,787.8329898611263,787.8329898611263,787.8329898611263,787.8329898611263,787.8329898611263,2024-07-25,0,0,0,0,0,0
,793.7677120388416,793.7677120388416,793.7677120388416,793.7677120388416,793.7677120388416,2024-07-26,0,0,0,0,0,0
,798.7133216768059,798.7133216768059,798.7133216768059,798.7133216768059,798.7133216768059,2024-07-29,0,0,0,0,0,0
,792.2840484772247,792.2840484772247,792.2840484772247,792.2840484772247,792.2840484772247,2024-07-30,0,0,0,0,0,0
,798.218749697799,798.218749697799,798.218749697799,798.218749697799,798.218749697799,2024-07-31,0,0,0,0,0,0
,802.6203205386024,802.6203205386024,802.6203205386024,802.6203205386024,802.6203205386024,2024-08-01,0,0,0,0,0,0
,806.6262389770505,806.6262389770505,806.6262389770505,806.6262389770505,806.6262389770505,2024-08-02,0,0,0,0,0,0
,811.1267359923157,811.1267359923157,811.1267359923157,811.1267359923157,811.1267359923157,2024-08-05,0,0,0,0,0,0
,806.1316994014651,806.1316994014651,806.1316994014651,806.1316994014651,806.1316994014651,2024-08-06,0,0,0,0,0,0
,799.702417653856,799.702417653856,799.702417653856,799.702417653856,799.702417653856,2024-08-07,0,0,0,0,0,0
,803.1643622151092,803.1643622151092,803.1643622151092,803.1643622151092,803.1643622151092,2024-08-08,0,0,0,0,0,0
,817.0119960604917,817.0119960604917,817.0119960604917,817.0119960604917,817.0119960604917,2024-08-09,0,0,0,0,0,0
,817.0119650379326,817.0119650379326,817.0119650379326,817.0119650379326,817.0119650379326,2024-08-12,0,0,0,0,0,0
,805.1425981089152,805.1425981089152,805.1425981089152,805.1425981089152,805.1425981089152,2024-08-13,0,0,0,0,0,0
,794.5095145826111,794.5095145826111,794.5095145826111,794.5095145826111,794.5095145826111,2024-08-14,0,0,0,0,0,0
,805.3898256326419,805.3898256326419,805.3898256326419,805.3898256326419,805.3898256326419,2024-08-16,0,0,0,0,0,0
,809.9150540665227,809.9150540665227,809.9150540665227,809.9150540665227,809.9150540665227,2024-08-19,0,0,0,0,0,0
,804.8705253703886,804.8705253703886,804.8705253703886,804.8705253703886,804.8705253703886,2024-08-20,0,0,0,0,0,0
,805.1920156414193,805.1920156414193,805.1920156414193,805.1920156414193,805.1920156414193,2024-08-21,0,0,0,0,0,0
,807.1208255853022,807.1208255853022,807.1208255853022,807.1208255853022,807.1208255853022,2024-08-22,0,0,0,0,0,0
,808.1099365929986,808.1099365929986,808.1099365929986,808.1099365929986,808.1099365929986,2024-08-23,0,0,0,0,0,0
,807.2197164517081,807.2197164517081,807.2197164517081,807.2197164517081,807.2197164517081,2024-08-26,0,0,0,0,0,0
,812.7588108486618,812.7588108486618,812.7588108486618,812.7588108486618,812.7588108486618,2024-08-27,0,0,0,0,0,0
,809.9645420446893,809.9645420446893,809.9645420446893,809.9645420446893,809.9645420446893,2024-08-28,0,0,0,0,0,0
,812.0663739005627,812.0663739005627,812.0663739005627,812.0663739005627,812.0663739005627,2024-08-29,0,0,0,0,0,0
,818.9902606997957,818.9902606997957,818.9902606997957,818.9902606997957,818.9902606997957,2024-08-30,0,0,0,0,0,0
,814.4402803944014,814.4402803944014,814.4402803944014,814.4402803944014,814.4402803944014,2024-09-02,0,0,0,0,0,0
,808.1099010070027,808.1099010070027,808.1099010070027,808.1099010070027,808.1099010070027,2024-09-03,0,0,0,0,0,0
,810.5827390293232,810.5827390293232,810.5827390293232,810.5827390293232,810.5827390293232,2024-09-04,0,0,0,0,0,0
,814.0446147735462,814.0446147735462,814.0446147735462,814.0446147735462,814.0446147735462,2024-09-05,0,0,0,0,0,0
,810.236551029228,810.236551029228,810.236551029228,810.236551029228,810.236551029228,2024-09-06,0,0,0,0,0,0
,810.0881768767318,810.0881768767318,810.0881768767318,810.0881768767318,810.0881768767318,2024-09-09,0,0,0,0,0,0
,818.0011375280176,818.0011375280176,818.0011375280176,818.0011375280176,818.0011375280176,2024-09-10,0,0,0,0,0,0
,816.2207391956355,816.2207391956355,816.2207391956355,816.2207391956355,816.2207391956355,2024-09-11,0,0,0,0,0,0
,818.0011086381118,818.0011086381118,818.0011086381118,818.0011086381118,818.0011086381118,2024-09-12,0,0,0,0,0,0
,827.8922984361488,827.8922984361488,827.8922984361488,827.8922984361488,827.8922984361488,2024-09-13,0,0,0,0,0,0
,824.4303649829031,824.4303649829031,824.4303649829031,824.4303649829031,824.4303649829031,2024-09-16,0,0,0,0,0,0
,829.8705392730935,829.8705392730935,829.8705392730935,829.8705392730935,829.8705392730935,2024-09-17,0,0,0,0,0,0
,826.8289658581398,826.8289658581398,826.8289658581398,826.8289658581398,826.8289658581398,2024-09-18,0,0,0,0,0,0
,840.355164064941,840.355164064941,840.355164064941,840.355164064941,840.355164064941,2024-09-19,0,0,0,0,0,0
,848.9110571189807,848.9110571189807,848.9110571189807,848.9110571189807,848.9110571189807,2024-09-20,0,0,0,0,0,0
,864.9842357759095,864.9842357759095,864.9842357759095,864.9842357759095,864.9842357759095,2024-09-23,0,0,0,0,0,0
,872.8972095571721,872.8972095571721,872.8972095571721,872.8972095571721,872.8972095571721,2024-09-24,0,0,0,0,0,0
,870.4986083342028,870.4986083342028,870.4986083342028,870.4986083342028,870.4986083342028,2024-09-25,0,0,0,0,0,0
,876.8784209519819,876.8784209519819,876.8784209519819,876.8784209519819,876.8784209519819,2024-09-26,0,0,0,0,0,0
,878.8319364182684,878.8319364182684,878.8319364182684,878.8319364182684,878.8319364182684,2024-09-27,0,0,0,0,0,0
,864.8853701436061,864.8853701436061,864.8853701436061,864.8853701436061,864.8853701436061,2024-09-30,0,0,0,0,0,0
,852.6202456256723,852.6202456256723,852.6202456256723,852.6202456256723,852.6202456256723,2024-10-01,0,0,0,0,0,0
,848.4906876477436,848.4906876477436,848.4906876477436,848.4906876477436,848.4906876477436,2024-10-03,0,0,0,0,0,0
,828.1395869381932,828.1395869381932,828.1395869381932,828.1395869381932,828.1395869381932,2024-10-04,0,0,0,0,0,0
,817.1108756255192,817.1108756255192,817.1108756255192,817.1108756255192,817.1108756255192,2024-10-07,0,0,0,0,0,0
,806.1316776388605,806.1316776388605,806.1316776388605,806.1316776388605,806.1316776388605,2024-10-08,0,0,0,0,0,0
,815.7756080998508,815.7756080998508,815.7756080998508,815.7756080998508,815.7756080998508,2024-10-09,0,0,0,0,0,0
,810.5826957697835,810.5826957697835,810.5826957697835,810.5826957697835,810.5826957697835,2024-10-10,0,0,0,0,0,0
,823.1692549129062,823.1692549129062,823.1692549129062,823.1692549129062,823.1692549129062,2024-10-11,0,0,0,0,0,0
,819.0150101360982,819.0150101360982,819.0150101360982,819.0150101360982,819.0150101360982,2024-10-14,0,0,0,0,0,0
,837.7834783871178,837.7834783871178,837.7834783871178,837.7834783871178,837.7834783871178,2024-10-15,0,0,0,0,0,0
,830.9091224661222,830.9091224661222,830.9091224661222,830.9091224661222,830.9091224661222,2024-10-16,0,0,0,0,0,0
,838.2532805925409,838.2532805925409,838.2532805925409,838.2532805925409,838.2532805925409,2024-10-17,0,0,0,0,0,0
,822.5016097295583,822.5016097295583,822.5016097295583,822.5016097295583,822.5016097295583,2024-10-18,0,0,0,0,0,0
,848.1692028251224,848.1692028251224,848.1692028251224,848.1692028251224,848.1692028251224,2024-10-21,0,0,0,0,0,0
,855.6123858594864,855.6123858594864,855.6123858594864,855.6123858594864,855.6123858594864,2024-10-22,0,0,0,0,0,0
,843.2484162089403,843.2484162089403,843.2484162089403,843.2484162089403,843.2484162089403,2024-10-23,0,0,0,0,0,0
,859.5935408112696,859.5935408112696,859.5935408112696,859.5935408112696,859.5935408112696,2024-10-24,0,0,0,0,0,0
,867.9515976583842,867.9515976583842,867.9515976583842,867.9515976583842,867.9515976583842,2024-10-25,0,0,0,0,0,0
,861.5223206649657,861.5223206649657,861.5223206649657,861.5223206649657,861.5223206649657,2024-10-28,0,0,0,0,0,0
,853.6835873421859,853.6835873421859,853.6835873421859,853.6835873421859,853.6835873421859,2024-10-29,0,0,0,0,0,0
,861.5223610141225,861.5223610141225,861.5223610141225,861.5223610141225,861.5223610141225,2024-10-30,0,0,0,0,0,0
,854.5984727039183,854.5984727039183,854.5984727039183,854.5984727039183,854.5984727039183,2024-10-31,0,0,0,0,0,0
,857.0713077719009,857.0713077719009,857.0713077719009,857.0713077719009,857.0713077719009,2024-11-01,0,0,0,0,0,0
,863.0060162056336,863.0060162056336,863.0060162056336,863.0060162056336,863.0060162056336,2024-11-04,0,0,0,0,0,0
,842.2345175002172,842.2345175002172,842.2345175002172,842.2345175002172,842.2345175002172,2024-11-05,0,0,0,0,0,0
,876.1118453894734,876.1118453894734,876.1118453894734,876.1118453894734,876.1118453894734,2024-11-06,0,0,0,0,0,0
,862.6598245654927,862.6598245654927,862.6598245654927,862.6598245654927,862.6598245654927,2024-11-07,0,0,0,0,0,0
,866.4679192572124,866.4679192572124,866.4679192572124,866.4679192572124,866.4679192572124,2024-11-08,0,0,0,0,0,0
,867.7290890558342,867.7290890558342,867.7290890558342,867.7290890558342,867.7290890558342,2024-11-11,0,0,0,0,0,0
,876.3590846616112,876.3590846616112,876.3590846616112,876.3590846616112,876.3590846616112,2024-11-12,0,0,0,0,0,0
,849.0346943403182,849.0346943403182,849.0346943403182,849.0346943403182,849.0346943403182,2024-11-13,0,0,0,0,0,0
,827.4471805574024,827.4471805574024,827.4471805574024,827.4471805574024,827.4471805574024,2024-11-14,0,0,0,0,0,0
,840.7508308706525,840.7508308706525,840.7508308706525,840.7508308706525,840.7508308706525,2024-11-18,0,0,0,0,0,0
,847.6746949660999,847.6746949660999,847.6746949660999,847.6746949660999,847.6746949660999,2024-11-19,0,0,0,0,0,0
,865.1820705210092,865.1820705210092,865.1820705210092,865.1820705210092,865.1820705210092,2024-11-21,0,0,0,0,0,0
,862.2889239945926,862.2889239945926,862.2889239945926,862.2889239945926,862.2889239945926,2024-11-22,0,0,0,0,0,0
,882.813111612645,882.813111612645,882.813111612645,882.813111612645,882.813111612645,2024-11-25,0,0,0,0,0,0
,895.1523761238119,895.1523761238119,895.1523761238119,895.1523761238119,895.1523761238119,2024-11-26,0,0,0,0,0,0
,885.2117154093354,885.2117154093354,885.2117154093354,885.2117154093354,885.2117154093354,2024-11-27,0,0,0,0,0,0
,899.6033767351272,899.6033767351272,899.6033767351272,899.6033767351272,899.6033767351272,2024-11-28,0,0,0,0,0,0
,890.84973234324,890.84973234324,890.84973234324,890.84973234324,890.84973234324,2024-11-29,0,0,0,0,0,0
,891.9377419237233,891.9377419237233,891.9377419237233,891.9377419237233,891.9377419237233,2024-12-02,0,0,0,0,0,0
,901.4332222848348,901.4332222848348,901.4332222848348,901.4332222848348,901.4332222848348,2024-12-03,0,0,0,0,0,0
,909.0,909.0,909.0,909.0,909.0,2024-12-04,0,0,0,0,0,0
,919.88034394157,919.88034394157,919.88034394157,919.88034394157,919.88034394157,2024-12-05,0,0,0,0,0,0
,918.3966361385092,918.3966361385092,918.3966361385092,918.3966361385092,918.3966361385092,2024-12-06,0,0,0,0,0,0
,916.739894932397,916.739894932397,916.739894932397,916.739894932397,916.739894932397,2024-12-09,0,0,0,0,0,0
,928.6339877475872,928.6339877475872,928.6339877475872,928.6339877475872,928.6339877475872,2024-12-10,0,0,0,0,0,0
,920.7210570298944,920.7210570298944,920.7210570298944,920.7210570298944,920.7210570298944,2024-12-11,0,0,0,0,0,0
,915.429285096372,915.429285096372,915.429285096372,915.429285096372,915.429285096372,2024-12-12,0,0,0,0,0,0
,921.1167325447444,921.1167325447444,921.1167325447444,921.1167325447444,921.1167325447444,2024-12-13,0,0,0,0,0,0
,922.4025825090224,922.4025825090224,922.4025825090224,922.4025825090224,922.4025825090224,2024-12-16,0,0,0,0,0,0
,918.0751871935556,918.0751871935556,918.0751871935556,918.0751871935556,918.0751871935556,2024-12-17,0,0,0,0,0,0
,904.969358193441,904.969358193441,904.969358193441,904.969358193441,904.969358193441,2024-12-18,0,0,0,0,0,0
,890.0089261951779,890.0089261951779,890.0089261951779,890.0089261951779,890.0089261951779,2024-12-19,0,0,0,0,0,0
,881.4035768672433,881.4035768672433,881.4035768672433,881.4035768672433,881.4035768672433,2024-12-20,0,0,0,0,0,0
,881.3047276930569,881.3047276930569,881.3047276930569,881.3047276930569,881.3047276930569,2024-12-23,0,0,0,0,0,0
,891.2206353553698,891.2206353553698,891.2206353553698,891.2206353553698,891.2206353553698,2024-12-24,0,0,0,0,0,0
,889.4896668257801,889.4896668257801,889.4896668257801,889.4896668257801,889.4896668257801,2024-12-26,0,0,0,0,0,0
,887.6351030662762,887.6351030662762,887.6351030662762,887.6351030662762,887.6351030662762,2024-12-27,0,0,0,0,0,0
,886.3492007198835,886.3492007198835,886.3492007198835,886.3492007198835,886.3492007198835,2024-12-30,0,0,0,0,0,0
,875.5183899347844,875.5183899347844,875.5183899347844,875.5183899347844,875.5183899347844,2024-12-31,0,0,0,0,0,0
,877.0761724744651,877.0761724744651,877.0761724744651,877.0761724744651,877.0761724744651,2025-01-01,0,0,0,0,0,0
,878.8813589072602,878.8813589072602,878.8813589072602,878.8813589072602,878.8813589072602,2025-01-02,0,0,0,0,0,0
,885.7557334037897,885.7557334037897,885.7557334037897,885.7557334037897,885.7557334037897,2025-01-03,0,0,0,0,0,0
,860.5826695347365,860.5826695347365,860.5826695347365,860.5826695347365,860.5826695347365,2025-01-06,0,0,0,0,0,0
,848.1692125054315,848.1692125054315,848.1692125054315,848.1692125054315,848.1692125054315,2025-01-07,0,0,0,0,0,0
,844.8309631702573,844.8309631702573,844.8309631702573,844.8309631702573,844.8309631702573,2025-01-08,0,0,0,0,0,0
,832.9120825317088,832.9120825317088,832.9120825317088,832.9120825317088,832.9120825317088,2025-01-09,0,0,0,0,0,0
,826.4086152573633,826.4086152573633,826.4086152573633,826.4086152573633,826.4086152573633,2025-01-10,0,0,0,0,0,0
,811.0772928855953,811.0772928855953,811.0772928855953,811.0772928855953,811.0772928855953,2025-01-13,0,0,0,0,0,0
,811.0278463113743,811.0278463113743,811.0278463113743,811.0278463113743,811.0278463113743,2025-01-14,0,0,0,0,0,0
,819.2374918888494,819.2374918888494,819.2374918888494,819.2374918888494,819.2374918888494,2025-01-15,0,0,0,0,0,0
,817.4323543947493,817.4323543947493,817.4323543947493,817.4323543947493,817.4323543947493,2025-01-16,0,0,0,0,0,0
,812.8082461283554,812.8082461283554,812.8082461283554,812.8082461283554,812.8082461283554,2025-01-17,0,0,0,0,0,0
,804.1534297969105,804.1534297969105,804.1534297969105,804.1534297969105,804.1534297969105,2025-01-20,0,0,0,0,0,0
,820.102974165005,820.102974165005,820.102974165005,820.102974165005,820.102974165005,2025-01-21,0,0,0,0,0,0
,812.2642314096465,812.2642314096465,812.2642314096465,812.2642314096465,812.2642314096465,2025-01-22,0,0,0,0,0,0
,834.3215948897786,834.3215948897786,834.3215948897786,834.3215948897786,834.3215948897786,2025-01-23,0,0,0,0,0,0
,820.9684922755642,820.9684922755642,820.9684922755642,820.9684922755642,820.9684922755642,2025-01-24,0,0,0,0,0,0
,811.6212597781287,811.6212597781287,811.6212597781287,811.6212597781287,811.6212597781287,2025-01-27,0,0,0,0,0,0
,814.5391775980519,814.5391775980519,814.5391775980519,814.5391775980519,814.5391775980519,2025-01-28,0,0,0,0,0,0
,828.3868424683864,828.3868424683864,828.3868424683864,828.3868424683864,828.3868424683864,2025-01-29,0,0,0,0,0,0
,831.3541854420887,831.3541854420887,831.3541854420887,831.3541854420887,831.3541854420887,2025-01-30,0,0,0,0,0,0
,834.4451973191599,834.4451973191599,834.4451973191599,834.4451973191599,834.4451973191599,2025-01-31,0,0,0,0,0,0
,839.514411978347,839.514411978347,839.514411978347,839.514411978347,839.514411978347,2025-02-01,0,0,0,0,0,0
,825.914069847498,825.914069847498,825.914069847498,825.914069847498,825.914069847498,2025-02-03,0,0,0,0,0,0
,835.1623116456053,835.1623116456053,835.1623116456053,835.1623116456053,835.1623116456053,2025-02-04,0,0,0,0,0,0
,857.0712816005666,857.0712816005666,857.0712816005666,857.0712816005666,857.0712816005666,2025-02-05,0,0,0,0,0,0
,858.3076976223431,858.3076976223431,858.3076976223431,858.3076976223431,858.3076976223431,2025-02-06,0,0,0,0,0,0
,865.4787798083339,865.4787798083339,865.4787798083339,865.4787798083339,865.4787798083339,2025-02-07,0,0,0,0,0,0
,849.3067522343022,849.3067522343022,849.3067522343022,849.3067522343022,849.3067522343022,2025-02-10,0,0,0,0,0,0
,842.2345201407762,842.2345201407762,842.2345201407762,842.2345201407762,842.2345201407762,2025-02-11,0,0,0,0,0,0
,837.2889486748277,837.2889486748277,837.2889486748277,837.2889486748277,837.2889486748277,2025-02-12,0,0,0,0,0,0
,840.2562935563526,840.2562935563526,840.2562935563526,840.2562935563526,840.2562935563526,2025-02-13,0,0,0,0,0,0
,841.6905248012127,841.6905248012127,841.6905248012127,841.6905248012127,841.6905248012127,2025-02-14,0,0,0,0,0,0
,833.4313269713399,833.4313269713399,833.4313269713399,833.4313269713399,833.4313269713399,2025-02-17,0,0,0,0,0,0
,847.2048585113112,847.2048585113112,847.2048585113112,847.2048585113112,847.2048585113112,2025-02-18,0,0,0,0,0,0
,849.1583389885324,849.1583389885324,849.1583389885324,849.1583389885324,849.1583389885324,2025-02-19,0,0,0,0,0,0
,846.1910127639487,846.1910127639487,846.1910127639487,846.1910127639487,846.1910127639487,2025-02-20,0,0,0,0,0,0
,831.3047500972469,831.3047500972469,831.3047500972469,831.3047500972469,831.3047500972469,2025-02-21,0,0,0,0,0,0
,831.4036522988879,831.4036522988879,831.4036522988879,831.4036522988879,831.4036522988879,2025-02-24,0,0,0,0,0,0
,826.4580582984072,826.4580582984072,826.4580582984072,826.4580582984072,826.4580582984072,2025-02-25,0,0,0,0,0,0
,832.1207817850297,832.1207817850297,832.1207817850297,832.1207817850297,832.1207817850297,2025-02-27,0,0,0,0,0,0
,833.3324728024684,833.3324728024684,833.3324728024684,833.3324728024684,833.3324728024684,2025-02-28,0,0,0,0,0,0
,860.4343505158643,860.4343505158643,860.4343505158643,860.4343505158643,860.4343505158643,2025-03-03,0,0,0,0,0,0
,839.7616994757401,839.7616994757401,839.7616994757401,839.7616994757401,839.7616994757401,2025-03-04,0,0,0,0,0,0
,841.7151964431243,841.7151964431243,841.7151964431243,841.7151964431243,841.7151964431243,2025-03-05,0,0,0,0,0,0
,834.3215566852482,834.3215566852482,834.3215566852482,834.3215566852482,834.3215566852482,2025-03-06,0,0,0,0,0,0
,831.848771123927,831.848771123927,831.848771123927,831.848771123927,831.848771123927,2025-03-07,0,0,0,0,0,0
,835.3106866319445,835.3106866319445,835.3106866319445,835.3106866319445,835.3106866319445,2025-03-10,0,0,0,0,0,0
,832.0465901366277,832.0465901366277,832.0465901366277,832.0465901366277,832.0465901366277,2025-03-11,0,0,0,0,0,0
,836.5718470958394,836.5718470958394,836.5718470958394,836.5718470958394,836.5718470958394,2025-03-12,0,0,0,0,0,0
,848.6885142038501,848.6885142038501,848.6885142038501,848.6885142038501,848.6885142038501,2025-03-13,0,0,0,0,0,0
,843.2236546626341,843.2236546626341,843.2236546626341,843.2236546626341,843.2236546626341,2025-03-17,0,0,0,0,0,0
,845.894287109375,845.894287109375,845.894287109375,845.894287109375,845.894287109375,2025-03-18,0,0,0,0,0,0
,858.0604352691031,858.0604352691031,858.0604352691031,858.0604352691031,858.0604352691031,2025-03-19,0,0,0,0,0,0
,867.4570202766122,867.4570202766122,867.4570202766122,867.4570202766122,867.4570202766122,2025-03-20,0,0,0,0,0,0
,868.2236490171963,868.2236490171963,868.2236490171963,868.2236490171963,868.2236490171963,2025-03-21,0,0,0,0,0,0
,879.8210412597656,879.8210412597656,879.8210412597656,879.8210412597656,879.8210412597656,2025-03-24,0,0,0,0,0,0
,892.6301428240463,892.6301428240463,892.6301428240463,892.6301428240463,892.6301428240463,2025-03-25,0,0,0,0,0,0
,902.5707623314628,902.5707623314628,902.5707623314628,902.5707623314628,902.5707623314628,2025-03-26,0,0,0,0,0,0
,890.2067688619484,890.2067688619484,890.2067688619484,890.2067688619484,890.2067688619484,2025-03-27,0,0,0,0,0,0
,904.5489919149948,904.5489919149948,904.5489919149948,904.5489919149948,904.5489919149948,2025-03-28,0,0,0,0,0,0
,891.1959148962379,891.1959148962379,891.1959148962379,891.1959148962379,891.1959148962379,2025-04-01,0,0,0,0,0,0
,875.7161547465231,875.7161547465231,875.7161547465231,875.7161547465231,875.7161547465231,2025-04-02,0,0,0,0,0,0
,880.8595993384149,880.8595993384149,880.8595993384149,880.8595993384149,880.8595993384149,2025-04-03,0,0,0,0,0,0
,896.6360660433086,896.6360660433086,896.6360660433086,896.6360660433086,896.6360660433086,2025-04-04,0,0,0,0,0,0
,871.8091659837349,871.8091659837349,871.8091659837349,871.8091659837349,871.8091659837349,2025-04-07,0,0,0,0,0,0
,872.8972127135281,872.8972127135281,872.8972127135281,872.8972127135281,872.8972127135281,2025-04-08,0,0,0,0,0,0
,872.897216796875,872.897216796875,872.897216796875,872.897216796875,872.897216796875,2025-04-09,0,0,0,0,0,0
,877.7191458375222,877.7191458375222,877.7191458375222,877.7191458375222,877.7191458375222,2025-04-11,0,0,0,0,0,0
,922.3531547965306,922.3531547965306,922.3531547965306,922.3531547965306,922.3531547965306,2025-04-15,0,0,0,0,0,0
,931.65087789309,931.65087789309,931.65087789309,931.65087789309,931.65087789309,2025-04-16,0,0,0,0,0,0
,930.7606659314406,930.7606659314406,930.7606659314406,930.7606659314406,930.7606659314406,2025-04-17,0,0,0,0,0,0
,951.5321247753582,951.5321247753582,951.5321247753582,951.5321247753582,951.5321247753582,2025-04-21,0,0,0,0,0,0
,956.9722921478614,956.9722921478614,956.9722921478614,956.9722921478614,956.9722921478614,2025-04-22,0,0,0,0,0,0
,978.6834279922238,978.6834279922238,978.6834279922238,978.6834279922238,978.6834279922238,2025-04-23,0,0,0,0,0,0
,944.6082860062515,944.6082860062515,944.6082860062515,944.6082860062515,944.6082860062515,2025-04-24,0,0,0,0,0,0
,951.9277760477684,951.9277760477684,951.9277760477684,951.9277760477684,951.9277760477684,2025-04-25,0,0,0,0,0,0
,945.201737168211,945.201737168211,945.201737168211,945.201737168211,945.201737168211,2025-04-28,0,0,0,0,0,0
,948.9604246244576,948.9604246244576,948.9604246244576,948.9604246244576,948.9604246244576,2025-04-29,0,0,0,0,0,0
,946.0919606394582,946.0919606394582,946.0919606394582,946.0919606394582,946.0919606394582,2025-04-30,0,0,0,0,0,0
,954.4006221017472,954.4006221017472,954.4006221017472,954.4006221017472,954.4006221017472,2025-05-02,0,0,0,0,0,0
,958.9504941175196,958.9504941175196,958.9504941175196,958.9504941175196,958.9504941175196,2025-05-05,0,0,0,0,0,0
,954.4994832691564,954.4994832691564,954.4994832691564,954.4994832691564,954.4994832691564,2025-05-06,0,0,0,0,0,0
,956.4777235793782,956.4777235793782,956.4777235793782,956.4777235793782,956.4777235793782,2025-05-07,0,0,0,0,0,0
,966.764563396747,966.764563396747,966.764563396747,966.764563396747,966.764563396747,2025-05-08,0,0,0,0,0,0
,944.6577478176148,944.6577478176148,944.6577478176148,944.6577478176148,944.6577478176148,2025-05-09,0,0,0,0,0,0
,948.3669400510574,948.3669400510574,948.3669400510574,948.3669400510574,948.3669400510574,2025-05-12,0,0,0,0,0,0
,964.3906589098536,964.3906589098536,964.3906589098536,964.3906589098536,964.3906589098536,2025-05-13,0,0,0,0,0,0
,950.5924615044366,950.5924615044366,950.5924615044366,950.5924615044366,950.5924615044366,2025-05-14,0,0,0,0,0,0
,946.33926678593,946.33926678593,946.33926678593,946.33926678593,946.33926678593,2025-05-15,0,0,0,0,0,0
,956.3788584731112,956.3788584731112,956.3788584731112,956.3788584731112,956.3788584731112,2025-05-16,0,0,0,0,0,0
,957.9613973326752,957.9613973326752,957.9613973326752,957.9613973326752,957.9613973326752,2025-05-19,0,0,0,0,0,0
,953.5598362823298,953.5598362823298,953.5598362823298,953.5598362823298,953.5598362823298,2025-05-20,0,0,0,0,0,0
,953.0158188688972,953.0158188688972,953.0158188688972,953.0158188688972,953.0158188688972,2025-05-21,0,0,0,0,0,0
,947.1799905275,947.1799905275,947.1799905275,947.1799905275,947.1799905275,2025-05-22,0,0,0,0,0,0
,949.6033562798516,949.6033562798516,949.6033562798516,949.6033562798516,949.6033562798516,2025-05-23,0,0,0,0,0,0
,956.9722610590912,956.9722610590912,956.9722610590912,956.9722610590912,956.9722610590912,2025-05-26,0,0,0,0,0,0
,955.2907448022736,955.2907448022736,955.2907448022736,955.2907448022736,955.2907448022736,2025-05-27,0,0,0,0,0,0
,949.652781171437,949.652781171437,949.652781171437,949.652781171437,949.652781171437,2025-05-28,0,0,0,0,0,0
,953.510341176232,953.510341176232,953.510341176232,953.510341176232,953.510341176232,2025-05-29,0,0,0,0,0,0
,955.4391372124952,955.4391372124952,955.4391372124952,955.4391372124952,955.4391372124952,2025-05-30,0,0,0,0,0,0
,954.5489062884246,954.5489062884246,954.5489062884246,954.5489062884246,954.5489062884246,2025-06-02,0,0,0,0,0,0
,958.4559643995624,958.4559643995624,958.4559643995624,958.4559643995624,958.4559643995624,2025-06-03,0,0,0,0,0,0
,950.0484392204654,950.0484392204654,950.0484392204654,950.0484392204654,950.0484392204654,2025-06-04,0,0,0,0,0,0
,963.4015272438888,963.4015272438888,963.4015272438888,963.4015272438888,963.4015272438888,2025-06-05,0,0,0,0,0,0
,961.4232889211332,961.4232889211332,961.4232889211332,961.4232889211332,961.4232889211332,2025-06-06,0,0,0,0,0,0
,986.6458648304324,986.6458648304324,986.6458648304324,986.6458648304324,986.6458648304324,2025-06-09,0,0,0,0,0,0
,980.612246620596,980.612246620596,980.612246620596,980.612246620596,980.612246620596,2025-06-10,0,0,0,0,0,0
,973.0948970543276,973.0948970543276,973.0948970543276,973.0948970543276,973.0948970543276,2025-06-11,0,0,0,0,0,0
,964.3906663258866,964.3906663258866,964.3906663258866,964.3906663258866,964.3906663258866,2025-06-12,0,0,0,0,0,0
,949.5538978058344,949.5538978058344,949.5538978058344,949.5538978058344,949.5538978058344,2025-06-13,0,0,0,0,0,0
,951.5321167467488,951.5321167467488,951.5321167467488,951.5321167467488,951.5321167467488,2025-06-16,0,0,0,0,0,0
,957.9613867228164,957.9613867228164,957.9613867228164,957.9613867228164,957.9613867228164,2025-06-17,0,0,0,0,0,0
,948.0702190858784,948.0702190858784,948.0702190858784,948.0702190858784,948.0702190858784,2025-06-18,0,0,0,0,0,0
,956.428271388678,956.428271388678,956.428271388678,956.428271388678,956.428271388678,2025-06-19,0,0,0,0,0,0
,955.2907435737948,955.2907435737948,955.2907435737948,955.2907435737948,955.2907435737948,2025-06-20,0,0,0,0,0,0
,963.599365234375,963.599365234375,963.599365234375,963.599365234375,963.599365234375,2025-06-23,0,0,0,0,0,0
,971.809053185964,971.809053185964,971.809053185964,971.809053185964,971.809053185964,2025-06-24,0,0,0,0,0,0
,972.3036366868828,972.3036366868828,972.3036366868828,972.3036366868828,972.3036366868828,2025-06-25,0,0,0,0,0,0
,979.9198164694816,979.9198164694816,979.9198164694816,979.9198164694816,979.9198164694816,2025-06-26,0,0,0,0,0,0
,1006.5,1006.5,1006.5,1006.5,1006.5,2025-06-27,0,0,0,0,0,0
,1005.75,1005.75,1005.75,1005.75,1005.75,2025-06-30,0,0,0,0,0,0
,1002.5,1002.5,1002.5,1002.5,1002.5,2025-07-01,0,0,0,0,0,0
,1009.9500122070312,1009.9500122070312,1009.9500122070312,1009.9500122070312,1009.9500122070312,2025-07-02,0,0,0,0,0,0
,997.4500122070312,997.4500122070312,997.4500122070312,997.4500122070312,997.4500122070312,2025-07-03,0,0,0,0,0,0
,993.5499877929688,993.5499877929688,993.5499877929688,993.5499877929688,993.5499877929688,2025-07-04,0,0,0,0,0,0
,994.5,994.5,994.5,994.5,994.5,2025-07-07,0,0,0,0,0,0
,988.5,988.5,988.5,988.5,988.5,2025-07-08,0,0,0,0,0,0
,1003.5,1003.5,1003.5,1003.5,1003.5,2025-07-09,0,0,0,0,0,0
,1008.0,1008.0,1008.0,1008.0,1008.0,2025-07-10,0,0,0,0,0,0
,999.0,999.0,999.0,999.0,999.0,2025-07-11,0,0,0,0,0,0
,991.5,991.5,991.5,991.5,991.5,2025-07-14,0,0,0,0,0,0
,986.5,986.5,986.5,986.5,986.5,2025-07-15,0,0,0,0,0,0
,1009.0,1009.0,1009.0,1009.0,1009.0,2025-07-16,0,0,0,0,0,0
,1002.0,1002.0,1002.0,1002.0,1002.0,2025-07-17,0,0,0,0,0,0
,993.4500122070312,993.4500122070312,993.4500122070312,993.4500122070312,993.4500122070312,2025-07-18,0,0,0,0,0,0
,989.0999755859376,989.0999755859376,989.0999755859376,989.0999755859376,989.0999755859376,2025-07-21,0,0,0,0,0,0
,1006.5499877929688,1006.5499877929688,1006.5499877929688,1006.5499877929688,1006.5499877929688,2025-07-22,0,0,0,0,0,0
,1005.5,1005.5,1005.5,1005.5,1005.5,2025-07-23,0,0,0,0,0,0
,1018.8499755859376,1018.8499755859376,1018.8499755859376,1018.8499755859376,1018.8499755859376,2025-07-24,0,0,0,0,0,0
,1007.5,1007.5,1007.5,1007.5,1007.5,2025-07-25,0,0,0,0,0,0
,1001.5,1001.5,1001.5,1001.5,1001.5,2025-07-28,0,0,0,0,0,0
,999.9500122070312,999.9500122070312,999.9500122070312,999.9500122070312,999.9500122070312,2025-07-29,0,0,0,0,0,0
,1014.0,1014.0,1014.0,1014.0,1014.0,2025-07-30,0,0,0,0,0,0
,1007.2999877929688,1007.2999877929688,1007.2999877929688,1007.2999877929688,1007.2999877929688,2025-07-31,0,0,0,0,0,0
,1007.0,1007.0,1007.0,1007.0,1007.0,2025-08-01,0,0,0,0,0,0
,1005.0499877929688,1005.0499877929688,1005.0499877929688,1005.0499877929688,1005.0499877929688,2025-08-04,0,0,0,0,0,0
,993.25,993.25,993.25,993.25,993.25,2025-08-05,0,0,0,0,0,0
,985.5499877929688,985.5499877929688,985.5499877929688,985.5499877929688,985.5499877929688,2025-08-06,0,0,0,0,0,0
,990.0499877929688,990.0499877929688,990.0499877929688,990.0499877929688,990.0499877929688,2025-08-07,0,0,0,0,0,0
,993.5499877929688,993.5499877929688,993.5499877929688,993.5499877929688,993.5499877929688,2025-08-08,0,0,0,0,0,0
,987.9500122070312,987.9500122070312,987.9500122070312,987.9500122070312,987.9500122070312,2025-08-11,0,0,0,0,0,0
,995.9500122070312,995.9500122070312,995.9500122070312,995.9500122070312,995.9500122070312,2025-08-12,0,0,0,0,0,0
,997.0,997.0,997.0,997.0,997.0,2025-08-13,0,0,0,0,0,0
,989.0,989.0,989.0,989.0,989.0,2025-08-14,0,0,0,0,0,0
,1005.0,1005.0,1005.0,1005.0,1005.0,2025-08-18,0,0,0,0,0,0
,999.1500244140624,999.1500244140624,999.1500244140624,999.1500244140624,999.1500244140624,2025-08-19,0,0,0,0,0,0
,993.5,993.5,993.5,993.5,993.5,2025-08-20,0,0,0,0,0,0
,998.75,998.75,998.75,998.75,998.75,2025-08-21,0,0,0,0,0,0
,994.9500122070312,994.9500122070312,994.9500122070312,994.9500122070312,994.9500122070312,2025-08-22,0,0,0,0,0,0
,980.0999755859376,980.0999755859376,980.0999755859376,980.0999755859376,980.0999755859376,2025-08-25,0,0,0,0,0,0
,979.5,979.5,979.5,979.5,979.5,2025-08-26,0,0,0,0,0,0
,973.4000244140624,973.4000244140624,973.4000244140624,973.4000244140624,973.4000244140624,2025-08-27,0,0,0,0,0,0
,967.0,967.0,967.0,967.0,967.0,2025-08-28,0,0,0,0,0,0
,954.0,954.0,954.0,954.0,954.0,2025-08-29,0,0,0,0,0,0
,949.5999755859376,949.5999755859376,949.5999755859376,949.5999755859376,949.5999755859376,2025-09-01,0,0,0,0,0,0
,951.0,951.0,951.0,951.0,951.0,2025-09-02,0,0,0,0,0,0
,945.0,945.0,945.0,945.0,945.0,2025-09-03,0,0,0,0,0,0
,960.2000122070312,960.2000122070312,960.2000122070312,960.2000122070312,960.2000122070312,2025-09-04,0,0,0,0,0,0
,967.5,967.5,967.5,967.5,967.5,2025-09-05,0,0,0,0,0,0
,969.0,969.0,969.0,969.0,969.0,2025-09-08,0,0,0,0,0,0
,974.0,974.0,974.0,974.0,974.0,2025-09-09,0,0,0,0,0,0
,973.9000244140624,973.9000244140624,973.9000244140624,973.9000244140624,973.9000244140624,2025-09-10,0,0,0,0,0,0
,960.2999877929688,960.2999877929688,960.2999877929688,960.2999877929688,960.2999877929688,2025-09-11,0,0,0,0,0,0
,969.9000244140624,969.9000244140624,969.9000244140624,969.9000244140624,969.9000244140624,2025-09-12,0,0,0,0,0,0
