Ticker,HINDUNILVR.NS,HINDUNILVR.NS,HINDUNILVR.NS,HINDUNILVR.NS,HINDUNILVR.NS,Date,sentiment_compound,sentiment_positive,sentiment_negative,sentiment_strength,positive_ratio,negative_ratio
,2465.1674800429623,2465.1674800429623,2465.1674800429623,2465.1674800429623,2465.1674800429623,2023-01-02,0,0,0,0,0,0
,2442.324887138332,2442.324887138332,2442.324887138332,2442.324887138332,2442.324887138332,2023-01-03,0,0,0,0,0,0
,2442.75594419489,2442.75594419489,2442.75594419489,2442.75594419489,2442.75594419489,2023-01-04,0,0,0,0,0,0
,2430.352893001794,2430.352893001794,2430.352893001794,2430.352893001794,2430.352893001794,2023-01-05,0,0,0,0,0,0
,2471.009454153878,2471.009454153878,2471.009454153878,2471.009454153878,2471.009454153878,2023-01-06,0,0,0,0,0,0
,2479.964897483789,2479.964897483789,2479.964897483789,2479.964897483789,2479.964897483789,2023-01-09,0,0,0,0,0,0
,2513.1987449945536,2513.1987449945536,2513.1987449945536,2513.1987449945536,2513.1987449945536,2023-01-10,0,0,0,0,0,0
,2532.306052597489,2532.306052597489,2532.306052597489,2532.306052597489,2532.306052597489,2023-01-11,0,0,0,0,0,0
,2476.8521655707195,2476.8521655707195,2476.8521655707195,2476.8521655707195,2476.8521655707195,2023-01-12,0,0,0,0,0,0
,2480.7789314800148,2480.7789314800148,2480.7789314800148,2480.7789314800148,2480.7789314800148,2023-01-13,0,0,0,0,0,0
,2516.9343216078087,2516.9343216078087,2516.9343216078087,2516.9343216078087,2516.9343216078087,2023-01-16,0,0,0,0,0,0
,2495.384842595419,2495.384842595419,2495.384842595419,2495.384842595419,2495.384842595419,2023-01-17,0,0,0,0,0,0
,2555.2920387087684,2555.2920387087684,2555.2920387087684,2555.2920387087684,2555.2920387087684,2023-01-18,0,0,0,0,0,0
,2557.303408941623,2557.303408941623,2557.303408941623,2557.303408941623,2557.303408941623,2023-01-19,0,0,0,0,0,0
,2442.2772728666014,2442.2772728666014,2442.2772728666014,2442.2772728666014,2442.2772728666014,2023-01-20,0,0,0,0,0,0
,2451.8545830530443,2451.8545830530443,2451.8545830530443,2451.8545830530443,2451.8545830530443,2023-01-23,0,0,0,0,0,0
,2493.9956994448185,2493.9956994448185,2493.9956994448185,2493.9956994448185,2493.9956994448185,2023-01-24,0,0,0,0,0,0
,2490.6439869172245,2490.6439869172245,2490.6439869172245,2490.6439869172245,2490.6439869172245,2023-01-25,0,0,0,0,0,0
,2524.165203293354,2524.165203293354,2524.165203293354,2524.165203293354,2524.165203293354,2023-01-27,0,0,0,0,0,0
,2499.742324991905,2499.742324991905,2499.742324991905,2499.742324991905,2499.742324991905,2023-01-30,0,0,0,0,0,0
,2459.516610374017,2459.516610374017,2459.516610374017,2459.516610374017,2459.516610374017,2023-01-31,0,0,0,0,0,0
,2490.356399950708,2490.356399950708,2490.356399950708,2490.356399950708,2490.356399950708,2023-02-01,0,0,0,0,0,0
,2460.953295465138,2460.953295465138,2460.953295465138,2460.953295465138,2460.953295465138,2023-02-02,0,0,0,0,0,0
,2528.4751061821617,2528.4751061821617,2528.4751061821617,2528.4751061821617,2528.4751061821617,2023-02-03,0,0,0,0,0,0
,2519.8554760862344,2519.8554760862344,2519.8554760862344,2519.8554760862344,2519.8554760862344,2023-02-06,0,0,0,0,0,0
,2533.263709328862,2533.263709328862,2533.263709328862,2533.263709328862,2533.263709328862,2023-02-07,0,0,0,0,0,0
,2483.173093909701,2483.173093909701,2483.173093909701,2483.173093909701,2483.173093909701,2023-02-08,0,0,0,0,0,0
,2477.713887134675,2477.713887134675,2477.713887134675,2477.713887134675,2477.713887134675,2023-02-09,0,0,0,0,0,0
,2475.798401885306,2475.798401885306,2475.798401885306,2475.798401885306,2475.798401885306,2023-02-10,0,0,0,0,0,0
,2451.854659046881,2451.854659046881,2451.854659046881,2451.854659046881,2451.854659046881,2023-02-13,0,0,0,0,0,0
,2475.798496258107,2475.798496258107,2475.798496258107,2475.798496258107,2475.798496258107,2023-02-14,0,0,0,0,0,0
,2442.276804288299,2442.276804288299,2442.276804288299,2442.276804288299,2442.276804288299,2023-02-15,0,0,0,0,0,0
,2451.854550892754,2451.854550892754,2451.854550892754,2451.854550892754,2451.854550892754,2023-02-16,0,0,0,0,0,0
,2418.3332988789816,2418.3332988789816,2418.3332988789816,2418.3332988789816,2418.3332988789816,2023-02-17,0,0,0,0,0,0
,2411.628815253265,2411.628815253265,2411.628815253265,2411.628815253265,2411.628815253265,2023-02-20,0,0,0,0,0,0
,2421.2066775663075,2421.2066775663075,2421.2066775663075,2421.2066775663075,2421.2066775663075,2023-02-21,0,0,0,0,0,0
,2409.8569347099165,2409.8569347099165,2409.8569347099165,2409.8569347099165,2409.8569347099165,2023-02-22,0,0,0,0,0,0
,2386.727145725292,2386.727145725292,2386.727145725292,2386.727145725292,2386.727145725292,2023-02-23,0,0,0,0,0,0
,2386.918882093857,2386.918882093857,2386.918882093857,2386.918882093857,2386.918882093857,2023-02-24,0,0,0,0,0,0
,2381.9385550799434,2381.9385550799434,2381.9385550799434,2381.9385550799434,2381.9385550799434,2023-02-27,0,0,0,0,0,0
,2365.4173312615303,2365.4173312615303,2365.4173312615303,2365.4173312615303,2365.4173312615303,2023-02-28,0,0,0,0,0,0
,2354.163700384883,2354.163700384883,2354.163700384883,2354.163700384883,2354.163700384883,2023-03-01,0,0,0,0,0,0
,2362.065176824087,2362.065176824087,2362.065176824087,2362.065176824087,2362.065176824087,2023-03-02,0,0,0,0,0,0
,2361.82547946808,2361.82547946808,2361.82547946808,2361.82547946808,2361.82547946808,2023-03-03,0,0,0,0,0,0
,2377.101518791136,2377.101518791136,2377.101518791136,2377.101518791136,2377.101518791136,2023-03-06,0,0,0,0,0,0
,2381.938294542572,2381.938294542572,2381.938294542572,2381.938294542572,2381.938294542572,2023-03-08,0,0,0,0,0,0
,2379.87923492529,2379.87923492529,2379.87923492529,2379.87923492529,2379.87923492529,2023-03-09,0,0,0,0,0,0
,2346.50179140768,2346.50179140768,2346.50179140768,2346.50179140768,2346.50179140768,2023-03-10,0,0,0,0,0,0
,2361.825674591218,2361.825674591218,2361.825674591218,2361.825674591218,2361.825674591218,2023-03-13,0,0,0,0,0,0
,2357.994679674439,2357.994679674439,2357.994679674439,2357.994679674439,2357.994679674439,2023-03-14,0,0,0,0,0,0
,2348.321326928999,2348.321326928999,2348.321326928999,2348.321326928999,2348.321326928999,2023-03-15,0,0,0,0,0,0
,2322.509607031112,2322.509607031112,2322.509607031112,2322.509607031112,2322.509607031112,2023-03-16,0,0,0,0,0,0
,2367.2368064297657,2367.2368064297657,2367.2368064297657,2367.2368064297657,2367.2368064297657,2023-03-17,0,0,0,0,0,0
,2344.011346857075,2344.011346857075,2344.011346857075,2344.011346857075,2344.011346857075,2023-03-20,0,0,0,0,0,0
,2408.755642269459,2408.755642269459,2408.755642269459,2408.755642269459,2408.755642269459,2023-03-21,0,0,0,0,0,0
,2368.1469413578857,2368.1469413578857,2368.1469413578857,2368.1469413578857,2368.1469413578857,2023-03-22,0,0,0,0,0,0
,2370.445226776383,2370.445226776383,2370.445226776383,2370.445226776383,2370.445226776383,2023-03-23,0,0,0,0,0,0
,2367.7634520861684,2367.7634520861684,2367.7634520861684,2367.7634520861684,2367.7634520861684,2023-03-24,0,0,0,0,0,0
,2380.023060005252,2380.023060005252,2380.023060005252,2380.023060005252,2380.023060005252,2023-03-27,0,0,0,0,0,0
,2403.775174000652,2403.775174000652,2403.775174000652,2403.775174000652,2403.775174000652,2023-03-28,0,0,0,0,0,0
,2380.0230837973822,2380.0230837973822,2380.0230837973822,2380.0230837973822,2380.0230837973822,2023-03-29,0,0,0,0,0,0
,2450.7056172736043,2450.7056172736043,2450.7056172736043,2450.7056172736043,2450.7056172736043,2023-03-31,0,0,0,0,0,0
,2461.43218058454,2461.43218058454,2461.43218058454,2461.43218058454,2461.43218058454,2023-04-03,0,0,0,0,0,0
,2406.3612162045665,2406.3612162045665,2406.3612162045665,2406.3612162045665,2406.3612162045665,2023-04-05,0,0,0,0,0,0
,2466.2209305866872,2466.2209305866872,2466.2209305866872,2466.2209305866872,2466.2209305866872,2023-04-06,0,0,0,0,0,0
,2456.882961506933,2456.882961506933,2456.882961506933,2456.882961506933,2456.882961506933,2023-04-10,0,0,0,0,0,0
,2432.699463681189,2432.699463681189,2432.699463681189,2432.699463681189,2432.699463681189,2023-04-11,0,0,0,0,0,0
,2448.023795927993,2448.023795927993,2448.023795927993,2448.023795927993,2448.023795927993,2023-04-12,0,0,0,0,0,0
,2418.333241081893,2418.333241081893,2418.333241081893,2418.333241081893,2418.333241081893,2023-04-13,0,0,0,0,0,0
,2464.3055125828782,2464.3055125828782,2464.3055125828782,2464.3055125828782,2464.3055125828782,2023-04-17,0,0,0,0,0,0
,2451.8545012024724,2451.8545012024724,2451.8545012024724,2451.8545012024724,2451.8545012024724,2023-04-18,0,0,0,0,0,0
,2440.361641725093,2440.361641725093,2440.361641725093,2440.361641725093,2440.361641725093,2023-04-19,0,0,0,0,0,0
,2411.437645948158,2411.437645948158,2411.437645948158,2411.437645948158,2411.437645948158,2023-04-20,0,0,0,0,0,0
,2386.7271816547222,2386.7271816547222,2386.7271816547222,2386.7271816547222,2386.7271816547222,2023-04-21,0,0,0,0,0,0
,2396.3050971112734,2396.3050971112734,2396.3050971112734,2396.3050971112734,2396.3050971112734,2023-04-24,0,0,0,0,0,0
,2385.6259183638385,2385.6259183638385,2385.6259183638385,2385.6259183638385,2385.6259183638385,2023-04-25,0,0,0,0,0,0
,2384.81178817641,2384.81178817641,2384.81178817641,2384.81178817641,2384.81178817641,2023-04-26,0,0,0,0,0,0
,2407.749885226842,2407.749885226842,2407.749885226842,2407.749885226842,2407.749885226842,2023-04-27,0,0,0,0,0,0
,2333.1408551288887,2333.1408551288887,2333.1408551288887,2333.1408551288887,2333.1408551288887,2023-04-28,0,0,0,0,0,0
,2367.3808682079725,2367.3808682079725,2367.3808682079725,2367.3808682079725,2367.3808682079725,2023-05-02,0,0,0,0,0,0
,2353.1578625413504,2353.1578625413504,2353.1578625413504,2353.1578625413504,2353.1578625413504,2023-05-03,0,0,0,0,0,0
,2381.8906372597844,2381.8906372597844,2381.8906372597844,2381.8906372597844,2381.8906372597844,2023-05-04,0,0,0,0,0,0
,2394.389349210862,2394.389349210862,2394.389349210862,2394.389349210862,2394.389349210862,2023-05-05,0,0,0,0,0,0
,2399.896362947055,2399.896362947055,2399.896362947055,2399.896362947055,2399.896362947055,2023-05-08,0,0,0,0,0,0
,2418.3332788275507,2418.3332788275507,2418.3332788275507,2418.3332788275507,2418.3332788275507,2023-05-09,0,0,0,0,0,0
,2414.501989116595,2414.501989116595,2414.501989116595,2414.501989116595,2414.501989116595,2023-05-10,0,0,0,0,0,0
,2429.7784751826584,2429.7784751826584,2429.7784751826584,2429.7784751826584,2429.7784751826584,2023-05-11,0,0,0,0,0,0
,2484.41848965599,2484.41848965599,2484.41848965599,2484.41848965599,2484.41848965599,2023-05-12,0,0,0,0,0,0
,2526.5116455736534,2526.5116455736534,2526.5116455736534,2526.5116455736534,2526.5116455736534,2023-05-15,0,0,0,0,0,0
,2557.2077333067164,2557.2077333067164,2557.2077333067164,2557.2077333067164,2557.2077333067164,2023-05-16,0,0,0,0,0,0
,2559.123393033249,2559.123393033249,2559.123393033249,2559.123393033249,2559.123393033249,2023-05-17,0,0,0,0,0,0
,2552.89805494941,2552.89805494941,2552.89805494941,2552.89805494941,2552.89805494941,2023-05-18,0,0,0,0,0,0
,2517.604692654208,2517.604692654208,2517.604692654208,2517.604692654208,2517.604692654208,2023-05-19,0,0,0,0,0,0
,2523.686137392096,2523.686137392096,2523.686137392096,2523.686137392096,2523.686137392096,2023-05-22,0,0,0,0,0,0
,2520.812936341097,2520.812936341097,2520.812936341097,2520.812936341097,2520.812936341097,2023-05-23,0,0,0,0,0,0
,2509.320111830684,2509.320111830684,2509.320111830684,2509.320111830684,2509.320111830684,2023-05-24,0,0,0,0,0,0
,2499.74239110327,2499.74239110327,2499.74239110327,2499.74239110327,2499.74239110327,2023-05-25,0,0,0,0,0,0
,2493.7564454696626,2493.7564454696626,2493.7564454696626,2493.7564454696626,2493.7564454696626,2023-05-26,0,0,0,0,0,0
,2557.208075183852,2557.208075183852,2557.208075183852,2557.208075183852,2557.208075183852,2023-05-29,0,0,0,0,0,0
,2543.320481537517,2543.320481537517,2543.320481537517,2543.320481537517,2543.320481537517,2023-05-30,0,0,0,0,0,0
,2544.326258295689,2544.326258295689,2544.326258295689,2544.326258295689,2544.326258295689,2023-05-31,0,0,0,0,0,0
,2554.3346394466616,2554.3346394466616,2554.3346394466616,2554.3346394466616,2554.3346394466616,2023-06-01,0,0,0,0,0,0
,2595.517898149314,2595.517898149314,2595.517898149314,2595.517898149314,2595.517898149314,2023-06-02,0,0,0,0,0,0
,2601.695531235555,2601.695531235555,2601.695531235555,2601.695531235555,2601.695531235555,2023-06-05,0,0,0,0,0,0
,2585.9403426487465,2585.9403426487465,2585.9403426487465,2585.9403426487465,2585.9403426487465,2023-06-06,0,0,0,0,0,0
,2576.362901446265,2576.362901446265,2576.362901446265,2576.362901446265,2576.362901446265,2023-06-07,0,0,0,0,0,0
,2592.644726593282,2592.644726593282,2592.644726593282,2592.644726593282,2592.644726593282,2023-06-08,0,0,0,0,0,0
,2575.3573098116863,2575.3573098116863,2575.3573098116863,2575.3573098116863,2575.3573098116863,2023-06-09,0,0,0,0,0,0
,2533.2636207141936,2533.2636207141936,2533.2636207141936,2533.2636207141936,2533.2636207141936,2023-06-12,0,0,0,0,0,0
,2518.5144963410708,2518.5144963410708,2518.5144963410708,2518.5144963410708,2518.5144963410708,2023-06-13,0,0,0,0,0,0
,2558.165443709472,2558.165443709472,2558.165443709472,2558.165443709472,2558.165443709472,2023-06-14,0,0,0,0,0,0
,2599.301014997164,2599.301014997164,2599.301014997164,2599.301014997164,2599.301014997164,2023-06-15,0,0,0,0,0,0
,2576.0754853202907,2576.0754853202907,2576.0754853202907,2576.0754853202907,2576.0754853202907,2023-06-16,0,0,0,0,0,0
,2608.991794800498,2608.991794800498,2608.991794800498,2608.991794800498,2608.991794800498,2023-06-19,0,0,0,0,0,0
,2578.0932783009616,2578.0932783009616,2578.0932783009616,2578.0932783009616,2578.0932783009616,2023-06-20,0,0,0,0,0,0
,2593.494321938956,2593.494321938956,2593.494321938956,2593.494321938956,2593.494321938956,2023-06-21,0,0,0,0,0,0
,2576.789509730878,2576.789509730878,2576.789509730878,2576.789509730878,2576.789509730878,2023-06-22,0,0,0,0,0,0
,2560.036957740844,2560.036957740844,2560.036957740844,2560.036957740844,2560.036957740844,2023-06-23,0,0,0,0,0,0
,2551.201637164964,2551.201637164964,2551.201637164964,2551.201637164964,2551.201637164964,2023-06-26,0,0,0,0,0,0
,2560.809632754003,2560.809632754003,2560.809632754003,2560.809632754003,2560.809632754003,2023-06-27,0,0,0,0,0,0
,2561.629943077841,2561.629943077841,2561.629943077841,2561.629943077841,2561.629943077841,2023-06-28,0,0,0,0,0,0
,2574.1826419402705,2574.1826419402705,2574.1826419402705,2574.1826419402705,2574.1826419402705,2023-06-30,0,0,0,0,0,0
,2594.5082879280258,2594.5082879280258,2594.5082879280258,2594.5082879280258,2594.5082879280258,2023-07-03,0,0,0,0,0,0
,2608.074695137276,2608.074695137276,2608.074695137276,2608.074695137276,2608.074695137276,2023-07-04,0,0,0,0,0,0
,2607.012089290555,2607.012089290555,2607.012089290555,2607.012089290555,2607.012089290555,2023-07-05,0,0,0,0,0,0
,2664.898742426724,2664.898742426724,2664.898742426724,2664.898742426724,2664.898742426724,2023-07-06,0,0,0,0,0,0
,2658.3331128901764,2658.3331128901764,2658.3331128901764,2658.3331128901764,2658.3331128901764,2023-07-07,0,0,0,0,0,0
,2616.6198934290805,2616.6198934290805,2616.6198934290805,2616.6198934290805,2616.6198934290805,2023-07-10,0,0,0,0,0,0
,2565.637494383056,2565.637494383056,2565.637494383056,2565.637494383056,2565.637494383056,2023-07-11,0,0,0,0,0,0
,2611.840316089044,2611.840316089044,2611.840316089044,2611.840316089044,2611.840316089044,2023-07-12,0,0,0,0,0,0
,2592.5288051258945,2592.5288051258945,2592.5288051258945,2592.5288051258945,2592.5288051258945,2023-07-13,0,0,0,0,0,0
,2563.6095516454707,2563.6095516454707,2563.6095516454707,2563.6095516454707,2563.6095516454707,2023-07-14,0,0,0,0,0,0
,2578.093165819438,2578.093165819438,2578.093165819438,2578.093165819438,2578.093165819438,2023-07-17,0,0,0,0,0,0
,2593.108220539078,2593.108220539078,2593.108220539078,2593.108220539078,2593.108220539078,2023-07-18,0,0,0,0,0,0
,2590.4045287599947,2590.4045287599947,2590.4045287599947,2590.4045287599947,2590.4045287599947,2023-07-19,0,0,0,0,0,0
,2577.176009991206,2577.176009991206,2577.176009991206,2577.176009991206,2577.176009991206,2023-07-20,0,0,0,0,0,0
,2558.781576083369,2558.781576083369,2558.781576083369,2558.781576083369,2558.781576083369,2023-07-21,0,0,0,0,0,0
,2514.3650945281465,2514.3650945281465,2514.3650945281465,2514.3650945281465,2514.3650945281465,2023-07-24,0,0,0,0,0,0
,2491.384530663256,2491.384530663256,2491.384530663256,2491.384530663256,2491.384530663256,2023-07-25,0,0,0,0,0,0
,2490.708442012752,2490.708442012752,2490.708442012752,2490.708442012752,2490.708442012752,2023-07-26,0,0,0,0,0,0
,2472.8454090240016,2472.8454090240016,2472.8454090240016,2472.8454090240016,2472.8454090240016,2023-07-27,0,0,0,0,0,0
,2481.535523186936,2481.535523186936,2481.535523186936,2481.535523186936,2481.535523186936,2023-07-28,0,0,0,0,0,0
,2486.411831108086,2486.411831108086,2486.411831108086,2486.411831108086,2486.411831108086,2023-07-31,0,0,0,0,0,0
,2481.535462737908,2481.535462737908,2481.535462737908,2481.535462737908,2481.535462737908,2023-08-01,0,0,0,0,0,0
,2450.636893284709,2450.636893284709,2450.636893284709,2450.636893284709,2450.636893284709,2023-08-02,0,0,0,0,0,0
,2469.900247581168,2469.900247581168,2469.900247581168,2469.900247581168,2469.900247581168,2023-08-03,0,0,0,0,0,0
,2463.4791827802337,2463.4791827802337,2463.4791827802337,2463.4791827802337,2463.4791827802337,2023-08-04,0,0,0,0,0,0
,2452.568350491374,2452.568350491374,2452.568350491374,2452.568350491374,2452.568350491374,2023-08-07,0,0,0,0,0,0
,2480.763109518433,2480.763109518433,2480.763109518433,2480.763109518433,2480.763109518433,2023-08-08,0,0,0,0,0,0
,2477.528425780728,2477.528425780728,2477.528425780728,2477.528425780728,2477.528425780728,2023-08-09,0,0,0,0,0,0
,2461.3065740330035,2461.3065740330035,2461.3065740330035,2461.3065740330035,2461.3065740330035,2023-08-10,0,0,0,0,0,0
,2447.740495539686,2447.740495539686,2447.740495539686,2447.740495539686,2447.740495539686,2023-08-11,0,0,0,0,0,0
,2415.6831227312014,2415.6831227312014,2415.6831227312014,2415.6831227312014,2415.6831227312014,2023-08-14,0,0,0,0,0,0
,2446.774773156584,2446.774773156584,2446.774773156584,2446.774773156584,2446.774773156584,2023-08-16,0,0,0,0,0,0
,2464.7347926460725,2464.7347926460725,2464.7347926460725,2464.7347926460725,2464.7347926460725,2023-08-17,0,0,0,0,0,0
,2444.940298127666,2444.940298127666,2444.940298127666,2444.940298127666,2444.940298127666,2023-08-18,0,0,0,0,0,0
,2466.8105318231146,2466.8105318231146,2466.8105318231146,2466.8105318231146,2466.8105318231146,2023-08-21,0,0,0,0,0,0
,2485.011780597728,2485.011780597728,2485.011780597728,2485.011780597728,2485.011780597728,2023-08-22,0,0,0,0,0,0
,2486.363296854906,2486.363296854906,2486.363296854906,2486.363296854906,2486.363296854906,2023-08-23,0,0,0,0,0,0
,2496.019110831568,2496.019110831568,2496.019110831568,2496.019110831568,2496.019110831568,2023-08-24,0,0,0,0,0,0
,2478.638814258753,2478.638814258753,2478.638814258753,2478.638814258753,2478.638814258753,2023-08-25,0,0,0,0,0,0
,2476.707461215437,2476.707461215437,2476.707461215437,2476.707461215437,2476.707461215437,2023-08-28,0,0,0,0,0,0
,2470.817504416409,2470.817504416409,2470.817504416409,2470.817504416409,2470.817504416409,2023-08-29,0,0,0,0,0,0
,2439.195010058642,2439.195010058642,2439.195010058642,2439.195010058642,2439.195010058642,2023-08-30,0,0,0,0,0,0
,2444.8918958494737,2444.8918958494737,2444.8918958494737,2444.8918958494737,2444.8918958494737,2023-08-31,0,0,0,0,0,0
,2418.8214726506085,2418.8214726506085,2418.8214726506085,2418.8214726506085,2418.8214726506085,2023-09-01,0,0,0,0,0,0
,2427.4632529011587,2427.4632529011587,2427.4632529011587,2427.4632529011587,2427.4632529011587,2023-09-04,0,0,0,0,0,0
,2423.6008494404987,2423.6008494404987,2423.6008494404987,2423.6008494404987,2423.6008494404987,2023-09-05,0,0,0,0,0,0
,2426.9321238340804,2426.9321238340804,2426.9321238340804,2426.9321238340804,2426.9321238340804,2023-09-06,0,0,0,0,0,0
,2423.6009430880536,2423.6009430880536,2423.6009430880536,2423.6009430880536,2423.6009430880536,2023-09-07,0,0,0,0,0,0
,2417.8075511883862,2417.8075511883862,2417.8075511883862,2417.8075511883862,2417.8075511883862,2023-09-08,0,0,0,0,0,0
,2427.270086113604,2427.270086113604,2427.270086113604,2427.270086113604,2427.270086113604,2023-09-11,0,0,0,0,0,0
,2461.258359948765,2461.258359948765,2461.258359948765,2461.258359948765,2461.258359948765,2023-09-12,0,0,0,0,0,0
,2408.151480461981,2408.151480461981,2408.151480461981,2408.151480461981,2408.151480461981,2023-09-13,0,0,0,0,0,0
,2424.566377830064,2424.566377830064,2424.566377830064,2424.566377830064,2424.566377830064,2023-09-14,0,0,0,0,0,0
,2389.6125304768107,2389.6125304768107,2389.6125304768107,2389.6125304768107,2389.6125304768107,2023-09-15,0,0,0,0,0,0
,2386.2815273339934,2386.2815273339934,2386.2815273339934,2386.2815273339934,2386.2815273339934,2023-09-18,0,0,0,0,0,0
,2365.3281484401355,2365.3281484401355,2365.3281484401355,2365.3281484401355,2365.3281484401355,2023-09-20,0,0,0,0,0,0
,2381.115309862694,2381.115309862694,2381.115309862694,2381.115309862694,2381.115309862694,2023-09-21,0,0,0,0,0,0
,2383.046711411112,2383.046711411112,2383.046711411112,2383.046711411112,2383.046711411112,2023-09-22,0,0,0,0,0,0
,2396.999138412914,2396.999138412914,2396.999138412914,2396.999138412914,2396.999138412914,2023-09-25,0,0,0,0,0,0
,2388.840064768004,2388.840064768004,2388.840064768004,2388.840064768004,2388.840064768004,2023-09-26,0,0,0,0,0,0
,2390.771132082542,2390.771132082542,2390.771132082542,2390.771132082542,2390.771132082542,2023-09-27,0,0,0,0,0,0
,2413.944985281209,2413.944985281209,2413.944985281209,2413.944985281209,2413.944985281209,2023-09-28,0,0,0,0,0,0
,2380.6809219987617,2380.6809219987617,2380.6809219987617,2380.6809219987617,2380.6809219987617,2023-09-29,0,0,0,0,0,0
,2404.2893182712205,2404.2893182712205,2404.2893182712205,2404.2893182712205,2404.2893182712205,2023-10-03,0,0,0,0,0,0
,2382.129032290105,2382.129032290105,2382.129032290105,2382.129032290105,2382.129032290105,2023-10-04,0,0,0,0,0,0
,2431.3253284834987,2431.3253284834987,2431.3253284834987,2431.3253284834987,2431.3253284834987,2023-10-05,0,0,0,0,0,0
,2433.208152902025,2433.208152902025,2433.208152902025,2433.208152902025,2433.208152902025,2023-10-06,0,0,0,0,0,0
,2399.4614513403044,2399.4614513403044,2399.4614513403044,2399.4614513403044,2399.4614513403044,2023-10-09,0,0,0,0,0,0
,2425.725090207209,2425.725090207209,2425.725090207209,2425.725090207209,2425.725090207209,2023-10-10,0,0,0,0,0,0
,2431.66350925626,2431.66350925626,2431.66350925626,2431.66350925626,2431.66350925626,2023-10-11,0,0,0,0,0,0
,2467.0515102346194,2467.0515102346194,2467.0515102346194,2467.0515102346194,2467.0515102346194,2023-10-12,0,0,0,0,0,0
,2465.169009309533,2465.169009309533,2465.169009309533,2465.169009309533,2465.169009309533,2023-10-13,0,0,0,0,0,0
,2471.879961029877,2471.879961029877,2471.879961029877,2471.879961029877,2471.879961029877,2023-10-16,0,0,0,0,0,0
,2470.238243516223,2470.238243516223,2470.238243516223,2470.238243516223,2470.238243516223,2023-10-17,0,0,0,0,0,0
,2481.583581357993,2481.583581357993,2481.583581357993,2481.583581357993,2481.583581357993,2023-10-18,0,0,0,0,0,0
,2438.08445812779,2438.08445812779,2438.08445812779,2438.08445812779,2438.08445812779,2023-10-19,0,0,0,0,0,0
,2433.256671585715,2433.256671585715,2433.256671585715,2433.256671585715,2433.256671585715,2023-10-20,0,0,0,0,0,0
,2408.1512631807427,2408.1512631807427,2408.1512631807427,2408.1512631807427,2408.1512631807427,2023-10-23,0,0,0,0,0,0
,2389.8535728225283,2389.8535728225283,2389.8535728225283,2389.8535728225283,2389.8535728225283,2023-10-25,0,0,0,0,0,0
,2376.2874198956674,2376.2874198956674,2376.2874198956674,2376.2874198956674,2376.2874198956674,2023-10-26,0,0,0,0,0,0
,2382.3707609256,2382.3707609256,2382.3707609256,2382.3707609256,2382.3707609256,2023-10-27,0,0,0,0,0,0
,2385.9433169049635,2385.9433169049635,2385.9433169049635,2385.9433169049635,2385.9433169049635,2023-10-30,0,0,0,0,0,0
,2385.170582735452,2385.170582735452,2385.170582735452,2385.170582735452,2385.170582735452,2023-10-31,0,0,0,0,0,0
,2399.461511053949,2399.461511053949,2399.461511053949,2399.461511053949,2399.461511053949,2023-11-01,0,0,0,0,0,0
,2407.3331132258577,2407.3331132258577,2407.3331132258577,2407.3331132258577,2407.3331132258577,2023-11-02,0,0,0,0,0,0
,2428.731645353598,2428.731645353598,2428.731645353598,2428.731645353598,2428.731645353598,2023-11-03,0,0,0,0,0,0
,2446.239267890922,2446.239267890922,2446.239267890922,2446.239267890922,2446.239267890922,2023-11-06,0,0,0,0,0,0
,2427.7588837821363,2427.7588837821363,2427.7588837821363,2427.7588837821363,2427.7588837821363,2023-11-07,0,0,0,0,0,0
,2429.7040781420524,2429.7040781420524,2429.7040781420524,2429.7040781420524,2429.7040781420524,2023-11-08,0,0,0,0,0,0
,2451.1512227975977,2451.1512227975977,2451.1512227975977,2451.1512227975977,2451.1512227975977,2023-11-09,0,0,0,0,0,0
,2409.278190605336,2409.278190605336,2409.278190605336,2409.278190605336,2409.278190605336,2023-11-10,0,0,0,0,0,0
,2409.4727492217285,2409.4727492217285,2409.4727492217285,2409.4727492217285,2409.4727492217285,2023-11-13,0,0,0,0,0,0
,2433.497368922337,2433.497368922337,2433.497368922337,2433.497368922337,2433.497368922337,2023-11-15,0,0,0,0,0,0
,2412.390829906833,2412.390829906833,2412.390829906833,2412.390829906833,2412.390829906833,2023-11-16,0,0,0,0,0,0
,2397.6063676600565,2397.6063676600565,2397.6063676600565,2397.6063676600565,2397.6063676600565,2023-11-17,0,0,0,0,0,0
,2465.157569963332,2465.157569963332,2465.157569963332,2465.157569963332,2465.157569963332,2023-11-20,0,0,0,0,0,0
,2436.512694435436,2436.512694435436,2436.512694435436,2436.512694435436,2436.512694435436,2023-11-21,0,0,0,0,0,0
,2439.1876422475693,2439.1876422475693,2439.1876422475693,2439.1876422475693,2439.1876422475693,2023-11-22,0,0,0,0,0,0
,2437.6799791308563,2437.6799791308563,2437.6799791308563,2437.6799791308563,2437.6799791308563,2023-11-23,0,0,0,0,0,0
,2446.336714391818,2446.336714391818,2446.336714391818,2446.336714391818,2446.336714391818,2023-11-24,0,0,0,0,0,0
,2462.5314732856355,2462.5314732856355,2462.5314732856355,2462.5314732856355,2462.5314732856355,2023-11-28,0,0,0,0,0,0
,2443.321390694124,2443.321390694124,2443.321390694124,2443.321390694124,2443.321390694124,2023-11-29,0,0,0,0,0,0
,2447.357762115928,2447.357762115928,2447.357762115928,2447.357762115928,2447.357762115928,2023-11-30,0,0,0,0,0,0
,2477.8507219987982,2477.8507219987982,2477.8507219987982,2477.8507219987982,2477.8507219987982,2023-12-01,0,0,0,0,0,0
,2506.544006245977,2506.544006245977,2506.544006245977,2506.544006245977,2506.544006245977,2023-12-04,0,0,0,0,0,0
,2564.903824357048,2564.903824357048,2564.903824357048,2564.903824357048,2564.903824357048,2023-12-05,0,0,0,0,0,0
,2499.735552425413,2499.735552425413,2499.735552425413,2499.735552425413,2499.735552425413,2023-12-06,0,0,0,0,0,0
,2481.352605400523,2481.352605400523,2481.352605400523,2481.352605400523,2481.352605400523,2023-12-07,0,0,0,0,0,0
,2450.130262760662,2450.130262760662,2450.130262760662,2450.130262760662,2450.130262760662,2023-12-08,0,0,0,0,0,0
,2453.3397095197824,2453.3397095197824,2453.3397095197824,2453.3397095197824,2453.3397095197824,2023-12-11,0,0,0,0,0,0
,2431.649404405154,2431.649404405154,2431.649404405154,2431.649404405154,2431.649404405154,2023-12-12,0,0,0,0,0,0
,2439.2850387724416,2439.2850387724416,2439.2850387724416,2439.2850387724416,2439.2850387724416,2023-12-13,0,0,0,0,0,0
,2452.4155444248795,2452.4155444248795,2452.4155444248795,2452.4155444248795,2452.4155444248795,2023-12-14,0,0,0,0,0,0
,2451.10247752085,2451.10247752085,2451.10247752085,2451.10247752085,2451.10247752085,2023-12-15,0,0,0,0,0,0
,2451.2482893044275,2451.2482893044275,2451.2482893044275,2451.2482893044275,2451.2482893044275,2023-12-18,0,0,0,0,0,0
,2465.7413121315103,2465.7413121315103,2465.7413121315103,2465.7413121315103,2465.7413121315103,2023-12-19,0,0,0,0,0,0
,2502.604938717555,2502.604938717555,2502.604938717555,2502.604938717555,2502.604938717555,2023-12-20,0,0,0,0,0,0
,2472.7441988392134,2472.7441988392134,2472.7441988392134,2472.7441988392134,2472.7441988392134,2023-12-21,0,0,0,0,0,0
,2489.231096947733,2489.231096947733,2489.231096947733,2489.231096947733,2489.231096947733,2023-12-22,0,0,0,0,0,0
,2505.18277698832,2505.18277698832,2505.18277698832,2505.18277698832,2505.18277698832,2023-12-26,0,0,0,0,0,0
,2515.2979229748184,2515.2979229748184,2515.2979229748184,2515.2979229748184,2515.2979229748184,2023-12-27,0,0,0,0,0,0
,2542.386987819999,2542.386987819999,2542.386987819999,2542.386987819999,2542.386987819999,2023-12-28,0,0,0,0,0,0
,2561.791346319102,2561.791346319102,2561.791346319102,2561.791346319102,2561.791346319102,2023-12-29,0,0,0,0,0,0
,2591.0200006711034,2591.0200006711034,2591.0200006711034,2591.0200006711034,2591.0200006711034,2024-01-01,0,0,0,0,0,0
,2575.60329848568,2575.60329848568,2575.60329848568,2575.60329848568,2575.60329848568,2024-01-02,0,0,0,0,0,0
,2527.94274817919,2527.94274817919,2527.94274817919,2527.94274817919,2527.94274817919,2024-01-03,0,0,0,0,0,0
,2535.286426531461,2535.286426531461,2535.286426531461,2535.286426531461,2535.286426531461,2024-01-04,0,0,0,0,0,0
,2524.052061993761,2524.052061993761,2524.052061993761,2524.052061993761,2524.052061993761,2024-01-05,0,0,0,0,0,0
,2553.1834213291886,2553.1834213291886,2553.1834213291886,2553.1834213291886,2553.1834213291886,2024-01-08,0,0,0,0,0,0
,2511.942733343817,2511.942733343817,2511.942733343817,2511.942733343817,2511.942733343817,2024-01-09,0,0,0,0,0,0
,2509.462360152429,2509.462360152429,2509.462360152429,2509.462360152429,2509.462360152429,2024-01-10,0,0,0,0,0,0
,2509.462412190667,2509.462412190667,2509.462412190667,2509.462412190667,2509.462412190667,2024-01-11,0,0,0,0,0,0
,2464.233605294857,2464.233605294857,2464.233605294857,2464.233605294857,2464.233605294857,2024-01-12,0,0,0,0,0,0
,2476.391845520804,2476.391845520804,2476.391845520804,2476.391845520804,2476.391845520804,2024-01-15,0,0,0,0,0,0
,2502.84811420622,2502.84811420622,2502.84811420622,2502.84811420622,2502.84811420622,2024-01-16,0,0,0,0,0,0
,2479.309957058912,2479.309957058912,2479.309957058912,2479.309957058912,2479.309957058912,2024-01-17,0,0,0,0,0,0
,2499.7356736978145,2499.7356736978145,2499.7356736978145,2499.7356736978145,2499.7356736978145,2024-01-18,0,0,0,0,0,0
,2494.8722615546167,2494.8722615546167,2494.8722615546167,2494.8722615546167,2494.8722615546167,2024-01-19,0,0,0,0,0,0
,2383.9891856871554,2383.9891856871554,2383.9891856871554,2383.9891856871554,2383.9891856871554,2024-01-23,0,0,0,0,0,0
,2322.7116705752765,2322.7116705752765,2322.7116705752765,2322.7116705752765,2322.7116705752765,2024-01-24,0,0,0,0,0,0
,2387.6851507931965,2387.6851507931965,2387.6851507931965,2387.6851507931965,2387.6851507931965,2024-01-25,0,0,0,0,0,0
,2344.109936395991,2344.109936395991,2344.109936395991,2344.109936395991,2344.109936395991,2024-01-29,0,0,0,0,0,0
,2386.9069148603417,2386.9069148603417,2386.9069148603417,2386.9069148603417,2386.9069148603417,2024-01-30,0,0,0,0,0,0
,2383.016635759864,2383.016635759864,2383.016635759864,2383.016635759864,2383.016635759864,2024-01-31,0,0,0,0,0,0
,2407.430425282823,2407.430425282823,2407.430425282823,2407.430425282823,2407.430425282823,2024-02-01,0,0,0,0,0,0
,2409.2782131925123,2409.2782131925123,2409.2782131925123,2409.2782131925123,2409.2782131925123,2024-02-02,0,0,0,0,0,0
,2396.633950712957,2396.633950712957,2396.633950712957,2396.633950712957,2396.633950712957,2024-02-05,0,0,0,0,0,0
,2358.651317404168,2358.651317404168,2358.651317404168,2358.651317404168,2358.651317404168,2024-02-06,0,0,0,0,0,0
,2373.192582113411,2373.192582113411,2373.192582113411,2373.192582113411,2373.192582113411,2024-02-07,0,0,0,0,0,0
,2375.040613855351,2375.040613855351,2375.040613855351,2375.040613855351,2375.040613855351,2024-02-08,0,0,0,0,0,0
,2350.967305103393,2350.967305103393,2350.967305103393,2350.967305103393,2350.967305103393,2024-02-09,0,0,0,0,0,0
,2357.8249890008447,2357.8249890008447,2357.8249890008447,2357.8249890008447,2357.8249890008447,2024-02-12,0,0,0,0,0,0
,2324.656724411941,2324.656724411941,2324.656724411941,2324.656724411941,2324.656724411941,2024-02-13,0,0,0,0,0,0
,2319.793542979005,2319.793542979005,2319.793542979005,2319.793542979005,2319.793542979005,2024-02-14,0,0,0,0,0,0
,2303.5989391284606,2303.5989391284606,2303.5989391284606,2303.5989391284606,2303.5989391284606,2024-02-15,0,0,0,0,0,0
,2305.155158049558,2305.155158049558,2305.155158049558,2305.155158049558,2305.155158049558,2024-02-16,0,0,0,0,0,0
,2324.170366779078,2324.170366779078,2324.170366779078,2324.170366779078,2324.170366779078,2024-02-19,0,0,0,0,0,0
,2305.30090726846,2305.30090726846,2305.30090726846,2305.30090726846,2305.30090726846,2024-02-20,0,0,0,0,0,0
,2338.37157131742,2338.37157131742,2338.37157131742,2338.37157131742,2338.37157131742,2024-02-21,0,0,0,0,0,0
,2354.128434265619,2354.128434265619,2354.128434265619,2354.128434265619,2354.128434265619,2024-02-22,0,0,0,0,0,0
,2323.2467099223823,2323.2467099223823,2323.2467099223823,2323.2467099223823,2323.2467099223823,2024-02-23,0,0,0,0,0,0
,2325.726952546895,2325.726952546895,2325.726952546895,2325.726952546895,2325.726952546895,2024-02-26,0,0,0,0,0,0
,2338.322749515633,2338.322749515633,2338.322749515633,2338.322749515633,2338.322749515633,2024-02-27,0,0,0,0,0,0
,2345.180234589721,2345.180234589721,2345.180234589721,2345.180234589721,2345.180234589721,2024-02-28,0,0,0,0,0,0
,2358.6998993298203,2358.6998993298203,2358.6998993298203,2358.6998993298203,2358.6998993298203,2024-02-29,0,0,0,0,0,0
,2350.869898311013,2350.869898311013,2350.869898311013,2350.869898311013,2350.869898311013,2024-03-01,0,0,0,0,0,0
,2350.1407517720413,2350.1407517720413,2350.1407517720413,2350.1407517720413,2350.1407517720413,2024-03-04,0,0,0,0,0,0
,2339.246651453043,2339.246651453043,2339.246651453043,2339.246651453043,2339.246651453043,2024-03-05,0,0,0,0,0,0
,2338.2743293276767,2338.2743293276767,2338.2743293276767,2338.2743293276767,2338.2743293276767,2024-03-06,0,0,0,0,0,0
,2339.198241231998,2339.198241231998,2339.198241231998,2339.198241231998,2339.198241231998,2024-03-07,0,0,0,0,0,0
,2343.137571553524,2343.137571553524,2343.137571553524,2343.137571553524,2343.137571553524,2024-03-11,0,0,0,0,0,0
,2314.9303750309778,2314.9303750309778,2314.9303750309778,2314.9303750309778,2314.9303750309778,2024-03-12,0,0,0,0,0,0
,2310.066920667497,2310.066920667497,2310.066920667497,2310.066920667497,2310.066920667497,2024-03-13,0,0,0,0,0,0
,2241.834857614821,2241.834857614821,2241.834857614821,2241.834857614821,2241.834857614821,2024-03-14,0,0,0,0,0,0
,2266.345903998624,2266.345903998624,2266.345903998624,2266.345903998624,2266.345903998624,2024-03-15,0,0,0,0,0,0
,2257.3488993650367,2257.3488993650367,2257.3488993650367,2257.3488993650367,2257.3488993650367,2024-03-18,0,0,0,0,0,0
,2220.825348500397,2220.825348500397,2220.825348500397,2220.825348500397,2220.825348500397,2024-03-19,0,0,0,0,0,0
,2188.484499718884,2188.484499718884,2188.484499718884,2188.484499718884,2188.484499718884,2024-03-20,0,0,0,0,0,0
,2172.922140445826,2172.922140445826,2172.922140445826,2172.922140445826,2172.922140445826,2024-03-21,0,0,0,0,0,0
,2177.8339226411194,2177.8339226411194,2177.8339226411194,2177.8339226411194,2177.8339226411194,2024-03-22,0,0,0,0,0,0
,2171.073895558289,2171.073895558289,2171.073895558289,2171.073895558289,2171.073895558289,2024-03-26,0,0,0,0,0,0
,2188.4845076926044,2188.4845076926044,2188.4845076926044,2188.4845076926044,2188.4845076926044,2024-03-27,0,0,0,0,0,0
,2183.6213201006,2183.6213201006,2183.6213201006,2183.6213201006,2183.6213201006,2024-03-28,0,0,0,0,0,0
,2207.937636961305,2207.937636961305,2207.937636961305,2207.937636961305,2207.937636961305,2024-04-01,0,0,0,0,0,0
,2235.172255750736,2235.172255750736,2235.172255750736,2235.172255750736,2235.172255750736,2024-04-02,0,0,0,0,0,0
,2219.463726002639,2219.463726002639,2219.463726002639,2219.463726002639,2219.463726002639,2024-04-03,0,0,0,0,0,0
,2207.937858639993,2207.937858639993,2207.937858639993,2207.937858639993,2207.937858639993,2024-04-04,0,0,0,0,0,0
,2203.025627788126,2203.025627788126,2203.025627788126,2203.025627788126,2203.025627788126,2024-04-05,0,0,0,0,0,0
,2214.7464631377725,2214.7464631377725,2214.7464631377725,2214.7464631377725,2214.7464631377725,2024-04-08,0,0,0,0,0,0
,2208.910617990722,2208.910617990722,2208.910617990722,2208.910617990722,2208.910617990722,2024-04-09,0,0,0,0,0,0
,2214.6489824322657,2214.6489824322657,2214.6489824322657,2214.6489824322657,2214.6489824322657,2024-04-10,0,0,0,0,0,0
,2199.086482944834,2199.086482944834,2199.086482944834,2199.086482944834,2199.086482944834,2024-04-12,0,0,0,0,0,0
,2166.794115153093,2166.794115153093,2166.794115153093,2166.794115153093,2166.794115153093,2024-04-15,0,0,0,0,0,0
,2123.316418577597,2123.316418577597,2123.316418577597,2123.316418577597,2123.316418577597,2024-04-16,0,0,0,0,0,0
,2154.489991105354,2154.489991105354,2154.489991105354,2154.489991105354,2154.489991105354,2024-04-18,0,0,0,0,0,0
,2159.304940992058,2159.304940992058,2159.304940992058,2159.304940992058,2159.304940992058,2024-04-19,0,0,0,0,0,0
,2188.48464969224,2188.48464969224,2188.48464969224,2188.48464969224,2188.48464969224,2024-04-22,0,0,0,0,0,0
,2191.4025531752363,2191.4025531752363,2191.4025531752363,2191.4025531752363,2191.4025531752363,2024-04-23,0,0,0,0,0,0
,2204.0958201203275,2204.0958201203275,2204.0958201203275,2204.0958201203275,2204.0958201203275,2024-04-24,0,0,0,0,0,0
,2176.8612571845347,2176.8612571845347,2176.8612571845347,2176.8612571845347,2176.8612571845347,2024-04-25,0,0,0,0,0,0
,2183.621120293182,2183.621120293182,2183.621120293182,2183.621120293182,2183.621120293182,2024-04-26,0,0,0,0,0,0
,2172.9217093988595,2172.9217093988595,2172.9217093988595,2172.9217093988595,2172.9217093988595,2024-04-29,0,0,0,0,0,0
,2171.025344800279,2171.025344800279,2171.025344800279,2171.025344800279,2171.025344800279,2024-04-30,0,0,0,0,0,0
,2144.763595893872,2144.763595893872,2144.763595893872,2144.763595893872,2144.763595893872,2024-05-02,0,0,0,0,0,0
,2170.976763997328,2170.976763997328,2170.976763997328,2170.976763997328,2170.976763997328,2024-05-03,0,0,0,0,0,0
,2164.1679557036573,2164.1679557036573,2164.1679557036573,2164.1679557036573,2164.1679557036573,2024-05-06,0,0,0,0,0,0
,2204.0471511351,2204.0471511351,2204.0471511351,2204.0471511351,2204.0471511351,2024-05-07,0,0,0,0,0,0
,2301.7019483154536,2301.7019483154536,2301.7019483154536,2301.7019483154536,2301.7019483154536,2024-05-08,0,0,0,0,0,0
,2276.6076160484445,2276.6076160484445,2276.6076160484445,2276.6076160484445,2276.6076160484445,2024-05-09,0,0,0,0,0,0
,2257.5434562656524,2257.5434562656524,2257.5434562656524,2257.5434562656524,2257.5434562656524,2024-05-10,0,0,0,0,0,0
,2309.0942334347064,2309.0942334347064,2309.0942334347064,2309.0942334347064,2309.0942334347064,2024-05-13,0,0,0,0,0,0
,2296.060830118056,2296.060830118056,2296.060830118056,2296.060830118056,2296.060830118056,2024-05-14,0,0,0,0,0,0
,2285.312836839405,2285.312836839405,2285.312836839405,2285.312836839405,2285.312836839405,2024-05-15,0,0,0,0,0,0
,2273.105883881519,2273.105883881519,2273.105883881519,2273.105883881519,2273.105883881519,2024-05-16,0,0,0,0,0,0
,2287.5983577744582,2287.5983577744582,2287.5983577744582,2287.5983577744582,2287.5983577744582,2024-05-17,0,0,0,0,0,0
,2243.9261086570027,2243.9261086570027,2243.9261086570027,2243.9261086570027,2243.9261086570027,2024-05-21,0,0,0,0,0,0
,2247.816648206641,2247.816648206641,2247.816648206641,2247.816648206641,2247.816648206641,2024-05-22,0,0,0,0,0,0
,2302.188472110602,2302.188472110602,2302.188472110602,2302.188472110602,2302.188472110602,2024-05-23,0,0,0,0,0,0
,2313.471372926562,2313.471372926562,2313.471372926562,2313.471372926562,2313.471372926562,2024-05-24,0,0,0,0,0,0
,2304.2795835532693,2304.2795835532693,2304.2795835532693,2304.2795835532693,2304.2795835532693,2024-05-27,0,0,0,0,0,0
,2324.6570572838623,2324.6570572838623,2324.6570572838623,2324.6570572838623,2324.6570572838623,2024-05-28,0,0,0,0,0,0
,2316.0975363436523,2316.0975363436523,2316.0975363436523,2316.0975363436523,2316.0975363436523,2024-05-29,0,0,0,0,0,0
,2303.258553384194,2303.258553384194,2303.258553384194,2303.258553384194,2303.258553384194,2024-05-30,0,0,0,0,0,0
,2288.6684450777684,2288.6684450777684,2288.6684450777684,2288.6684450777684,2288.6684450777684,2024-05-31,0,0,0,0,0,0
,2315.902868421887,2315.902868421887,2315.902868421887,2315.902868421887,2315.902868421887,2024-06-03,0,0,0,0,0,0
,2309.0944365415808,2309.0944365415808,2309.0944365415808,2309.0944365415808,2309.0944365415808,2024-06-04,0,0,0,0,0,0
,2464.2823203652224,2464.2823203652224,2464.2823203652224,2464.2823203652224,2464.2823203652224,2024-06-05,0,0,0,0,0,0
,2528.915514285807,2528.915514285807,2528.915514285807,2528.915514285807,2528.915514285807,2024-06-06,0,0,0,0,0,0
,2485.437664005236,2485.437664005236,2485.437664005236,2485.437664005236,2485.437664005236,2024-06-07,0,0,0,0,0,0
,2508.4896017900824,2508.4896017900824,2508.4896017900824,2508.4896017900824,2508.4896017900824,2024-06-10,0,0,0,0,0,0
,2495.845056495152,2495.845056495152,2495.845056495152,2495.845056495152,2495.845056495152,2024-06-11,0,0,0,0,0,0
,2497.790273476704,2497.790273476704,2497.790273476704,2497.790273476704,2497.790273476704,2024-06-12,0,0,0,0,0,0
,2419.928809190779,2419.928809190779,2419.928809190779,2419.928809190779,2419.928809190779,2024-06-13,0,0,0,0,0,0
,2428.822485865984,2428.822485865984,2428.822485865984,2428.822485865984,2428.822485865984,2024-06-14,0,0,0,0,0,0
,2435.599033685831,2435.599033685831,2435.599033685831,2435.599033685831,2435.599033685831,2024-06-18,0,0,0,0,0,0
,2450.4293223323984,2450.4293223323984,2450.4293223323984,2450.4293223323984,2450.4293223323984,2024-06-19,0,0,0,0,0,0
,2413.108131126199,2413.108131126199,2413.108131126199,2413.108131126199,2413.108131126199,2024-06-20,0,0,0,0,0,0
,2430.7866567195674,2430.7866567195674,2430.7866567195674,2430.7866567195674,2430.7866567195674,2024-06-21,0,0,0,0,0,0
,2391.5011784668804,2391.5011784668804,2391.5011784668804,2391.5011784668804,2391.5011784668804,2024-06-24,0,0,0,0,0,0
,2395.773637233693,2395.773637233693,2395.773637233693,2395.773637233693,2395.773637233693,2024-06-25,0,0,0,0,0,0
,2393.4653998361614,2393.4653998361614,2393.4653998361614,2393.4653998361614,2393.4653998361614,2024-06-26,0,0,0,0,0,0
,2406.184004583337,2406.184004583337,2406.184004583337,2406.184004583337,2406.184004583337,2024-06-27,0,0,0,0,0,0
,2419.0010668719524,2419.0010668719524,2419.0010668719524,2419.0010668719524,2419.0010668719524,2024-06-28,0,0,0,0,0,0
,2417.085980024133,2417.085980024133,2417.085980024133,2417.085980024133,2417.085980024133,2024-07-01,0,0,0,0,0,0
,2470.0719817737668,2470.0719817737668,2470.0719817737668,2470.0719817737668,2470.0719817737668,2024-07-02,0,0,0,0,0,0
,2442.228554488172,2442.228554488172,2442.228554488172,2442.228554488172,2442.228554488172,2024-07-03,0,0,0,0,0,0
,2470.1211982255686,2470.1211982255686,2470.1211982255686,2470.1211982255686,2470.1211982255686,2024-07-04,0,0,0,0,0,0
,2451.362395595605,2451.362395595605,2451.362395595605,2451.362395595605,2451.362395595605,2024-07-05,0,0,0,0,0,0
,2514.268208466461,2514.268208466461,2514.268208466461,2514.268208466461,2514.268208466461,2024-07-08,0,0,0,0,0,0
,2540.9332304701293,2540.9332304701293,2540.9332304701293,2540.9332304701293,2540.9332304701293,2024-07-09,0,0,0,0,0,0
,2534.893278433295,2534.893278433295,2534.893278433295,2534.893278433295,2534.893278433295,2024-07-10,0,0,0,0,0,0
,2570.2499179756405,2570.2499179756405,2570.2499179756405,2570.2499179756405,2570.2499179756405,2024-07-11,0,0,0,0,0,0
,2554.535858995138,2554.535858995138,2554.535858995138,2554.535858995138,2554.535858995138,2024-07-12,0,0,0,0,0,0
,2581.053610775766,2581.053610775766,2581.053610775766,2581.053610775766,2581.053610775766,2024-07-15,0,0,0,0,0,0
,2579.0400815959115,2579.0400815959115,2579.0400815959115,2579.0400815959115,2579.0400815959115,2024-07-16,0,0,0,0,0,0
,2651.767514353426,2651.767514353426,2651.767514353426,2651.767514353426,2651.767514353426,2024-07-18,0,0,0,0,0,0
,2690.070789500825,2690.070789500825,2690.070789500825,2690.070789500825,2690.070789500825,2024-07-19,0,0,0,0,0,0
,2657.3654447805693,2657.3654447805693,2657.3654447805693,2657.3654447805693,2657.3654447805693,2024-07-22,0,0,0,0,0,0
,2696.9455645897924,2696.9455645897924,2696.9455645897924,2696.9455645897924,2696.9455645897924,2024-07-23,0,0,0,0,0,0
,2698.9100038035635,2698.9100038035635,2698.9100038035635,2698.9100038035635,2698.9100038035635,2024-07-24,0,0,0,0,0,0
,2668.513003921543,2668.513003921543,2668.513003921543,2668.513003921543,2668.513003921543,2024-07-25,0,0,0,0,0,0
,2675.3387317043125,2675.3387317043125,2675.3387317043125,2675.3387317043125,2675.3387317043125,2024-07-26,0,0,0,0,0,0
,2662.7671579702123,2662.7671579702123,2662.7671579702123,2662.7671579702123,2662.7671579702123,2024-07-29,0,0,0,0,0,0
,2667.0886844007723,2667.0886844007723,2667.0886844007723,2667.0886844007723,2667.0886844007723,2024-07-30,0,0,0,0,0,0
,2656.677869623587,2656.677869623587,2656.677869623587,2656.677869623587,2656.677869623587,2024-07-31,0,0,0,0,0,0
,2665.517191975145,2665.517191975145,2665.517191975145,2665.517191975145,2665.517191975145,2024-08-01,0,0,0,0,0,0
,2663.5529374535586,2663.5529374535586,2663.5529374535586,2663.5529374535586,2663.5529374535586,2024-08-02,0,0,0,0,0,0
,2628.1470120907406,2628.1470120907406,2628.1470120907406,2628.1470120907406,2628.1470120907406,2024-08-05,0,0,0,0,0,0
,2671.508412583874,2671.508412583874,2671.508412583874,2671.508412583874,2671.508412583874,2024-08-06,0,0,0,0,0,0
,2732.007844519948,2732.007844519948,2732.007844519948,2732.007844519948,2732.007844519948,2024-08-07,0,0,0,0,0,0
,2704.802745858555,2704.802745858555,2704.802745858555,2704.802745858555,2704.802745858555,2024-08-08,0,0,0,0,0,0
,2706.7668683605493,2706.7668683605493,2706.7668683605493,2706.7668683605493,2706.7668683605493,2024-08-09,0,0,0,0,0,0
,2689.0886039431816,2689.0886039431816,2689.0886039431816,2689.0886039431816,2689.0886039431816,2024-08-12,0,0,0,0,0,0
,2693.017111930474,2693.017111930474,2693.017111930474,2693.017111930474,2693.017111930474,2024-08-13,0,0,0,0,0,0
,2692.0347690397707,2692.0347690397707,2692.0347690397707,2692.0347690397707,2692.0347690397707,2024-08-14,0,0,0,0,0,0
,2688.9903131038814,2688.9903131038814,2688.9903131038814,2688.9903131038814,2688.9903131038814,2024-08-16,0,0,0,0,0,0
,2700.923393698525,2700.923393698525,2700.923393698525,2700.923393698525,2700.923393698525,2024-08-19,0,0,0,0,0,0
,2693.557117491009,2693.557117491009,2693.557117491009,2693.557117491009,2693.557117491009,2024-08-20,0,0,0,0,0,0
,2700.3831088394704,2700.3831088394704,2700.3831088394704,2700.3831088394704,2700.3831088394704,2024-08-21,0,0,0,0,0,0
,2752.878253181033,2752.878253181033,2752.878253181033,2752.878253181033,2752.878253181033,2024-08-22,0,0,0,0,0,0
,2749.195314378257,2749.195314378257,2749.195314378257,2749.195314378257,2749.195314378257,2024-08-23,0,0,0,0,0,0
,2765.302266614152,2765.302266614152,2765.302266614152,2765.302266614152,2765.302266614152,2024-08-26,0,0,0,0,0,0
,2758.8201919983567,2758.8201919983567,2758.8201919983567,2758.8201919983567,2758.8201919983567,2024-08-27,0,0,0,0,0,0
,2710.6956296414182,2710.6956296414182,2710.6956296414182,2710.6956296414182,2710.6956296414182,2024-08-28,0,0,0,0,0,0
,2720.46789831067,2720.46789831067,2720.46789831067,2720.46789831067,2720.46789831067,2024-08-29,0,0,0,0,0,0
,2745.7575383581343,2745.7575383581343,2745.7575383581343,2745.7575383581343,2745.7575383581343,2024-08-30,0,0,0,0,0,0
,2744.088087928264,2744.088087928264,2744.088087928264,2744.088087928264,2744.088087928264,2024-09-02,0,0,0,0,0,0
,2730.338219028989,2730.338219028989,2730.338219028989,2730.338219028989,2730.338219028989,2024-09-03,0,0,0,0,0,0
,2730.3383056533216,2730.3383056533216,2730.3383056533216,2730.3383056533216,2730.3383056533216,2024-09-04,0,0,0,0,0,0
,2789.315410004685,2789.315410004685,2789.315410004685,2789.315410004685,2789.315410004685,2024-09-05,0,0,0,0,0,0
,2777.579075084932,2777.579075084932,2777.579075084932,2777.579075084932,2777.579075084932,2024-09-06,0,0,0,0,0,0
,2802.132524383947,2802.132524383947,2802.132524383947,2802.132524383947,2802.132524383947,2024-09-09,0,0,0,0,0,0
,2881.587099477068,2881.587099477068,2881.587099477068,2881.587099477068,2881.587099477068,2024-09-10,0,0,0,0,0,0
,2859.587613706427,2859.587613706427,2859.587613706427,2859.587613706427,2859.587613706427,2024-09-11,0,0,0,0,0,0
,2858.99803343085,2858.99803343085,2858.99803343085,2858.99803343085,2858.99803343085,2024-09-12,0,0,0,0,0,0
,2903.586950846124,2903.586950846124,2903.586950846124,2903.586950846124,2903.586950846124,2024-09-13,0,0,0,0,0,0
,2858.015864243818,2858.015864243818,2858.015864243818,2858.015864243818,2858.015864243818,2024-09-16,0,0,0,0,0,0
,2815.8823938769674,2815.8823938769674,2815.8823938769674,2815.8823938769674,2815.8823938769674,2024-09-17,0,0,0,0,0,0
,2822.659026602358,2822.659026602358,2822.659026602358,2822.659026602358,2822.659026602358,2024-09-18,0,0,0,0,0,0
,2824.8687896636807,2824.8687896636807,2824.8687896636807,2824.8687896636807,2824.8687896636807,2024-09-19,0,0,0,0,0,0
,2872.551375191689,2872.551375191689,2872.551375191689,2872.551375191689,2872.551375191689,2024-09-20,0,0,0,0,0,0
,2926.765488042224,2926.765488042224,2926.765488042224,2926.765488042224,2926.765488042224,2024-09-23,0,0,0,0,0,0
,2966.0508530379457,2966.0508530379457,2966.0508530379457,2966.0508530379457,2966.0508530379457,2024-09-24,0,0,0,0,0,0
,2897.8415331028104,2897.8415331028104,2897.8415331028104,2897.8415331028104,2897.8415331028104,2024-09-25,0,0,0,0,0,0
,2898.381829613432,2898.381829613432,2898.381829613432,2898.381829613432,2898.381829613432,2024-09-26,0,0,0,0,0,0
,2932.7564823506304,2932.7564823506304,2932.7564823506304,2932.7564823506304,2932.7564823506304,2024-09-27,0,0,0,0,0,0
,2911.247631783933,2911.247631783933,2911.247631783933,2911.247631783933,2911.247631783933,2024-09-30,0,0,0,0,0,0
,2909.774414696781,2909.774414696781,2909.774414696781,2909.774414696781,2909.774414696781,2024-10-01,0,0,0,0,0,0
,2856.788374211744,2856.788374211744,2856.788374211744,2856.788374211744,2856.788374211744,2024-10-03,0,0,0,0,0,0
,2839.3553560532305,2839.3553560532305,2839.3553560532305,2839.3553560532305,2839.3553560532305,2024-10-04,0,0,0,0,0,0
,2794.177053744544,2794.177053744544,2794.177053744544,2794.177053744544,2794.177053744544,2024-10-07,0,0,0,0,0,0
,2793.1948481721283,2793.1948481721283,2793.1948481721283,2793.1948481721283,2793.1948481721283,2024-10-08,0,0,0,0,0,0
,2772.9628562205944,2772.9628562205944,2772.9628562205944,2772.9628562205944,2772.9628562205944,2024-10-09,0,0,0,0,0,0
,2720.516964481247,2720.516964481247,2720.516964481247,2720.516964481247,2720.516964481247,2024-10-10,0,0,0,0,0,0
,2715.409749949381,2715.409749949381,2715.409749949381,2715.409749949381,2715.409749949381,2024-10-11,0,0,0,0,0,0
,2741.731219144135,2741.731219144135,2741.731219144135,2741.731219144135,2741.731219144135,2024-10-14,0,0,0,0,0,0
,2743.2042356246407,2743.2042356246407,2743.2042356246407,2743.2042356246407,2743.2042356246407,2024-10-15,0,0,0,0,0,0
,2739.324696934132,2739.324696934132,2739.324696934132,2739.324696934132,2739.324696934132,2024-10-16,0,0,0,0,0,0
,2729.798005573843,2729.798005573843,2729.798005573843,2729.798005573843,2729.798005573843,2024-10-17,0,0,0,0,0,0
,2689.7268522038785,2689.7268522038785,2689.7268522038785,2689.7268522038785,2689.7268522038785,2024-10-18,0,0,0,0,0,0
,2666.4993875977416,2666.4993875977416,2666.4993875977416,2666.4993875977416,2666.4993875977416,2024-10-21,0,0,0,0,0,0
,2637.1335958807244,2637.1335958807244,2637.1335958807244,2637.1335958807244,2637.1335958807244,2024-10-22,0,0,0,0,0,0
,2574.1785750975464,2574.1785750975464,2574.1785750975464,2574.1785750975464,2574.1785750975464,2024-10-23,0,0,0,0,0,0
,2599.714131035417,2599.714131035417,2599.714131035417,2599.714131035417,2599.714131035417,2024-10-24,0,0,0,0,0,0
,2457.598914491708,2457.598914491708,2457.598914491708,2457.598914491708,2457.598914491708,2024-10-25,0,0,0,0,0,0
,2498.55391675656,2498.55391675656,2498.55391675656,2498.55391675656,2498.55391675656,2024-10-28,0,0,0,0,0,0
,2539.508994442476,2539.508994442476,2539.508994442476,2539.508994442476,2539.508994442476,2024-10-29,0,0,0,0,0,0
,2511.3217763847847,2511.3217763847847,2511.3217763847847,2511.3217763847847,2511.3217763847847,2024-10-30,0,0,0,0,0,0
,2509.30843359519,2509.30843359519,2509.30843359519,2509.30843359519,2509.30843359519,2024-10-31,0,0,0,0,0,0
,2498.505140188762,2498.505140188762,2498.505140188762,2498.505140188762,2498.505140188762,2024-11-01,0,0,0,0,0,0
,2501.500639022215,2501.500639022215,2501.500639022215,2501.500639022215,2501.500639022215,2024-11-04,0,0,0,0,0,0
,2474.982858304809,2474.982858304809,2474.982858304809,2474.982858304809,2474.982858304809,2024-11-05,0,0,0,0,0,0
,2489.0248833129285,2489.0248833129285,2489.0248833129285,2489.0248833129285,2489.0248833129285,2024-11-06,0,0,0,0,0,0
,2474.6757381471616,2474.6757381471616,2474.6757381471616,2474.6757381471616,2474.6757381471616,2024-11-07,0,0,0,0,0,0
,2458.1001868735925,2458.1001868735925,2458.1001868735925,2458.1001868735925,2458.1001868735925,2024-11-08,0,0,0,0,0,0
,2482.889616450141,2482.889616450141,2482.889616450141,2482.889616450141,2482.889616450141,2024-11-11,0,0,0,0,0,0
,2469.0351629944903,2469.0351629944903,2469.0351629944903,2469.0351629944903,2469.0351629944903,2024-11-12,0,0,0,0,0,0
,2436.477655738797,2436.477655738797,2436.477655738797,2436.477655738797,2436.477655738797,2024-11-13,0,0,0,0,0,0
,2434.795173825076,2434.795173825076,2434.795173825076,2434.795173825076,2434.795173825076,2024-11-14,0,0,0,0,0,0
,2376.1618922683506,2376.1618922683506,2376.1618922683506,2376.1618922683506,2376.1618922683506,2024-11-18,0,0,0,0,0,0
,2406.5916538817232,2406.5916538817232,2406.5916538817232,2406.5916538817232,2406.5916538817232,2024-11-19,0,0,0,0,0,0
,2399.516319706179,2399.516319706179,2399.516319706179,2399.516319706179,2399.516319706179,2024-11-21,0,0,0,0,0,0
,2366.0680148563506,2366.0680148563506,2366.0680148563506,2366.0680148563506,2366.0680148563506,2024-11-22,0,0,0,0,0,0
,2444.295362696197,2444.295362696197,2444.295362696197,2444.295362696197,2444.295362696197,2024-11-25,0,0,0,0,0,0
,2460.376339280044,2460.376339280044,2460.376339280044,2460.376339280044,2460.376339280044,2024-11-26,0,0,0,0,0,0
,2449.3915667510755,2449.3915667510755,2449.3915667510755,2449.3915667510755,2449.3915667510755,2024-11-27,0,0,0,0,0,0
,2460.12878333942,2460.12878333942,2460.12878333942,2460.12878333942,2460.12878333942,2024-11-28,0,0,0,0,0,0
,2429.550486048264,2429.550486048264,2429.550486048264,2429.550486048264,2429.550486048264,2024-11-29,0,0,0,0,0,0
,2459.1393150176896,2459.1393150176896,2459.1393150176896,2459.1393150176896,2459.1393150176896,2024-12-02,0,0,0,0,0,0
,2454.191281323029,2454.191281323029,2454.191281323029,2454.191281323029,2454.191281323029,2024-12-03,0,0,0,0,0,0
,2455.2798834802848,2455.2798834802848,2455.2798834802848,2455.2798834802848,2455.2798834802848,2024-12-04,0,0,0,0,0,0
,2439.9412002072213,2439.9412002072213,2439.9412002072213,2439.9412002072213,2439.9412002072213,2024-12-05,0,0,0,0,0,0
,2469.0353010155163,2469.0353010155163,2469.0353010155163,2469.0353010155163,2469.0353010155163,2024-12-06,0,0,0,0,0,0
,2439.347482760921,2439.347482760921,2439.347482760921,2439.347482760921,2439.347482760921,2024-12-09,0,0,0,0,0,0
,2383.6333504033364,2383.6333504033364,2383.6333504033364,2383.6333504033364,2383.6333504033364,2024-12-10,0,0,0,0,0,0
,2379.9717820277288,2379.9717820277288,2379.9717820277288,2379.9717820277288,2379.9717820277288,2024-12-11,0,0,0,0,0,0
,2360.2294166121537,2360.2294166121537,2360.2294166121537,2360.2294166121537,2360.2294166121537,2024-12-12,0,0,0,0,0,0
,2320.546768178735,2320.546768178735,2320.546768178735,2320.546768178735,2320.546768178735,2024-12-13,0,0,0,0,0,0
,2365.424946537542,2365.424946537542,2365.424946537542,2365.424946537542,2365.424946537542,2024-12-16,0,0,0,0,0,0
,2328.8593734568494,2328.8593734568494,2328.8593734568494,2328.8593734568494,2328.8593734568494,2024-12-17,0,0,0,0,0,0
,2325.5937555517817,2325.5937555517817,2325.5937555517817,2325.5937555517817,2325.5937555517817,2024-12-18,0,0,0,0,0,0
,2322.575378033356,2322.575378033356,2322.575378033356,2322.575378033356,2322.575378033356,2024-12-19,0,0,0,0,0,0
,2327.6223625608864,2327.6223625608864,2327.6223625608864,2327.6223625608864,2327.6223625608864,2024-12-20,0,0,0,0,0,0
,2312.679439765665,2312.679439765665,2312.679439765665,2312.679439765665,2312.679439765665,2024-12-23,0,0,0,0,0,0
,2306.840987138842,2306.840987138842,2306.840987138842,2306.840987138842,2306.840987138842,2024-12-24,0,0,0,0,0,0
,2307.978836192028,2307.978836192028,2307.978836192028,2307.978836192028,2307.978836192028,2024-12-26,0,0,0,0,0,0
,2318.6170421366123,2318.6170421366123,2318.6170421366123,2318.6170421366123,2318.6170421366123,2024-12-27,0,0,0,0,0,0
,2317.1326298763533,2317.1326298763533,2317.1326298763533,2317.1326298763533,2317.1326298763533,2024-12-30,0,0,0,0,0,0
,2315.6483090887227,2315.6483090887227,2315.6483090887227,2315.6483090887227,2315.6483090887227,2024-12-31,0,0,0,0,0,0
,2300.804294082358,2300.804294082358,2300.804294082358,2300.804294082358,2300.804294082358,2025-01-01,0,0,0,0,0,0
,2305.7522085970463,2305.7522085970463,2305.7522085970463,2305.7522085970463,2305.7522085970463,2025-01-02,0,0,0,0,0,0
,2357.062761752587,2357.062761752587,2357.062761752587,2357.062761752587,2357.062761752587,2025-01-03,0,0,0,0,0,0
,2392.836481773446,2392.836481773446,2392.836481773446,2392.836481773446,2392.836481773446,2025-01-06,0,0,0,0,0,0
,2352.4115844134094,2352.4115844134094,2352.4115844134094,2352.4115844134094,2352.4115844134094,2025-01-07,0,0,0,0,0,0
,2366.11749509075,2366.11749509075,2366.11749509075,2366.11749509075,2366.11749509075,2025-01-08,0,0,0,0,0,0
,2380.02140830482,2380.02140830482,2380.02140830482,2380.02140830482,2380.02140830482,2025-01-09,0,0,0,0,0,0
,2410.055290434463,2410.055290434463,2410.055290434463,2410.055290434463,2410.055290434463,2025-01-10,0,0,0,0,0,0
,2391.8965200446955,2391.8965200446955,2391.8965200446955,2391.8965200446955,2391.8965200446955,2025-01-13,0,0,0,0,0,0
,2439.3474497642724,2439.3474497642724,2439.3474497642724,2439.3474497642724,2439.3474497642724,2025-01-14,0,0,0,0,0,0
,2349.195468982312,2349.195468982312,2349.195468982312,2349.195468982312,2349.195468982312,2025-01-15,0,0,0,0,0,0
,2352.21364769839,2352.21364769839,2352.21364769839,2352.21364769839,2352.21364769839,2025-01-16,0,0,0,0,0,0
,2325.5440685236567,2325.5440685236567,2325.5440685236567,2325.5440685236567,2325.5440685236567,2025-01-17,0,0,0,0,0,0
,2331.927114224977,2331.927114224977,2331.927114224977,2331.927114224977,2331.927114224977,2025-01-20,0,0,0,0,0,0
,2329.007779016069,2329.007779016069,2329.007779016069,2329.007779016069,2329.007779016069,2025-01-21,0,0,0,0,0,0
,2318.1716421650885,2318.1716421650885,2318.1716421650885,2318.1716421650885,2318.1716421650885,2025-01-22,0,0,0,0,0,0
,2290.908347838724,2290.908347838724,2290.908347838724,2290.908347838724,2290.908347838724,2025-01-23,0,0,0,0,0,0
,2308.572649398605,2308.572649398605,2308.572649398605,2308.572649398605,2308.572649398605,2025-01-24,0,0,0,0,0,0
,2340.387974264966,2340.387974264966,2340.387974264966,2340.387974264966,2340.387974264966,2025-01-27,0,0,0,0,0,0
,2376.0134518785903,2376.0134518785903,2376.0134518785903,2376.0134518785903,2376.0134518785903,2025-01-28,0,0,0,0,0,0
,2360.3283327655017,2360.3283327655017,2360.3283327655017,2360.3283327655017,2360.3283327655017,2025-01-29,0,0,0,0,0,0
,2359.190427153607,2359.190427153607,2359.190427153607,2359.190427153607,2359.190427153607,2025-01-30,0,0,0,0,0,0
,2376.508234850856,2376.508234850856,2376.508234850856,2376.508234850856,2376.508234850856,2025-01-31,0,0,0,0,0,0
,2449.243296082011,2449.243296082011,2449.243296082011,2449.243296082011,2449.243296082011,2025-02-01,0,0,0,0,0,0
,2478.9310100640587,2478.9310100640587,2478.9310100640587,2478.9310100640587,2478.9310100640587,2025-02-03,0,0,0,0,0,0
,2424.503570057758,2424.503570057758,2424.503570057758,2424.503570057758,2424.503570057758,2025-02-04,0,0,0,0,0,0
,2427.4722457945336,2427.4722457945336,2427.4722457945336,2427.4722457945336,2427.4722457945336,2025-02-05,0,0,0,0,0,0
,2375.023756044994,2375.023756044994,2375.023756044994,2375.023756044994,2375.023756044994,2025-02-06,0,0,0,0,0,0
,2355.232079468475,2355.232079468475,2355.232079468475,2355.232079468475,2355.232079468475,2025-02-07,0,0,0,0,0,0
,2346.226608165067,2346.226608165067,2346.226608165067,2346.226608165067,2346.226608165067,2025-02-10,0,0,0,0,0,0
,2346.325585157178,2346.325585157178,2346.325585157178,2346.325585157178,2346.325585157178,2025-02-11,0,0,0,0,0,0
,2301.4970357565,2301.4970357565,2301.4970357565,2301.4970357565,2301.4970357565,2025-02-12,0,0,0,0,0,0
,2305.8514192374955,2305.8514192374955,2305.8514192374955,2305.8514192374955,2305.8514192374955,2025-02-13,0,0,0,0,0,0
,2297.8355515744483,2297.8355515744483,2297.8355515744483,2297.8355515744483,2297.8355515744483,2025-02-14,0,0,0,0,0,0
,2294.223635003292,2294.223635003292,2294.223635003292,2294.223635003292,2294.223635003292,2025-02-17,0,0,0,0,0,0
,2305.158520524562,2305.158520524562,2305.158520524562,2305.158520524562,2305.158520524562,2025-02-18,0,0,0,0,0,0
,2274.8276465999206,2274.8276465999206,2274.8276465999206,2274.8276465999206,2274.8276465999206,2025-02-19,0,0,0,0,0,0
,2226.980672739916,2226.980672739916,2226.980672739916,2226.980672739916,2226.980672739916,2025-02-20,0,0,0,0,0,0
,2224.655074737465,2224.655074737465,2224.655074737465,2224.655074737465,2224.655074737465,2025-02-21,0,0,0,0,0,0
,2206.792984713286,2206.792984713286,2206.792984713286,2206.792984713286,2206.792984713286,2025-02-24,0,0,0,0,0,0
,2219.6576675855754,2219.6576675855754,2219.6576675855754,2219.6576675855754,2219.6576675855754,2025-02-25,0,0,0,0,0,0
,2246.0303082238115,2246.0303082238115,2246.0303082238115,2246.0303082238115,2246.0303082238115,2025-02-27,0,0,0,0,0,0
,2221.6862995661827,2221.6862995661827,2221.6862995661827,2221.6862995661827,2221.6862995661827,2025-02-28,0,0,0,0,0,0
,2176.1156841937386,2176.1156841937386,2176.1156841937386,2176.1156841937386,2176.1156841937386,2025-03-03,0,0,0,0,0,0
,2157.263833201739,2157.263833201739,2157.263833201739,2157.263833201739,2157.263833201739,2025-03-04,0,0,0,0,0,0
,2129.6046023003178,2129.6046023003178,2129.6046023003178,2129.6046023003178,2129.6046023003178,2025-03-05,0,0,0,0,0,0
,2152.3653348141274,2152.3653348141274,2152.3653348141274,2152.3653348141274,2152.3653348141274,2025-03-06,0,0,0,0,0,0
,2203.527304632234,2203.527304632234,2203.527304632234,2203.527304632234,2203.527304632234,2025-03-07,0,0,0,0,0,0
,2185.021823907241,2185.021823907241,2185.021823907241,2185.021823907241,2185.021823907241,2025-03-10,0,0,0,0,0,0
,2216.6888343723404,2216.6888343723404,2216.6888343723404,2216.6888343723404,2216.6888343723404,2025-03-11,0,0,0,0,0,0
,2194.274851591979,2194.274851591979,2194.274851591979,2194.274851591979,2194.274851591979,2025-03-12,0,0,0,0,0,0
,2162.261283449078,2162.261283449078,2162.261283449078,2162.261283449078,2162.261283449078,2025-03-13,0,0,0,0,0,0
,2138.510966285262,2138.510966285262,2138.510966285262,2138.510966285262,2138.510966285262,2025-03-17,0,0,0,0,0,0
,2148.654296875,2148.654296875,2148.654296875,2148.654296875,2148.654296875,2025-03-18,0,0,0,0,0,0
,2184.0324102623285,2184.0324102623285,2184.0324102623285,2184.0324102623285,2184.0324102623285,2025-03-19,0,0,0,0,0,0
,2180.964622011462,2180.964622011462,2180.964622011462,2180.964622011462,2180.964622011462,2025-03-20,0,0,0,0,0,0
,2221.636999228841,2221.636999228841,2221.636999228841,2221.636999228841,2221.636999228841,2025-03-21,0,0,0,0,0,0
,2226.8321833987184,2226.8321833987184,2226.8321833987184,2226.8321833987184,2226.8321833987184,2025-03-24,0,0,0,0,0,0
,2227.3271392669976,2227.3271392669976,2227.3271392669976,2227.3271392669976,2227.3271392669976,2025-03-25,0,0,0,0,0,0
,2248.355856695608,2248.355856695608,2248.355856695608,2248.355856695608,2248.355856695608,2025-03-26,0,0,0,0,0,0
,2220.8452586740973,2220.8452586740973,2220.8452586740973,2220.8452586740973,2220.8452586740973,2025-03-27,0,0,0,0,0,0
,2223.615996973709,2223.615996973709,2223.615996973709,2223.615996973709,2223.615996973709,2025-03-28,0,0,0,0,0,0
,2235.4912014951065,2235.4912014951065,2235.4912014951065,2235.4912014951065,2235.4912014951065,2025-04-01,0,0,0,0,0,0
,2220.3502847646905,2220.3502847646905,2220.3502847646905,2220.3502847646905,2220.3502847646905,2025-04-02,0,0,0,0,0,0
,2202.290322056308,2202.290322056308,2202.290322056308,2202.290322056308,2202.290322056308,2025-04-03,0,0,0,0,0,0
,2206.7930198113336,2206.7930198113336,2206.7930198113336,2206.7930198113336,2206.7930198113336,2025-04-04,0,0,0,0,0,0
,2127.6254940825147,2127.6254940825147,2127.6254940825147,2127.6254940825147,2127.6254940825147,2025-04-07,0,0,0,0,0,0
,2244.6943399778315,2244.6943399778315,2244.6943399778315,2244.6943399778315,2244.6943399778315,2025-04-08,0,0,0,0,0,0
,2270.0774382315035,2270.0774382315035,2270.0774382315035,2270.0774382315035,2270.0774382315035,2025-04-09,0,0,0,0,0,0
,2369.6802461073025,2369.6802461073025,2369.6802461073025,2369.6802461073025,2369.6802461073025,2025-04-11,0,0,0,0,0,0
,2375.0239023131485,2375.0239023131485,2375.0239023131485,2375.0239023131485,2375.0239023131485,2025-04-15,0,0,0,0,0,0
,2326.533684513711,2326.533684513711,2326.533684513711,2326.533684513711,2326.533684513711,2025-04-16,0,0,0,0,0,0
,2332.570313262086,2332.570313262086,2332.570313262086,2332.570313262086,2332.570313262086,2025-04-17,0,0,0,0,0,0
,2343.4558323350475,2343.4558323350475,2343.4558323350475,2343.4558323350475,2343.4558323350475,2025-04-21,0,0,0,0,0,0
,2345.336026442546,2345.336026442546,2345.336026442546,2345.336026442546,2345.336026442546,2025-04-22,0,0,0,0,0,0
,2384.9197366810754,2384.9197366810754,2384.9197366810754,2384.9197366810754,2384.9197366810754,2025-04-23,0,0,0,0,0,0
,2398.576257119483,2398.576257119483,2398.576257119483,2398.576257119483,2398.576257119483,2025-04-24,0,0,0,0,0,0
,2307.6325170497216,2307.6325170497216,2307.6325170497216,2307.6325170497216,2307.6325170497216,2025-04-25,0,0,0,0,0,0
,2320.596111755877,2320.596111755877,2320.596111755877,2320.596111755877,2320.596111755877,2025-04-28,0,0,0,0,0,0
,2303.773059943218,2303.773059943218,2303.773059943218,2303.773059943218,2303.773059943218,2025-04-29,0,0,0,0,0,0
,2295.856453949561,2295.856453949561,2295.856453949561,2295.856453949561,2295.856453949561,2025-04-30,0,0,0,0,0,0
,2309.8096422473805,2309.8096422473805,2309.8096422473805,2309.8096422473805,2309.8096422473805,2025-05-02,0,0,0,0,0,0
,2299.913899545334,2299.913899545334,2299.913899545334,2299.913899545334,2299.913899545334,2025-05-05,0,0,0,0,0,0
,2315.846008934059,2315.846008934059,2315.846008934059,2315.846008934059,2315.846008934059,2025-05-06,0,0,0,0,0,0
,2344.346369407166,2344.346369407166,2344.346369407166,2344.346369407166,2344.346369407166,2025-05-07,0,0,0,0,0,0
,2337.122348880004,2337.122348880004,2337.122348880004,2337.122348880004,2337.122348880004,2025-05-08,0,0,0,0,0,0
,2305.7523464354463,2305.7523464354463,2305.7523464354463,2305.7523464354463,2305.7523464354463,2025-05-09,0,0,0,0,0,0
,2335.440205272823,2335.440205272823,2335.440205272823,2335.440205272823,2335.440205272823,2025-05-12,0,0,0,0,0,0
,2350.87793765063,2350.87793765063,2350.87793765063,2350.87793765063,2350.87793765063,2025-05-13,0,0,0,0,0,0
,2345.336131940013,2345.336131940013,2345.336131940013,2345.336131940013,2345.336131940013,2025-05-14,0,0,0,0,0,0
,2327.1275507161395,2327.1275507161395,2327.1275507161395,2327.1275507161395,2327.1275507161395,2025-05-15,0,0,0,0,0,0
,2335.4402312682496,2335.4402312682496,2335.4402312682496,2335.4402312682496,2335.4402312682496,2025-05-16,0,0,0,0,0,0
,2350.283988823652,2350.283988823652,2350.283988823652,2350.283988823652,2350.283988823652,2025-05-19,0,0,0,0,0,0
,2369.680054417226,2369.680054417226,2369.680054417226,2369.680054417226,2369.680054417226,2025-05-20,0,0,0,0,0,0
,2321.5856944060306,2321.5856944060306,2321.5856944060306,2321.5856944060306,2321.5856944060306,2025-05-21,0,0,0,0,0,0
,2330.492233998324,2330.492233998324,2330.492233998324,2330.492233998324,2330.492233998324,2025-05-22,0,0,0,0,0,0
,2312.5804588503333,2312.5804588503333,2312.5804588503333,2312.5804588503333,2312.5804588503333,2025-05-23,0,0,0,0,0,0
,2343.3568222010613,2343.3568222010613,2343.3568222010613,2343.3568222010613,2343.3568222010613,2025-05-26,0,0,0,0,0,0
,2369.185423513216,2369.185423513216,2369.185423513216,2369.185423513216,2369.185423513216,2025-05-27,0,0,0,0,0,0
,2363.1486132150985,2363.1486132150985,2363.1486132150985,2363.1486132150985,2363.1486132150985,2025-05-28,0,0,0,0,0,0
,2344.346425310576,2344.346425310576,2344.346425310576,2344.346425310576,2344.346425310576,2025-05-29,0,0,0,0,0,0
,2335.4400088079005,2335.4400088079005,2335.4400088079005,2335.4400088079005,2335.4400088079005,2025-05-30,0,0,0,0,0,0
,2323.465880436182,2323.465880436182,2323.465880436182,2323.465880436182,2323.465880436182,2025-06-02,0,0,0,0,0,0
,2340.487154758472,2340.487154758472,2340.487154758472,2340.487154758472,2340.487154758472,2025-06-03,0,0,0,0,0,0
,2334.9453441469027,2334.9453441469027,2334.9453441469027,2334.9453441469027,2334.9453441469027,2025-06-04,0,0,0,0,0,0
,2339.893369903061,2339.893369903061,2339.893369903061,2339.893369903061,2339.893369903061,2025-06-05,0,0,0,0,0,0
,2348.6016434680623,2348.6016434680623,2348.6016434680623,2348.6016434680623,2348.6016434680623,2025-06-06,0,0,0,0,0,0
,2369.0864007078976,2369.0864007078976,2369.0864007078976,2369.0864007078976,2369.0864007078976,2025-06-09,0,0,0,0,0,0
,2368.4923654875056,2368.4923654875056,2368.4923654875056,2368.4923654875056,2368.4923654875056,2025-06-10,0,0,0,0,0,0
,2370.2738360495687,2370.2738360495687,2370.2738360495687,2370.2738360495687,2370.2738360495687,2025-06-11,0,0,0,0,0,0
,2362.0599768481766,2362.0599768481766,2362.0599768481766,2362.0599768481766,2362.0599768481766,2025-06-12,0,0,0,0,0,0
,2281.0123940057,2281.0123940057,2281.0123940057,2281.0123940057,2281.0123940057,2025-06-13,0,0,0,0,0,0
,2295.856305917426,2295.856305917426,2295.856305917426,2295.856305917426,2295.856305917426,2025-06-16,0,0,0,0,0,0
,2295.8563447517945,2295.8563447517945,2295.8563447517945,2295.8563447517945,2295.8563447517945,2025-06-17,0,0,0,0,0,0
,2303.476115710462,2303.476115710462,2303.476115710462,2303.476115710462,2303.476115710462,2025-06-18,0,0,0,0,0,0
,2276.163451963547,2276.163451963547,2276.163451963547,2276.163451963547,2276.163451963547,2025-06-19,0,0,0,0,0,0
,2271.116554866801,2271.116554866801,2271.116554866801,2271.116554866801,2271.116554866801,2025-06-20,0,0,0,0,0,0
,2283.39990234375,2283.39990234375,2283.39990234375,2283.39990234375,2283.39990234375,2025-06-23,0,0,0,0,0,0
,2295.0,2295.0,2295.0,2295.0,2295.0,2025-06-24,0,0,0,0,0,0
,2279.0,2279.0,2279.0,2279.0,2279.0,2025-06-25,0,0,0,0,0,0
,2288.89990234375,2288.89990234375,2288.89990234375,2288.89990234375,2288.89990234375,2025-06-26,0,0,0,0,0,0
,2280.800048828125,2280.800048828125,2280.800048828125,2280.800048828125,2280.800048828125,2025-06-27,0,0,0,0,0,0
,2309.89990234375,2309.89990234375,2309.89990234375,2309.89990234375,2309.89990234375,2025-06-30,0,0,0,0,0,0
,2300.0,2300.0,2300.0,2300.0,2300.0,2025-07-01,0,0,0,0,0,0
,2295.0,2295.0,2295.0,2295.0,2295.0,2025-07-02,0,0,0,0,0,0
,2310.0,2310.0,2310.0,2310.0,2310.0,2025-07-03,0,0,0,0,0,0
,2318.0,2318.0,2318.0,2318.0,2318.0,2025-07-04,0,0,0,0,0,0
,2341.0,2341.0,2341.0,2341.0,2341.0,2025-07-07,0,0,0,0,0,0
,2405.39990234375,2405.39990234375,2405.39990234375,2405.39990234375,2405.39990234375,2025-07-08,0,0,0,0,0,0
,2399.0,2399.0,2399.0,2399.0,2399.0,2025-07-09,0,0,0,0,0,0
,2423.39990234375,2423.39990234375,2423.39990234375,2423.39990234375,2423.39990234375,2025-07-10,0,0,0,0,0,0
,2500.0,2500.0,2500.0,2500.0,2500.0,2025-07-11,0,0,0,0,0,0
,2500.0,2500.0,2500.0,2500.0,2500.0,2025-07-14,0,0,0,0,0,0
,2520.699951171875,2520.699951171875,2520.699951171875,2520.699951171875,2520.699951171875,2025-07-15,0,0,0,0,0,0
,2526.300048828125,2526.300048828125,2526.300048828125,2526.300048828125,2526.300048828125,2025-07-16,0,0,0,0,0,0
,2513.0,2513.0,2513.0,2513.0,2513.0,2025-07-17,0,0,0,0,0,0
,2514.89990234375,2514.89990234375,2514.89990234375,2514.89990234375,2514.89990234375,2025-07-18,0,0,0,0,0,0
,2490.89990234375,2490.89990234375,2490.89990234375,2490.89990234375,2490.89990234375,2025-07-21,0,0,0,0,0,0
,2470.0,2470.0,2470.0,2470.0,2470.0,2025-07-22,0,0,0,0,0,0
,2481.0,2481.0,2481.0,2481.0,2481.0,2025-07-23,0,0,0,0,0,0
,2455.89990234375,2455.89990234375,2455.89990234375,2455.89990234375,2455.89990234375,2025-07-24,0,0,0,0,0,0
,2426.10009765625,2426.10009765625,2426.10009765625,2426.10009765625,2426.10009765625,2025-07-25,0,0,0,0,0,0
,2415.39990234375,2415.39990234375,2415.39990234375,2415.39990234375,2415.39990234375,2025-07-28,0,0,0,0,0,0
,2444.800048828125,2444.800048828125,2444.800048828125,2444.800048828125,2444.800048828125,2025-07-29,0,0,0,0,0,0
,2442.0,2442.0,2442.0,2442.0,2442.0,2025-07-30,0,0,0,0,0,0
,2420.10009765625,2420.10009765625,2420.10009765625,2420.10009765625,2420.10009765625,2025-07-31,0,0,0,0,0,0
,2550.0,2550.0,2550.0,2550.0,2550.0,2025-08-01,0,0,0,0,0,0
,2547.0,2547.0,2547.0,2547.0,2547.0,2025-08-04,0,0,0,0,0,0
,2537.5,2537.5,2537.5,2537.5,2537.5,2025-08-05,0,0,0,0,0,0
,2538.699951171875,2538.699951171875,2538.699951171875,2538.699951171875,2538.699951171875,2025-08-06,0,0,0,0,0,0
,2535.699951171875,2535.699951171875,2535.699951171875,2535.699951171875,2535.699951171875,2025-08-07,0,0,0,0,0,0
,2516.0,2516.0,2516.0,2516.0,2516.0,2025-08-08,0,0,0,0,0,0
,2490.10009765625,2490.10009765625,2490.10009765625,2490.10009765625,2490.10009765625,2025-08-11,0,0,0,0,0,0
,2518.0,2518.0,2518.0,2518.0,2518.0,2025-08-12,0,0,0,0,0,0
,2485.0,2485.0,2485.0,2485.0,2485.0,2025-08-13,0,0,0,0,0,0
,2498.89990234375,2498.89990234375,2498.89990234375,2498.89990234375,2498.89990234375,2025-08-14,0,0,0,0,0,0
,2539.0,2539.0,2539.0,2539.0,2539.0,2025-08-18,0,0,0,0,0,0
,2572.199951171875,2572.199951171875,2572.199951171875,2572.199951171875,2572.199951171875,2025-08-19,0,0,0,0,0,0
,2599.0,2599.0,2599.0,2599.0,2599.0,2025-08-20,0,0,0,0,0,0
,2667.10009765625,2667.10009765625,2667.10009765625,2667.10009765625,2667.10009765625,2025-08-21,0,0,0,0,0,0
,2647.0,2647.0,2647.0,2647.0,2647.0,2025-08-22,0,0,0,0,0,0
,2643.0,2643.0,2643.0,2643.0,2643.0,2025-08-25,0,0,0,0,0,0
,2624.60009765625,2624.60009765625,2624.60009765625,2624.60009765625,2624.60009765625,2025-08-26,0,0,0,0,0,0
,2692.60009765625,2692.60009765625,2692.60009765625,2692.60009765625,2692.60009765625,2025-08-27,0,0,0,0,0,0
,2748.0,2748.0,2748.0,2748.0,2748.0,2025-08-28,0,0,0,0,0,0
,2664.800048828125,2664.800048828125,2664.800048828125,2664.800048828125,2664.800048828125,2025-08-29,0,0,0,0,0,0
,2659.800048828125,2659.800048828125,2659.800048828125,2659.800048828125,2659.800048828125,2025-09-01,0,0,0,0,0,0
,2649.0,2649.0,2649.0,2649.0,2649.0,2025-09-02,0,0,0,0,0,0
,2681.0,2681.0,2681.0,2681.0,2681.0,2025-09-03,0,0,0,0,0,0
,2750.0,2750.0,2750.0,2750.0,2750.0,2025-09-04,0,0,0,0,0,0
,2667.60009765625,2667.60009765625,2667.60009765625,2667.60009765625,2667.60009765625,2025-09-05,0,0,0,0,0,0
,2630.0,2630.0,2630.0,2630.0,2630.0,2025-09-08,0,0,0,0,0,0
,2637.0,2637.0,2637.0,2637.0,2637.0,2025-09-09,0,0,0,0,0,0
,2642.0,2642.0,2642.0,2642.0,2642.0,2025-09-10,0,0,0,0,0,0
,2643.800048828125,2643.800048828125,2643.800048828125,2643.800048828125,2643.800048828125,2025-09-11,0,0,0,0,0,0
,2625.0,2625.0,2625.0,2625.0,2625.0,2025-09-12,0,0,0,0,0,0
