Ticker,ICICIBANK.NS,ICICIBANK.NS,ICICIBANK.NS,ICICIBANK.NS,ICICIBANK.NS,Date,sentiment_compound,sentiment_positive,sentiment_negative,sentiment_strength,positive_ratio,negative_ratio
,872.4014740958874,872.4014740958874,872.4014740958874,872.4014740958874,872.4014740958874,2023-01-02,0,0,0,0,0,0
,876.7927916486487,876.7927916486487,876.7927916486487,876.7927916486487,876.7927916486487,2023-01-03,0,0,0,0,0,0
,877.2806746302692,877.2806746302692,877.2806746302692,877.2806746302692,877.2806746302692,2023-01-04,0,0,0,0,0,0
,879.1348111478047,879.1348111478047,879.1348111478047,879.1348111478047,879.1348111478047,2023-01-05,0,0,0,0,0,0
,857.7150822158359,857.7150822158359,857.7150822158359,857.7150822158359,857.7150822158359,2023-01-06,0,0,0,0,0,0
,853.1285854792023,853.1285854792023,853.1285854792023,853.1285854792023,853.1285854792023,2023-01-09,0,0,0,0,0,0
,854.2508913830072,854.2508913830072,854.2508913830072,854.2508913830072,854.2508913830072,2023-01-10,0,0,0,0,0,0
,842.0528443311998,842.0528443311998,842.0528443311998,842.0528443311998,842.0528443311998,2023-01-11,0,0,0,0,0,0
,844.5899804905931,844.5899804905931,844.5899804905931,844.5899804905931,844.5899804905931,2023-01-12,0,0,0,0,0,0
,843.8093564017448,843.8093564017448,843.8093564017448,843.8093564017448,843.8093564017448,2023-01-13,0,0,0,0,0,0
,856.0561563998281,856.0561563998281,856.0561563998281,856.0561563998281,856.0561563998281,2023-01-16,0,0,0,0,0,0
,846.0050363579256,846.0050363579256,846.0050363579256,846.0050363579256,846.0050363579256,2023-01-17,0,0,0,0,0,0
,843.5654250474721,843.5654250474721,843.5654250474721,843.5654250474721,843.5654250474721,2023-01-18,0,0,0,0,0,0
,847.029646532359,847.029646532359,847.029646532359,847.029646532359,847.029646532359,2023-01-19,0,0,0,0,0,0
,852.3967365563113,852.3967365563113,852.3967365563113,852.3967365563113,852.3967365563113,2023-01-20,0,0,0,0,0,0
,860.6914050079915,860.6914050079915,860.6914050079915,860.6914050079915,860.6914050079915,2023-01-23,0,0,0,0,0,0
,857.7638806877826,857.7638806877826,857.7638806877826,857.7638806877826,857.7638806877826,2023-01-24,0,0,0,0,0,0
,852.2015435388557,852.2015435388557,852.2015435388557,852.2015435388557,852.2015435388557,2023-01-25,0,0,0,0,0,0
,818.876621159135,818.876621159135,818.876621159135,818.876621159135,818.876621159135,2023-01-27,0,0,0,0,0,0
,780.6724228711294,780.6724228711294,780.6724228711294,780.6724228711294,780.6724228711294,2023-01-30,0,0,0,0,0,0
,806.0443354842496,806.0443354842496,806.0443354842496,806.0443354842496,806.0443354842496,2023-01-31,0,0,0,0,0,0
,823.0727675844201,823.0727675844201,823.0727675844201,823.0727675844201,823.0727675844201,2023-02-01,0,0,0,0,0,0
,808.3863483354639,808.3863483354639,808.3863483354639,808.3863483354639,808.3863483354639,2023-02-02,0,0,0,0,0,0
,843.760652643216,843.760652643216,843.760652643216,843.760652643216,843.760652643216,2023-02-03,0,0,0,0,0,0
,840.6866790648273,840.6866790648273,840.6866790648273,840.6866790648273,840.6866790648273,2023-02-06,0,0,0,0,0,0
,834.3437126381102,834.3437126381102,834.3437126381102,834.3437126381102,834.3437126381102,2023-02-07,0,0,0,0,0,0
,831.9040805956793,831.9040805956793,831.9040805956793,831.9040805956793,831.9040805956793,2023-02-08,0,0,0,0,0,0
,837.7591795408565,837.7591795408565,837.7591795408565,837.7591795408565,837.7591795408565,2023-02-09,0,0,0,0,0,0
,834.8803764054466,834.8803764054466,834.8803764054466,834.8803764054466,834.8803764054466,2023-02-10,0,0,0,0,0,0
,832.7824387542234,832.7824387542234,832.7824387542234,832.7824387542234,832.7824387542234,2023-02-13,0,0,0,0,0,0
,833.2702896230664,833.2702896230664,833.2702896230664,833.2702896230664,833.2702896230664,2023-02-14,0,0,0,0,0,0
,845.4683000864001,845.4683000864001,845.4683000864001,845.4683000864001,845.4683000864001,2023-02-15,0,0,0,0,0,0
,854.787605159296,854.787605159296,854.787605159296,854.787605159296,854.787605159296,2023-02-16,0,0,0,0,0,0
,846.5904820244143,846.5904820244143,846.5904820244143,846.5904820244143,846.5904820244143,2023-02-17,0,0,0,0,0,0
,841.8088986592531,841.8088986592531,841.8088986592531,841.8088986592531,841.8088986592531,2023-02-20,0,0,0,0,0,0
,833.7582293477933,833.7582293477933,833.7582293477933,833.7582293477933,833.7582293477933,2023-02-21,0,0,0,0,0,0
,830.6842687366475,830.6842687366475,830.6842687366475,830.6842687366475,830.6842687366475,2023-02-22,0,0,0,0,0,0
,816.339395513742,816.339395513742,816.339395513742,816.339395513742,816.339395513742,2023-02-23,0,0,0,0,0,0
,823.5607138018664,823.5607138018664,823.5607138018664,823.5607138018664,823.5607138018664,2023-02-24,0,0,0,0,0,0
,813.4119068231814,813.4119068231814,813.4119068231814,813.4119068231814,813.4119068231814,2023-02-27,0,0,0,0,0,0
,834.2461663394178,834.2461663394178,834.2461663394178,834.2461663394178,834.2461663394178,2023-02-28,0,0,0,0,0,0
,843.1262893169088,843.1262893169088,843.1262893169088,843.1262893169088,843.1262893169088,2023-03-01,0,0,0,0,0,0
,832.3920183025423,832.3920183025423,832.3920183025423,832.3920183025423,832.3920183025423,2023-03-02,0,0,0,0,0,0
,836.0514981986004,836.0514981986004,836.0514981986004,836.0514981986004,836.0514981986004,2023-03-03,0,0,0,0,0,0
,850.6890067647562,850.6890067647562,850.6890067647562,850.6890067647562,850.6890067647562,2023-03-06,0,0,0,0,0,0
,845.7122948969003,845.7122948969003,845.7122948969003,845.7122948969003,845.7122948969003,2023-03-08,0,0,0,0,0,0
,846.2490202575223,846.2490202575223,846.2490202575223,846.2490202575223,846.2490202575223,2023-03-09,0,0,0,0,0,0
,824.2925755972103,824.2925755972103,824.2925755972103,824.2925755972103,824.2925755972103,2023-03-10,0,0,0,0,0,0
,821.1210600737454,821.1210600737454,821.1210600737454,821.1210600737454,821.1210600737454,2023-03-13,0,0,0,0,0,0
,807.0202033098866,807.0202033098866,807.0202033098866,807.0202033098866,807.0202033098866,2023-03-14,0,0,0,0,0,0
,816.2418837869195,816.2418837869195,816.2418837869195,816.2418837869195,816.2418837869195,2023-03-15,0,0,0,0,0,0
,809.6549809174596,809.6549809174596,809.6549809174596,809.6549809174596,809.6549809174596,2023-03-16,0,0,0,0,0,0
,811.7041286544949,811.7041286544949,811.7041286544949,811.7041286544949,811.7041286544949,2023-03-17,0,0,0,0,0,0
,816.778643817747,816.778643817747,816.778643817747,816.778643817747,816.778643817747,2023-03-20,0,0,0,0,0,0
,822.6336538132437,822.6336538132437,822.6336538132437,822.6336538132437,822.6336538132437,2023-03-21,0,0,0,0,0,0
,836.9297092178792,836.9297092178792,836.9297092178792,836.9297092178792,836.9297092178792,2023-03-22,0,0,0,0,0,0
,836.2953779024698,836.2953779024698,836.2953779024698,836.2953779024698,836.2953779024698,2023-03-23,0,0,0,0,0,0
,831.9041398289326,831.9041398289326,831.9041398289326,831.9041398289326,831.9041398289326,2023-03-24,0,0,0,0,0,0
,834.2948650706796,834.2948650706796,834.2948650706796,834.2948650706796,834.2948650706796,2023-03-27,0,0,0,0,0,0
,834.8803919931624,834.8803919931624,834.8803919931624,834.8803919931624,834.8803919931624,2023-03-28,0,0,0,0,0,0
,836.344192498566,836.344192498566,836.344192498566,836.344192498566,836.344192498566,2023-03-29,0,0,0,0,0,0
,841.1258033201476,841.1258033201476,841.1258033201476,841.1258033201476,841.1258033201476,2023-03-31,0,0,0,0,0,0
,858.9348737808818,858.9348737808818,858.9348737808818,858.9348737808818,858.9348737808818,2023-04-03,0,0,0,0,0,0
,865.1802578730985,865.1802578730985,865.1802578730985,865.1802578730985,865.1802578730985,2023-04-05,0,0,0,0,0,0
,860.6914189453125,860.6914189453125,860.6914189453125,860.6914189453125,860.6914189453125,2023-04-06,0,0,0,0,0,0
,858.7885385723444,858.7885385723444,858.7885385723444,858.7885385723444,858.7885385723444,2023-04-10,0,0,0,0,0,0
,852.5919670233527,852.5919670233527,852.5919670233527,852.5919670233527,852.5919670233527,2023-04-11,0,0,0,0,0,0
,862.1063873379366,862.1063873379366,862.1063873379366,862.1063873379366,862.1063873379366,2023-04-12,0,0,0,0,0,0
,869.571475609275,869.571475609275,869.571475609275,869.571475609275,869.571475609275,2023-04-13,0,0,0,0,0,0
,895.1385344204618,895.1385344204618,895.1385344204618,895.1385344204618,895.1385344204618,2023-04-17,0,0,0,0,0,0
,886.0144835702572,886.0144835702572,886.0144835702572,886.0144835702572,886.0144835702572,2023-04-18,0,0,0,0,0,0
,874.2555961921902,874.2555961921902,874.2555961921902,874.2555961921902,874.2555961921902,2023-04-19,0,0,0,0,0,0
,870.6938498585696,870.6938498585696,870.6938498585696,870.6938498585696,870.6938498585696,2023-04-20,0,0,0,0,0,0
,872.9381803026192,872.9381803026192,872.9381803026192,872.9381803026192,872.9381803026192,2023-04-21,0,0,0,0,0,0
,883.135744818471,883.135744818471,883.135744818471,883.135744818471,883.135744818471,2023-04-24,0,0,0,0,0,0
,884.4043078093315,884.4043078093315,884.4043078093315,884.4043078093315,884.4043078093315,2023-04-25,0,0,0,0,0,0
,889.4298949363513,889.4298949363513,889.4298949363513,889.4298949363513,889.4298949363513,2023-04-26,0,0,0,0,0,0
,887.5269819129636,887.5269819129636,887.5269819129636,887.5269819129636,887.5269819129636,2023-04-27,0,0,0,0,0,0
,892.9916614936355,892.9916614936355,892.9916614936355,892.9916614936355,892.9916614936355,2023-04-28,0,0,0,0,0,0
,901.6766917183744,901.6766917183744,901.6766917183744,901.6766917183744,901.6766917183744,2023-05-02,0,0,0,0,0,0
,897.3342422175527,897.3342422175527,897.3342422175527,897.3342422175527,897.3342422175527,2023-05-03,0,0,0,0,0,0
,897.773371044411,897.773371044411,897.773371044411,897.773371044411,897.773371044411,2023-05-04,0,0,0,0,0,0
,902.6525798225856,902.6525798225856,902.6525798225856,902.6525798225856,902.6525798225856,2023-05-05,0,0,0,0,0,0
,904.6042195927596,904.6042195927596,904.6042195927596,904.6042195927596,904.6042195927596,2023-05-08,0,0,0,0,0,0
,918.2660247654844,918.2660247654844,918.2660247654844,918.2660247654844,918.2660247654844,2023-05-09,0,0,0,0,0,0
,912.0205661468576,912.0205661468576,912.0205661468576,912.0205661468576,912.0205661468576,2023-05-10,0,0,0,0,0,0
,917.3389621864789,917.3389621864789,917.3389621864789,917.3389621864789,917.3389621864789,2023-05-11,0,0,0,0,0,0
,917.0461850344828,917.0461850344828,917.0461850344828,917.0461850344828,917.0461850344828,2023-05-12,0,0,0,0,0,0
,920.9496248282046,920.9496248282046,920.9496248282046,920.9496248282046,920.9496248282046,2023-05-15,0,0,0,0,0,0
,927.048597490951,927.048597490951,927.048597490951,927.048597490951,927.048597490951,2023-05-16,0,0,0,0,0,0
,924.4137672580238,924.4137672580238,924.4137672580238,924.4137672580238,924.4137672580238,2023-05-17,0,0,0,0,0,0
,925.0480984422348,925.0480984422348,925.0480984422348,925.0480984422348,925.0480984422348,2023-05-18,0,0,0,0,0,0
,928.4635680040532,928.4635680040532,928.4635680040532,928.4635680040532,928.4635680040532,2023-05-19,0,0,0,0,0,0
,928.0731149247672,928.0731149247672,928.0731149247672,928.0731149247672,928.0731149247672,2023-05-22,0,0,0,0,0,0
,929.0002544091722,929.0002544091722,929.0002544091722,929.0002544091722,929.0002544091722,2023-05-23,0,0,0,0,0,0
,923.828323327991,923.828323327991,923.828323327991,923.828323327991,923.828323327991,2023-05-24,0,0,0,0,0,0
,914.3626768370068,914.3626768370068,914.3626768370068,914.3626768370068,914.3626768370068,2023-05-25,0,0,0,0,0,0
,917.094942534292,917.094942534292,917.094942534292,917.094942534292,917.094942534292,2023-05-26,0,0,0,0,0,0
,930.8055298888272,930.8055298888272,930.8055298888272,930.8055298888272,930.8055298888272,2023-05-29,0,0,0,0,0,0
,922.5109142673764,922.5109142673764,922.5109142673764,922.5109142673764,922.5109142673764,2023-05-30,0,0,0,0,0,0
,926.5606365918726,926.5606365918726,926.5606365918726,926.5606365918726,926.5606365918726,2023-05-31,0,0,0,0,0,0
,931.1958437509088,931.1958437509088,931.1958437509088,931.1958437509088,931.1958437509088,2023-06-01,0,0,0,0,0,0
,920.2176049158624,920.2176049158624,920.2176049158624,920.2176049158624,920.2176049158624,2023-06-02,0,0,0,0,0,0
,920.2176729962288,920.2176729962288,920.2176729962288,920.2176729962288,920.2176729962288,2023-06-05,0,0,0,0,0,0
,923.6331390198328,923.6331390198328,923.6331390198328,923.6331390198328,923.6331390198328,2023-06-06,0,0,0,0,0,0
,921.5350543493884,921.5350543493884,921.5350543493884,921.5350543493884,921.5350543493884,2023-06-07,0,0,0,0,0,0
,913.9722653565424,913.9722653565424,913.9722653565424,913.9722653565424,913.9722653565424,2023-06-08,0,0,0,0,0,0
,918.6563698311433,918.6563698311433,918.6563698311433,918.6563698311433,918.6563698311433,2023-06-09,0,0,0,0,0,0
,915.3384739939504,915.3384739939504,915.3384739939504,915.3384739939504,915.3384739939504,2023-06-12,0,0,0,0,0,0
,913.2891890698932,913.2891890698932,913.2891890698932,913.2891890698932,913.2891890698932,2023-06-13,0,0,0,0,0,0
,923.1940358059712,923.1940358059712,923.1940358059712,923.1940358059712,923.1940358059712,2023-06-14,0,0,0,0,0,0
,917.9732552476846,917.9732552476846,917.9732552476846,917.9732552476846,917.9732552476846,2023-06-15,0,0,0,0,0,0
,906.848667243868,906.848667243868,906.848667243868,906.848667243868,906.848667243868,2023-06-16,0,0,0,0,0,0
,910.9472166078564,910.9472166078564,910.9472166078564,910.9472166078564,910.9472166078564,2023-06-19,0,0,0,0,0,0
,898.7004270111945,898.7004270111945,898.7004270111945,898.7004270111945,898.7004270111945,2023-06-20,0,0,0,0,0,0
,905.580064269418,905.580064269418,905.580064269418,905.580064269418,905.580064269418,2023-06-21,0,0,0,0,0,0
,902.0670994269972,902.0670994269972,902.0670994269972,902.0670994269972,902.0670994269972,2023-06-22,0,0,0,0,0,0
,903.6771633220312,903.6771633220312,903.6771633220312,903.6771633220312,903.6771633220312,2023-06-23,0,0,0,0,0,0
,904.7017550302204,904.7017550302204,904.7017550302204,904.7017550302204,904.7017550302204,2023-06-26,0,0,0,0,0,0
,907.531710441022,907.531710441022,907.531710441022,907.531710441022,907.531710441022,2023-06-27,0,0,0,0,0,0
,921.1935016587148,921.1935016587148,921.1935016587148,921.1935016587148,921.1935016587148,2023-06-28,0,0,0,0,0,0
,917.7780520093212,917.7780520093212,917.7780520093212,917.7780520093212,917.7780520093212,2023-06-30,0,0,0,0,0,0
,914.36260024857,914.36260024857,914.36260024857,914.36260024857,914.36260024857,2023-07-03,0,0,0,0,0,0
,924.3650296243724,924.3650296243724,924.3650296243724,924.3650296243724,924.3650296243724,2023-07-04,0,0,0,0,0,0
,919.2906163148466,919.2906163148466,919.2906163148466,919.2906163148466,919.2906163148466,2023-07-05,0,0,0,0,0,0
,931.6350338444386,931.6350338444386,931.6350338444386,931.6350338444386,931.6350338444386,2023-07-06,0,0,0,0,0,0
,929.976107742268,929.976107742268,929.976107742268,929.976107742268,929.976107742268,2023-07-07,0,0,0,0,0,0
,923.1452024012996,923.1452024012996,923.1452024012996,923.1452024012996,923.1452024012996,2023-07-10,0,0,0,0,0,0
,925.4872675187264,925.4872675187264,925.4872675187264,925.4872675187264,925.4872675187264,2023-07-11,0,0,0,0,0,0
,925.48722460236,925.48722460236,925.48722460236,925.48722460236,925.48722460236,2023-07-12,0,0,0,0,0,0
,924.8041153240754,924.8041153240754,924.8041153240754,924.8041153240754,924.8041153240754,2023-07-13,0,0,0,0,0,0
,936.5630336523336,936.5630336523336,936.5630336523336,936.5630336523336,936.5630336523336,2023-07-14,0,0,0,0,0,0
,939.636889650411,939.636889650411,939.636889650411,939.636889650411,939.636889650411,2023-07-17,0,0,0,0,0,0
,954.3721096526648,954.3721096526648,954.3721096526648,954.3721096526648,954.3721096526648,2023-07-18,0,0,0,0,0,0
,956.323750603878,956.323750603878,956.323750603878,956.323750603878,956.323750603878,2023-07-19,0,0,0,0,0,0
,952.46920323191,952.46920323191,952.46920323191,952.46920323191,952.46920323191,2023-07-20,0,0,0,0,0,0
,971.2541449921898,971.2541449921898,971.2541449921898,971.2541449921898,971.2541449921898,2023-07-21,0,0,0,0,0,0
,980.6710221848502,980.6710221848502,980.6710221848502,980.6710221848502,980.6710221848502,2023-07-24,0,0,0,0,0,0
,974.8647427328618,974.8647427328618,974.8647427328618,974.8647427328618,974.8647427328618,2023-07-25,0,0,0,0,0,0
,969.1073019747432,969.1073019747432,969.1073019747432,969.1073019747432,969.1073019747432,2023-07-26,0,0,0,0,0,0
,978.3289995630472,978.3289995630472,978.3289995630472,978.3289995630472,978.3289995630472,2023-07-27,0,0,0,0,0,0
,964.130541221062,964.130541221062,964.130541221062,964.130541221062,964.130541221062,2023-07-28,0,0,0,0,0,0
,971.9372191996074,971.9372191996074,971.9372191996074,971.9372191996074,971.9372191996074,2023-07-31,0,0,0,0,0,0
,977.4507205075172,977.4507205075172,977.4507205075172,977.4507205075172,977.4507205075172,2023-08-01,0,0,0,0,0,0
,961.4469550572352,961.4469550572352,961.4469550572352,961.4469550572352,961.4469550572352,2023-08-02,0,0,0,0,0,0
,952.9571657495216,952.9571657495216,952.9571657495216,952.9571657495216,952.9571657495216,2023-08-03,0,0,0,0,0,0
,945.2480024411116,945.2480024411116,945.2480024411116,945.2480024411116,945.2480024411116,2023-08-04,0,0,0,0,0,0
,947.492394919989,947.492394919989,947.492394919989,947.492394919989,947.492394919989,2023-08-07,0,0,0,0,0,0
,952.1764948847944,952.1764948847944,952.1764948847944,952.1764948847944,952.1764948847944,2023-08-08,0,0,0,0,0,0
,959.2270199754856,959.2270199754856,959.2270199754856,959.2270199754856,959.2270199754856,2023-08-09,0,0,0,0,0,0
,955.8818683285078,955.8818683285078,955.8818683285078,955.8818683285078,955.8818683285078,2023-08-10,0,0,0,0,0,0
,947.8633070091408,947.8633070091408,947.8633070091408,947.8633070091408,947.8633070091408,2023-08-11,0,0,0,0,0,0
,933.6955296923588,933.6955296923588,933.6955296923588,933.6955296923588,933.6955296923588,2023-08-14,0,0,0,0,0,0
,939.0575962871804,939.0575962871804,939.0575962871804,939.0575962871804,939.0575962871804,2023-08-16,0,0,0,0,0,0
,941.5173104722998,941.5173104722998,941.5173104722998,941.5173104722998,941.5173104722998,2023-08-17,0,0,0,0,0,0
,932.61325789159,932.61325789159,932.61325789159,932.61325789159,932.61325789159,2023-08-18,0,0,0,0,0,0
,935.368103582327,935.368103582327,935.368103582327,935.368103582327,935.368103582327,2023-08-21,0,0,0,0,0,0
,940.9762212582668,940.9762212582668,940.9762212582668,940.9762212582668,940.9762212582668,2023-08-22,0,0,0,0,0,0
,938.6148847885248,938.6148847885248,938.6148847885248,938.6148847885248,938.6148847885248,2023-08-23,0,0,0,0,0,0
,956.8165287761592,956.8165287761592,956.8165287761592,956.8165287761592,956.8165287761592,2023-08-24,0,0,0,0,0,0
,947.420561047928,947.420561047928,947.420561047928,947.420561047928,947.420561047928,2023-08-25,0,0,0,0,0,0
,954.3077104234818,954.3077104234818,954.3077104234818,954.3077104234818,954.3077104234818,2023-08-28,0,0,0,0,0,0
,957.603610762986,957.603610762986,957.603610762986,957.603610762986,957.603610762986,2023-08-29,0,0,0,0,0,0
,954.7996350612804,954.7996350612804,954.7996350612804,954.7996350612804,954.7996350612804,2023-08-30,0,0,0,0,0,0
,944.518110332464,944.518110332464,944.518110332464,944.518110332464,944.518110332464,2023-08-31,0,0,0,0,0,0
,941.4681300358887,941.4681300358887,941.4681300358887,941.4681300358887,941.4681300358887,2023-09-01,0,0,0,0,0,0
,953.0778374045047,953.0778374045047,953.0778374045047,953.0778374045047,953.0778374045047,2023-09-04,0,0,0,0,0,0
,948.551951794262,948.551951794262,948.551951794262,948.551951794262,948.551951794262,2023-09-05,0,0,0,0,0,0
,947.027018710753,947.027018710753,947.027018710753,947.027018710753,947.027018710753,2023-09-06,0,0,0,0,0,0
,941.96007377633,941.96007377633,941.96007377633,941.96007377633,941.96007377633,2023-09-07,0,0,0,0,0,0
,951.8972093560284,951.8972093560284,951.8972093560284,951.8972093560284,951.8972093560284,2023-09-08,0,0,0,0,0,0
,959.2270468470958,959.2270468470958,959.2270468470958,959.2270468470958,959.2270468470958,2023-09-11,0,0,0,0,0,0
,974.1326718812546,974.1326718812546,974.1326718812546,974.1326718812546,974.1326718812546,2023-09-12,0,0,0,0,0,0
,973.8375244140624,973.8375244140624,973.8375244140624,973.8375244140624,973.8375244140624,2023-09-13,0,0,0,0,0,0
,976.2972153487822,976.2972153487822,976.2972153487822,976.2972153487822,976.2972153487822,2023-09-14,0,0,0,0,0,0
,974.3786547753372,974.3786547753372,974.3786547753372,974.3786547753372,974.3786547753372,2023-09-15,0,0,0,0,0,0
,974.132716797775,974.132716797775,974.132716797775,974.132716797775,974.132716797775,2023-09-18,0,0,0,0,0,0
,965.7205606456862,965.7205606456862,965.7205606456862,965.7205606456862,965.7205606456862,2023-09-20,0,0,0,0,0,0
,964.1464092816628,964.1464092816628,964.1464092816628,964.1464092816628,964.1464092816628,2023-09-21,0,0,0,0,0,0
,941.0745118327472,941.0745118327472,941.0745118327472,941.0745118327472,941.0745118327472,2023-09-22,0,0,0,0,0,0
,934.974521142832,934.974521142832,934.974521142832,934.974521142832,934.974521142832,2023-09-25,0,0,0,0,0,0
,943.4850278666348,943.4850278666348,943.4850278666348,943.4850278666348,943.4850278666348,2023-09-26,0,0,0,0,0,0
,931.0390306872604,931.0390306872604,931.0390306872604,931.0390306872604,931.0390306872604,2023-09-27,0,0,0,0,0,0
,930.25193740976,930.25193740976,930.25193740976,930.25193740976,930.25193740976,2023-09-28,0,0,0,0,0,0
,931.4326152919224,931.4326152919224,931.4326152919224,931.4326152919224,931.4326152919224,2023-09-29,0,0,0,0,0,0
,936.2535565130628,936.2535565130628,936.2535565130628,936.2535565130628,936.2535565130628,2023-10-03,0,0,0,0,0,0
,919.9212698646452,919.9212698646452,919.9212698646452,919.9212698646452,919.9212698646452,2023-10-04,0,0,0,0,0,0
,920.1180941808708,920.1180941808708,920.1180941808708,920.1180941808708,920.1180941808708,2023-10-05,0,0,0,0,0,0
,930.743934599139,930.743934599139,930.743934599139,930.743934599139,930.743934599139,2023-10-06,0,0,0,0,0,0
,925.0866714522842,925.0866714522842,925.0866714522842,925.0866714522842,925.0866714522842,2023-10-09,0,0,0,0,0,0
,925.2342295793238,925.2342295793238,925.2342295793238,925.2342295793238,925.2342295793238,2023-10-10,0,0,0,0,0,0
,939.5003896293224,939.5003896293224,939.5003896293224,939.5003896293224,939.5003896293224,2023-10-11,0,0,0,0,0,0
,937.4833935799946,937.4833935799946,937.4833935799946,937.4833935799946,937.4833935799946,2023-10-12,0,0,0,0,0,0
,934.630230440708,934.630230440708,934.630230440708,934.630230440708,934.630230440708,2023-10-13,0,0,0,0,0,0
,933.2036287753874,933.2036287753874,933.2036287753874,933.2036287753874,933.2036287753874,2023-10-16,0,0,0,0,0,0
,939.9923501245348,939.9923501245348,939.9923501245348,939.9923501245348,939.9923501245348,2023-10-17,0,0,0,0,0,0
,933.892271271344,933.892271271344,933.892271271344,933.892271271344,933.892271271344,2023-10-18,0,0,0,0,0,0
,920.9051479428266,920.9051479428266,920.9051479428266,920.9051479428266,920.9051479428266,2023-10-19,0,0,0,0,0,0
,916.9696757843908,916.9696757843908,916.9696757843908,916.9696757843908,916.9696757843908,2023-10-20,0,0,0,0,0,0
,926.8084170823352,926.8084170823352,926.8084170823352,926.8084170823352,926.8084170823352,2023-10-23,0,0,0,0,0,0
,911.1155983660612,911.1155983660612,911.1155983660612,911.1155983660612,911.1155983660612,2023-10-25,0,0,0,0,0,0
,899.5551235944749,899.5551235944749,899.5551235944749,899.5551235944749,899.5551235944749,2023-10-26,0,0,0,0,0,0
,901.227738868632,901.227738868632,901.227738868632,901.227738868632,901.227738868632,2023-10-27,0,0,0,0,0,0
,894.4389499383923,894.4389499383923,894.4389499383923,894.4389499383923,894.4389499383923,2023-10-30,0,0,0,0,0,0
,914.3132372166476,914.3132372166476,914.3132372166476,914.3132372166476,914.3132372166476,2023-10-31,0,0,0,0,0,0
,899.0631748056227,899.0631748056227,899.0631748056227,899.0631748056227,899.0631748056227,2023-11-01,0,0,0,0,0,0
,905.2123769553756,905.2123769553756,905.2123769553756,905.2123769553756,905.2123769553756,2023-11-02,0,0,0,0,0,0
,913.5753279987292,913.5753279987292,913.5753279987292,913.5753279987292,913.5753279987292,2023-11-03,0,0,0,0,0,0
,925.8245725876784,925.8245725876784,925.8245725876784,925.8245725876784,925.8245725876784,2023-11-06,0,0,0,0,0,0
,928.3825689148798,928.3825689148798,928.3825689148798,928.3825689148798,928.3825689148798,2023-11-07,0,0,0,0,0,0
,933.1543790682604,933.1543790682604,933.1543790682604,933.1543790682604,933.1543790682604,2023-11-08,0,0,0,0,0,0
,918.9373868552664,918.9373868552664,918.9373868552664,918.9373868552664,918.9373868552664,2023-11-09,0,0,0,0,0,0
,919.8229744492044,919.8229744492044,919.8229744492044,919.8229744492044,919.8229744492044,2023-11-10,0,0,0,0,0,0
,925.72618120136,925.72618120136,925.72618120136,925.72618120136,925.72618120136,2023-11-13,0,0,0,0,0,0
,929.169741735814,929.169741735814,929.169741735814,929.169741735814,929.169741735814,2023-11-15,0,0,0,0,0,0
,923.8567704420824,923.8567704420824,923.8567704420824,923.8567704420824,923.8567704420824,2023-11-16,0,0,0,0,0,0
,911.6075526979567,911.6075526979567,911.6075526979567,911.6075526979567,911.6075526979567,2023-11-17,0,0,0,0,0,0
,907.1309619231906,907.1309619231906,907.1309619231906,907.1309619231906,907.1309619231906,2023-11-20,0,0,0,0,0,0
,909.4922588007952,909.4922588007952,909.4922588007952,909.4922588007952,909.4922588007952,2023-11-21,0,0,0,0,0,0
,908.3607719626024,908.3607719626024,908.3607719626024,908.3607719626024,908.3607719626024,2023-11-22,0,0,0,0,0,0
,908.1148071289062,908.1148071289062,908.1148071289062,908.1148071289062,908.1148071289062,2023-11-23,0,0,0,0,0,0
,906.639000110985,906.639000110985,906.639000110985,906.639000110985,906.639000110985,2023-11-24,0,0,0,0,0,0
,913.9197163754528,913.9197163754528,913.9197163754528,913.9197163754528,913.9197163754528,2023-11-28,0,0,0,0,0,0
,915.8874351292822,915.8874351292822,915.8874351292822,915.8874351292822,915.8874351292822,2023-11-29,0,0,0,0,0,0
,923.8076235957444,923.8076235957444,923.8076235957444,923.8076235957444,923.8076235957444,2023-11-30,0,0,0,0,0,0
,920.8559820278334,920.8559820278334,920.8559820278334,920.8559820278334,920.8559820278334,2023-12-01,0,0,0,0,0,0
,948.1584573156928,948.1584573156928,948.1584573156928,948.1584573156928,948.1584573156928,2023-12-04,0,0,0,0,0,0
,986.3327183845934,986.3327183845934,986.3327183845934,986.3327183845934,986.3327183845934,2023-12-05,0,0,0,0,0,0
,997.6472527517988,997.6472527517988,997.6472527517988,997.6472527517988,997.6472527517988,2023-12-06,0,0,0,0,0,0
,980.2818725979604,980.2818725979604,980.2818725979604,980.2818725979604,980.2818725979604,2023-12-07,0,0,0,0,0,0
,978.4617345457,978.4617345457,978.4617345457,978.4617345457,978.4617345457,2023-12-08,0,0,0,0,0,0
,990.8585350218602,990.8585350218602,990.8585350218602,990.8585350218602,990.8585350218602,2023-12-11,0,0,0,0,0,0
,1000.6972715159468,1000.6972715159468,1000.6972715159468,1000.6972715159468,1000.6972715159468,2023-12-12,0,0,0,0,0,0
,998.43433885667,998.43433885667,998.43433885667,998.43433885667,998.43433885667,2023-12-13,0,0,0,0,0,0
,1005.7642308631628,1005.7642308631628,1005.7642308631628,1005.7642308631628,1005.7642308631628,2023-12-14,0,0,0,0,0,0
,1026.819189814977,1026.819189814977,1026.819189814977,1026.819189814977,1026.819189814977,2023-12-15,0,0,0,0,0,0
,1013.3400340079712,1013.3400340079712,1013.3400340079712,1013.3400340079712,1013.3400340079712,2023-12-18,0,0,0,0,0,0
,1008.9618258446332,1008.9618258446332,1008.9618258446332,1008.9618258446332,1008.9618258446332,2023-12-19,0,0,0,0,0,0
,1005.5181978922636,1005.5181978922636,1005.5181978922636,1005.5181978922636,1005.5181978922636,2023-12-20,0,0,0,0,0,0
,980.4786481484716,980.4786481484716,980.4786481484716,980.4786481484716,980.4786481484716,2023-12-21,0,0,0,0,0,0
,986.775479446596,986.775479446596,986.775479446596,986.775479446596,986.775479446596,2023-12-22,0,0,0,0,0,0
,978.8552753930608,978.8552753930608,978.8552753930608,978.8552753930608,978.8552753930608,2023-12-26,0,0,0,0,0,0
,981.856149768816,981.856149768816,981.856149768816,981.856149768816,981.856149768816,2023-12-27,0,0,0,0,0,0
,991.7440268494004,991.7440268494004,991.7440268494004,991.7440268494004,991.7440268494004,2023-12-28,0,0,0,0,0,0
,987.8577595641297,987.8577595641297,987.8577595641297,987.8577595641297,987.8577595641297,2023-12-29,0,0,0,0,0,0
,975.5592756483812,975.5592756483812,975.5592756483812,975.5592756483812,975.5592756483812,2024-01-01,0,0,0,0,0,0
,980.9213672695224,980.9213672695224,980.9213672695224,980.9213672695224,980.9213672695224,2024-01-02,0,0,0,0,0,0
,968.8198393775264,968.8198393775264,968.8198393775264,968.8198393775264,968.8198393775264,2024-01-03,0,0,0,0,0,0
,970.492380871986,970.492380871986,970.492380871986,970.492380871986,970.492380871986,2024-01-04,0,0,0,0,0,0
,972.0665334175308,972.0665334175308,972.0665334175308,972.0665334175308,972.0665334175308,2024-01-05,0,0,0,0,0,0
,977.9697448357546,977.9697448357546,977.9697448357546,977.9697448357546,977.9697448357546,2024-01-08,0,0,0,0,0,0
,970.3447595485834,970.3447595485834,970.3447595485834,970.3447595485834,970.3447595485834,2024-01-09,0,0,0,0,0,0
,958.5874760008376,958.5874760008376,958.5874760008376,958.5874760008376,958.5874760008376,2024-01-10,0,0,0,0,0,0
,979.2488085023232,979.2488085023232,979.2488085023232,979.2488085023232,979.2488085023232,2024-01-11,0,0,0,0,0,0
,978.7568819517846,978.7568819517846,978.7568819517846,978.7568819517846,978.7568819517846,2024-01-12,0,0,0,0,0,0
,987.3165782754368,987.3165782754368,987.3165782754368,987.3165782754368,987.3165782754368,2024-01-15,0,0,0,0,0,0
,989.8746620709588,989.8746620709588,989.8746620709588,989.8746620709588,989.8746620709588,2024-01-16,0,0,0,0,0,0
,971.9682016234104,971.9682016234104,971.9682016234104,971.9682016234104,971.9682016234104,2024-01-17,0,0,0,0,0,0
,958.2431259931632,958.2431259931632,958.2431259931632,958.2431259931632,958.2431259931632,2024-01-18,0,0,0,0,0,0
,975.3133165907816,975.3133165907816,975.3133165907816,975.3133165907816,975.3133165907816,2024-01-19,0,0,0,0,0,0
,1042.0199023424595,1042.0199023424595,1042.0199023424595,1042.0199023424595,1042.0199023424595,2024-01-23,0,0,0,0,0,0
,1012.8480364224022,1012.8480364224022,1012.8480364224022,1012.8480364224022,1012.8480364224022,2024-01-24,0,0,0,0,0,0
,982.2988759526588,982.2988759526588,982.2988759526588,982.2988759526588,982.2988759526588,2024-01-25,0,0,0,0,0,0
,1003.5505249659846,1003.5505249659846,1003.5505249659846,1003.5505249659846,1003.5505249659846,2024-01-29,0,0,0,0,0,0
,998.5819848189448,998.5819848189448,998.5819848189448,998.5819848189448,998.5819848189448,2024-01-30,0,0,0,0,0,0
,1000.4020967435956,1000.4020967435956,1000.4020967435956,1000.4020967435956,1000.4020967435956,2024-01-31,0,0,0,0,0,0
,1017.275441993952,1017.275441993952,1017.275441993952,1017.275441993952,1017.275441993952,2024-02-01,0,0,0,0,0,0
,1020.3746743205556,1020.3746743205556,1020.3746743205556,1020.3746743205556,1020.3746743205556,2024-02-02,0,0,0,0,0,0
,1006.0102065272256,1006.0102065272256,1006.0102065272256,1006.0102065272256,1006.0102065272256,2024-02-05,0,0,0,0,0,0
,1007.0432159063024,1007.0432159063024,1007.0432159063024,1007.0432159063024,1007.0432159063024,2024-02-06,0,0,0,0,0,0
,1011.421527056998,1011.421527056998,1011.421527056998,1011.421527056998,1011.421527056998,2024-02-07,0,0,0,0,0,0
,1007.5844138284668,1007.5844138284668,1007.5844138284668,1007.5844138284668,1007.5844138284668,2024-02-08,0,0,0,0,0,0
,972.9028503266528,972.9028503266528,972.9028503266528,972.9028503266528,972.9028503266528,2024-02-09,0,0,0,0,0,0
,994.1053827736114,994.1053827736114,994.1053827736114,994.1053827736114,994.1053827736114,2024-02-12,0,0,0,0,0,0
,989.7762629977263,989.7762629977263,989.7762629977263,989.7762629977263,989.7762629977263,2024-02-13,0,0,0,0,0,0
,993.2690157159768,993.2690157159768,993.2690157159768,993.2690157159768,993.2690157159768,2024-02-14,0,0,0,0,0,0
,1006.3545426117516,1006.3545426117516,1006.3545426117516,1006.3545426117516,1006.3545426117516,2024-02-15,0,0,0,0,0,0
,1006.6989262673612,1006.6989262673612,1006.6989262673612,1006.6989262673612,1006.6989262673612,2024-02-16,0,0,0,0,0,0
,1006.8464465307476,1006.8464465307476,1006.8464465307476,1006.8464465307476,1006.8464465307476,2024-02-19,0,0,0,0,0,0
,1024.2611392299666,1024.2611392299666,1024.2611392299666,1024.2611392299666,1024.2611392299666,2024-02-20,0,0,0,0,0,0
,1039.7571099701715,1039.7571099701715,1039.7571099701715,1039.7571099701715,1039.7571099701715,2024-02-21,0,0,0,0,0,0
,1038.969987954932,1038.969987954932,1038.969987954932,1038.969987954932,1038.969987954932,2024-02-22,0,0,0,0,0,0
,1052.7440951810236,1052.7440951810236,1052.7440951810236,1052.7440951810236,1052.7440951810236,2024-02-23,0,0,0,0,0,0
,1036.116738219057,1036.116738219057,1036.116738219057,1036.116738219057,1036.116738219057,2024-02-26,0,0,0,0,0,0
,1033.8044994690945,1033.8044994690945,1033.8044994690945,1033.8044994690945,1033.8044994690945,2024-02-27,0,0,0,0,0,0
,1045.8569952406344,1045.8569952406344,1045.8569952406344,1045.8569952406344,1045.8569952406344,2024-02-28,0,0,0,0,0,0
,1026.22885861961,1026.22885861961,1026.22885861961,1026.22885861961,1026.22885861961,2024-02-29,0,0,0,0,0,0
,1037.986009477885,1037.986009477885,1037.986009477885,1037.986009477885,1037.986009477885,2024-03-01,0,0,0,0,0,0
,1063.5667080999103,1063.5667080999103,1063.5667080999103,1063.5667080999103,1063.5667080999103,2024-03-04,0,0,0,0,0,0
,1068.682790650156,1068.682790650156,1068.682790650156,1068.682790650156,1068.682790650156,2024-03-05,0,0,0,0,0,0
,1062.878109231162,1062.878109231162,1062.878109231162,1062.878109231162,1062.878109231162,2024-03-06,0,0,0,0,0,0
,1077.2917746056637,1077.2917746056637,1077.2917746056637,1077.2917746056637,1077.2917746056637,2024-03-07,0,0,0,0,0,0
,1070.4046589090813,1070.4046589090813,1070.4046589090813,1070.4046589090813,1070.4046589090813,2024-03-11,0,0,0,0,0,0
,1059.6804892440682,1059.6804892440682,1059.6804892440682,1059.6804892440682,1059.6804892440682,2024-03-12,0,0,0,0,0,0
,1059.77885170946,1059.77885170946,1059.77885170946,1059.77885170946,1059.77885170946,2024-03-13,0,0,0,0,0,0
,1062.5828370894135,1062.5828370894135,1062.5828370894135,1062.5828370894135,1062.5828370894135,2024-03-14,0,0,0,0,0,0
,1054.711808860948,1054.711808860948,1054.711808860948,1054.711808860948,1054.711808860948,2024-03-15,0,0,0,0,0,0
,1057.7127049329831,1057.7127049329831,1057.7127049329831,1057.7127049329831,1057.7127049329831,2024-03-18,0,0,0,0,0,0
,1061.0578145795118,1061.0578145795118,1061.0578145795118,1061.0578145795118,1061.0578145795118,2024-03-19,0,0,0,0,0,0
,1062.582825466805,1062.582825466805,1062.582825466805,1062.582825466805,1062.582825466805,2024-03-20,0,0,0,0,0,0
,1074.3893386064217,1074.3893386064217,1074.3893386064217,1074.3893386064217,1074.3893386064217,2024-03-21,0,0,0,0,0,0
,1063.7143347625467,1063.7143347625467,1063.7143347625467,1063.7143347625467,1063.7143347625467,2024-03-22,0,0,0,0,0,0
,1063.5667354159368,1063.5667354159368,1063.5667354159368,1063.5667354159368,1063.5667354159368,2024-03-26,0,0,0,0,0,0
,1066.223219242338,1066.223219242338,1066.223219242338,1066.223219242338,1066.223219242338,2024-03-27,0,0,0,0,0,0
,1067.5022626495677,1067.5022626495677,1067.5022626495677,1067.5022626495677,1067.5022626495677,2024-03-28,0,0,0,0,0,0
,1078.3740966909645,1078.3740966909645,1078.3740966909645,1078.3740966909645,1078.3740966909645,2024-04-01,0,0,0,0,0,0
,1076.7997448394613,1076.7997448394613,1076.7997448394613,1076.7997448394613,1076.7997448394613,2024-04-02,0,0,0,0,0,0
,1057.663530257279,1057.663530257279,1057.663530257279,1057.663530257279,1057.663530257279,2024-04-03,0,0,0,0,0,0
,1067.2562910312008,1067.2562910312008,1067.2562910312008,1067.2562910312008,1067.2562910312008,2024-04-04,0,0,0,0,0,0
,1052.7441775200211,1052.7441775200211,1052.7441775200211,1052.7441775200211,1052.7441775200211,2024-04-05,0,0,0,0,0,0
,1060.959423288553,1060.959423288553,1060.959423288553,1060.959423288553,1060.959423288553,2024-04-08,0,0,0,0,0,0
,1074.3401972621416,1074.3401972621416,1074.3401972621416,1074.3401972621416,1074.3401972621416,2024-04-09,0,0,0,0,0,0
,1093.0337202336968,1093.0337202336968,1093.0337202336968,1093.0337202336968,1093.0337202336968,2024-04-10,0,0,0,0,0,0
,1085.703967727192,1085.703967727192,1085.703967727192,1085.703967727192,1085.703967727192,2024-04-12,0,0,0,0,0,0
,1082.4570746408117,1082.4570746408117,1082.4570746408117,1082.4570746408117,1082.4570746408117,2024-04-15,0,0,0,0,0,0
,1053.2852301148173,1053.2852301148173,1053.2852301148173,1053.2852301148173,1053.2852301148173,2024-04-16,0,0,0,0,0,0
,1056.679603148002,1056.679603148002,1056.679603148002,1056.679603148002,1056.679603148002,2024-04-18,0,0,0,0,0,0
,1035.9690203029174,1035.9690203029174,1035.9690203029174,1035.9690203029174,1035.9690203029174,2024-04-19,0,0,0,0,0,0
,1061.4022313877736,1061.4022313877736,1061.4022313877736,1061.4022313877736,1061.4022313877736,2024-04-22,0,0,0,0,0,0
,1082.2603648639931,1082.2603648639931,1082.2603648639931,1082.2603648639931,1082.2603648639931,2024-04-23,0,0,0,0,0,0
,1074.635315511828,1074.635315511828,1074.635315511828,1074.635315511828,1074.635315511828,2024-04-24,0,0,0,0,0,0
,1072.4215900322672,1072.4215900322672,1072.4215900322672,1072.4215900322672,1072.4215900322672,2024-04-25,0,0,0,0,0,0
,1094.2144193811591,1094.2144193811591,1094.2144193811591,1094.2144193811591,1094.2144193811591,2024-04-26,0,0,0,0,0,0
,1090.1313056288498,1090.1313056288498,1090.1313056288498,1090.1313056288498,1090.1313056288498,2024-04-29,0,0,0,0,0,0
,1141.2434493596547,1141.2434493596547,1141.2434493596547,1141.2434493596547,1141.2434493596547,2024-04-30,0,0,0,0,0,0
,1124.5668940413143,1124.5668940413143,1124.5668940413143,1124.5668940413143,1124.5668940413143,2024-05-02,0,0,0,0,0,0
,1122.8942974020772,1122.8942974020772,1122.8942974020772,1122.8942974020772,1122.8942974020772,2024-05-03,0,0,0,0,0,0
,1123.1403237344898,1123.1403237344898,1123.1403237344898,1123.1403237344898,1123.1403237344898,2024-05-06,0,0,0,0,0,0
,1129.4369636309043,1129.4369636309043,1129.4369636309043,1129.4369636309043,1129.4369636309043,2024-05-07,0,0,0,0,0,0
,1108.3822015675178,1108.3822015675178,1108.3822015675178,1108.3822015675178,1108.3822015675178,2024-05-08,0,0,0,0,0,0
,1102.4790338657724,1102.4790338657724,1102.4790338657724,1102.4790338657724,1102.4790338657724,2024-05-09,0,0,0,0,0,0
,1099.9700317150034,1099.9700317150034,1099.9700317150034,1099.9700317150034,1099.9700317150034,2024-05-10,0,0,0,0,0,0
,1094.4604418124766,1094.4604418124766,1094.4604418124766,1094.4604418124766,1094.4604418124766,2024-05-13,0,0,0,0,0,0
,1107.7427007496667,1107.7427007496667,1107.7427007496667,1107.7427007496667,1107.7427007496667,2024-05-14,0,0,0,0,0,0
,1104.003936981434,1104.003936981434,1104.003936981434,1104.003936981434,1104.003936981434,2024-05-15,0,0,0,0,0,0
,1114.7280745625576,1114.7280745625576,1114.7280745625576,1114.7280745625576,1114.7280745625576,2024-05-16,0,0,0,0,0,0
,1112.8096108108375,1112.8096108108375,1112.8096108108375,1112.8096108108375,1112.8096108108375,2024-05-17,0,0,0,0,0,0
,1104.1022778238569,1104.1022778238569,1104.1022778238569,1104.1022778238569,1104.1022778238569,2024-05-21,0,0,0,0,0,0
,1106.857133236162,1106.857133236162,1106.857133236162,1106.857133236162,1106.857133236162,2024-05-22,0,0,0,0,0,0
,1097.5596331640877,1097.5596331640877,1097.5596331640877,1097.5596331640877,1097.5596331640877,2024-05-23,0,0,0,0,0,0
,1111.7764420624585,1111.7764420624585,1111.7764420624585,1111.7764420624585,1111.7764420624585,2024-05-24,0,0,0,0,0,0
,1113.6459433951586,1113.6459433951586,1113.6459433951586,1113.6459433951586,1113.6459433951586,2024-05-27,0,0,0,0,0,0
,1114.23617798317,1114.23617798317,1114.23617798317,1114.23617798317,1114.23617798317,2024-05-28,0,0,0,0,0,0
,1097.067741329381,1097.067741329381,1097.067741329381,1097.067741329381,1097.067741329381,2024-05-29,0,0,0,0,0,0
,1079.308747806472,1079.308747806472,1079.308747806472,1079.308747806472,1079.308747806472,2024-05-30,0,0,0,0,0,0
,1099.970086377496,1099.970086377496,1099.970086377496,1099.970086377496,1099.970086377496,2024-05-31,0,0,0,0,0,0
,1151.1314549939386,1151.1314549939386,1151.1314549939386,1151.1314549939386,1151.1314549939386,2024-06-03,0,0,0,0,0,0
,1139.2266772303517,1139.2266772303517,1139.2266772303517,1139.2266772303517,1139.2266772303517,2024-06-04,0,0,0,0,0,0
,1067.5022525173526,1067.5022525173526,1067.5022525173526,1067.5022525173526,1067.5022525173526,2024-06-05,0,0,0,0,0,0
,1099.9699641517404,1099.9699641517404,1099.9699641517404,1099.9699641517404,1099.9699641517404,2024-06-06,0,0,0,0,0,0
,1092.4926581643756,1092.4926581643756,1092.4926581643756,1092.4926581643756,1092.4926581643756,2024-06-07,0,0,0,0,0,0
,1098.0022563128855,1098.0022563128855,1098.0022563128855,1098.0022563128855,1098.0022563128855,2024-06-10,0,0,0,0,0,0
,1101.691799247928,1101.691799247928,1101.691799247928,1101.691799247928,1101.691799247928,2024-06-11,0,0,0,0,0,0
,1102.9216850641683,1102.9216850641683,1102.9216850641683,1102.9216850641683,1102.9216850641683,2024-06-12,0,0,0,0,0,0
,1104.1023123749185,1104.1023123749185,1104.1023123749185,1104.1023123749185,1104.1023123749185,2024-06-13,0,0,0,0,0,0
,1096.0345294527124,1096.0345294527124,1096.0345294527124,1096.0345294527124,1096.0345294527124,2024-06-14,0,0,0,0,0,0
,1095.9853271941342,1095.9853271941342,1095.9853271941342,1095.9853271941342,1095.9853271941342,2024-06-18,0,0,0,0,0,0
,1109.75950368303,1109.75950368303,1109.75950368303,1109.75950368303,1109.75950368303,2024-06-19,0,0,0,0,0,0
,1135.4387582520144,1135.4387582520144,1135.4387582520144,1135.4387582520144,1135.4387582520144,2024-06-20,0,0,0,0,0,0
,1144.785601854706,1144.785601854706,1144.785601854706,1144.785601854706,1144.785601854706,2024-06-21,0,0,0,0,0,0
,1136.0290674652065,1136.0290674652065,1136.0290674652065,1136.0290674652065,1136.0290674652065,2024-06-24,0,0,0,0,0,0
,1151.3775003551193,1151.3775003551193,1151.3775003551193,1151.3775003551193,1151.3775003551193,2024-06-25,0,0,0,0,0,0
,1182.6154524579229,1182.6154524579229,1182.6154524579229,1182.6154524579229,1182.6154524579229,2024-06-26,0,0,0,0,0,0
,1208.5404862113423,1208.5404862113423,1208.5404862113423,1208.5404862113423,1208.5404862113423,2024-06-27,0,0,0,0,0,0
,1207.2121725758393,1207.2121725758393,1207.2121725758393,1207.2121725758393,1207.2121725758393,2024-06-28,0,0,0,0,0,0
,1180.25407382428,1180.25407382428,1180.25407382428,1180.25407382428,1180.25407382428,2024-07-01,0,0,0,0,0,0
,1197.37356592243,1197.37356592243,1197.37356592243,1197.37356592243,1197.37356592243,2024-07-02,0,0,0,0,0,0
,1177.54840489326,1177.54840489326,1177.54840489326,1177.54840489326,1177.54840489326,2024-07-03,0,0,0,0,0,0
,1209.179986290108,1209.179986290108,1209.179986290108,1209.179986290108,1209.179986290108,2024-07-04,0,0,0,0,0,0
,1205.2444756355717,1205.2444756355717,1205.2444756355717,1205.2444756355717,1205.2444756355717,2024-07-05,0,0,0,0,0,0
,1209.0816030717467,1209.0816030717467,1209.0816030717467,1209.0816030717467,1209.0816030717467,2024-07-08,0,0,0,0,0,0
,1215.0339475267522,1215.0339475267522,1215.0339475267522,1215.0339475267522,1215.0339475267522,2024-07-09,0,0,0,0,0,0
,1232.5470372074883,1232.5470372074883,1232.5470372074883,1232.5470372074883,1232.5470372074883,2024-07-10,0,0,0,0,0,0
,1226.2501602309792,1226.2501602309792,1226.2501602309792,1226.2501602309792,1226.2501602309792,2024-07-11,0,0,0,0,0,0
,1215.9687089511149,1215.9687089511149,1215.9687089511149,1215.9687089511149,1215.9687089511149,2024-07-12,0,0,0,0,0,0
,1213.213848187686,1213.213848187686,1213.213848187686,1213.213848187686,1213.213848187686,2024-07-15,0,0,0,0,0,0
,1210.1638079399554,1210.1638079399554,1210.1638079399554,1210.1638079399554,1210.1638079399554,2024-07-16,0,0,0,0,0,0
,1214.984806208363,1214.984806208363,1214.984806208363,1214.984806208363,1214.984806208363,2024-07-18,0,0,0,0,0,0
,1223.9381496090357,1223.9381496090357,1223.9381496090357,1223.9381496090357,1223.9381496090357,2024-07-19,0,0,0,0,0,0
,1220.002555200142,1220.002555200142,1220.002555200142,1220.002555200142,1220.002555200142,2024-07-22,0,0,0,0,0,0
,1221.1341050565184,1221.1341050565184,1221.1341050565184,1221.1341050565184,1221.1341050565184,2024-07-23,0,0,0,0,0,0
,1205.2444794873966,1205.2444794873966,1205.2444794873966,1205.2444794873966,1205.2444794873966,2024-07-24,0,0,0,0,0,0
,1186.0589540798987,1186.0589540798987,1186.0589540798987,1186.0589540798987,1186.0589540798987,2024-07-25,0,0,0,0,0,0
,1170.808877642708,1170.808877642708,1170.808877642708,1170.808877642708,1170.808877642708,2024-07-26,0,0,0,0,0,0
,1195.5532610278044,1195.5532610278044,1195.5532610278044,1195.5532610278044,1195.5532610278044,2024-07-29,0,0,0,0,0,0
,1193.437987733722,1193.437987733722,1193.437987733722,1193.437987733722,1193.437987733722,2024-07-30,0,0,0,0,0,0
,1199.341350948273,1199.341350948273,1199.341350948273,1199.341350948273,1199.341350948273,2024-07-31,0,0,0,0,0,0
,1192.946036063854,1192.946036063854,1192.946036063854,1192.946036063854,1192.946036063854,2024-08-01,0,0,0,0,0,0
,1177.69611282763,1177.69611282763,1177.69611282763,1177.69611282763,1177.69611282763,2024-08-02,0,0,0,0,0,0
,1162.937883324056,1162.937883324056,1162.937883324056,1162.937883324056,1162.937883324056,2024-08-05,0,0,0,0,0,0
,1156.050815815944,1156.050815815944,1156.050815815944,1156.050815815944,1156.050815815944,2024-08-06,0,0,0,0,0,0
,1159.9371674712932,1159.9371674712932,1159.9371674712932,1159.9371674712932,1159.9371674712932,2024-08-07,0,0,0,0,0,0
,1148.13068131111,1148.13068131111,1148.13068131111,1148.13068131111,1148.13068131111,2024-08-08,0,0,0,0,0,0
,1157.5758097480823,1157.5758097480823,1157.5758097480823,1157.5758097480823,1157.5758097480823,2024-08-09,0,0,0,0,0,0
,1162.0336803927066,1162.0336803927066,1162.0336803927066,1162.0336803927066,1162.0336803927066,2024-08-12,0,0,0,0,0,0
,1174.1402001247322,1174.1402001247322,1174.1402001247322,1174.1402001247322,1174.1402001247322,2024-08-13,0,0,0,0,0,0
,1158.0642597488902,1158.0642597488902,1158.0642597488902,1158.0642597488902,1158.0642597488902,2024-08-14,0,0,0,0,0,0
,1161.0412636212889,1161.0412636212889,1161.0412636212889,1161.0412636212889,1161.0412636212889,2024-08-16,0,0,0,0,0,0
,1181.8804727263328,1181.8804727263328,1181.8804727263328,1181.8804727263328,1181.8804727263328,2024-08-19,0,0,0,0,0,0
,1165.209144373693,1165.209144373693,1165.209144373693,1165.209144373693,1165.209144373693,2024-08-20,0,0,0,0,0,0
,1167.9876876109618,1167.9876876109618,1167.9876876109618,1167.9876876109618,1167.9876876109618,2024-08-21,0,0,0,0,0,0
,1172.9494391539793,1172.9494391539793,1172.9494391539793,1172.9494391539793,1172.9494391539793,2024-08-22,0,0,0,0,0,0
,1183.8651886303296,1183.8651886303296,1183.8651886303296,1183.8651886303296,1183.8651886303296,2024-08-23,0,0,0,0,0,0
,1196.3191076607095,1196.3191076607095,1196.3191076607095,1196.3191076607095,1196.3191076607095,2024-08-26,0,0,0,0,0,0
,1204.0098351320562,1204.0098351320562,1204.0098351320562,1204.0098351320562,1204.0098351320562,2024-08-27,0,0,0,0,0,0
,1213.2882407138438,1213.2882407138438,1213.2882407138438,1213.2882407138438,1213.2882407138438,2024-08-28,0,0,0,0,0,0
,1209.6164607584683,1209.6164607584683,1209.6164607584683,1209.6164607584683,1209.6164607584683,2024-08-29,0,0,0,0,0,0
,1220.5818867193016,1220.5818867193016,1220.5818867193016,1220.5818867193016,1220.5818867193016,2024-08-30,0,0,0,0,0,0
,1229.5129791826912,1229.5129791826912,1229.5129791826912,1229.5129791826912,1229.5129791826912,2024-09-02,0,0,0,0,0,0
,1217.8033299887798,1217.8033299887798,1217.8033299887798,1217.8033299887798,1217.8033299887798,2024-09-03,0,0,0,0,0,0
,1230.3565014424944,1230.3565014424944,1230.3565014424944,1230.3565014424944,1230.3565014424944,2024-09-04,0,0,0,0,0,0
,1228.5206798050983,1228.5206798050983,1228.5206798050983,1228.5206798050983,1228.5206798050983,2024-09-05,0,0,0,0,0,0
,1216.5628019074484,1216.5628019074484,1216.5628019074484,1216.5628019074484,1216.5628019074484,2024-09-06,0,0,0,0,0,0
,1193.6893937018356,1193.6893937018356,1193.6893937018356,1193.6893937018356,1193.6893937018356,2024-09-09,0,0,0,0,0,0
,1227.4786328440832,1227.4786328440832,1227.4786328440832,1227.4786328440832,1227.4786328440832,2024-09-10,0,0,0,0,0,0
,1222.0704612349368,1222.0704612349368,1222.0704612349368,1222.0704612349368,1222.0704612349368,2024-09-11,0,0,0,0,0,0
,1228.520699503871,1228.520699503871,1228.520699503871,1228.520699503871,1228.520699503871,2024-09-12,0,0,0,0,0,0
,1242.4133910945052,1242.4133910945052,1242.4133910945052,1242.4133910945052,1242.4133910945052,2024-09-13,0,0,0,0,0,0
,1241.4210578615323,1241.4210578615323,1241.4210578615323,1241.4210578615323,1241.4210578615323,2024-09-16,0,0,0,0,0,0
,1250.302517024621,1250.302517024621,1250.302517024621,1250.302517024621,1250.302517024621,2024-09-17,0,0,0,0,0,0
,1252.3368930345305,1252.3368930345305,1252.3368930345305,1252.3368930345305,1252.3368930345305,2024-09-18,0,0,0,0,0,0
,1278.4851014958492,1278.4851014958492,1278.4851014958492,1278.4851014958492,1278.4851014958492,2024-09-19,0,0,0,0,0,0
,1285.0841618950908,1285.0841618950908,1285.0841618950908,1285.0841618950908,1285.0841618950908,2024-09-20,0,0,0,0,0,0
,1320.80849505564,1320.80849505564,1320.80849505564,1320.80849505564,1320.80849505564,2024-09-23,0,0,0,0,0,0
,1310.8850653274296,1310.8850653274296,1310.8850653274296,1310.8850653274296,1310.8850653274296,2024-09-24,0,0,0,0,0,0
,1300.713587757985,1300.713587757985,1300.713587757985,1300.713587757985,1300.713587757985,2024-09-25,0,0,0,0,0,0
,1309.892782398436,1309.892782398436,1309.892782398436,1309.892782398436,1309.892782398436,2024-09-26,0,0,0,0,0,0
,1322.793216287465,1322.793216287465,1322.793216287465,1322.793216287465,1322.793216287465,2024-09-27,0,0,0,0,0,0
,1282.206413318136,1282.206413318136,1282.206413318136,1282.206413318136,1282.206413318136,2024-09-30,0,0,0,0,0,0
,1260.0772141126831,1260.0772141126831,1260.0772141126831,1260.0772141126831,1260.0772141126831,2024-10-01,0,0,0,0,0,0
,1244.001159291873,1244.001159291873,1244.001159291873,1244.001159291873,1244.001159291873,2024-10-03,0,0,0,0,0,0
,1237.5508987809962,1237.5508987809962,1237.5508987809962,1237.5508987809962,1237.5508987809962,2024-10-04,0,0,0,0,0,0
,1232.0434743858432,1232.0434743858432,1232.0434743858432,1232.0434743858432,1232.0434743858432,2024-10-07,0,0,0,0,0,0
,1231.4976811477177,1231.4976811477177,1231.4976811477177,1231.4976811477177,1231.4976811477177,2024-10-08,0,0,0,0,0,0
,1233.5319821121263,1233.5319821121263,1233.5319821121263,1233.5319821121263,1233.5319821121263,2024-10-09,0,0,0,0,0,0
,1237.2036303622588,1237.2036303622588,1237.2036303622588,1237.2036303622588,1237.2036303622588,2024-10-10,0,0,0,0,0,0
,1227.528300150437,1227.528300150437,1227.528300150437,1227.528300150437,1227.528300150437,2024-10-11,0,0,0,0,0,0
,1211.6507942721546,1211.6507942721546,1211.6507942721546,1211.6507942721546,1211.6507942721546,2024-10-14,0,0,0,0,0,0
,1229.4632721003522,1229.4632721003522,1229.4632721003522,1229.4632721003522,1229.4632721003522,2024-10-15,0,0,0,0,0,0
,1238.9402364127243,1238.9402364127243,1238.9402364127243,1238.9402364127243,1238.9402364127243,2024-10-16,0,0,0,0,0,0
,1239.8829828601924,1239.8829828601924,1239.8829828601924,1239.8829828601924,1239.8829828601924,2024-10-17,0,0,0,0,0,0
,1218.547563181441,1218.547563181441,1218.547563181441,1218.547563181441,1218.547563181441,2024-10-18,0,0,0,0,0,0
,1254.8177669815936,1254.8177669815936,1254.8177669815936,1254.8177669815936,1254.8177669815936,2024-10-21,0,0,0,0,0,0
,1256.9016668439735,1256.9016668439735,1256.9016668439735,1256.9016668439735,1256.9016668439735,2024-10-22,0,0,0,0,0,0
,1251.3445279562577,1251.3445279562577,1251.3445279562577,1251.3445279562577,1251.3445279562577,2024-10-23,0,0,0,0,0,0
,1240.6768573006573,1240.6768573006573,1240.6768573006573,1240.6768573006573,1240.6768573006573,2024-10-24,0,0,0,0,0,0
,1237.6998715609657,1237.6998715609657,1237.6998715609657,1237.6998715609657,1237.6998715609657,2024-10-25,0,0,0,0,0,0
,1275.6569864282285,1275.6569864282285,1275.6569864282285,1275.6569864282285,1275.6569864282285,2024-10-28,0,0,0,0,0,0
,1291.385516560823,1291.385516560823,1291.385516560823,1291.385516560823,1291.385516560823,2024-10-29,0,0,0,0,0,0
,1313.8621457191011,1313.8621457191011,1313.8621457191011,1313.8621457191011,1313.8621457191011,2024-10-30,0,0,0,0,0,0
,1297.2403694104123,1297.2403694104123,1297.2403694104123,1297.2403694104123,1297.2403694104123,2024-10-31,0,0,0,0,0,0
,1280.0727600114117,1280.0727600114117,1280.0727600114117,1280.0727600114117,1280.0727600114117,2024-11-01,0,0,0,0,0,0
,1280.221658871375,1280.221658871375,1280.221658871375,1280.221658871375,1280.221658871375,2024-11-04,0,0,0,0,0,0
,1263.2526375453915,1263.2526375453915,1263.2526375453915,1263.2526375453915,1263.2526375453915,2024-11-05,0,0,0,0,0,0
,1290.2940335374446,1290.2940335374446,1290.2940335374446,1290.2940335374446,1290.2940335374446,2024-11-06,0,0,0,0,0,0
,1287.2177364325323,1287.2177364325323,1287.2177364325323,1287.2177364325323,1287.2177364325323,2024-11-07,0,0,0,0,0,0
,1260.2755859661174,1260.2755859661174,1260.2755859661174,1260.2755859661174,1260.2755859661174,2024-11-08,0,0,0,0,0,0
,1252.3369021242906,1252.3369021242906,1252.3369021242906,1252.3369021242906,1252.3369021242906,2024-11-11,0,0,0,0,0,0
,1266.3785236970411,1266.3785236970411,1266.3785236970411,1266.3785236970411,1266.3785236970411,2024-11-12,0,0,0,0,0,0
,1260.8709623351128,1260.8709623351128,1260.8709623351128,1260.8709623351128,1260.8709623351128,2024-11-13,0,0,0,0,0,0
,1244.149990424334,1244.149990424334,1244.149990424334,1244.149990424334,1244.149990424334,2024-11-14,0,0,0,0,0,0
,1250.3521900785158,1250.3521900785158,1250.3521900785158,1250.3521900785158,1250.3521900785158,2024-11-18,0,0,0,0,0,0
,1247.4248442373848,1247.4248442373848,1247.4248442373848,1247.4248442373848,1247.4248442373848,2024-11-19,0,0,0,0,0,0
,1238.9899233393824,1238.9899233393824,1238.9899233393824,1238.9899233393824,1238.9899233393824,2024-11-21,0,0,0,0,0,0
,1248.3675121917486,1248.3675121917486,1248.3675121917486,1248.3675121917486,1248.3675121917486,2024-11-22,0,0,0,0,0,0
,1286.076597798596,1286.076597798596,1286.076597798596,1286.076597798596,1286.076597798596,2024-11-25,0,0,0,0,0,0
,1300.56477024255,1300.56477024255,1300.56477024255,1300.56477024255,1300.56477024255,2024-11-26,0,0,0,0,0,0
,1288.5573723920809,1288.5573723920809,1288.5573723920809,1288.5573723920809,1288.5573723920809,2024-11-27,0,0,0,0,0,0
,1291.0878806767676,1291.0878806767676,1291.0878806767676,1291.0878806767676,1291.0878806767676,2024-11-28,0,0,0,0,0,0
,1273.275310189296,1273.275310189296,1273.275310189296,1273.275310189296,1273.275310189296,2024-11-29,0,0,0,0,0,0
,1289.946649219065,1289.946649219065,1289.946649219065,1289.946649219065,1289.946649219065,2024-12-02,0,0,0,0,0,0
,1293.9655928118616,1293.9655928118616,1293.9655928118616,1293.9655928118616,1293.9655928118616,2024-12-03,0,0,0,0,0,0
,1292.625936747851,1292.625936747851,1292.625936747851,1292.625936747851,1292.625936747851,2024-12-04,0,0,0,0,0,0
,1306.171532833215,1306.171532833215,1306.171532833215,1306.171532833215,1306.171532833215,2024-12-05,0,0,0,0,0,0
,1332.2205223736623,1332.2205223736623,1332.2205223736623,1332.2205223736623,1332.2205223736623,2024-12-06,0,0,0,0,0,0
,1311.9766296210685,1311.9766296210685,1311.9766296210685,1311.9766296210685,1311.9766296210685,2024-12-09,0,0,0,0,0,0
,1308.9004164217674,1308.9004164217674,1308.9004164217674,1308.9004164217674,1308.9004164217674,2024-12-10,0,0,0,0,0,0
,1314.5567183054773,1314.5567183054773,1314.5567183054773,1314.5567183054773,1314.5567183054773,2024-12-11,0,0,0,0,0,0
,1311.4309069614158,1311.4309069614158,1311.4309069614158,1311.4309069614158,1311.4309069614158,2024-12-12,0,0,0,0,0,0
,1315.201818050664,1315.201818050664,1315.201818050664,1315.201818050664,1315.201818050664,2024-12-13,0,0,0,0,0,0
,1334.6020835708346,1334.6020835708346,1334.6020835708346,1334.6020835708346,1334.6020835708346,2024-12-16,0,0,0,0,0,0
,1331.7243053318298,1331.7243053318298,1331.7243053318298,1331.7243053318298,1331.7243053318298,2024-12-17,0,0,0,0,0,0
,1315.1026301384318,1315.1026301384318,1315.1026301384318,1315.1026301384318,1315.1026301384318,2024-12-18,0,0,0,0,0,0
,1276.1531316977298,1276.1531316977298,1276.1531316977298,1276.1531316977298,1276.1531316977298,2024-12-19,0,0,0,0,0,0
,1274.1187908536028,1274.1187908536028,1274.1187908536028,1274.1187908536028,1274.1187908536028,2024-12-20,0,0,0,0,0,0
,1284.736921667357,1284.736921667357,1284.736921667357,1284.736921667357,1284.736921667357,2024-12-23,0,0,0,0,0,0
,1286.8705106850512,1286.8705106850512,1286.8705106850512,1286.8705106850512,1286.8705106850512,2024-12-24,0,0,0,0,0,0
,1296.9922716557785,1296.9922716557785,1296.9922716557785,1296.9922716557785,1296.9922716557785,2024-12-26,0,0,0,0,0,0
,1288.6071205266592,1288.6071205266592,1288.6071205266592,1288.6071205266592,1288.6071205266592,2024-12-27,0,0,0,0,0,0
,1294.957999087405,1294.957999087405,1294.957999087405,1294.957999087405,1294.957999087405,2024-12-30,0,0,0,0,0,0
,1277.0462265132433,1277.0462265132433,1277.0462265132433,1277.0462265132433,1277.0462265132433,2024-12-31,0,0,0,0,0,0
,1271.8364809130148,1271.8364809130148,1271.8364809130148,1271.8364809130148,1271.8364809130148,2025-01-01,0,0,0,0,0,0
,1275.26000882058,1275.26000882058,1275.26000882058,1275.26000882058,1275.26000882058,2025-01-02,0,0,0,0,0,0
,1276.3514823434057,1276.3514823434057,1276.3514823434057,1276.3514823434057,1276.3514823434057,2025-01-03,0,0,0,0,0,0
,1258.3406039432266,1258.3406039432266,1258.3406039432266,1258.3406039432266,1258.3406039432266,2025-01-06,0,0,0,0,0,0
,1256.8024602237333,1256.8024602237333,1256.8024602237333,1256.8024602237333,1256.8024602237333,2025-01-07,0,0,0,0,0,0
,1270.7448974492877,1270.7448974492877,1270.7448974492877,1270.7448974492877,1270.7448974492877,2025-01-08,0,0,0,0,0,0
,1248.3675530849682,1248.3675530849682,1248.3675530849682,1248.3675530849682,1248.3675530849682,2025-01-09,0,0,0,0,0,0
,1249.359870144571,1249.359870144571,1249.359870144571,1249.359870144571,1249.359870144571,2025-01-10,0,0,0,0,0,0
,1225.4444532249363,1225.4444532249363,1225.4444532249363,1225.4444532249363,1225.4444532249363,2025-01-13,0,0,0,0,0,0
,1223.9062438907645,1223.9062438907645,1223.9062438907645,1223.9062438907645,1223.9062438907645,2025-01-14,0,0,0,0,0,0
,1224.551219155373,1224.551219155373,1224.551219155373,1224.551219155373,1224.551219155373,2025-01-15,0,0,0,0,0,0
,1235.56627244332,1235.56627244332,1235.56627244332,1235.56627244332,1235.56627244332,2025-01-16,0,0,0,0,0,0
,1233.8296138721637,1233.8296138721637,1233.8296138721637,1233.8296138721637,1233.8296138721637,2025-01-17,0,0,0,0,0,0
,1214.5286456993424,1214.5286456993424,1214.5286456993424,1214.5286456993424,1214.5286456993424,2025-01-20,0,0,0,0,0,0
,1227.4786100806575,1227.4786100806575,1227.4786100806575,1227.4786100806575,1227.4786100806575,2025-01-21,0,0,0,0,0,0
,1191.8038937223043,1191.8038937223043,1191.8038937223043,1191.8038937223043,1191.8038937223043,2025-01-22,0,0,0,0,0,0
,1188.0826742078204,1188.0826742078204,1188.0826742078204,1188.0826742078204,1188.0826742078204,2025-01-23,0,0,0,0,0,0
,1193.8878937592276,1193.8878937592276,1193.8878937592276,1193.8878937592276,1193.8878937592276,2025-01-24,0,0,0,0,0,0
,1185.8499521739243,1185.8499521739243,1185.8499521739243,1185.8499521739243,1185.8499521739243,2025-01-27,0,0,0,0,0,0
,1237.7990449684048,1237.7990449684048,1237.7990449684048,1237.7990449684048,1237.7990449684048,2025-01-28,0,0,0,0,0,0
,1242.4134579383835,1242.4134579383835,1242.4134579383835,1242.4134579383835,1242.4134579383835,2025-01-29,0,0,0,0,0,0
,1240.428743300886,1240.428743300886,1240.428743300886,1240.428743300886,1240.428743300886,2025-01-30,0,0,0,0,0,0
,1244.8943321590757,1244.8943321590757,1244.8943321590757,1244.8943321590757,1244.8943321590757,2025-01-31,0,0,0,0,0,0
,1241.5699459496786,1241.5699459496786,1241.5699459496786,1241.5699459496786,1241.5699459496786,2025-02-01,0,0,0,0,0,0
,1237.3028281264465,1237.3028281264465,1237.3028281264465,1237.3028281264465,1237.3028281264465,2025-02-03,0,0,0,0,0,0
,1253.1308244391428,1253.1308244391428,1253.1308244391428,1253.1308244391428,1253.1308244391428,2025-02-04,0,0,0,0,0,0
,1260.4740215455731,1260.4740215455731,1260.4740215455731,1260.4740215455731,1260.4740215455731,2025-02-05,0,0,0,0,0,0
,1265.2372940723085,1265.2372940723085,1265.2372940723085,1265.2372940723085,1265.2372940723085,2025-02-06,0,0,0,0,0,0
,1262.2603567708522,1262.2603567708522,1262.2603567708522,1262.2603567708522,1262.2603567708522,2025-02-07,0,0,0,0,0,0
,1247.5735745348811,1247.5735745348811,1247.5735745348811,1247.5735745348811,1247.5735745348811,2025-02-10,0,0,0,0,0,0
,1246.2339539700604,1246.2339539700604,1246.2339539700604,1246.2339539700604,1246.2339539700604,2025-02-11,0,0,0,0,0,0
,1247.5735208959843,1247.5735208959843,1247.5735208959843,1247.5735208959843,1247.5735208959843,2025-02-12,0,0,0,0,0,0
,1242.9592342670746,1242.9592342670746,1242.9592342670746,1242.9592342670746,1242.9592342670746,2025-02-13,0,0,0,0,0,0
,1242.5126718509223,1242.5126718509223,1242.5126718509223,1242.5126718509223,1242.5126718509223,2025-02-14,0,0,0,0,0,0
,1241.5699462890625,1241.5699462890625,1241.5699462890625,1241.5699462890625,1241.5699462890625,2025-02-17,0,0,0,0,0,0
,1243.3065364897366,1243.3065364897366,1243.3065364897366,1243.3065364897366,1243.3065364897366,2025-02-18,0,0,0,0,0,0
,1225.3947820253827,1225.3947820253827,1225.3947820253827,1225.3947820253827,1225.3947820253827,2025-02-19,0,0,0,0,0,0
,1245.7378271028597,1245.7378271028597,1245.7378271028597,1245.7378271028597,1245.7378271028597,2025-02-20,0,0,0,0,0,0
,1231.596897179175,1231.596897179175,1231.596897179175,1231.596897179175,1231.596897179175,2025-02-21,0,0,0,0,0,0
,1217.3071583182457,1217.3071583182457,1217.3071583182457,1217.3071583182457,1217.3071583182457,2025-02-24,0,0,0,0,0,0
,1217.2079253456668,1217.2079253456668,1217.2079253456668,1217.2079253456668,1217.2079253456668,2025-02-25,0,0,0,0,0,0
,1215.769120615194,1215.769120615194,1215.769120615194,1215.769120615194,1215.769120615194,2025-02-27,0,0,0,0,0,0
,1206.6891556122284,1206.6891556122284,1206.6891556122284,1206.6891556122284,1206.6891556122284,2025-02-28,0,0,0,0,0,0
,1201.2312348006667,1201.2312348006667,1201.2312348006667,1201.2312348006667,1201.2312348006667,2025-03-03,0,0,0,0,0,0
,1197.9068433475454,1197.9068433475454,1197.9068433475454,1197.9068433475454,1197.9068433475454,2025-03-04,0,0,0,0,0,0
,1207.6814517983407,1207.6814517983407,1207.6814517983407,1207.6814517983407,1207.6814517983407,2025-03-05,0,0,0,0,0,0
,1218.5476101118768,1218.5476101118768,1218.5476101118768,1218.5476101118768,1218.5476101118768,2025-03-06,0,0,0,0,0,0
,1201.8265880949464,1201.8265880949464,1201.8265880949464,1201.8265880949464,1201.8265880949464,2025-03-07,0,0,0,0,0,0
,1198.7503263397664,1198.7503263397664,1198.7503263397664,1198.7503263397664,1198.7503263397664,2025-03-10,0,0,0,0,0,0
,1207.8798680000234,1207.8798680000234,1207.8798680000234,1207.8798680000234,1207.8798680000234,2025-03-11,0,0,0,0,0,0
,1237.4020778822246,1237.4020778822246,1237.4020778822246,1237.4020778822246,1237.4020778822246,2025-03-12,0,0,0,0,0,0
,1241.4707365370484,1241.4707365370484,1241.4707365370484,1241.4707365370484,1241.4707365370484,2025-03-13,0,0,0,0,0,0
,1247.4248742515454,1247.4248742515454,1247.4248742515454,1247.4248742515454,1247.4248742515454,2025-03-17,0,0,0,0,0,0
,1259.2833251953125,1259.2833251953125,1259.2833251953125,1259.2833251953125,1259.2833251953125,2025-03-18,0,0,0,0,0,0
,1295.6029599370163,1295.6029599370163,1295.6029599370163,1295.6029599370163,1295.6029599370163,2025-03-19,0,0,0,0,0,0
,1309.8927772461004,1309.8927772461004,1309.8927772461004,1309.8927772461004,1309.8927772461004,2025-03-20,0,0,0,0,0,0
,1305.923445707521,1305.923445707521,1305.923445707521,1305.923445707521,1305.923445707521,2025-03-21,0,0,0,0,0,0
,1345.5675050388625,1345.5675050388625,1345.5675050388625,1345.5675050388625,1345.5675050388625,2025-03-24,0,0,0,0,0,0
,1348.5941513991709,1348.5941513991709,1348.5941513991709,1348.5941513991709,1348.5941513991709,2025-03-25,0,0,0,0,0,0
,1333.7586400786652,1333.7586400786652,1333.7586400786652,1333.7586400786652,1333.7586400786652,2025-03-26,0,0,0,0,0,0
,1322.9420827344788,1322.9420827344788,1322.9420827344788,1322.9420827344788,1322.9420827344788,2025-03-27,0,0,0,0,0,0
,1325.7702231722565,1325.7702231722565,1325.7702231722565,1325.7702231722565,1325.7702231722565,2025-03-28,0,0,0,0,0,0
,1329.739654923708,1329.739654923708,1329.739654923708,1329.739654923708,1329.739654923708,2025-04-01,0,0,0,0,0,0
,1312.026343402594,1312.026343402594,1312.026343402594,1312.026343402594,1312.026343402594,2025-04-02,0,0,0,0,0,0
,1311.8278468858043,1311.8278468858043,1311.8278468858043,1311.8278468858043,1311.8278468858043,2025-04-03,0,0,0,0,0,0
,1319.3697112264526,1319.3697112264526,1319.3697112264526,1319.3697112264526,1319.3697112264526,2025-04-04,0,0,0,0,0,0
,1285.3322768617725,1285.3322768617725,1285.3322768617725,1285.3322768617725,1285.3322768617725,2025-04-07,0,0,0,0,0,0
,1289.8969896705237,1289.8969896705237,1289.8969896705237,1289.8969896705237,1289.8969896705237,2025-04-08,0,0,0,0,0,0
,1294.9579703581671,1294.9579703581671,1294.9579703581671,1294.9579703581671,1294.9579703581671,2025-04-09,0,0,0,0,0,0
,1295.1067945023049,1295.1067945023049,1295.1067945023049,1295.1067945023049,1295.1067945023049,2025-04-11,0,0,0,0,0,0
,1340.655373037739,1340.655373037739,1340.655373037739,1340.655373037739,1340.655373037739,2025-04-15,0,0,0,0,0,0
,1346.6094196449503,1346.6094196449503,1346.6094196449503,1346.6094196449503,1346.6094196449503,2025-04-16,0,0,0,0,0,0
,1351.5711498907554,1351.5711498907554,1351.5711498907554,1351.5711498907554,1351.5711498907554,2025-04-17,0,0,0,0,0,0
,1425.004587897116,1425.004587897116,1425.004587897116,1425.004587897116,1425.004587897116,2025-04-21,0,0,0,0,0,0
,1401.9823098324273,1401.9823098324273,1401.9823098324273,1401.9823098324273,1401.9823098324273,2025-04-22,0,0,0,0,0,0
,1418.0581618237188,1418.0581618237188,1418.0581618237188,1418.0581618237188,1418.0581618237188,2025-04-23,0,0,0,0,0,0
,1405.4554343163695,1405.4554343163695,1405.4554343163695,1405.4554343163695,1405.4554343163695,2025-04-24,0,0,0,0,0,0
,1399.203592036998,1399.203592036998,1399.203592036998,1399.203592036998,1399.203592036998,2025-04-25,0,0,0,0,0,0
,1394.837310696449,1394.837310696449,1394.837310696449,1394.837310696449,1394.837310696449,2025-04-28,0,0,0,0,0,0
,1417.8597077945897,1417.8597077945897,1417.8597077945897,1417.8597077945897,1417.8597077945897,2025-04-29,0,0,0,0,0,0
,1422.0275444346205,1422.0275444346205,1422.0275444346205,1422.0275444346205,1422.0275444346205,2025-04-30,0,0,0,0,0,0
,1415.9742091510598,1415.9742091510598,1415.9742091510598,1415.9742091510598,1415.9742091510598,2025-05-02,0,0,0,0,0,0
,1428.9738894731652,1428.9738894731652,1428.9738894731652,1428.9738894731652,1428.9738894731652,2025-05-05,0,0,0,0,0,0
,1418.0581160771362,1418.0581160771362,1418.0581160771362,1418.0581160771362,1418.0581160771362,2025-05-06,0,0,0,0,0,0
,1414.0887881642996,1414.0887881642996,1414.0887881642996,1414.0887881642996,1414.0887881642996,2025-05-07,0,0,0,0,0,0
,1427.5846620245352,1427.5846620245352,1427.5846620245352,1427.5846620245352,1427.5846620245352,2025-05-08,0,0,0,0,0,0
,1404.3638078003796,1404.3638078003796,1404.3638078003796,1404.3638078003796,1404.3638078003796,2025-05-09,0,0,0,0,0,0
,1398.6082269981746,1398.6082269981746,1398.6082269981746,1398.6082269981746,1398.6082269981746,2025-05-12,0,0,0,0,0,0
,1429.0731325397103,1429.0731325397103,1429.0731325397103,1429.0731325397103,1429.0731325397103,2025-05-13,0,0,0,0,0,0
,1418.9512828044426,1418.9512828044426,1418.9512828044426,1418.9512828044426,1418.9512828044426,2025-05-14,0,0,0,0,0,0
,1414.9819190581854,1414.9819190581854,1414.9819190581854,1414.9819190581854,1414.9819190581854,2025-05-15,0,0,0,0,0,0
,1442.172107583965,1442.172107583965,1442.172107583965,1442.172107583965,1442.172107583965,2025-05-16,0,0,0,0,0,0
,1435.4241717584057,1435.4241717584057,1435.4241717584057,1435.4241717584057,1435.4241717584057,2025-05-19,0,0,0,0,0,0
,1439.0957378026826,1439.0957378026826,1439.0957378026826,1439.0957378026826,1439.0957378026826,2025-05-20,0,0,0,0,0,0
,1431.8517946649677,1431.8517946649677,1431.8517946649677,1431.8517946649677,1431.8517946649677,2025-05-21,0,0,0,0,0,0
,1430.0655182967434,1430.0655182967434,1430.0655182967434,1430.0655182967434,1430.0655182967434,2025-05-22,0,0,0,0,0,0
,1431.1570706662649,1431.1570706662649,1431.1570706662649,1431.1570706662649,1431.1570706662649,2025-05-23,0,0,0,0,0,0
,1446.8360701649403,1446.8360701649403,1446.8360701649403,1446.8360701649403,1446.8360701649403,2025-05-26,0,0,0,0,0,0
,1441.3782192942826,1441.3782192942826,1441.3782192942826,1441.3782192942826,1441.3782192942826,2025-05-27,0,0,0,0,0,0
,1436.5157355383742,1436.5157355383742,1436.5157355383742,1436.5157355383742,1436.5157355383742,2025-05-28,0,0,0,0,0,0
,1445.4467442494526,1445.4467442494526,1445.4467442494526,1445.4467442494526,1445.4467442494526,2025-05-29,0,0,0,0,0,0
,1448.7216268807567,1448.7216268807567,1448.7216268807567,1448.7216268807567,1448.7216268807567,2025-05-30,0,0,0,0,0,0
,1430.9586389930196,1430.9586389930196,1430.9586389930196,1430.9586389930196,1430.9586389930196,2025-06-02,0,0,0,0,0,0
,1443.7598455387374,1443.7598455387374,1443.7598455387374,1443.7598455387374,1443.7598455387374,2025-06-03,0,0,0,0,0,0
,1426.3938661679929,1426.3938661679929,1426.3938661679929,1426.3938661679929,1426.3938661679929,2025-06-04,0,0,0,0,0,0
,1419.9436226094324,1419.9436226094324,1419.9436226094324,1419.9436226094324,1419.9436226094324,2025-06-05,0,0,0,0,0,0
,1437.5080878919146,1437.5080878919146,1437.5080878919146,1437.5080878919146,1437.5080878919146,2025-06-06,0,0,0,0,0,0
,1453.7825541382838,1453.7825541382838,1453.7825541382838,1453.7825541382838,1453.7825541382838,2025-06-09,0,0,0,0,0,0
,1427.9815809293386,1427.9815809293386,1427.9815809293386,1427.9815809293386,1427.9815809293386,2025-06-10,0,0,0,0,0,0
,1410.9133394459884,1410.9133394459884,1410.9133394459884,1410.9133394459884,1410.9133394459884,2025-06-11,0,0,0,0,0,0
,1419.5466979345515,1419.5466979345515,1419.5466979345515,1419.5466979345515,1419.5466979345515,2025-06-12,0,0,0,0,0,0
,1392.8526699787633,1392.8526699787633,1392.8526699787633,1392.8526699787633,1392.8526699787633,2025-06-13,0,0,0,0,0,0
,1405.7530618658518,1405.7530618658518,1405.7530618658518,1405.7530618658518,1405.7530618658518,2025-06-16,0,0,0,0,0,0
,1415.9742319665809,1415.9742319665809,1415.9742319665809,1415.9742319665809,1415.9742319665809,2025-06-17,0,0,0,0,0,0
,1406.150024814166,1406.150024814166,1406.150024814166,1406.150024814166,1406.150024814166,2025-06-18,0,0,0,0,0,0
,1397.2189939427594,1397.2189939427594,1397.2189939427594,1397.2189939427594,1397.2189939427594,2025-06-19,0,0,0,0,0,0
,1400.4937821267788,1400.4937821267788,1400.4937821267788,1400.4937821267788,1400.4937821267788,2025-06-20,0,0,0,0,0,0
,1406.1500791810931,1406.1500791810931,1406.1500791810931,1406.1500791810931,1406.1500791810931,2025-06-23,0,0,0,0,0,0
,1416.768089376431,1416.768089376431,1416.768089376431,1416.768089376431,1416.768089376431,2025-06-24,0,0,0,0,0,0
,1411.1117385952273,1411.1117385952273,1411.1117385952273,1411.1117385952273,1411.1117385952273,2025-06-25,0,0,0,0,0,0
,1413.890378094993,1413.890378094993,1413.890378094993,1413.890378094993,1413.890378094993,2025-06-26,0,0,0,0,0,0
,1427.882386711014,1427.882386711014,1427.882386711014,1427.882386711014,1427.882386711014,2025-06-27,0,0,0,0,0,0
,1450.6071028820047,1450.6071028820047,1450.6071028820047,1450.6071028820047,1450.6071028820047,2025-06-30,0,0,0,0,0,0
,1434.6302067068036,1434.6302067068036,1434.6302067068036,1434.6302067068036,1434.6302067068036,2025-07-01,0,0,0,0,0,0
,1421.2336440793872,1421.2336440793872,1421.2336440793872,1421.2336440793872,1421.2336440793872,2025-07-02,0,0,0,0,0,0
,1421.1344118511029,1421.1344118511029,1421.1344118511029,1421.1344118511029,1421.1344118511029,2025-07-03,0,0,0,0,0,0
,1416.0734952431667,1416.0734952431667,1416.0734952431667,1416.0734952431667,1416.0734952431667,2025-07-04,0,0,0,0,0,0
,1425.9968814549875,1425.9968814549875,1425.9968814549875,1425.9968814549875,1425.9968814549875,2025-07-07,0,0,0,0,0,0
,1421.035188079707,1421.035188079707,1421.035188079707,1421.035188079707,1421.035188079707,2025-07-08,0,0,0,0,0,0
,1425.2030375827696,1425.2030375827696,1425.2030375827696,1425.2030375827696,1425.2030375827696,2025-07-09,0,0,0,0,0,0
,1425.7985078190466,1425.7985078190466,1425.7985078190466,1425.7985078190466,1425.7985078190466,2025-07-10,0,0,0,0,0,0
,1411.111783317687,1411.111783317687,1411.111783317687,1411.111783317687,1411.111783317687,2025-07-11,0,0,0,0,0,0
,1413.9896019530586,1413.9896019530586,1413.9896019530586,1413.9896019530586,1413.9896019530586,2025-07-14,0,0,0,0,0,0
,1410.218682168871,1410.218682168871,1410.218682168871,1410.218682168871,1410.218682168871,2025-07-15,0,0,0,0,0,0
,1415.081187967311,1415.081187967311,1415.081187967311,1415.081187967311,1415.081187967311,2025-07-16,0,0,0,0,0,0
,1410.1194736013367,1410.1194736013367,1410.1194736013367,1410.1194736013367,1410.1194736013367,2025-07-17,0,0,0,0,0,0
,1404.9592604817603,1404.9592604817603,1404.9592604817603,1404.9592604817603,1404.9592604817603,2025-07-18,0,0,0,0,0,0
,1436.9126621837045,1436.9126621837045,1436.9126621837045,1436.9126621837045,1436.9126621837045,2025-07-21,0,0,0,0,0,0
,1462.8128219007424,1462.8128219007424,1462.8128219007424,1462.8128219007424,1462.8128219007424,2025-07-22,0,0,0,0,0,0
,1471.5454755170424,1471.5454755170424,1471.5454755170424,1471.5454755170424,1471.5454755170424,2025-07-23,0,0,0,0,0,0
,1476.3086281822896,1476.3086281822896,1476.3086281822896,1476.3086281822896,1476.3086281822896,2025-07-24,0,0,0,0,0,0
,1488.5144734435703,1488.5144734435703,1488.5144734435703,1488.5144734435703,1488.5144734435703,2025-07-25,0,0,0,0,0,0
,1465.7898930637602,1465.7898930637602,1465.7898930637602,1465.7898930637602,1465.7898930637602,2025-07-28,0,0,0,0,0,0
,1468.5685019046516,1468.5685019046516,1468.5685019046516,1468.5685019046516,1468.5685019046516,2025-07-29,0,0,0,0,0,0
,1476.308661728485,1476.308661728485,1476.308661728485,1476.308661728485,1476.308661728485,2025-07-30,0,0,0,0,0,0
,1458.6450618514623,1458.6450618514623,1458.6450618514623,1458.6450618514623,1458.6450618514623,2025-07-31,0,0,0,0,0,0
,1469.0645758820865,1469.0645758820865,1469.0645758820865,1469.0645758820865,1469.0645758820865,2025-08-01,0,0,0,0,0,0
,1465.492177404952,1465.492177404952,1465.492177404952,1465.492177404952,1465.492177404952,2025-08-04,0,0,0,0,0,0
,1441.8743352750153,1441.8743352750153,1441.8743352750153,1441.8743352750153,1441.8743352750153,2025-08-05,0,0,0,0,0,0
,1431.2564134495642,1431.2564134495642,1431.2564134495642,1431.2564134495642,1431.2564134495642,2025-08-06,0,0,0,0,0,0
,1430.0655302659995,1430.0655302659995,1430.0655302659995,1430.0655302659995,1430.0655302659995,2025-08-07,0,0,0,0,0,0
,1434.82882590882,1434.82882590882,1434.82882590882,1434.82882590882,1434.82882590882,2025-08-08,0,0,0,0,0,0
,1416.9666396615337,1416.9666396615337,1416.9666396615337,1416.9666396615337,1416.9666396615337,2025-08-11,0,0,0,0,0,0
,1431.0,1431.0,1431.0,1431.0,1431.0,2025-08-12,0,0,0,0,0,0
,1424.5999755859375,1424.5999755859375,1424.5999755859375,1424.5999755859375,1424.5999755859375,2025-08-13,0,0,0,0,0,0
,1412.0,1412.0,1412.0,1412.0,1412.0,2025-08-14,0,0,0,0,0,0
,1450.0,1450.0,1450.0,1450.0,1450.0,2025-08-18,0,0,0,0,0,0
,1431.0999755859375,1431.0999755859375,1431.0999755859375,1431.0999755859375,1431.0999755859375,2025-08-19,0,0,0,0,0,0
,1432.5999755859375,1432.5999755859375,1432.5999755859375,1432.5999755859375,1432.5999755859375,2025-08-20,0,0,0,0,0,0
,1440.0999755859375,1440.0999755859375,1440.0999755859375,1440.0999755859375,1440.0999755859375,2025-08-21,0,0,0,0,0,0
,1444.300048828125,1444.300048828125,1444.300048828125,1444.300048828125,1444.300048828125,2025-08-22,0,0,0,0,0,0
,1435.9000244140625,1435.9000244140625,1435.9000244140625,1435.9000244140625,1435.9000244140625,2025-08-25,0,0,0,0,0,0
,1427.9000244140625,1427.9000244140625,1427.9000244140625,1427.9000244140625,1427.9000244140625,2025-08-26,0,0,0,0,0,0
,1416.5999755859375,1416.5999755859375,1416.5999755859375,1416.5999755859375,1416.5999755859375,2025-08-27,0,0,0,0,0,0
,1408.0,1408.0,1408.0,1408.0,1408.0,2025-08-28,0,0,0,0,0,0
,1392.0999755859375,1392.0999755859375,1392.0999755859375,1392.0999755859375,1392.0999755859375,2025-08-29,0,0,0,0,0,0
,1398.0999755859375,1398.0999755859375,1398.0999755859375,1398.0999755859375,1398.0999755859375,2025-09-01,0,0,0,0,0,0
,1413.9000244140625,1413.9000244140625,1413.9000244140625,1413.9000244140625,1413.9000244140625,2025-09-02,0,0,0,0,0,0
,1389.0,1389.0,1389.0,1389.0,1389.0,2025-09-03,0,0,0,0,0,0
,1409.9000244140625,1409.9000244140625,1409.9000244140625,1409.9000244140625,1409.9000244140625,2025-09-04,0,0,0,0,0,0
,1411.0,1411.0,1411.0,1411.0,1411.0,2025-09-05,0,0,0,0,0,0
,1402.199951171875,1402.199951171875,1402.199951171875,1402.199951171875,1402.199951171875,2025-09-08,0,0,0,0,0,0
,1399.0,1399.0,1399.0,1399.0,1399.0,2025-09-09,0,0,0,0,0,0
,1410.0,1410.0,1410.0,1410.0,1410.0,2025-09-10,0,0,0,0,0,0
,1398.0,1398.0,1398.0,1398.0,1398.0,2025-09-11,0,0,0,0,0,0
,1405.0999755859375,1405.0999755859375,1405.0999755859375,1405.0999755859375,1405.0999755859375,2025-09-12,0,0,0,0,0,0
