Ticker,INFY.NS,INFY.NS,INFY.NS,INFY.NS,INFY.NS,Date,sentiment_compound,sentiment_positive,sentiment_negative,sentiment_strength,positive_ratio,negative_ratio
,1417.846763951259,1417.846763951259,1417.846763951259,1417.846763951259,1417.846763951259,2023-01-02,0,0,0,0,0,0
,1423.32528849572,1423.32528849572,1423.32528849572,1423.32528849572,1423.32528849572,2023-01-03,0,0,0,0,0,0
,1424.4020950067627,1424.4020950067627,1424.4020950067627,1424.4020950067627,1424.4020950067627,2023-01-04,0,0,0,0,0,0
,1410.2611937869729,1410.2611937869729,1410.2611937869729,1410.2611937869729,1410.2611937869729,2023-01-05,0,0,0,0,0,0
,1376.6411390689725,1376.6411390689725,1376.6411390689725,1376.6411390689725,1376.6411390689725,2023-01-06,0,0,0,0,0,0
,1356.2255576840662,1356.2255576840662,1356.2255576840662,1356.2255576840662,1356.2255576840662,2023-01-09,0,0,0,0,0,0
,1387.8791147184363,1387.8791147184363,1387.8791147184363,1387.8791147184363,1387.8791147184363,2023-01-10,0,0,0,0,0,0
,1376.6410323850362,1376.6410323850362,1376.6410323850362,1376.6410323850362,1376.6410323850362,2023-01-11,0,0,0,0,0,0
,1387.8321104596064,1387.8321104596064,1387.8321104596064,1387.8321104596064,1387.8321104596064,2023-01-12,0,0,0,0,0,0
,1389.2837450958568,1389.2837450958568,1389.2837450958568,1389.2837450958568,1389.2837450958568,2023-01-13,0,0,0,0,0,0
,1414.100850323152,1414.100850323152,1414.100850323152,1414.100850323152,1414.100850323152,2023-01-16,0,0,0,0,0,0
,1430.021162290161,1430.021162290161,1430.021162290161,1430.021162290161,1430.021162290161,2023-01-17,0,0,0,0,0,0
,1446.6439437557135,1446.6439437557135,1446.6439437557135,1446.6439437557135,1446.6439437557135,2023-01-18,0,0,0,0,0,0
,1442.102018021819,1442.102018021819,1442.102018021819,1442.102018021819,1442.102018021819,2023-01-19,0,0,0,0,0,0
,1440.3224696586608,1440.3224696586608,1440.3224696586608,1440.3224696586608,1440.3224696586608,2023-01-20,0,0,0,0,0,0
,1437.513121770026,1437.513121770026,1437.513121770026,1437.513121770026,1437.513121770026,2023-01-23,0,0,0,0,0,0
,1460.9253950530808,1460.9253950530808,1460.9253950530808,1460.9253950530808,1460.9253950530808,2023-01-24,0,0,0,0,0,0
,1448.7508449195966,1448.7508449195966,1448.7508449195966,1448.7508449195966,1448.7508449195966,2023-01-25,0,0,0,0,0,0
,1447.81455099958,1447.81455099958,1447.81455099958,1447.81455099958,1447.81455099958,2023-01-27,0,0,0,0,0,0
,1431.7069926445863,1431.7069926445863,1431.7069926445863,1431.7069926445863,1431.7069926445863,2023-01-30,0,0,0,0,0,0
,1450.5303854571384,1450.5303854571384,1450.5303854571384,1450.5303854571384,1450.5303854571384,2023-01-31,0,0,0,0,0,0
,1444.2556654298946,1444.2556654298946,1444.2556654298946,1444.2556654298946,1444.2556654298946,2023-02-01,0,0,0,0,0,0
,1453.43341554854,1453.43341554854,1453.43341554854,1453.43341554854,1453.43341554854,2023-02-02,0,0,0,0,0,0
,1496.0437650760916,1496.0437650760916,1496.0437650760916,1496.0437650760916,1496.0437650760916,2023-02-03,0,0,0,0,0,0
,1496.5118898904536,1496.5118898904536,1496.5118898904536,1496.5118898904536,1496.5118898904536,2023-02-06,0,0,0,0,0,0
,1469.3536663009922,1469.3536663009922,1469.3536663009922,1469.3536663009922,1469.3536663009922,2023-02-07,0,0,0,0,0,0
,1466.0758963821445,1466.0758963821445,1466.0758963821445,1466.0758963821445,1466.0758963821445,2023-02-08,0,0,0,0,0,0
,1494.8263681747696,1494.8263681747696,1494.8263681747696,1494.8263681747696,1494.8263681747696,2023-02-09,0,0,0,0,0,0
,1510.5124348701506,1510.5124348701506,1510.5124348701506,1510.5124348701506,1510.5124348701506,2023-02-10,0,0,0,0,0,0
,1495.575566077777,1495.575566077777,1495.575566077777,1495.575566077777,1495.575566077777,2023-02-13,0,0,0,0,0,0
,1484.0564371278406,1484.0564371278406,1484.0564371278406,1484.0564371278406,1484.0564371278406,2023-02-14,0,0,0,0,0,0
,1483.4010667556165,1483.4010667556165,1483.4010667556165,1483.4010667556165,1483.4010667556165,2023-02-15,0,0,0,0,0,0
,1498.3849499152032,1498.3849499152032,1498.3849499152032,1498.3849499152032,1498.3849499152032,2023-02-16,0,0,0,0,0,0
,1492.7659027830766,1492.7659027830766,1492.7659027830766,1492.7659027830766,1492.7659027830766,2023-02-17,0,0,0,0,0,0
,1484.2906519276423,1484.2906519276423,1484.2906519276423,1484.2906519276423,1484.2906519276423,2023-02-20,0,0,0,0,0,0
,1497.1674632827064,1497.1674632827064,1497.1674632827064,1497.1674632827064,1497.1674632827064,2023-02-21,0,0,0,0,0,0
,1463.7347048279285,1463.7347048279285,1463.7347048279285,1463.7347048279285,1463.7347048279285,2023-02-22,0,0,0,0,0,0
,1470.1496368399694,1470.1496368399694,1470.1496368399694,1470.1496368399694,1470.1496368399694,2023-02-23,0,0,0,0,0,0
,1460.9253538063083,1460.9253538063083,1460.9253538063083,1460.9253538063083,1460.9253538063083,2023-02-24,0,0,0,0,0,0
,1442.1955282782062,1442.1955282782062,1442.1955282782062,1442.1955282782062,1442.1955282782062,2023-02-27,0,0,0,0,0,0
,1419.345153317999,1419.345153317999,1419.345153317999,1419.345153317999,1419.345153317999,2023-02-28,0,0,0,0,0,0
,1397.6184079958705,1397.6184079958705,1397.6184079958705,1397.6184079958705,1397.6184079958705,2023-03-01,0,0,0,0,0,0
,1390.688544462358,1390.688544462358,1390.688544462358,1390.688544462358,1390.688544462358,2023-03-02,0,0,0,0,0,0
,1392.3272724733397,1392.3272724733397,1392.3272724733397,1392.3272724733397,1392.3272724733397,2023-03-03,0,0,0,0,0,0
,1399.6320097355872,1399.6320097355872,1399.6320097355872,1399.6320097355872,1399.6320097355872,2023-03-06,0,0,0,0,0,0
,1395.8860508113924,1395.8860508113924,1395.8860508113924,1395.8860508113924,1395.8860508113924,2023-03-08,0,0,0,0,0,0
,1400.0534774989967,1400.0534774989967,1400.0534774989967,1400.0534774989967,1400.0534774989967,2023-03-09,0,0,0,0,0,0
,1367.2763825081472,1367.2763825081472,1367.2763825081472,1367.2763825081472,1367.2763825081472,2023-03-10,0,0,0,0,0,0
,1371.209495287346,1371.209495287346,1371.209495287346,1371.209495287346,1371.209495287346,2023-03-13,0,0,0,0,0,0
,1349.4829529668243,1349.4829529668243,1349.4829529668243,1349.4829529668243,1349.4829529668243,2023-03-14,0,0,0,0,0,0
,1346.673471098705,1346.673471098705,1346.673471098705,1346.673471098705,1346.673471098705,2023-03-15,0,0,0,0,0,0
,1327.756504312592,1327.756504312592,1327.756504312592,1327.756504312592,1327.756504312592,2023-03-16,0,0,0,0,0,0
,1339.1814535260685,1339.1814535260685,1339.1814535260685,1339.1814535260685,1339.1814535260685,2023-03-17,0,0,0,0,0,0
,1329.5356098656707,1329.5356098656707,1329.5356098656707,1329.5356098656707,1329.5356098656707,2023-03-20,0,0,0,0,0,0
,1310.1503591713015,1310.1503591713015,1310.1503591713015,1310.1503591713015,1310.1503591713015,2023-03-21,0,0,0,0,0,0
,1313.896153377075,1313.896153377075,1313.896153377075,1313.896153377075,1313.896153377075,2023-03-22,0,0,0,0,0,0
,1296.0559709301872,1296.0559709301872,1296.0559709301872,1296.0559709301872,1296.0559709301872,2023-03-23,0,0,0,0,0,0
,1299.8490036281137,1299.8490036281137,1299.8490036281137,1299.8490036281137,1299.8490036281137,2023-03-24,0,0,0,0,0,0
,1298.2100465905298,1298.2100465905298,1298.2100465905298,1298.2100465905298,1298.2100465905298,2023-03-27,0,0,0,0,0,0
,1303.688488145341,1303.688488145341,1303.688488145341,1303.688488145341,1303.688488145341,2023-03-28,0,0,0,0,0,0
,1291.420562584822,1291.420562584822,1291.420562584822,1291.420562584822,1291.420562584822,2023-03-29,0,0,0,0,0,0
,1314.83281440234,1314.83281440234,1314.83281440234,1314.83281440234,1314.83281440234,2023-03-31,0,0,0,0,0,0
,1343.863950499421,1343.863950499421,1343.863950499421,1343.863950499421,1343.863950499421,2023-04-03,0,0,0,0,0,0
,1311.0867160098653,1311.0867160098653,1311.0867160098653,1311.0867160098653,1311.0867160098653,2023-04-05,0,0,0,0,0,0
,1326.0707516737557,1326.0707516737557,1326.0707516737557,1326.0707516737557,1326.0707516737557,2023-04-06,0,0,0,0,0,0
,1333.5157464016077,1333.5157464016077,1333.5157464016077,1333.5157464016077,1333.5157464016077,2023-04-10,0,0,0,0,0,0
,1338.151351122032,1338.151351122032,1338.151351122032,1338.151351122032,1338.151351122032,2023-04-11,0,0,0,0,0,0
,1323.3079968731429,1323.3079968731429,1323.3079968731429,1323.3079968731429,1323.3079968731429,2023-04-12,0,0,0,0,0,0
,1320.2175832221326,1320.2175832221326,1320.2175832221326,1320.2175832221326,1320.2175832221326,2023-04-13,0,0,0,0,0,0
,1170.8940626812932,1170.8940626812932,1170.8940626812932,1170.8940626812932,1170.8940626812932,2023-04-17,0,0,0,0,0,0
,1189.2961620139442,1189.2961620139442,1189.2961620139442,1189.2961620139442,1189.2961620139442,2023-04-18,0,0,0,0,0,0
,1174.6868919454078,1174.6868919454078,1174.6868919454078,1174.6868919454078,1174.6868919454078,2023-04-19,0,0,0,0,0,0
,1152.5389495905642,1152.5389495905642,1152.5389495905642,1152.5389495905642,1152.5389495905642,2023-04-20,0,0,0,0,0,0
,1150.1041013596518,1150.1041013596518,1150.1041013596518,1150.1041013596518,1150.1041013596518,2023-04-21,0,0,0,0,0,0
,1150.0104453082618,1150.0104453082618,1150.0104453082618,1150.0104453082618,1150.0104453082618,2023-04-24,0,0,0,0,0,0
,1148.0905462934963,1148.0905462934963,1148.0905462934963,1148.0905462934963,1148.0905462934963,2023-04-25,0,0,0,0,0,0
,1150.0103642668273,1150.0103642668273,1150.0103642668273,1150.0103642668273,1150.0103642668273,2023-04-26,0,0,0,0,0,0
,1151.883467786171,1151.883467786171,1151.883467786171,1151.883467786171,1151.883467786171,2023-04-27,0,0,0,0,0,0
,1175.9512001745147,1175.9512001745147,1175.9512001745147,1175.9512001745147,1175.9512001745147,2023-04-28,0,0,0,0,0,0
,1174.8741618938295,1174.8741618938295,1174.8741618938295,1174.8741618938295,1174.8741618938295,2023-05-02,0,0,0,0,0,0
,1185.597028992456,1185.597028992456,1185.597028992456,1185.597028992456,1185.597028992456,2023-05-03,0,0,0,0,0,0
,1188.3596544940103,1188.3596544940103,1188.3596544940103,1188.3596544940103,1188.3596544940103,2023-05-04,0,0,0,0,0,0
,1197.7714391140978,1197.7714391140978,1197.7714391140978,1197.7714391140978,1197.7714391140978,2023-05-05,0,0,0,0,0,0
,1182.2724440260474,1182.2724440260474,1182.2724440260474,1182.2724440260474,1182.2724440260474,2023-05-08,0,0,0,0,0,0
,1185.597075154084,1185.597075154084,1185.597075154084,1185.597075154084,1185.597075154084,2023-05-09,0,0,0,0,0,0
,1195.3366025408352,1195.3366025408352,1195.3366025408352,1195.3366025408352,1195.3366025408352,2023-05-10,0,0,0,0,0,0
,1189.5771703584005,1189.5771703584005,1189.5771703584005,1189.5771703584005,1189.5771703584005,2023-05-11,0,0,0,0,0,0
,1173.75058606657,1173.75058606657,1173.75058606657,1173.75058606657,1173.75058606657,2023-05-12,0,0,0,0,0,0
,1170.519683154277,1170.519683154277,1170.519683154277,1170.519683154277,1170.519683154277,2023-05-15,0,0,0,0,0,0
,1184.660746792601,1184.660746792601,1184.660746792601,1184.660746792601,1184.660746792601,2023-05-16,0,0,0,0,0,0
,1180.5400811541865,1180.5400811541865,1180.5400811541865,1180.5400811541865,1180.5400811541865,2023-05-17,0,0,0,0,0,0
,1178.666945184215,1178.666945184215,1178.666945184215,1178.666945184215,1178.666945184215,2023-05-18,0,0,0,0,0,0
,1176.278985664425,1176.278985664425,1176.278985664425,1176.278985664425,1176.278985664425,2023-05-19,0,0,0,0,0,0
,1192.1056388798058,1192.1056388798058,1192.1056388798058,1192.1056388798058,1192.1056388798058,2023-05-22,0,0,0,0,0,0
,1216.6885106968118,1216.6885106968118,1216.6885106968118,1216.6885106968118,1216.6885106968118,2023-05-23,0,0,0,0,0,0
,1213.9727320099048,1213.9727320099048,1213.9727320099048,1213.9727320099048,1213.9727320099048,2023-05-24,0,0,0,0,0,0
,1212.287065188552,1212.287065188552,1212.287065188552,1212.287065188552,1212.287065188552,2023-05-25,0,0,0,0,0,0
,1223.0567689748948,1223.0567689748948,1223.0567689748948,1223.0567689748948,1223.0567689748948,2023-05-26,0,0,0,0,0,0
,1248.0609264704428,1248.0609264704428,1248.0609264704428,1248.0609264704428,1248.0609264704428,2023-05-29,0,0,0,0,0,0
,1231.4851522534068,1231.4851522534068,1231.4851522534068,1231.4851522534068,1231.4851522534068,2023-05-30,0,0,0,0,0,0
,1236.027053313222,1236.027053313222,1236.027053313222,1236.027053313222,1236.027053313222,2023-05-31,0,0,0,0,0,0
,1238.5555605113211,1238.5555605113211,1238.5555605113211,1238.5555605113211,1238.5555605113211,2023-06-01,0,0,0,0,0,0
,1242.3429517033835,1242.3429517033835,1242.3429517033835,1242.3429517033835,1242.3429517033835,2023-06-02,0,0,0,0,0,0
,1237.59760459587,1237.59760459587,1237.59760459587,1237.59760459587,1237.59760459587,2023-06-05,0,0,0,0,0,0
,1222.981729923001,1222.981729923001,1222.981729923001,1222.981729923001,1222.981729923001,2023-06-06,0,0,0,0,0,0
,1224.784959775844,1224.784959775844,1224.784959775844,1224.784959775844,1224.784959775844,2023-06-07,0,0,0,0,0,0
,1220.7039450186055,1220.7039450186055,1220.7039450186055,1220.7039450186055,1220.7039450186055,2023-06-08,0,0,0,0,0,0
,1217.1922691627592,1217.1922691627592,1217.1922691627592,1217.1922691627592,1217.1922691627592,2023-06-09,0,0,0,0,0,0
,1208.6505717685027,1208.6505717685027,1208.6505717685027,1208.6505717685027,1208.6505717685027,2023-06-12,0,0,0,0,0,0
,1233.7064075273615,1233.7064075273615,1233.7064075273615,1233.7064075273615,1233.7064075273615,2023-06-13,0,0,0,0,0,0
,1239.8277526637962,1239.8277526637962,1239.8277526637962,1239.8277526637962,1239.8277526637962,2023-06-14,0,0,0,0,0,0
,1228.0592515206731,1228.0592515206731,1228.0592515206731,1228.0592515206731,1228.0592515206731,2023-06-15,0,0,0,0,0,0
,1221.4632295382082,1221.4632295382082,1221.4632295382082,1221.4632295382082,1221.4632295382082,2023-06-16,0,0,0,0,0,0
,1228.1068115234375,1228.1068115234375,1228.1068115234375,1228.1068115234375,1228.1068115234375,2023-06-19,0,0,0,0,0,0
,1228.1067213313888,1228.1067213313888,1228.1067213313888,1228.1067213313888,1228.1067213313888,2023-06-20,0,0,0,0,0,0
,1233.7536276051042,1233.7536276051042,1233.7536276051042,1233.7536276051042,1233.7536276051042,2023-06-21,0,0,0,0,0,0
,1223.741009475692,1223.741009475692,1223.741009475692,1223.741009475692,1223.741009475692,2023-06-22,0,0,0,0,0,0
,1211.4503912779653,1211.4503912779653,1211.4503912779653,1211.4503912779653,1211.4503912779653,2023-06-23,0,0,0,0,0,0
,1205.5661261290436,1205.5661261290436,1205.5661261290436,1205.5661261290436,1205.5661261290436,2023-06-26,0,0,0,0,0,0
,1214.819510293023,1214.819510293023,1214.819510293023,1214.819510293023,1214.819510293023,2023-06-27,0,0,0,0,0,0
,1224.3104803974434,1224.3104803974434,1224.3104803974434,1224.3104803974434,1224.3104803974434,2023-06-28,0,0,0,0,0,0
,1241.5836573675615,1241.5836573675615,1241.5836573675615,1241.5836573675615,1241.5836573675615,2023-06-30,0,0,0,0,0,0
,1262.2734926096066,1262.2734926096066,1262.2734926096066,1262.2734926096066,1262.2734926096066,2023-07-03,0,0,0,0,0,0
,1275.8454066036068,1275.8454066036068,1275.8454066036068,1275.8454066036068,1275.8454066036068,2023-07-04,0,0,0,0,0,0
,1288.7053287056738,1288.7053287056738,1288.7053287056738,1288.7053287056738,1288.7053287056738,2023-07-05,0,0,0,0,0,0
,1274.184466363292,1274.184466363292,1274.184466363292,1274.184466363292,1274.184466363292,2023-07-06,0,0,0,0,0,0
,1266.069921275566,1266.069921275566,1266.069921275566,1266.069921275566,1266.069921275566,2023-07-07,0,0,0,0,0,0
,1268.489995854001,1268.489995854001,1268.489995854001,1268.489995854001,1268.489995854001,2023-07-10,0,0,0,0,0,0
,1265.5478387081876,1265.5478387081876,1265.5478387081876,1265.5478387081876,1265.5478387081876,2023-07-11,0,0,0,0,0,0
,1282.204025143206,1282.204025143206,1282.204025143206,1282.204025143206,1282.204025143206,2023-07-12,0,0,0,0,0,0
,1266.9240762093295,1266.9240762093295,1266.9240762093295,1266.9240762093295,1266.9240762093295,2023-07-13,0,0,0,0,0,0
,1310.344366986501,1310.344366986501,1310.344366986501,1310.344366986501,1310.344366986501,2023-07-14,0,0,0,0,0,0
,1353.3373455004703,1353.3373455004703,1353.3373455004703,1353.3373455004703,1353.3373455004703,2023-07-17,0,0,0,0,0,0
,1360.9777476537129,1360.9777476537129,1360.9777476537129,1360.9777476537129,1360.9777476537129,2023-07-18,0,0,0,0,0,0
,1410.3296414156002,1410.3296414156002,1410.3296414156002,1410.3296414156002,1410.3296414156002,2023-07-19,0,0,0,0,0,0
,1396.0935284291188,1396.0935284291188,1396.0935284291188,1396.0935284291188,1396.0935284291188,2023-07-20,0,0,0,0,0,0
,1252.9724819521573,1252.9724819521573,1252.9724819521573,1252.9724819521573,1252.9724819521573,2023-07-21,0,0,0,0,0,0
,1272.713318970938,1272.713318970938,1272.713318970938,1272.713318970938,1272.713318970938,2023-07-24,0,0,0,0,0,0
,1268.9170922496144,1268.9170922496144,1268.9170922496144,1268.9170922496144,1268.9170922496144,2023-07-25,0,0,0,0,0,0
,1274.6113706889523,1274.6113706889523,1274.6113706889523,1274.6113706889523,1274.6113706889523,2023-07-26,0,0,0,0,0,0
,1289.4171790586518,1289.4171790586518,1289.4171790586518,1289.4171790586518,1289.4171790586518,2023-07-27,0,0,0,0,0,0
,1284.9090580635998,1284.9090580635998,1284.9090580635998,1284.9090580635998,1284.9090580635998,2023-07-28,0,0,0,0,0,0
,1280.0687502059716,1280.0687502059716,1280.0687502059716,1280.0687502059716,1280.0687502059716,2023-07-31,0,0,0,0,0,0
,1292.644149289172,1292.644149289172,1292.644149289172,1292.644149289172,1292.644149289172,2023-08-01,0,0,0,0,0,0
,1299.572314037208,1299.572314037208,1299.572314037208,1299.572314037208,1299.572314037208,2023-08-02,0,0,0,0,0,0
,1281.2550452536098,1281.2550452536098,1281.2550452536098,1281.2550452536098,1281.2550452536098,2023-08-03,0,0,0,0,0,0
,1299.192637985444,1299.192637985444,1299.192637985444,1299.192637985444,1299.192637985444,2023-08-04,0,0,0,0,0,0
,1317.2252775029856,1317.2252775029856,1317.2252775029856,1317.2252775029856,1317.2252775029856,2023-08-07,0,0,0,0,0,0
,1321.9230384162722,1321.9230384162722,1321.9230384162722,1321.9230384162722,1321.9230384162722,2023-08-08,0,0,0,0,0,0
,1313.523732318999,1313.523732318999,1313.523732318999,1313.523732318999,1313.523732318999,2023-08-09,0,0,0,0,0,0
,1320.7365859986046,1320.7365859986046,1320.7365859986046,1320.7365859986046,1320.7365859986046,2023-08-10,0,0,0,0,0,0
,1321.1163735813448,1321.1163735813448,1321.1163735813448,1321.1163735813448,1321.1163735813448,2023-08-11,0,0,0,0,0,0
,1301.9924649304628,1301.9924649304628,1301.9924649304628,1301.9924649304628,1301.9924649304628,2023-08-14,0,0,0,0,0,0
,1338.9591144663077,1338.9591144663077,1338.9591144663077,1338.9591144663077,1338.9591144663077,2023-08-16,0,0,0,0,0,0
,1347.6905600057007,1347.6905600057007,1347.6905600057007,1347.6905600057007,1347.6905600057007,2023-08-17,0,0,0,0,0,0
,1332.2205127839168,1332.2205127839168,1332.2205127839168,1332.2205127839168,1332.2205127839168,2023-08-18,0,0,0,0,0,0
,1318.9810141103517,1318.9810141103517,1318.9810141103517,1318.9810141103517,1318.9810141103517,2023-08-21,0,0,0,0,0,0
,1333.1696440453838,1333.1696440453838,1333.1696440453838,1333.1696440453838,1333.1696440453838,2023-08-22,0,0,0,0,0,0
,1343.894273641083,1343.894273641083,1343.894273641083,1343.894273641083,1343.894273641083,2023-08-23,0,0,0,0,0,0
,1349.1141374590973,1349.1141374590973,1349.1141374590973,1349.1141374590973,1349.1141374590973,2023-08-24,0,0,0,0,0,0
,1341.046970982577,1341.046970982577,1341.046970982577,1341.046970982577,1341.046970982577,2023-08-25,0,0,0,0,0,0
,1347.7854840441626,1347.7854840441626,1347.7854840441626,1347.7854840441626,1347.7854840441626,2023-08-28,0,0,0,0,0,0
,1351.4868261107931,1351.4868261107931,1351.4868261107931,1351.4868261107931,1351.4868261107931,2023-08-29,0,0,0,0,0,0
,1354.3340841928325,1354.3340841928325,1354.3340841928325,1354.3340841928325,1354.3340841928325,2023-08-30,0,0,0,0,0,0
,1362.0689838770345,1362.0689838770345,1362.0689838770345,1362.0689838770345,1362.0689838770345,2023-08-31,0,0,0,0,0,0
,1358.0828012171462,1358.0828012171462,1358.0828012171462,1358.0828012171462,1358.0828012171462,2023-09-01,0,0,0,0,0,0
,1369.5192997491522,1369.5192997491522,1369.5192997491522,1369.5192997491522,1369.5192997491522,2023-09-04,0,0,0,0,0,0
,1390.3991028092184,1390.3991028092184,1390.3991028092184,1390.3991028092184,1390.3991028092184,2023-09-05,0,0,0,0,0,0
,1406.4384315927011,1406.4384315927011,1406.4384315927011,1406.4384315927011,1406.4384315927011,2023-09-06,0,0,0,0,0,0
,1395.7138073410729,1395.7138073410729,1395.7138073410729,1395.7138073410729,1395.7138073410729,2023-09-07,0,0,0,0,0,0
,1388.9755404182238,1388.9755404182238,1388.9755404182238,1388.9755404182238,1388.9755404182238,2023-09-08,0,0,0,0,0,0
,1394.764952400206,1394.764952400206,1394.764952400206,1394.764952400206,1394.764952400206,2023-09-11,0,0,0,0,0,0
,1407.007820843618,1407.007820843618,1407.007820843618,1407.007820843618,1407.007820843618,2023-09-12,0,0,0,0,0,0
,1428.3621721582897,1428.3621721582897,1428.3621721582897,1428.3621721582897,1428.3621721582897,2023-09-13,0,0,0,0,0,0
,1428.3622350674373,1428.3622350674373,1428.3622350674373,1428.3622350674373,1428.3622350674373,2023-09-14,0,0,0,0,0,0
,1440.7002202288666,1440.7002202288666,1440.7002202288666,1440.7002202288666,1440.7002202288666,2023-09-15,0,0,0,0,0,0
,1428.267370107953,1428.267370107953,1428.267370107953,1428.267370107953,1428.267370107953,2023-09-18,0,0,0,0,0,0
,1401.028690971678,1401.028690971678,1401.028690971678,1401.028690971678,1401.028690971678,2023-09-20,0,0,0,0,0,0
,1410.8516516546968,1410.8516516546968,1410.8516516546968,1410.8516516546968,1410.8516516546968,2023-09-21,0,0,0,0,0,0
,1415.9291879191353,1415.9291879191353,1415.9291879191353,1415.9291879191353,1415.9291879191353,2023-09-22,0,0,0,0,0,0
,1413.9836057236516,1413.9836057236516,1413.9836057236516,1413.9836057236516,1413.9836057236516,2023-09-25,0,0,0,0,0,0
,1403.8284470627452,1403.8284470627452,1403.8284470627452,1403.8284470627452,1403.8284470627452,2023-09-26,0,0,0,0,0,0
,1381.857384596541,1381.857384596541,1381.857384596541,1381.857384596541,1381.857384596541,2023-09-27,0,0,0,0,0,0
,1393.151233477107,1393.151233477107,1393.151233477107,1393.151233477107,1393.151233477107,2023-09-28,0,0,0,0,0,0
,1359.174250338779,1359.174250338779,1359.174250338779,1359.174250338779,1359.174250338779,2023-09-29,0,0,0,0,0,0
,1362.9233171016476,1362.9233171016476,1362.9233171016476,1362.9233171016476,1362.9233171016476,2023-10-03,0,0,0,0,0,0
,1352.4359043163458,1352.4359043163458,1352.4359043163458,1352.4359043163458,1352.4359043163458,2023-10-04,0,0,0,0,0,0
,1378.0610831205893,1378.0610831205893,1378.0610831205893,1378.0610831205893,1378.0610831205893,2023-10-05,0,0,0,0,0,0
,1394.6698973295106,1394.6698973295106,1394.6698973295106,1394.6698973295106,1394.6698973295106,2023-10-06,0,0,0,0,0,0
,1390.3040713351108,1390.3040713351108,1390.3040713351108,1390.3040713351108,1390.3040713351108,2023-10-09,0,0,0,0,0,0
,1408.3365468053269,1408.3365468053269,1408.3365468053269,1408.3365468053269,1408.3365468053269,2023-10-10,0,0,0,0,0,0
,1420.769458978731,1420.769458978731,1420.769458978731,1420.769458978731,1420.769458978731,2023-10-11,0,0,0,0,0,0
,1415.929336863313,1415.929336863313,1415.929336863313,1415.929336863313,1415.929336863313,2023-10-12,0,0,0,0,0,0
,1333.4542976485548,1333.4542976485548,1333.4542976485548,1333.4542976485548,1333.4542976485548,2023-10-13,0,0,0,0,0,0
,1359.1743392210635,1359.1743392210635,1359.1743392210635,1359.1743392210635,1359.1743392210635,2023-10-16,0,0,0,0,0,0
,1366.909389500319,1366.909389500319,1366.909389500319,1366.909389500319,1366.909389500319,2023-10-17,0,0,0,0,0,0
,1368.5702082859857,1368.5702082859857,1368.5702082859857,1368.5702082859857,1368.5702082859857,2023-10-18,0,0,0,0,0,0
,1353.479923571707,1353.479923571707,1353.479923571707,1353.479923571707,1353.479923571707,2023-10-19,0,0,0,0,0,0
,1357.1813753161127,1357.1813753161127,1357.1813753161127,1357.1813753161127,1357.1813753161127,2023-10-20,0,0,0,0,0,0
,1353.0054028291024,1353.0054028291024,1353.0054028291024,1353.0054028291024,1353.0054028291024,2023-10-23,0,0,0,0,0,0
,1344.9457697053938,1344.9457697053938,1344.9457697053938,1344.9457697053938,1344.9457697053938,2023-10-25,0,0,0,0,0,0
,1302.6940498987915,1302.6940498987915,1302.6940498987915,1302.6940498987915,1302.6940498987915,2023-10-26,0,0,0,0,0,0
,1310.9617753926811,1310.9617753926811,1310.9617753926811,1310.9617753926811,1310.9617753926811,2023-10-27,0,0,0,0,0,0
,1327.0165416619768,1327.0165416619768,1327.0165416619768,1327.0165416619768,1327.0165416619768,2023-10-30,0,0,0,0,0,0
,1326.6317393233992,1326.6317393233992,1326.6317393233992,1326.6317393233992,1326.6317393233992,2023-10-31,0,0,0,0,0,0
,1319.9985056410244,1319.9985056410244,1319.9985056410244,1319.9985056410244,1319.9985056410244,2023-11-01,0,0,0,0,0,0
,1317.066221417181,1317.066221417181,1317.066221417181,1317.066221417181,1317.066221417181,2023-11-02,0,0,0,0,0,0
,1326.7281102555007,1326.7281102555007,1326.7281102555007,1326.7281102555007,1326.7281102555007,2023-11-03,0,0,0,0,0,0
,1340.0430044149878,1340.0430044149878,1340.0430044149878,1340.0430044149878,1340.0430044149878,2023-11-06,0,0,0,0,0,0
,1345.9072328244042,1345.9072328244042,1345.9072328244042,1345.9072328244042,1345.9072328244042,2023-11-07,0,0,0,0,0,0
,1350.713954242676,1350.713954242676,1350.713954242676,1350.713954242676,1350.713954242676,2023-11-08,0,0,0,0,0,0
,1341.9656288206843,1341.9656288206843,1341.9656288206843,1341.9656288206843,1341.9656288206843,2023-11-09,0,0,0,0,0,0
,1317.0181683643543,1317.0181683643543,1317.0181683643543,1317.0181683643543,1317.0181683643543,2023-11-10,0,0,0,0,0,0
,1326.5356375583356,1326.5356375583356,1326.5356375583356,1326.5356375583356,1326.5356375583356,2023-11-13,0,0,0,0,0,0
,1344.945798877282,1344.945798877282,1344.945798877282,1344.945798877282,1344.945798877282,2023-11-15,0,0,0,0,0,0
,1361.3851069731406,1361.3851069731406,1361.3851069731406,1361.3851069731406,1361.3851069731406,2023-11-16,0,0,0,0,0,0
,1385.371115526934,1385.371115526934,1385.371115526934,1385.371115526934,1385.371115526934,2023-11-17,0,0,0,0,0,0
,1386.2843973217946,1386.2843973217946,1386.2843973217946,1386.2843973217946,1386.2843973217946,2023-11-20,0,0,0,0,0,0
,1386.2844776103195,1386.2844776103195,1386.2844776103195,1386.2844776103195,1386.2844776103195,2023-11-21,0,0,0,0,0,0
,1380.7084795916498,1380.7084795916498,1380.7084795916498,1380.7084795916498,1380.7084795916498,2023-11-22,0,0,0,0,0,0
,1411.1837023014712,1411.1837023014712,1411.1837023014712,1411.1837023014712,1411.1837023014712,2023-11-23,0,0,0,0,0,0
,1389.6973087712938,1389.6973087712938,1389.6973087712938,1389.6973087712938,1389.6973087712938,2023-11-24,0,0,0,0,0,0
,1388.2070932609774,1388.2070932609774,1388.2070932609774,1388.2070932609774,1388.2070932609774,2023-11-28,0,0,0,0,0,0
,1395.032766408813,1395.032766408813,1395.032766408813,1395.032766408813,1395.032766408813,2023-11-29,0,0,0,0,0,0
,1397.0996578273105,1397.0996578273105,1397.0996578273105,1397.0996578273105,1397.0996578273105,2023-11-30,0,0,0,0,0,0
,1403.492730780569,1403.492730780569,1403.492730780569,1403.492730780569,1403.492730780569,2023-12-01,0,0,0,0,0,0
,1404.0214158015517,1404.0214158015517,1404.0214158015517,1404.0214158015517,1404.0214158015517,2023-12-04,0,0,0,0,0,0
,1409.16481944382,1409.16481944382,1409.16481944382,1409.16481944382,1409.16481944382,2023-12-05,0,0,0,0,0,0
,1400.4644711895692,1400.4644711895692,1400.4644711895692,1400.4644711895692,1400.4644711895692,2023-12-06,0,0,0,0,0,0
,1415.942284567455,1415.942284567455,1415.942284567455,1415.942284567455,1415.942284567455,2023-12-07,0,0,0,0,0,0
,1413.5870125267115,1413.5870125267115,1413.5870125267115,1413.5870125267115,1413.5870125267115,2023-12-08,0,0,0,0,0,0
,1432.4297142349155,1432.4297142349155,1432.4297142349155,1432.4297142349155,1432.4297142349155,2023-12-11,0,0,0,0,0,0
,1420.412727151834,1420.412727151834,1420.412727151834,1420.412727151834,1420.412727151834,2023-12-12,0,0,0,0,0,0
,1418.9706970593943,1418.9706970593943,1418.9706970593943,1418.9706970593943,1418.9706970593943,2023-12-13,0,0,0,0,0,0
,1406.857612838719,1406.857612838719,1406.857612838719,1406.857612838719,1406.857612838719,2023-12-14,0,0,0,0,0,0
,1464.202808005046,1464.202808005046,1464.202808005046,1464.202808005046,1464.202808005046,2023-12-15,0,0,0,0,0,0
,1507.367985333549,1507.367985333549,1507.367985333549,1507.367985333549,1507.367985333549,2023-12-18,0,0,0,0,0,0
,1509.4349472873578,1509.4349472873578,1509.4349472873578,1509.4349472873578,1509.4349472873578,2023-12-19,0,0,0,0,0,0
,1504.580163639275,1504.580163639275,1504.580163639275,1504.580163639275,1504.580163639275,2023-12-20,0,0,0,0,0,0
,1462.4723721543946,1462.4723721543946,1462.4723721543946,1462.4723721543946,1462.4723721543946,2023-12-21,0,0,0,0,0,0
,1475.6430365128183,1475.6430365128183,1475.6430365128183,1475.6430365128183,1475.6430365128183,2023-12-22,0,0,0,0,0,0
,1475.691142373228,1475.691142373228,1475.691142373228,1475.691142373228,1475.691142373228,2023-12-26,0,0,0,0,0,0
,1484.343336410472,1484.343336410472,1484.343336410472,1484.343336410472,1484.343336410472,2023-12-27,0,0,0,0,0,0
,1508.3294618111136,1508.3294618111136,1508.3294618111136,1508.3294618111136,1508.3294618111136,2023-12-28,0,0,0,0,0,0
,1481.5075138445177,1481.5075138445177,1481.5075138445177,1481.5075138445177,1481.5075138445177,2023-12-29,0,0,0,0,0,0
,1479.5366225500268,1479.5366225500268,1479.5366225500268,1479.5366225500268,1479.5366225500268,2024-01-01,0,0,0,0,0,0
,1486.2661594193387,1486.2661594193387,1486.2661594193387,1486.2661594193387,1486.2661594193387,2024-01-02,0,0,0,0,0,0
,1461.222563163446,1461.222563163446,1461.222563163446,1461.222563163446,1461.222563163446,2024-01-03,0,0,0,0,0,0
,1446.8021278177912,1446.8021278177912,1446.8021278177912,1446.8021278177912,1446.8021278177912,2024-01-04,0,0,0,0,0,0
,1448.532621558546,1448.532621558546,1448.532621558546,1448.532621558546,1448.532621558546,2024-01-05,0,0,0,0,0,0
,1469.8748085428847,1469.8748085428847,1469.8748085428847,1469.8748085428847,1469.8748085428847,2024-01-08,0,0,0,0,0,0
,1482.3245674013035,1482.3245674013035,1482.3245674013035,1482.3245674013035,1482.3245674013035,2024-01-09,0,0,0,0,0,0
,1466.029369674196,1466.029369674196,1466.029369674196,1466.029369674196,1466.029369674196,2024-01-10,0,0,0,0,0,0
,1465.981298307394,1465.981298307394,1465.981298307394,1465.981298307394,1465.981298307394,2024-01-11,0,0,0,0,0,0
,1501.647876177143,1501.647876177143,1501.647876177143,1501.647876177143,1501.647876177143,2024-01-12,0,0,0,0,0,0
,1581.3929593220355,1581.3929593220355,1581.3929593220355,1581.3929593220355,1581.3929593220355,2024-01-15,0,0,0,0,0,0
,1581.248669882489,1581.248669882489,1581.248669882489,1581.248669882489,1581.248669882489,2024-01-16,0,0,0,0,0,0
,1557.6472848471606,1557.6472848471606,1557.6472848471606,1557.6472848471606,1557.6472848471606,2024-01-17,0,0,0,0,0,0
,1579.1817820479896,1579.1817820479896,1579.1817820479896,1579.1817820479896,1579.1817820479896,2024-01-18,0,0,0,0,0,0
,1587.7859551289723,1587.7859551289723,1587.7859551289723,1587.7859551289723,1587.7859551289723,2024-01-19,0,0,0,0,0,0
,1586.343832786963,1586.343832786963,1586.343832786963,1586.343832786963,1586.343832786963,2024-01-23,0,0,0,0,0,0
,1595.765266547254,1595.765266547254,1595.765266547254,1595.765266547254,1595.765266547254,2024-01-24,0,0,0,0,0,0
,1608.311084831157,1608.311084831157,1608.311084831157,1608.311084831157,1608.311084831157,2024-01-25,0,0,0,0,0,0
,1600.8124680993892,1600.8124680993892,1600.8124680993892,1600.8124680993892,1600.8124680993892,2024-01-29,0,0,0,0,0,0
,1598.2167089344066,1598.2167089344066,1598.2167089344066,1598.2167089344066,1598.2167089344066,2024-01-30,0,0,0,0,0,0
,1584.5654278748498,1584.5654278748498,1584.5654278748498,1584.5654278748498,1584.5654278748498,2024-01-31,0,0,0,0,0,0
,1595.4289185456998,1595.4289185456998,1595.4289185456998,1595.4289185456998,1595.4289185456998,2024-02-01,0,0,0,0,0,0
,1601.6777307925615,1601.6777307925615,1601.6777307925615,1601.6777307925615,1601.6777307925615,2024-02-02,0,0,0,0,0,0
,1629.2687080609385,1629.2687080609385,1629.2687080609385,1629.2687080609385,1629.2687080609385,2024-02-05,0,0,0,0,0,0
,1621.5779267866085,1621.5779267866085,1621.5779267866085,1621.5779267866085,1621.5779267866085,2024-02-06,0,0,0,0,0,0
,1662.195269041167,1662.195269041167,1662.195269041167,1662.195269041167,1662.195269041167,2024-02-07,0,0,0,0,0,0
,1632.393130184841,1632.393130184841,1632.393130184841,1632.393130184841,1632.393130184841,2024-02-08,0,0,0,0,0,0
,1619.606985174379,1619.606985174379,1619.606985174379,1619.606985174379,1619.606985174379,2024-02-09,0,0,0,0,0,0
,1605.811531809379,1605.811531809379,1605.811531809379,1605.811531809379,1605.811531809379,2024-02-12,0,0,0,0,0,0
,1617.9727321357634,1617.9727321357634,1617.9727321357634,1617.9727321357634,1617.9727321357634,2024-02-13,0,0,0,0,0,0
,1596.0536036876997,1596.0536036876997,1596.0536036876997,1596.0536036876997,1596.0536036876997,2024-02-14,0,0,0,0,0,0
,1612.204620896798,1612.204620896798,1612.204620896798,1612.204620896798,1612.204620896798,2024-02-15,0,0,0,0,0,0
,1623.740843650647,1623.740843650647,1623.740843650647,1623.740843650647,1623.740843650647,2024-02-16,0,0,0,0,0,0
,1639.1228360213818,1639.1228360213818,1639.1228360213818,1639.1228360213818,1639.1228360213818,2024-02-19,0,0,0,0,0,0
,1619.8954016234609,1619.8954016234609,1619.8954016234609,1619.8954016234609,1619.8954016234609,2024-02-20,0,0,0,0,0,0
,1609.320461197266,1609.320461197266,1609.320461197266,1609.320461197266,1609.320461197266,2024-02-21,0,0,0,0,0,0
,1600.6682245239977,1600.6682245239977,1600.6682245239977,1600.6682245239977,1600.6682245239977,2024-02-22,0,0,0,0,0,0
,1631.4317759907635,1631.4317759907635,1631.4317759907635,1631.4317759907635,1631.4317759907635,2024-02-23,0,0,0,0,0,0
,1610.2338297480162,1610.2338297480162,1610.2338297480162,1610.2338297480162,1610.2338297480162,2024-02-26,0,0,0,0,0,0
,1596.8227471676216,1596.8227471676216,1596.8227471676216,1596.8227471676216,1596.8227471676216,2024-02-27,0,0,0,0,0,0
,1605.4750549270757,1605.4750549270757,1605.4750549270757,1605.4750549270757,1605.4750549270757,2024-02-28,0,0,0,0,0,0
,1600.6682173585164,1600.6682173585164,1600.6682173585164,1600.6682173585164,1600.6682173585164,2024-02-29,0,0,0,0,0,0
,1604.5136407879363,1604.5136407879363,1604.5136407879363,1604.5136407879363,1604.5136407879363,2024-03-01,0,0,0,0,0,0
,1593.7945386888434,1593.7945386888434,1593.7945386888434,1593.7945386888434,1593.7945386888434,2024-03-04,0,0,0,0,0,0
,1570.8660530401396,1570.8660530401396,1570.8660530401396,1570.8660530401396,1570.8660530401396,2024-03-05,0,0,0,0,0,0
,1540.8714208560284,1540.8714208560284,1540.8714208560284,1540.8714208560284,1540.8714208560284,2024-03-06,0,0,0,0,0,0
,1554.138246368188,1554.138246368188,1554.138246368188,1554.138246368188,1554.138246368188,2024-03-07,0,0,0,0,0,0
,1546.0148020133513,1546.0148020133513,1546.0148020133513,1546.0148020133513,1546.0148020133513,2024-03-11,0,0,0,0,0,0
,1538.179677636585,1538.179677636585,1538.179677636585,1538.179677636585,1538.179677636585,2024-03-12,0,0,0,0,0,0
,1550.5813257217428,1550.5813257217428,1550.5813257217428,1550.5813257217428,1550.5813257217428,2024-03-13,0,0,0,0,0,0
,1552.023391506724,1552.023391506724,1552.023391506724,1552.023391506724,1552.023391506724,2024-03-14,0,0,0,0,0,0
,1577.6916155196643,1577.6916155196643,1577.6916155196643,1577.6916155196643,1577.6916155196643,2024-03-15,0,0,0,0,0,0
,1567.0205300379491,1567.0205300379491,1567.0205300379491,1567.0205300379491,1567.0205300379491,2024-03-18,0,0,0,0,0,0
,1530.8252596452844,1530.8252596452844,1530.8252596452844,1530.8252596452844,1530.8252596452844,2024-03-19,0,0,0,0,0,0
,1502.6092525994748,1502.6092525994748,1502.6092525994748,1502.6092525994748,1502.6092525994748,2024-03-20,0,0,0,0,0,0
,1503.570598916372,1503.570598916372,1503.570598916372,1503.570598916372,1503.570598916372,2024-03-21,0,0,0,0,0,0
,1462.232089335552,1462.232089335552,1462.232089335552,1462.232089335552,1462.232089335552,2024-03-22,0,0,0,0,0,0
,1434.3525080454035,1434.3525080454035,1434.3525080454035,1434.3525080454035,1434.3525080454035,2024-03-26,0,0,0,0,0,0
,1438.197908651736,1438.197908651736,1438.197908651736,1438.197908651736,1438.197908651736,2024-03-27,0,0,0,0,0,0
,1429.6899508266822,1429.6899508266822,1429.6899508266822,1429.6899508266822,1429.6899508266822,2024-03-28,0,0,0,0,0,0
,1466.0774920604706,1466.0774920604706,1466.0774920604706,1466.0774920604706,1466.0774920604706,2024-04-01,0,0,0,0,0,0
,1427.4787548291838,1427.4787548291838,1427.4787548291838,1427.4787548291838,1427.4787548291838,2024-04-02,0,0,0,0,0,0
,1421.854768854572,1421.854768854572,1421.854768854572,1421.854768854572,1421.854768854572,2024-04-03,0,0,0,0,0,0
,1432.9585406732908,1432.9585406732908,1432.9585406732908,1432.9585406732908,1432.9585406732908,2024-04-04,0,0,0,0,0,0
,1422.8642923144866,1422.8642923144866,1422.8642923144866,1422.8642923144866,1422.8642923144866,2024-04-05,0,0,0,0,0,0
,1425.70030625456,1425.70030625456,1425.70030625456,1425.70030625456,1425.70030625456,2024-04-08,0,0,0,0,0,0
,1432.42982355354,1432.42982355354,1432.42982355354,1432.42982355354,1432.42982355354,2024-04-09,0,0,0,0,0,0
,1442.3798315379402,1442.3798315379402,1442.3798315379402,1442.3798315379402,1442.3798315379402,2024-04-10,0,0,0,0,0,0
,1445.888914905708,1445.888914905708,1445.888914905708,1445.888914905708,1445.888914905708,2024-04-12,0,0,0,0,0,0
,1422.8161919534118,1422.8161919534118,1422.8161919534118,1422.8161919534118,1422.8161919534118,2024-04-15,0,0,0,0,0,0
,1394.9366663519509,1394.9366663519509,1394.9366663519509,1394.9366663519509,1394.9366663519509,2024-04-16,0,0,0,0,0,0
,1366.1919489429413,1366.1919489429413,1366.1919489429413,1366.1919489429413,1366.1919489429413,2024-04-18,0,0,0,0,0,0
,1331.4867740222269,1331.4867740222269,1331.4867740222269,1331.4867740222269,1331.4867740222269,2024-04-19,0,0,0,0,0,0
,1365.0383635258054,1365.0383635258054,1365.0383635258054,1365.0383635258054,1365.0383635258054,2024-04-22,0,0,0,0,0,0
,1387.2457391969172,1387.2457391969172,1387.2457391969172,1387.2457391969172,1387.2457391969172,2024-04-23,0,0,0,0,0,0
,1388.4956223694112,1388.4956223694112,1388.4956223694112,1388.4956223694112,1388.4956223694112,2024-04-24,0,0,0,0,0,0
,1365.1344941717352,1365.1344941717352,1365.1344941717352,1365.1344941717352,1365.1344941717352,2024-04-25,0,0,0,0,0,0
,1384.073229940324,1384.073229940324,1384.073229940324,1384.073229940324,1384.073229940324,2024-04-26,0,0,0,0,0,0
,1374.6999891627063,1374.6999891627063,1374.6999891627063,1374.6999891627063,1374.6999891627063,2024-04-29,0,0,0,0,0,0
,1379.2663901299095,1379.2663901299095,1379.2663901299095,1379.2663901299095,1379.2663901299095,2024-04-30,0,0,0,0,0,0
,1358.4048997624443,1358.4048997624443,1358.4048997624443,1358.4048997624443,1358.4048997624443,2024-05-02,0,0,0,0,0,0
,1367.1532231788374,1367.1532231788374,1367.1532231788374,1367.1532231788374,1367.1532231788374,2024-05-03,0,0,0,0,0,0
,1365.1345791142571,1365.1345791142571,1365.1345791142571,1365.1345791142571,1365.1345791142571,2024-05-06,0,0,0,0,0,0
,1369.8931061755525,1369.8931061755525,1369.8931061755525,1369.8931061755525,1369.8931061755525,2024-05-07,0,0,0,0,0,0
,1379.795249208848,1379.795249208848,1379.795249208848,1379.795249208848,1379.795249208848,2024-05-08,0,0,0,0,0,0
,1372.3927301216006,1372.3927301216006,1372.3927301216006,1372.3927301216006,1372.3927301216006,2024-05-09,0,0,0,0,0,0
,1379.6029430765502,1379.6029430765502,1379.6029430765502,1379.6029430765502,1379.6029430765502,2024-05-10,0,0,0,0,0,0
,1369.9413304391032,1369.9413304391032,1369.9413304391032,1369.9413304391032,1369.9413304391032,2024-05-13,0,0,0,0,0,0
,1371.287218365655,1371.287218365655,1371.287218365655,1371.287218365655,1371.287218365655,2024-05-14,0,0,0,0,0,0
,1370.9027149566334,1370.9027149566334,1370.9027149566334,1370.9027149566334,1370.9027149566334,2024-05-15,0,0,0,0,0,0
,1378.545470125184,1378.545470125184,1378.545470125184,1378.545470125184,1378.545470125184,2024-05-16,0,0,0,0,0,0
,1400.7049827810124,1400.7049827810124,1400.7049827810124,1400.7049827810124,1400.7049827810124,2024-05-17,0,0,0,0,0,0
,1374.7481158749963,1374.7481158749963,1374.7481158749963,1374.7481158749963,1374.7481158749963,2024-05-21,0,0,0,0,0,0
,1373.5463102764102,1373.5463102764102,1373.5463102764102,1373.5463102764102,1373.5463102764102,2024-05-22,0,0,0,0,0,0
,1398.493583805413,1398.493583805413,1398.493583805413,1398.493583805413,1398.493583805413,2024-05-23,0,0,0,0,0,0
,1411.5201358737334,1411.5201358737334,1411.5201358737334,1411.5201358737334,1411.5201358737334,2024-05-24,0,0,0,0,0,0
,1414.9810473505988,1414.9810473505988,1414.9810473505988,1414.9810473505988,1414.9810473505988,2024-05-27,0,0,0,0,0,0
,1418.490041457558,1418.490041457558,1418.490041457558,1418.490041457558,1418.490041457558,2024-05-28,0,0,0,0,0,0
,1408.780305128906,1408.780305128906,1408.780305128906,1408.780305128906,1408.780305128906,2024-05-29,0,0,0,0,0,0
,1387.0536367212903,1387.0536367212903,1387.0536367212903,1387.0536367212903,1387.0536367212903,2024-05-30,0,0,0,0,0,0
,1374.5880898199573,1374.5880898199573,1374.5880898199573,1374.5880898199573,1374.5880898199573,2024-05-31,0,0,0,0,0,0
,1404.033674005501,1404.033674005501,1404.033674005501,1404.033674005501,1404.033674005501,2024-06-03,0,0,0,0,0,0
,1373.807893135552,1373.807893135552,1373.807893135552,1373.807893135552,1373.807893135552,2024-06-04,0,0,0,0,0,0
,1365.1789578532776,1365.1789578532776,1365.1789578532776,1365.1789578532776,1365.1789578532776,2024-06-05,0,0,0,0,0,0
,1408.85996393557,1408.85996393557,1408.85996393557,1408.85996393557,1408.85996393557,2024-06-06,0,0,0,0,0,0
,1444.00969016698,1444.00969016698,1444.00969016698,1444.00969016698,1444.00969016698,2024-06-07,0,0,0,0,0,0
,1487.2031538066,1487.2031538066,1487.2031538066,1487.2031538066,1487.2031538066,2024-06-10,0,0,0,0,0,0
,1462.583761115188,1462.583761115188,1462.583761115188,1462.583761115188,1462.583761115188,2024-06-11,0,0,0,0,0,0
,1469.3601706387192,1469.3601706387192,1469.3601706387192,1469.3601706387192,1469.3601706387192,2024-06-12,0,0,0,0,0,0
,1457.6599305401555,1457.6599305401555,1457.6599305401555,1457.6599305401555,1457.6599305401555,2024-06-13,0,0,0,0,0,0
,1466.142554347695,1466.142554347695,1466.142554347695,1466.142554347695,1466.142554347695,2024-06-14,0,0,0,0,0,0
,1459.6099268376586,1459.6099268376586,1459.6099268376586,1459.6099268376586,1459.6099268376586,2024-06-18,0,0,0,0,0,0
,1467.410187837327,1467.410187837327,1467.410187837327,1467.410187837327,1467.410187837327,2024-06-19,0,0,0,0,0,0
,1478.42795986229,1478.42795986229,1478.42795986229,1478.42795986229,1478.42795986229,2024-06-20,0,0,0,0,0,0
,1506.4111705290543,1506.4111705290543,1506.4111705290543,1506.4111705290543,1506.4111705290543,2024-06-21,0,0,0,0,0,0
,1486.4719210591036,1486.4719210591036,1486.4719210591036,1486.4719210591036,1486.4719210591036,2024-06-24,0,0,0,0,0,0
,1487.8856805292482,1487.8856805292482,1487.8856805292482,1487.8856805292482,1487.8856805292482,2024-06-25,0,0,0,0,0,0
,1502.511060488151,1502.511060488151,1502.511060488151,1502.511060488151,1502.511060488151,2024-06-26,0,0,0,0,0,0
,1500.0246394725443,1500.0246394725443,1500.0246394725443,1500.0246394725443,1500.0246394725443,2024-06-27,0,0,0,0,0,0
,1533.2729807577389,1533.2729807577389,1533.2729807577389,1533.2729807577389,1533.2729807577389,2024-06-28,0,0,0,0,0,0
,1520.5488612730949,1520.5488612730949,1520.5488612730949,1520.5488612730949,1520.5488612730949,2024-07-01,0,0,0,0,0,0
,1556.3323402976748,1556.3323402976748,1556.3323402976748,1556.3323402976748,1556.3323402976748,2024-07-02,0,0,0,0,0,0
,1584.4129718719971,1584.4129718719971,1584.4129718719971,1584.4129718719971,1584.4129718719971,2024-07-03,0,0,0,0,0,0
,1587.5330170243992,1587.5330170243992,1587.5330170243992,1587.5330170243992,1587.5330170243992,2024-07-04,0,0,0,0,0,0
,1610.202339677658,1610.202339677658,1610.202339677658,1610.202339677658,1610.202339677658,2024-07-05,0,0,0,0,0,0
,1602.0608521487309,1602.0608521487309,1602.0608521487309,1602.0608521487309,1602.0608521487309,2024-07-08,0,0,0,0,0,0
,1618.441324047008,1618.441324047008,1618.441324047008,1618.441324047008,1618.441324047008,2024-07-09,0,0,0,0,0,0
,1615.613729908852,1615.613729908852,1615.613729908852,1615.613729908852,1615.613729908852,2024-07-10,0,0,0,0,0,0
,1614.6387674406476,1614.6387674406476,1614.6387674406476,1614.6387674406476,1614.6387674406476,2024-07-11,0,0,0,0,0,0
,1638.0393443296334,1638.0393443296334,1638.0393443296334,1638.0393443296334,1638.0393443296334,2024-07-12,0,0,0,0,0,0
,1683.085298662652,1683.085298662652,1683.085298662652,1683.085298662652,1683.085298662652,2024-07-15,0,0,0,0,0,0
,1675.6750916039832,1675.6750916039832,1675.6750916039832,1675.6750916039832,1675.6750916039832,2024-07-16,0,0,0,0,0,0
,1676.0651821635772,1676.0651821635772,1676.0651821635772,1676.0651821635772,1676.0651821635772,2024-07-18,0,0,0,0,0,0
,1797.943081102566,1797.943081102566,1797.943081102566,1797.943081102566,1797.943081102566,2024-07-19,0,0,0,0,0,0
,1755.1882696669777,1755.1882696669777,1755.1882696669777,1755.1882696669777,1755.1882696669777,2024-07-22,0,0,0,0,0,0
,1764.7923545401895,1764.7923545401895,1764.7923545401895,1764.7923545401895,1764.7923545401895,2024-07-23,0,0,0,0,0,0
,1791.605423504355,1791.605423504355,1791.605423504355,1791.605423504355,1791.605423504355,2024-07-24,0,0,0,0,0,0
,1774.5425227927356,1774.5425227927356,1774.5425227927356,1774.5425227927356,1774.5425227927356,2024-07-25,0,0,0,0,0,0
,1779.7588864220972,1779.7588864220972,1779.7588864220972,1779.7588864220972,1779.7588864220972,2024-07-26,0,0,0,0,0,0
,1846.304236848296,1846.304236848296,1846.304236848296,1846.304236848296,1846.304236848296,2024-07-29,0,0,0,0,0,0
,1824.366197741286,1824.366197741286,1824.366197741286,1824.366197741286,1824.366197741286,2024-07-30,0,0,0,0,0,0
,1830.1188567906963,1830.1188567906963,1830.1188567906963,1830.1188567906963,1830.1188567906963,2024-07-31,0,0,0,0,0,0
,1809.740828819239,1809.740828819239,1809.740828819239,1809.740828819239,1809.740828819239,2024-08-01,0,0,0,0,0,0
,1796.9680816152534,1796.9680816152534,1796.9680816152534,1796.9680816152534,1796.9680816152534,2024-08-02,0,0,0,0,0,0
,1740.3678829585922,1740.3678829585922,1740.3678829585922,1740.3678829585922,1740.3678829585922,2024-08-05,0,0,0,0,0,0
,1716.2360922033895,1716.2360922033895,1716.2360922033895,1716.2360922033895,1716.2360922033895,2024-08-06,0,0,0,0,0,0
,1751.1419625968092,1751.1419625968092,1751.1419625968092,1751.1419625968092,1751.1419625968092,2024-08-07,0,0,0,0,0,0
,1735.492850191383,1735.492850191383,1735.492850191383,1735.492850191383,1735.492850191383,2024-08-08,0,0,0,0,0,0
,1727.010094678858,1727.010094678858,1727.010094678858,1727.010094678858,1727.010094678858,2024-08-09,0,0,0,0,0,0
,1728.7652841315069,1728.7652841315069,1728.7652841315069,1728.7652841315069,1728.7652841315069,2024-08-12,0,0,0,0,0,0
,1764.7922546522138,1764.7922546522138,1764.7922546522138,1764.7922546522138,1764.7922546522138,2024-08-13,0,0,0,0,0,0
,1756.9921783945222,1756.9921783945222,1756.9921783945222,1756.9921783945222,1756.9921783945222,2024-08-14,0,0,0,0,0,0
,1803.7932417323864,1803.7932417323864,1803.7932417323864,1803.7932417323864,1803.7932417323864,2024-08-16,0,0,0,0,0,0
,1813.5434730155096,1813.5434730155096,1813.5434730155096,1813.5434730155096,1813.5434730155096,2024-08-19,0,0,0,0,0,0
,1833.043950660172,1833.043950660172,1833.043950660172,1833.043950660172,1833.043950660172,2024-08-20,0,0,0,0,0,0
,1828.2662272635985,1828.2662272635985,1828.2662272635985,1828.2662272635985,1828.2662272635985,2024-08-21,0,0,0,0,0,0
,1836.9440574204723,1836.9440574204723,1836.9440574204723,1836.9440574204723,1836.9440574204723,2024-08-22,0,0,0,0,0,0
,1831.28891751955,1831.28891751955,1831.28891751955,1831.28891751955,1831.28891751955,2024-08-23,0,0,0,0,0,0
,1823.2937434663284,1823.2937434663284,1823.2937434663284,1823.2937434663284,1823.2937434663284,2024-08-26,0,0,0,0,0,0
,1829.2900840518048,1829.2900840518048,1829.2900840518048,1829.2900840518048,1829.2900840518048,2024-08-27,0,0,0,0,0,0
,1859.272020838988,1859.272020838988,1859.272020838988,1859.272020838988,1859.272020838988,2024-08-28,0,0,0,0,0,0
,1884.720166993276,1884.720166993276,1884.720166993276,1884.720166993276,1884.720166993276,2024-08-29,0,0,0,0,0,0
,1889.5952465616888,1889.5952465616888,1889.5952465616888,1889.5952465616888,1889.5952465616888,2024-08-30,0,0,0,0,0,0
,1894.8117029397847,1894.8117029397847,1894.8117029397847,1894.8117029397847,1894.8117029397847,2024-09-02,0,0,0,0,0,0
,1917.8710125060368,1917.8710125060368,1917.8710125060368,1917.8710125060368,1917.8710125060368,2024-09-03,0,0,0,0,0,0
,1873.1173360302705,1873.1173360302705,1873.1173360302705,1873.1173360302705,1873.1173360302705,2024-09-04,0,0,0,0,0,0
,1878.1387700081425,1878.1387700081425,1878.1387700081425,1878.1387700081425,1878.1387700081425,2024-09-05,0,0,0,0,0,0
,1873.994888945443,1873.994888945443,1873.994888945443,1873.994888945443,1873.994888945443,2024-09-06,0,0,0,0,0,0
,1842.7942423455024,1842.7942423455024,1842.7942423455024,1842.7942423455024,1842.7942423455024,2024-09-09,0,0,0,0,0,0
,1857.3220347286265,1857.3220347286265,1857.3220347286265,1857.3220347286265,1857.3220347286265,2024-09-10,0,0,0,0,0,0
,1866.877202898836,1866.877202898836,1866.877202898836,1866.877202898836,1866.877202898836,2024-09-11,0,0,0,0,0,0
,1876.920076659996,1876.920076659996,1876.920076659996,1876.920076659996,1876.920076659996,2024-09-12,0,0,0,0,0,0
,1901.734221068696,1901.734221068696,1901.734221068696,1901.734221068696,1901.734221068696,2024-09-13,0,0,0,0,0,0
,1897.1517015233924,1897.1517015233924,1897.1517015233924,1897.1517015233924,1897.1517015233924,2024-09-16,0,0,0,0,0,0
,1899.1018225052496,1899.1018225052496,1899.1018225052496,1899.1018225052496,1899.1018225052496,2024-09-17,0,0,0,0,0,0
,1890.3265684033404,1890.3265684033404,1890.3265684033404,1890.3265684033404,1890.3265684033404,2024-09-18,0,0,0,0,0,0
,1862.8795667117413,1862.8795667117413,1862.8795667117413,1862.8795667117413,1862.8795667117413,2024-09-19,0,0,0,0,0,0
,1857.4194893204567,1857.4194893204567,1857.4194893204567,1857.4194893204567,1857.4194893204567,2024-09-20,0,0,0,0,0,0
,1861.3195986178432,1861.3195986178432,1861.3195986178432,1861.3195986178432,1861.3195986178432,2024-09-23,0,0,0,0,0,0
,1840.844097511973,1840.844097511973,1840.844097511973,1840.844097511973,1840.844097511973,2024-09-24,0,0,0,0,0,0
,1839.235383142048,1839.235383142048,1839.235383142048,1839.235383142048,1839.235383142048,2024-09-25,0,0,0,0,0,0
,1850.399326383558,1850.399326383558,1850.399326383558,1850.399326383558,1850.399326383558,2024-09-26,0,0,0,0,0,0
,1883.8426736989857,1883.8426736989857,1883.8426736989857,1883.8426736989857,1883.8426736989857,2024-09-27,0,0,0,0,0,0
,1833.044033110499,1833.044033110499,1833.044033110499,1833.044033110499,1833.044033110499,2024-09-30,0,0,0,0,0,0
,1828.1688539454187,1828.1688539454187,1828.1688539454187,1828.1688539454187,1828.1688539454187,2024-10-01,0,0,0,0,0,0
,1842.3066380228447,1842.3066380228447,1842.3066380228447,1842.3066380228447,1842.3066380228447,2024-10-03,0,0,0,0,0,0
,1842.355444469921,1842.355444469921,1842.355444469921,1842.355444469921,1842.355444469921,2024-10-04,0,0,0,0,0,0
,1875.164938110668,1875.164938110668,1875.164938110668,1875.164938110668,1875.164938110668,2024-10-07,0,0,0,0,0,0
,1889.497813238808,1889.497813238808,1889.497813238808,1889.497813238808,1889.497813238808,2024-10-08,0,0,0,0,0,0
,1903.7818495832903,1903.7818495832903,1903.7818495832903,1903.7818495832903,1903.7818495832903,2024-10-09,0,0,0,0,0,0
,1908.998256653625,1908.998256653625,1908.998256653625,1908.998256653625,1908.998256653625,2024-10-10,0,0,0,0,0,0
,1870.094824366297,1870.094824366297,1870.094824366297,1870.094824366297,1870.094824366297,2024-10-11,0,0,0,0,0,0
,1883.891391955165,1883.891391955165,1883.891391955165,1883.891391955165,1883.891391955165,2024-10-14,0,0,0,0,0,0
,1911.045749980717,1911.045749980717,1911.045749980717,1911.045749980717,1911.045749980717,2024-10-15,0,0,0,0,0,0
,1906.1706731299528,1906.1706731299528,1906.1706731299528,1906.1706731299528,1906.1706731299528,2024-10-16,0,0,0,0,0,0
,1886.865188588284,1886.865188588284,1886.865188588284,1886.865188588284,1886.865188588284,2024-10-17,0,0,0,0,0,0
,1846.4993341440768,1846.4993341440768,1846.4993341440768,1846.4993341440768,1846.4993341440768,2024-10-18,0,0,0,0,0,0
,1843.86673306473,1843.86673306473,1843.86673306473,1843.86673306473,1843.86673306473,2024-10-21,0,0,0,0,0,0
,1811.7884020054903,1811.7884020054903,1811.7884020054903,1811.7884020054903,1811.7884020054903,2024-10-22,0,0,0,0,0,0
,1799.161833587424,1799.161833587424,1799.161833587424,1799.161833587424,1799.161833587424,2024-10-23,0,0,0,0,0,0
,1814.90844450391,1814.90844450391,1814.90844450391,1814.90844450391,1814.90844450391,2024-10-24,0,0,0,0,0,0
,1816.9071737708173,1816.9071737708173,1816.9071737708173,1816.9071737708173,1816.9071737708173,2024-10-25,0,0,0,0,0,0
,1813.250859943176,1813.250859943176,1813.250859943176,1813.250859943176,1813.250859943176,2024-10-28,0,0,0,0,0,0
,1820.3868971098543,1820.3868971098543,1820.3868971098543,1820.3868971098543,1820.3868971098543,2024-10-29,0,0,0,0,0,0
,1806.5812347424808,1806.5812347424808,1806.5812347424808,1806.5812347424808,1806.5812347424808,2024-10-30,0,0,0,0,0,0
,1763.0931679230189,1763.0931679230189,1763.0931679230189,1763.0931679230189,1763.0931679230189,2024-10-31,0,0,0,0,0,0
,1740.017715602962,1740.017715602962,1740.017715602962,1740.017715602962,1740.017715602962,2024-11-01,0,0,0,0,0,0
,1700.5727434953685,1700.5727434953685,1700.5727434953685,1700.5727434953685,1700.5727434953685,2024-11-04,0,0,0,0,0,0
,1735.580169412054,1735.580169412054,1735.580169412054,1735.580169412054,1735.580169412054,2024-11-05,0,0,0,0,0,0
,1739.5247398383508,1739.5247398383508,1739.5247398383508,1739.5247398383508,1739.5247398383508,2024-11-06,0,0,0,0,0,0
,1787.7955014436675,1787.7955014436675,1787.7955014436675,1787.7955014436675,1787.7955014436675,2024-11-07,0,0,0,0,0,0
,1792.775423572222,1792.775423572222,1792.775423572222,1792.775423572222,1792.775423572222,2024-11-08,0,0,0,0,0,0
,1803.6227934762044,1803.6227934762044,1803.6227934762044,1803.6227934762044,1803.6227934762044,2024-11-11,0,0,0,0,0,0
,1845.1386209364089,1845.1386209364089,1845.1386209364089,1845.1386209364089,1845.1386209364089,2024-11-12,0,0,0,0,0,0
,1835.2774347702136,1835.2774347702136,1835.2774347702136,1835.2774347702136,1835.2774347702136,2024-11-13,0,0,0,0,0,0
,1839.714924537372,1839.714924537372,1839.714924537372,1839.714924537372,1839.714924537372,2024-11-14,0,0,0,0,0,0
,1823.5425071201328,1823.5425071201328,1823.5425071201328,1823.5425071201328,1823.5425071201328,2024-11-18,0,0,0,0,0,0
,1800.1713565147516,1800.1713565147516,1800.1713565147516,1800.1713565147516,1800.1713565147516,2024-11-19,0,0,0,0,0,0
,1816.442429577535,1816.442429577535,1816.442429577535,1816.442429577535,1816.442429577535,2024-11-21,0,0,0,0,0,0
,1828.374498334409,1828.374498334409,1828.374498334409,1828.374498334409,1828.374498334409,2024-11-22,0,0,0,0,0,0
,1889.4157296228743,1889.4157296228743,1889.4157296228743,1889.4157296228743,1889.4157296228743,2024-11-25,0,0,0,0,0,0
,1878.518962558038,1878.518962558038,1878.518962558038,1878.518962558038,1878.518962558038,2024-11-26,0,0,0,0,0,0
,1903.3200059027893,1903.3200059027893,1903.3200059027893,1903.3200059027893,1903.3200059027893,2024-11-27,0,0,0,0,0,0
,1888.3309462638708,1888.3309462638708,1888.3309462638708,1888.3309462638708,1888.3309462638708,2024-11-28,0,0,0,0,0,0
,1825.416165279565,1825.416165279565,1825.416165279565,1825.416165279565,1825.416165279565,2024-11-29,0,0,0,0,0,0
,1833.206567276144,1833.206567276144,1833.206567276144,1833.206567276144,1833.206567276144,2024-12-02,0,0,0,0,0,0
,1860.818076070948,1860.818076070948,1860.818076070948,1860.818076070948,1860.818076070948,2024-12-03,0,0,0,0,0,0
,1857.8597084036323,1857.8597084036323,1857.8597084036323,1857.8597084036323,1857.8597084036323,2024-12-04,0,0,0,0,0,0
,1873.6377142854976,1873.6377142854976,1873.6377142854976,1873.6377142854976,1873.6377142854976,2024-12-05,0,0,0,0,0,0
,1905.9826538933169,1905.9826538933169,1905.9826538933169,1905.9826538933169,1905.9826538933169,2024-12-06,0,0,0,0,0,0
,1897.501891311903,1897.501891311903,1897.501891311903,1897.501891311903,1897.501891311903,2024-12-09,0,0,0,0,0,0
,1912.096617063394,1912.096617063394,1912.096617063394,1912.096617063394,1912.096617063394,2024-12-10,0,0,0,0,0,0
,1927.8745911898272,1927.8745911898272,1927.8745911898272,1927.8745911898272,1927.8745911898272,2024-12-11,0,0,0,0,0,0
,1947.7942178498488,1947.7942178498488,1947.7942178498488,1947.7942178498488,1947.7942178498488,2024-12-12,0,0,0,0,0,0
,1942.419946638723,1942.419946638723,1942.419946638723,1942.419946638723,1942.419946638723,2024-12-13,0,0,0,0,0,0
,1967.7632564033927,1967.7632564033927,1967.7632564033927,1967.7632564033927,1967.7632564033927,2024-12-16,0,0,0,0,0,0
,1940.6942746330087,1940.6942746330087,1940.6942746330087,1940.6942746330087,1940.6942746330087,2024-12-17,0,0,0,0,0,0
,1939.5109539146308,1939.5109539146308,1939.5109539146308,1939.5109539146308,1939.5109539146308,2024-12-18,0,0,0,0,0,0
,1907.165976992173,1907.165976992173,1907.165976992173,1907.165976992173,1907.165976992173,2024-12-19,0,0,0,0,0,0
,1947.7449759219587,1947.7449759219587,1947.7449759219587,1947.7449759219587,1947.7449759219587,2024-12-20,0,0,0,0,0,0
,1903.270805285977,1903.270805285977,1903.270805285977,1903.270805285977,1903.270805285977,2024-12-23,0,0,0,0,0,0
,1900.312385244756,1900.312385244756,1900.312385244756,1900.312385244756,1900.312385244756,2024-12-24,0,0,0,0,0,0
,1882.5621891003143,1882.5621891003143,1882.5621891003143,1882.5621891003143,1882.5621891003143,2024-12-26,0,0,0,0,0,0
,1882.907278073787,1882.907278073787,1882.907278073787,1882.907278073787,1882.907278073787,2024-12-27,0,0,0,0,0,0
,1889.1198086927784,1889.1198086927784,1889.1198086927784,1889.1198086927784,1889.1198086927784,2024-12-30,0,0,0,0,0,0
,1866.044547837672,1866.044547837672,1866.044547837672,1866.044547837672,1866.044547837672,2024-12-31,0,0,0,0,0,0
,1847.998429848315,1847.998429848315,1847.998429848315,1847.998429848315,1847.998429848315,2025-01-01,0,0,0,0,0,0
,1860.818117320804,1860.818117320804,1860.818117320804,1860.818117320804,1860.818117320804,2025-01-02,0,0,0,0,0,0
,1925.8530263652965,1925.8530263652965,1925.8530263652965,1925.8530263652965,1925.8530263652965,2025-01-03,0,0,0,0,0,0
,1924.9162188256444,1924.9162188256444,1924.9162188256444,1924.9162188256444,1924.9162188256444,2025-01-06,0,0,0,0,0,0
,1918.013387115037,1918.013387115037,1918.013387115037,1918.013387115037,1918.013387115037,2025-01-07,0,0,0,0,0,0
,1903.221440652574,1903.221440652574,1903.221440652574,1903.221440652574,1903.221440652574,2025-01-08,0,0,0,0,0,0
,1907.2153497813904,1907.2153497813904,1907.2153497813904,1907.2153497813904,1907.2153497813904,2025-01-09,0,0,0,0,0,0
,1910.1242932060773,1910.1242932060773,1910.1242932060773,1910.1242932060773,1910.1242932060773,2025-01-10,0,0,0,0,0,0
,1928.8606819489096,1928.8606819489096,1928.8606819489096,1928.8606819489096,1928.8606819489096,2025-01-13,0,0,0,0,0,0
,1941.5324112023416,1941.5324112023416,1941.5324112023416,1941.5324112023416,1941.5324112023416,2025-01-14,0,0,0,0,0,0
,1919.985621292584,1919.985621292584,1919.985621292584,1919.985621292584,1919.985621292584,2025-01-15,0,0,0,0,0,0
,1938.6725617632849,1938.6725617632849,1938.6725617632849,1938.6725617632849,1938.6725617632849,2025-01-16,0,0,0,0,0,0
,1825.3175372033904,1825.3175372033904,1825.3175372033904,1825.3175372033904,1825.3175372033904,2025-01-17,0,0,0,0,0,0
,1797.656758277206,1797.656758277206,1797.656758277206,1797.656758277206,1797.656758277206,2025-01-20,0,0,0,0,0,0
,1793.810946341272,1793.810946341272,1793.810946341272,1793.810946341272,1793.810946341272,2025-01-21,0,0,0,0,0,0
,1782.3225305814187,1782.3225305814187,1782.3225305814187,1782.3225305814187,1782.3225305814187,2025-01-22,0,0,0,0,0,0
,1832.220432769354,1832.220432769354,1832.220432769354,1832.220432769354,1832.220432769354,2025-01-23,0,0,0,0,0,0
,1839.616447739169,1839.616447739169,1839.616447739169,1839.616447739169,1839.616447739169,2025-01-24,0,0,0,0,0,0
,1823.0988176934152,1823.0988176934152,1823.0988176934152,1823.0988176934152,1823.0988176934152,2025-01-27,0,0,0,0,0,0
,1804.6089580362327,1804.6089580362327,1804.6089580362327,1804.6089580362327,1804.6089580362327,2025-01-28,0,0,0,0,0,0
,1819.400792605377,1819.400792605377,1819.400792605377,1819.400792605377,1819.400792605377,2025-01-29,0,0,0,0,0,0
,1847.1602339434603,1847.1602339434603,1847.1602339434603,1847.1602339434603,1847.1602339434603,2025-01-30,0,0,0,0,0,0
,1845.0400685173024,1845.0400685173024,1845.0400685173024,1845.0400685173024,1845.0400685173024,2025-01-31,0,0,0,0,0,0
,1854.2111142217127,1854.2111142217127,1854.2111142217127,1854.2111142217127,1854.2111142217127,2025-02-01,0,0,0,0,0,0
,1810.525757012148,1810.525757012148,1810.525757012148,1810.525757012148,1810.525757012148,2025-02-03,0,0,0,0,0,0
,1862.7903932312308,1862.7903932312308,1862.7903932312308,1862.7903932312308,1862.7903932312308,2025-02-04,0,0,0,0,0,0
,1879.5544090414844,1879.5544090414844,1879.5544090414844,1879.5544090414844,1879.5544090414844,2025-02-05,0,0,0,0,0,0
,1890.4018014395583,1890.4018014395583,1890.4018014395583,1890.4018014395583,1890.4018014395583,2025-02-06,0,0,0,0,0,0
,1892.6699423538048,1892.6699423538048,1892.6699423538048,1892.6699423538048,1892.6699423538048,2025-02-07,0,0,0,0,0,0
,1878.568301204317,1878.568301204317,1878.568301204317,1878.568301204317,1878.568301204317,2025-02-10,0,0,0,0,0,0
,1856.972194364576,1856.972194364576,1856.972194364576,1856.972194364576,1856.972194364576,2025-02-11,0,0,0,0,0,0
,1858.8458824242405,1858.8458824242405,1858.8458824242405,1858.8458824242405,1858.8458824242405,2025-02-12,0,0,0,0,0,0
,1842.5748307737583,1842.5748307737583,1842.5748307737583,1842.5748307737583,1842.5748307737583,2025-02-13,0,0,0,0,0,0
,1828.2759758276584,1828.2759758276584,1828.2759758276584,1828.2759758276584,1828.2759758276584,2025-02-14,0,0,0,0,0,0
,1813.0403122036323,1813.0403122036323,1813.0403122036323,1813.0403122036323,1813.0403122036323,2025-02-17,0,0,0,0,0,0
,1816.7383832854173,1816.7383832854173,1816.7383832854173,1816.7383832854173,1816.7383832854173,2025-02-18,0,0,0,0,0,0
,1821.7675703475045,1821.7675703475045,1821.7675703475045,1821.7675703475045,1821.7675703475045,2025-02-19,0,0,0,0,0,0
,1780.4982655923657,1780.4982655923657,1780.4982655923657,1780.4982655923657,1780.4982655923657,2025-02-20,0,0,0,0,0,0
,1796.5227152827192,1796.5227152827192,1796.5227152827192,1796.5227152827192,1796.5227152827192,2025-02-21,0,0,0,0,0,0
,1775.0745611201182,1775.0745611201182,1775.0745611201182,1775.0745611201182,1775.0745611201182,2025-02-24,0,0,0,0,0,0
,1720.9362904431496,1720.9362904431496,1720.9362904431496,1720.9362904431496,1720.9362904431496,2025-02-25,0,0,0,0,0,0
,1730.846721957405,1730.846721957405,1730.846721957405,1730.846721957405,1730.846721957405,2025-02-27,0,0,0,0,0,0
,1730.6989486606933,1730.6989486606933,1730.6989486606933,1730.6989486606933,1730.6989486606933,2025-02-28,0,0,0,0,0,0
,1668.8195437500424,1668.8195437500424,1668.8195437500424,1668.8195437500424,1668.8195437500424,2025-03-03,0,0,0,0,0,0
,1671.4821123578995,1671.4821123578995,1671.4821123578995,1671.4821123578995,1671.4821123578995,2025-03-04,0,0,0,0,0,0
,1668.9674417970127,1668.9674417970127,1668.9674417970127,1668.9674417970127,1668.9674417970127,2025-03-05,0,0,0,0,0,0
,1691.204542351751,1691.204542351751,1691.204542351751,1691.204542351751,1691.204542351751,2025-03-06,0,0,0,0,0,0
,1679.4696488805018,1679.4696488805018,1679.4696488805018,1679.4696488805018,1679.4696488805018,2025-03-07,0,0,0,0,0,0
,1662.606944415946,1662.606944415946,1662.606944415946,1662.606944415946,1662.606944415946,2025-03-10,0,0,0,0,0,0
,1656.6901357180045,1656.6901357180045,1656.6901357180045,1656.6901357180045,1656.6901357180045,2025-03-11,0,0,0,0,0,0
,1614.1882088567118,1614.1882088567118,1614.1882088567118,1614.1882088567118,1614.1882088567118,2025-03-12,0,0,0,0,0,0
,1577.0605381756682,1577.0605381756682,1577.0605381756682,1577.0605381756682,1577.0605381756682,2025-03-13,0,0,0,0,0,0
,1523.711239680789,1523.711239680789,1523.711239680789,1523.711239680789,1523.711239680789,2025-03-17,0,0,0,0,0,0
,1567.98828125,1567.98828125,1567.98828125,1567.98828125,1567.98828125,2025-03-18,0,0,0,0,0,0
,1580.7585753901394,1580.7585753901394,1580.7585753901394,1580.7585753901394,1580.7585753901394,2025-03-19,0,0,0,0,0,0
,1569.9112262370732,1569.9112262370732,1569.9112262370732,1569.9112262370732,1569.9112262370732,2025-03-20,0,0,0,0,0,0
,1556.0560901796125,1556.0560901796125,1556.0560901796125,1556.0560901796125,1556.0560901796125,2025-03-21,0,0,0,0,0,0
,1575.7785592177397,1575.7785592177397,1575.7785592177397,1575.7785592177397,1575.7785592177397,2025-03-24,0,0,0,0,0,0
,1582.7307615847424,1582.7307615847424,1582.7307615847424,1582.7307615847424,1582.7307615847424,2025-03-25,0,0,0,0,0,0
,1603.4394832085677,1603.4394832085677,1603.4394832085677,1603.4394832085677,1603.4394832085677,2025-03-26,0,0,0,0,0,0
,1573.4120242257595,1573.4120242257595,1573.4120242257595,1573.4120242257595,1573.4120242257595,2025-03-27,0,0,0,0,0,0
,1567.938918601529,1567.938918601529,1567.938918601529,1567.938918601529,1567.938918601529,2025-03-28,0,0,0,0,0,0
,1517.8930411565275,1517.8930411565275,1517.8930411565275,1517.8930411565275,1517.8930411565275,2025-04-01,0,0,0,0,0,0
,1513.8992032527772,1513.8992032527772,1513.8992032527772,1513.8992032527772,1513.8992032527772,2025-04-02,0,0,0,0,0,0
,1513.3569025396205,1513.3569025396205,1513.3569025396205,1513.3569025396205,1513.3569025396205,2025-04-03,0,0,0,0,0,0
,1440.2357281000195,1440.2357281000195,1440.2357281000195,1440.2357281000195,1440.2357281000195,2025-04-04,0,0,0,0,0,0
,1333.241140845937,1333.241140845937,1333.241140845937,1333.241140845937,1333.241140845937,2025-04-07,0,0,0,0,0,0
,1411.1450129990185,1411.1450129990185,1411.1450129990185,1411.1450129990185,1411.1450129990185,2025-04-08,0,0,0,0,0,0
,1385.5551200692491,1385.5551200692491,1385.5551200692491,1385.5551200692491,1385.5551200692491,2025-04-09,0,0,0,0,0,0
,1391.669116387415,1391.669116387415,1391.669116387415,1391.669116387415,1391.669116387415,2025-04-11,0,0,0,0,0,0
,1425.5423828430714,1425.5423828430714,1425.5423828430714,1425.5423828430714,1425.5423828430714,2025-04-15,0,0,0,0,0,0
,1405.2283214187144,1405.2283214187144,1405.2283214187144,1405.2283214187144,1405.2283214187144,2025-04-16,0,0,0,0,0,0
,1378.6028759920416,1378.6028759920416,1378.6028759920416,1378.6028759920416,1378.6028759920416,2025-04-17,0,0,0,0,0,0
,1390.436423661214,1390.436423661214,1390.436423661214,1390.436423661214,1390.436423661214,2025-04-21,0,0,0,0,0,0
,1420.0201414292796,1420.0201414292796,1420.0201414292796,1420.0201414292796,1420.0201414292796,2025-04-22,0,0,0,0,0,0
,1425.9368740316995,1425.9368740316995,1425.9368740316995,1425.9368740316995,1425.9368740316995,2025-04-23,0,0,0,0,0,0
,1449.505309419441,1449.505309419441,1449.505309419441,1449.505309419441,1449.505309419441,2025-04-24,0,0,0,0,0,0
,1455.027613605307,1455.027613605307,1455.027613605307,1455.027613605307,1455.027613605307,2025-04-25,0,0,0,0,0,0
,1459.6623489459623,1459.6623489459623,1459.6623489459623,1459.6623489459623,1459.6623489459623,2025-04-28,0,0,0,0,0,0
,1461.4374722845366,1461.4374722845366,1461.4374722845366,1461.4374722845366,1461.4374722845366,2025-04-29,0,0,0,0,0,0
,1476.0321142425894,1476.0321142425894,1476.0321142425894,1476.0321142425894,1476.0321142425894,2025-04-30,0,0,0,0,0,0
,1478.8917703842976,1478.8917703842976,1478.8917703842976,1478.8917703842976,1478.8917703842976,2025-05-02,0,0,0,0,0,0
,1493.979559817003,1493.979559817003,1493.979559817003,1493.979559817003,1493.979559817003,2025-05-05,0,0,0,0,0,0
,1485.10438816728,1485.10438816728,1485.10438816728,1485.10438816728,1485.10438816728,2025-05-06,0,0,0,0,0,0
,1479.1876719914237,1479.1876719914237,1479.1876719914237,1479.1876719914237,1479.1876719914237,2025-05-07,0,0,0,0,0,0
,1487.0767158676624,1487.0767158676624,1487.0767158676624,1487.0767158676624,1487.0767158676624,2025-05-08,0,0,0,0,0,0
,1479.8779633712215,1479.8779633712215,1479.8779633712215,1479.8779633712215,1479.8779633712215,2025-05-09,0,0,0,0,0,0
,1515.6743515413357,1515.6743515413357,1515.6743515413357,1515.6743515413357,1515.6743515413357,2025-05-12,0,0,0,0,0,0
,1586.675293741908,1586.675293741908,1586.675293741908,1586.675293741908,1586.675293741908,2025-05-13,0,0,0,0,0,0
,1552.1609377918994,1552.1609377918994,1552.1609377918994,1552.1609377918994,1552.1609377918994,2025-05-14,0,0,0,0,0,0
,1567.7416973152629,1567.7416973152629,1567.7416973152629,1567.7416973152629,1567.7416973152629,2025-05-15,0,0,0,0,0,0
,1590.2253238143162,1590.2253238143162,1590.2253238143162,1590.2253238143162,1590.2253238143162,2025-05-16,0,0,0,0,0,0
,1554.62619978804,1554.62619978804,1554.62619978804,1554.62619978804,1554.62619978804,2025-05-19,0,0,0,0,0,0
,1548.2163771805324,1548.2163771805324,1548.2163771805324,1548.2163771805324,1548.2163771805324,2025-05-20,0,0,0,0,0,0
,1546.145531646558,1546.145531646558,1546.145531646558,1546.145531646558,1546.145531646558,2025-05-21,0,0,0,0,0,0
,1533.9175651094254,1533.9175651094254,1533.9175651094254,1533.9175651094254,1533.9175651094254,2025-05-22,0,0,0,0,0,0
,1528.4939232420525,1528.4939232420525,1528.4939232420525,1528.4939232420525,1528.4939232420525,2025-05-23,0,0,0,0,0,0
,1544.86351611358,1544.86351611358,1544.86351611358,1544.86351611358,1544.86351611358,2025-05-26,0,0,0,0,0,0
,1557.9791380318973,1557.9791380318973,1557.9791380318973,1557.9791380318973,1557.9791380318973,2025-05-27,0,0,0,0,0,0
,1559.0637576996792,1559.0637576996792,1559.0637576996792,1559.0637576996792,1559.0637576996792,2025-05-28,0,0,0,0,0,0
,1566.9528250893914,1566.9528250893914,1566.9528250893914,1566.9528250893914,1566.9528250893914,2025-05-29,0,0,0,0,0,0
,1571.0,1571.0,1571.0,1571.0,1571.0,2025-05-30,0,0,0,0,0,0
,1560.0,1560.0,1560.0,1560.0,1560.0,2025-06-02,0,0,0,0,0,0
,1559.0,1559.0,1559.0,1559.0,1559.0,2025-06-03,0,0,0,0,0,0
,1543.0,1543.0,1543.0,1543.0,1543.0,2025-06-04,0,0,0,0,0,0
,1547.9000244140625,1547.9000244140625,1547.9000244140625,1547.9000244140625,1547.9000244140625,2025-06-05,0,0,0,0,0,0
,1554.699951171875,1554.699951171875,1554.699951171875,1554.699951171875,1554.699951171875,2025-06-06,0,0,0,0,0,0
,1578.0,1578.0,1578.0,1578.0,1578.0,2025-06-09,0,0,0,0,0,0
,1584.0,1584.0,1584.0,1584.0,1584.0,2025-06-10,0,0,0,0,0,0
,1590.0999755859375,1590.0999755859375,1590.0999755859375,1590.0999755859375,1590.0999755859375,2025-06-11,0,0,0,0,0,0
,1617.0,1617.0,1617.0,1617.0,1617.0,2025-06-12,0,0,0,0,0,0
,1576.0,1576.0,1576.0,1576.0,1576.0,2025-06-13,0,0,0,0,0,0
,1600.0,1600.0,1600.0,1600.0,1600.0,2025-06-16,0,0,0,0,0,0
,1620.699951171875,1620.699951171875,1620.699951171875,1620.699951171875,1620.699951171875,2025-06-17,0,0,0,0,0,0
,1621.0,1621.0,1621.0,1621.0,1621.0,2025-06-18,0,0,0,0,0,0
,1623.9000244140625,1623.9000244140625,1623.9000244140625,1623.9000244140625,1623.9000244140625,2025-06-19,0,0,0,0,0,0
,1619.0,1619.0,1619.0,1619.0,1619.0,2025-06-20,0,0,0,0,0,0
,1601.0,1601.0,1601.0,1601.0,1601.0,2025-06-23,0,0,0,0,0,0
,1601.0,1601.0,1601.0,1601.0,1601.0,2025-06-24,0,0,0,0,0,0
,1590.0,1590.0,1590.0,1590.0,1590.0,2025-06-25,0,0,0,0,0,0
,1608.800048828125,1608.800048828125,1608.800048828125,1608.800048828125,1608.800048828125,2025-06-26,0,0,0,0,0,0
,1619.0,1619.0,1619.0,1619.0,1619.0,2025-06-27,0,0,0,0,0,0
,1615.0,1615.0,1615.0,1615.0,1615.0,2025-06-30,0,0,0,0,0,0
,1609.0,1609.0,1609.0,1609.0,1609.0,2025-07-01,0,0,0,0,0,0
,1618.0,1618.0,1618.0,1618.0,1618.0,2025-07-02,0,0,0,0,0,0
,1618.5,1618.5,1618.5,1618.5,1618.5,2025-07-03,0,0,0,0,0,0
,1625.0,1625.0,1625.0,1625.0,1625.0,2025-07-04,0,0,0,0,0,0
,1640.0,1640.0,1640.0,1640.0,1640.0,2025-07-07,0,0,0,0,0,0
,1628.0,1628.0,1628.0,1628.0,1628.0,2025-07-08,0,0,0,0,0,0
,1637.800048828125,1637.800048828125,1637.800048828125,1637.800048828125,1637.800048828125,2025-07-09,0,0,0,0,0,0
,1638.9000244140625,1638.9000244140625,1638.9000244140625,1638.9000244140625,1638.9000244140625,2025-07-10,0,0,0,0,0,0
,1579.0999755859375,1579.0999755859375,1579.0999755859375,1579.0999755859375,1579.0999755859375,2025-07-11,0,0,0,0,0,0
,1591.800048828125,1591.800048828125,1591.800048828125,1591.800048828125,1591.800048828125,2025-07-14,0,0,0,0,0,0
,1565.0999755859375,1565.0999755859375,1565.0999755859375,1565.0999755859375,1565.0999755859375,2025-07-15,0,0,0,0,0,0
,1579.0,1579.0,1579.0,1579.0,1579.0,2025-07-16,0,0,0,0,0,0
,1598.0,1598.0,1598.0,1598.0,1598.0,2025-07-17,0,0,0,0,0,0
,1592.0999755859375,1592.0999755859375,1592.0999755859375,1592.0999755859375,1592.0999755859375,2025-07-18,0,0,0,0,0,0
,1580.0,1580.0,1580.0,1580.0,1580.0,2025-07-21,0,0,0,0,0,0
,1565.0,1565.0,1565.0,1565.0,1565.0,2025-07-22,0,0,0,0,0,0
,1576.300048828125,1576.300048828125,1576.300048828125,1576.300048828125,1576.300048828125,2025-07-23,0,0,0,0,0,0
,1580.0,1580.0,1580.0,1580.0,1580.0,2025-07-24,0,0,0,0,0,0
,1543.4000244140625,1543.4000244140625,1543.4000244140625,1543.4000244140625,1543.4000244140625,2025-07-25,0,0,0,0,0,0
,1513.9000244140625,1513.9000244140625,1513.9000244140625,1513.9000244140625,1513.9000244140625,2025-07-28,0,0,0,0,0,0
,1512.9000244140625,1512.9000244140625,1512.9000244140625,1512.9000244140625,1512.9000244140625,2025-07-29,0,0,0,0,0,0
,1519.9000244140625,1519.9000244140625,1519.9000244140625,1519.9000244140625,1519.9000244140625,2025-07-30,0,0,0,0,0,0
,1509.699951171875,1509.699951171875,1509.699951171875,1509.699951171875,1509.699951171875,2025-07-31,0,0,0,0,0,0
,1493.9000244140625,1493.9000244140625,1493.9000244140625,1493.9000244140625,1493.9000244140625,2025-08-01,0,0,0,0,0,0
,1461.5,1461.5,1461.5,1461.5,1461.5,2025-08-04,0,0,0,0,0,0
,1478.699951171875,1478.699951171875,1478.699951171875,1478.699951171875,1478.699951171875,2025-08-05,0,0,0,0,0,0
,1452.0,1452.0,1452.0,1452.0,1452.0,2025-08-06,0,0,0,0,0,0
,1430.0,1430.0,1430.0,1430.0,1430.0,2025-08-07,0,0,0,0,0,0
,1425.0,1425.0,1425.0,1425.0,1425.0,2025-08-08,0,0,0,0,0,0
,1419.9000244140625,1419.9000244140625,1419.9000244140625,1419.9000244140625,1419.9000244140625,2025-08-11,0,0,0,0,0,0
,1428.199951171875,1428.199951171875,1428.199951171875,1428.199951171875,1428.199951171875,2025-08-12,0,0,0,0,0,0
,1425.0,1425.0,1425.0,1425.0,1425.0,2025-08-13,0,0,0,0,0,0
,1426.199951171875,1426.199951171875,1426.199951171875,1426.199951171875,1426.199951171875,2025-08-14,0,0,0,0,0,0
,1464.699951171875,1464.699951171875,1464.699951171875,1464.699951171875,1464.699951171875,2025-08-18,0,0,0,0,0,0
,1432.699951171875,1432.699951171875,1432.699951171875,1432.699951171875,1432.699951171875,2025-08-19,0,0,0,0,0,0
,1440.699951171875,1440.699951171875,1440.699951171875,1440.699951171875,1440.699951171875,2025-08-20,0,0,0,0,0,0
,1508.0,1508.0,1508.0,1508.0,1508.0,2025-08-21,0,0,0,0,0,0
,1498.0999755859375,1498.0999755859375,1498.0999755859375,1498.0999755859375,1498.0999755859375,2025-08-22,0,0,0,0,0,0
,1506.699951171875,1506.699951171875,1506.699951171875,1506.699951171875,1506.699951171875,2025-08-25,0,0,0,0,0,0
,1523.0,1523.0,1523.0,1523.0,1523.0,2025-08-26,0,0,0,0,0,0
,1529.5999755859375,1529.5999755859375,1529.5999755859375,1529.5999755859375,1529.5999755859375,2025-08-27,0,0,0,0,0,0
,1529.5999755859375,1529.5999755859375,1529.5999755859375,1529.5999755859375,1529.5999755859375,2025-08-28,0,0,0,0,0,0
,1501.9000244140625,1501.9000244140625,1501.9000244140625,1501.9000244140625,1501.9000244140625,2025-08-29,0,0,0,0,0,0
,1476.699951171875,1476.699951171875,1476.699951171875,1476.699951171875,1476.699951171875,2025-09-01,0,0,0,0,0,0
,1499.4000244140625,1499.4000244140625,1499.4000244140625,1499.4000244140625,1499.4000244140625,2025-09-02,0,0,0,0,0,0
,1500.0,1500.0,1500.0,1500.0,1500.0,2025-09-03,0,0,0,0,0,0
,1484.0,1484.0,1484.0,1484.0,1484.0,2025-09-04,0,0,0,0,0,0
,1470.0,1470.0,1470.0,1470.0,1470.0,2025-09-05,0,0,0,0,0,0
,1451.0,1451.0,1451.0,1451.0,1451.0,2025-09-08,0,0,0,0,0,0
,1481.0,1481.0,1481.0,1481.0,1481.0,2025-09-09,0,0,0,0,0,0
,1510.0999755859375,1510.0999755859375,1510.0999755859375,1510.0999755859375,1510.0999755859375,2025-09-10,0,0,0,0,0,0
,1523.9000244140625,1523.9000244140625,1523.9000244140625,1523.9000244140625,1523.9000244140625,2025-09-11,0,0,0,0,0,0
,1537.0,1537.0,1537.0,1537.0,1537.0,2025-09-12,0,0,0,0,0,0
