Ticker,LT.NS,LT.NS,LT.NS,LT.NS,LT.NS,Date,sentiment_compound,sentiment_positive,sentiment_negative,sentiment_strength,positive_ratio,negative_ratio
,2038.8716327732905,2038.8716327732905,2038.8716327732905,2038.8716327732905,2038.8716327732905,2023-01-02,0,0,0,0,0,0
,2034.0982534703217,2034.0982534703217,2034.0982534703217,2034.0982534703217,2034.0982534703217,2023-01-03,0,0,0,0,0,0
,2036.972156582768,2036.972156582768,2036.972156582768,2036.972156582768,2036.972156582768,2023-01-04,0,0,0,0,0,0
,2026.304854881748,2026.304854881748,2026.304854881748,2026.304854881748,2026.304854881748,2023-01-05,0,0,0,0,0,0
,2036.241471185819,2036.241471185819,2036.241471185819,2036.241471185819,2036.241471185819,2023-01-06,0,0,0,0,0,0
,2053.5819360097707,2053.5819360097707,2053.5819360097707,2053.5819360097707,2053.5819360097707,2023-01-09,0,0,0,0,0,0
,2076.8650182786214,2076.8650182786214,2076.8650182786214,2076.8650182786214,2076.8650182786214,2023-01-10,0,0,0,0,0,0
,2051.731070098705,2051.731070098705,2051.731070098705,2051.731070098705,2051.731070098705,2023-01-11,0,0,0,0,0,0
,2063.421143431398,2063.421143431398,2063.421143431398,2063.421143431398,2063.421143431398,2023-01-12,0,0,0,0,0,0
,2106.0903866791405,2106.0903866791405,2106.0903866791405,2106.0903866791405,2106.0903866791405,2023-01-13,0,0,0,0,0,0
,2091.5751364723506,2091.5751364723506,2091.5751364723506,2091.5751364723506,2091.5751364723506,2023-01-16,0,0,0,0,0,0
,2084.658459372712,2084.658459372712,2084.658459372712,2084.658459372712,2084.658459372712,2023-01-17,0,0,0,0,0,0
,2163.6648182426097,2163.6648182426097,2163.6648182426097,2163.6648182426097,2163.6648182426097,2023-01-18,0,0,0,0,0,0
,2201.5122139065384,2201.5122139065384,2201.5122139065384,2201.5122139065384,2201.5122139065384,2023-01-19,0,0,0,0,0,0
,2223.528443251669,2223.528443251669,2223.528443251669,2223.528443251669,2223.528443251669,2023-01-20,0,0,0,0,0,0
,2196.7872635000417,2196.7872635000417,2196.7872635000417,2196.7872635000417,2196.7872635000417,2023-01-23,0,0,0,0,0,0
,2186.7530628447626,2186.7530628447626,2186.7530628447626,2186.7530628447626,2186.7530628447626,2023-01-24,0,0,0,0,0,0
,2144.1811715000645,2144.1811715000645,2144.1811715000645,2144.1811715000645,2144.1811715000645,2023-01-25,0,0,0,0,0,0
,2118.5600099834787,2118.5600099834787,2118.5600099834787,2118.5600099834787,2118.5600099834787,2023-01-27,0,0,0,0,0,0
,2074.429767901476,2074.429767901476,2074.429767901476,2074.429767901476,2074.429767901476,2023-01-30,0,0,0,0,0,0
,2065.2237615399927,2065.2237615399927,2065.2237615399927,2065.2237615399927,2065.2237615399927,2023-01-31,0,0,0,0,0,0
,2077.9365287870414,2077.9365287870414,2077.9365287870414,2077.9365287870414,2077.9365287870414,2023-02-01,0,0,0,0,0,0
,2080.4698097904184,2080.4698097904184,2080.4698097904184,2080.4698097904184,2080.4698097904184,2023-02-02,0,0,0,0,0,0
,2120.7520345550315,2120.7520345550315,2120.7520345550315,2120.7520345550315,2120.7520345550315,2023-02-03,0,0,0,0,0,0
,2108.37994251412,2108.37994251412,2108.37994251412,2108.37994251412,2108.37994251412,2023-02-06,0,0,0,0,0,0
,2106.43152020804,2106.43152020804,2106.43152020804,2106.43152020804,2106.43152020804,2023-02-07,0,0,0,0,0,0
,2104.775533242292,2104.775533242292,2104.775533242292,2104.775533242292,2104.775533242292,2023-02-08,0,0,0,0,0,0
,2094.497819969872,2094.497819969872,2094.497819969872,2094.497819969872,2094.497819969872,2023-02-09,0,0,0,0,0,0
,2084.9506172200963,2084.9506172200963,2084.9506172200963,2084.9506172200963,2084.9506172200963,2023-02-10,0,0,0,0,0,0
,2116.9040216995168,2116.9040216995168,2116.9040216995168,2116.9040216995168,2116.9040216995168,2023-02-13,0,0,0,0,0,0
,2157.819578438137,2157.819578438137,2157.819578438137,2157.819578438137,2157.819578438137,2023-02-14,0,0,0,0,0,0
,2129.568401185093,2129.568401185093,2129.568401185093,2129.568401185093,2129.568401185093,2023-02-15,0,0,0,0,0,0
,2130.347955896824,2130.347955896824,2130.347955896824,2130.347955896824,2130.347955896824,2023-02-16,0,0,0,0,0,0
,2113.786741693056,2113.786741693056,2113.786741693056,2113.786741693056,2113.786741693056,2023-02-17,0,0,0,0,0,0
,2176.037097964976,2176.037097964976,2176.037097964976,2176.037097964976,2176.037097964976,2023-02-20,0,0,0,0,0,0
,2181.200242952478,2181.200242952478,2181.200242952478,2181.200242952478,2181.200242952478,2023-02-21,0,0,0,0,0,0
,2171.4583655554093,2171.4583655554093,2171.4583655554093,2171.4583655554093,2171.4583655554093,2023-02-22,0,0,0,0,0,0
,2147.103667870588,2147.103667870588,2147.103667870588,2147.103667870588,2147.103667870588,2023-02-23,0,0,0,0,0,0
,2104.239524936824,2104.239524936824,2104.239524936824,2104.239524936824,2104.239524936824,2023-02-24,0,0,0,0,0,0
,2078.9595253051125,2078.9595253051125,2078.9595253051125,2078.9595253051125,2078.9595253051125,2023-02-27,0,0,0,0,0,0
,2060.401225686352,2060.401225686352,2060.401225686352,2060.401225686352,2060.401225686352,2023-02-28,0,0,0,0,0,0
,2045.788525263932,2045.788525263932,2045.788525263932,2045.788525263932,2045.788525263932,2023-03-01,0,0,0,0,0,0
,2074.965356984738,2074.965356984738,2074.965356984738,2074.965356984738,2074.965356984738,2023-03-02,0,0,0,0,0,0
,2084.7558962503617,2084.7558962503617,2084.7558962503617,2084.7558962503617,2084.7558962503617,2023-03-03,0,0,0,0,0,0
,2102.534634071253,2102.534634071253,2102.534634071253,2102.534634071253,2102.534634071253,2023-03-06,0,0,0,0,0,0
,2096.4462595414525,2096.4462595414525,2096.4462595414525,2096.4462595414525,2096.4462595414525,2023-03-08,0,0,0,0,0,0
,2118.8034009633097,2118.8034009633097,2118.8034009633097,2118.8034009633097,2118.8034009633097,2023-03-09,0,0,0,0,0,0
,2115.44279420593,2115.44279420593,2115.44279420593,2115.44279420593,2115.44279420593,2023-03-10,0,0,0,0,0,0
,2108.184986327957,2108.184986327957,2108.184986327957,2108.184986327957,2108.184986327957,2023-03-13,0,0,0,0,0,0
,2088.993926718764,2088.993926718764,2088.993926718764,2088.993926718764,2088.993926718764,2023-03-14,0,0,0,0,0,0
,2108.330918189092,2108.330918189092,2108.330918189092,2108.330918189092,2108.330918189092,2023-03-15,0,0,0,0,0,0
,2128.496870584189,2128.496870584189,2128.496870584189,2128.496870584189,2128.496870584189,2023-03-16,0,0,0,0,0,0
,2130.2502288341416,2130.2502288341416,2130.2502288341416,2130.2502288341416,2130.2502288341416,2023-03-17,0,0,0,0,0,0
,2134.536924709958,2134.536924709958,2134.536924709958,2134.536924709958,2134.536924709958,2023-03-20,0,0,0,0,0,0
,2126.353699354564,2126.353699354564,2126.353699354564,2126.353699354564,2126.353699354564,2023-03-21,0,0,0,0,0,0
,2162.203404669808,2162.203404669808,2162.203404669808,2162.203404669808,2162.203404669808,2023-03-22,0,0,0,0,0,0
,2156.845657844862,2156.845657844862,2156.845657844862,2156.845657844862,2156.845657844862,2023-03-23,0,0,0,0,0,0
,2149.052079729052,2149.052079729052,2149.052079729052,2149.052079729052,2149.052079729052,2023-03-24,0,0,0,0,0,0
,2118.9009269442454,2118.9009269442454,2118.9009269442454,2118.9009269442454,2118.9009269442454,2023-03-27,0,0,0,0,0,0
,2111.7893152665924,2111.7893152665924,2111.7893152665924,2111.7893152665924,2111.7893152665924,2023-03-28,0,0,0,0,0,0
,2082.4666106630298,2082.4666106630298,2082.4666106630298,2082.4666106630298,2082.4666106630298,2023-03-29,0,0,0,0,0,0
,2100.82987802106,2100.82987802106,2100.82987802106,2100.82987802106,2100.82987802106,2023-03-31,0,0,0,0,0,0
,2123.723258604463,2123.723258604463,2123.723258604463,2123.723258604463,2123.723258604463,2023-04-03,0,0,0,0,0,0
,2113.981569991557,2113.981569991557,2113.981569991557,2113.981569991557,2113.981569991557,2023-04-05,0,0,0,0,0,0
,2199.465987993123,2199.465987993123,2199.465987993123,2199.465987993123,2199.465987993123,2023-04-06,0,0,0,0,0,0
,2225.9153581516643,2225.9153581516643,2225.9153581516643,2225.9153581516643,2225.9153581516643,2023-04-10,0,0,0,0,0,0
,2260.1093376602216,2260.1093376602216,2260.1093376602216,2260.1093376602216,2260.1093376602216,2023-04-11,0,0,0,0,0,0
,2244.5222307188114,2244.5222307188114,2244.5222307188114,2244.5222307188114,2244.5222307188114,2023-04-12,0,0,0,0,0,0
,2235.5598474777003,2235.5598474777003,2235.5598474777003,2235.5598474777003,2235.5598474777003,2023-04-13,0,0,0,0,0,0
,2200.440484161514,2200.440484161514,2200.440484161514,2200.440484161514,2200.440484161514,2023-04-17,0,0,0,0,0,0
,2162.6907961213296,2162.6907961213296,2162.6907961213296,2162.6907961213296,2162.6907961213296,2023-04-18,0,0,0,0,0,0
,2151.0981412623933,2151.0981412623933,2151.0981412623933,2151.0981412623933,2151.0981412623933,2023-04-19,0,0,0,0,0,0
,2167.561395175512,2167.561395175512,2167.561395175512,2167.561395175512,2167.561395175512,2023-04-20,0,0,0,0,0,0
,2182.3202706756306,2182.3202706756306,2182.3202706756306,2182.3202706756306,2182.3202706756306,2023-04-21,0,0,0,0,0,0
,2162.690688525007,2162.690688525007,2162.690688525007,2162.690688525007,2162.690688525007,2023-04-24,0,0,0,0,0,0
,2173.455557590161,2173.455557590161,2173.455557590161,2173.455557590161,2173.455557590161,2023-04-25,0,0,0,0,0,0
,2189.821626689629,2189.821626689629,2189.821626689629,2189.821626689629,2189.821626689629,2023-04-26,0,0,0,0,0,0
,2217.0015369973203,2217.0015369973203,2217.0015369973203,2217.0015369973203,2217.0015369973203,2023-04-27,0,0,0,0,0,0
,2252.607899945765,2252.607899945765,2252.607899945765,2252.607899945765,2252.607899945765,2023-04-28,0,0,0,0,0,0
,2311.935925939101,2311.935925939101,2311.935925939101,2311.935925939101,2311.935925939101,2023-05-02,0,0,0,0,0,0
,2322.5545585942014,2322.5545585942014,2322.5545585942014,2322.5545585942014,2322.5545585942014,2023-05-03,0,0,0,0,0,0
,2300.83029005504,2300.83029005504,2300.83029005504,2300.83029005504,2300.83029005504,2023-05-04,0,0,0,0,0,0
,2296.154206098844,2296.154206098844,2296.154206098844,2296.154206098844,2296.154206098844,2023-05-05,0,0,0,0,0,0
,2316.076135297568,2316.076135297568,2316.076135297568,2316.076135297568,2316.076135297568,2023-05-08,0,0,0,0,0,0
,2306.528922848496,2306.528922848496,2306.528922848496,2306.528922848496,2306.528922848496,2023-05-09,0,0,0,0,0,0
,2325.3795398907587,2325.3795398907587,2325.3795398907587,2325.3795398907587,2325.3795398907587,2023-05-10,0,0,0,0,0,0
,2240.625746555419,2240.625746555419,2240.625746555419,2240.625746555419,2240.625746555419,2023-05-11,0,0,0,0,0,0
,2165.2722476880253,2165.2722476880253,2165.2722476880253,2165.2722476880253,2165.2722476880253,2023-05-12,0,0,0,0,0,0
,2163.567606621253,2163.567606621253,2163.567606621253,2163.567606621253,2163.567606621253,2023-05-15,0,0,0,0,0,0
,2196.39764629687,2196.39764629687,2196.39764629687,2196.39764629687,2196.39764629687,2023-05-16,0,0,0,0,0,0
,2166.928648598821,2166.928648598821,2166.928648598821,2166.928648598821,2166.928648598821,2023-05-17,0,0,0,0,0,0
,2172.4326524091007,2172.4326524091007,2172.4326524091007,2172.4326524091007,2172.4326524091007,2023-05-18,0,0,0,0,0,0
,2135.413284848188,2135.413284848188,2135.413284848188,2135.413284848188,2135.413284848188,2023-05-19,0,0,0,0,0,0
,2133.465244822393,2133.465244822393,2133.465244822393,2133.465244822393,2133.465244822393,2023-05-22,0,0,0,0,0,0
,2168.14638759478,2168.14638759478,2168.14638759478,2168.14638759478,2168.14638759478,2023-05-23,0,0,0,0,0,0
,2143.2069766023187,2143.2069766023187,2143.2069766023187,2143.2069766023187,2143.2069766023187,2023-05-24,0,0,0,0,0,0
,2133.464929935393,2133.464929935393,2133.464929935393,2133.464929935393,2133.464929935393,2023-05-25,0,0,0,0,0,0
,2151.9746633870272,2151.9746633870272,2151.9746633870272,2151.9746633870272,2151.9746633870272,2023-05-26,0,0,0,0,0,0
,2167.561870888348,2167.561870888348,2167.561870888348,2167.561870888348,2167.561870888348,2023-05-29,0,0,0,0,0,0
,2172.432329880932,2172.432329880932,2172.432329880932,2172.432329880932,2172.432329880932,2023-05-30,0,0,0,0,0,0
,2144.278586252809,2144.278586252809,2144.278586252809,2144.278586252809,2144.278586252809,2023-05-31,0,0,0,0,0,0
,2159.7681183844256,2159.7681183844256,2159.7681183844256,2159.7681183844256,2159.7681183844256,2023-06-01,0,0,0,0,0,0
,2163.6647368207714,2163.6647368207714,2163.6647368207714,2163.6647368207714,2163.6647368207714,2023-06-02,0,0,0,0,0,0
,2187.0453382789306,2187.0453382789306,2187.0453382789306,2187.0453382789306,2187.0453382789306,2023-06-05,0,0,0,0,0,0
,2210.425623625272,2210.425623625272,2210.425623625272,2210.425623625272,2210.425623625272,2023-06-06,0,0,0,0,0,0
,2219.1934047131426,2219.1934047131426,2219.1934047131426,2219.1934047131426,2219.1934047131426,2023-06-07,0,0,0,0,0,0
,2257.13793851376,2257.13793851376,2257.13793851376,2257.13793851376,2257.13793851376,2023-06-08,0,0,0,0,0,0
,2284.463936720568,2284.463936720568,2284.463936720568,2284.463936720568,2284.463936720568,2023-06-09,0,0,0,0,0,0
,2303.947325011856,2303.947325011856,2303.947325011856,2303.947325011856,2303.947325011856,2023-06-12,0,0,0,0,0,0
,2285.292002180139,2285.292002180139,2285.292002180139,2285.292002180139,2285.292002180139,2023-06-13,0,0,0,0,0,0
,2292.1597541124115,2292.1597541124115,2292.1597541124115,2292.1597541124115,2292.1597541124115,2023-06-14,0,0,0,0,0,0
,2294.20536120932,2294.20536120932,2294.20536120932,2294.20536120932,2294.20536120932,2023-06-15,0,0,0,0,0,0
,2302.729859971924,2302.729859971924,2302.729859971924,2302.729859971924,2302.729859971924,2023-06-16,0,0,0,0,0,0
,2317.586040028599,2317.586040028599,2317.586040028599,2317.586040028599,2317.586040028599,2023-06-19,0,0,0,0,0,0
,2303.898643999541,2303.898643999541,2303.898643999541,2303.898643999541,2303.898643999541,2023-06-20,0,0,0,0,0,0
,2320.508651445853,2320.508651445853,2320.508651445853,2320.508651445853,2320.508651445853,2023-06-21,0,0,0,0,0,0
,2332.783501555003,2332.783501555003,2332.783501555003,2332.783501555003,2332.783501555003,2023-06-22,0,0,0,0,0,0
,2356.504712844965,2356.504712844965,2356.504712844965,2356.504712844965,2356.504712844965,2023-06-23,0,0,0,0,0,0
,2336.193133212688,2336.193133212688,2336.193133212688,2336.193133212688,2336.193133212688,2023-06-26,0,0,0,0,0,0
,2325.8179817425366,2325.8179817425366,2325.8179817425366,2325.8179817425366,2325.8179817425366,2023-06-27,0,0,0,0,0,0
,2338.043965175744,2338.043965175744,2338.043965175744,2338.043965175744,2338.043965175744,2023-06-28,0,0,0,0,0,0
,2357.5277728385217,2357.5277728385217,2357.5277728385217,2357.5277728385217,2357.5277728385217,2023-06-30,0,0,0,0,0,0
,2414.225202922609,2414.225202922609,2414.225202922609,2414.225202922609,2414.225202922609,2023-07-03,0,0,0,0,0,0
,2394.7416892168835,2394.7416892168835,2394.7416892168835,2394.7416892168835,2394.7416892168835,2023-07-04,0,0,0,0,0,0
,2397.46929680723,2397.46929680723,2397.46929680723,2397.46929680723,2397.46929680723,2023-07-05,0,0,0,0,0,0
,2404.386140702808,2404.386140702808,2404.386140702808,2404.386140702808,2404.386140702808,2023-07-06,0,0,0,0,0,0
,2418.6580484170604,2418.6580484170604,2418.6580484170604,2418.6580484170604,2418.6580484170604,2023-07-07,0,0,0,0,0,0
,2386.7530373045875,2386.7530373045875,2386.7530373045875,2386.7530373045875,2386.7530373045875,2023-07-10,0,0,0,0,0,0
,2384.0256213192624,2384.0256213192624,2384.0256213192624,2384.0256213192624,2384.0256213192624,2023-07-11,0,0,0,0,0,0
,2416.271124558023,2416.271124558023,2416.271124558023,2416.271124558023,2416.271124558023,2023-07-12,0,0,0,0,0,0
,2402.340096578115,2402.340096578115,2402.340096578115,2402.340096578115,2402.340096578115,2023-07-13,0,0,0,0,0,0
,2386.996642319591,2386.996642319591,2386.996642319591,2386.996642319591,2386.996642319591,2023-07-14,0,0,0,0,0,0
,2411.108015017496,2411.108015017496,2411.108015017496,2411.108015017496,2411.108015017496,2023-07-17,0,0,0,0,0,0
,2405.262623082758,2405.262623082758,2405.262623082758,2405.262623082758,2405.262623082758,2023-07-18,0,0,0,0,0,0
,2410.718058987767,2410.718058987767,2410.718058987767,2410.718058987767,2410.718058987767,2023-07-19,0,0,0,0,0,0
,2429.6172655092355,2429.6172655092355,2429.6172655092355,2429.6172655092355,2429.6172655092355,2023-07-20,0,0,0,0,0,0
,2456.8946945610805,2456.8946945610805,2456.8946945610805,2456.8946945610805,2456.8946945610805,2023-07-21,0,0,0,0,0,0
,2569.55885882584,2569.55885882584,2569.55885882584,2569.55885882584,2569.55885882584,2023-07-24,0,0,0,0,0,0
,2548.467722699559,2548.467722699559,2548.467722699559,2548.467722699559,2548.467722699559,2023-07-25,0,0,0,0,0,0
,2524.1132913985,2524.1132913985,2524.1132913985,2524.1132913985,2524.1132913985,2023-07-26,0,0,0,0,0,0
,2600.050974107036,2600.050974107036,2600.050974107036,2600.050974107036,2600.050974107036,2023-07-27,0,0,0,0,0,0
,2591.478073530437,2591.478073530437,2591.478073530437,2591.478073530437,2591.478073530437,2023-07-28,0,0,0,0,0,0
,2586.4612330542,2586.4612330542,2586.4612330542,2586.4612330542,2586.4612330542,2023-07-31,0,0,0,0,0,0
,2612.1310123263825,2612.1310123263825,2612.1310123263825,2612.1310123263825,2612.1310123263825,2023-08-01,0,0,0,0,0,0
,2593.2393620081925,2593.2393620081925,2593.2393620081925,2593.2393620081925,2593.2393620081925,2023-08-02,0,0,0,0,0,0
,2570.629507570981,2570.629507570981,2570.629507570981,2570.629507570981,2570.629507570981,2023-08-03,0,0,0,0,0,0
,2560.79908171002,2560.79908171002,2560.79908171002,2560.79908171002,2560.79908171002,2023-08-04,0,0,0,0,0,0
,2583.4089453335787,2583.4089453335787,2583.4089453335787,2583.4089453335787,2583.4089453335787,2023-08-07,0,0,0,0,0,0
,2594.2714649771096,2594.2714649771096,2594.2714649771096,2594.2714649771096,2594.2714649771096,2023-08-08,0,0,0,0,0,0
,2590.290209773469,2590.290209773469,2590.290209773469,2590.290209773469,2590.290209773469,2023-08-09,0,0,0,0,0,0
,2595.3037821301805,2595.3037821301805,2595.3037821301805,2595.3037821301805,2595.3037821301805,2023-08-10,0,0,0,0,0,0
,2597.2207700100184,2597.2207700100184,2597.2207700100184,2597.2207700100184,2597.2207700100184,2023-08-11,0,0,0,0,0,0
,2592.256233943249,2592.256233943249,2592.256233943249,2592.256233943249,2592.256233943249,2023-08-14,0,0,0,0,0,0
,2623.7132496036984,2623.7132496036984,2623.7132496036984,2623.7132496036984,2623.7132496036984,2023-08-16,0,0,0,0,0,0
,2645.389354746101,2645.389354746101,2645.389354746101,2645.389354746101,2645.389354746101,2023-08-17,0,0,0,0,0,0
,2605.035773008495,2605.035773008495,2605.035773008495,2605.035773008495,2605.035773008495,2023-08-18,0,0,0,0,0,0
,2597.0241168644384,2597.0241168644384,2597.0241168644384,2597.0241168644384,2597.0241168644384,2023-08-21,0,0,0,0,0,0
,2622.730127187712,2622.730127187712,2622.730127187712,2622.730127187712,2622.730127187712,2023-08-22,0,0,0,0,0,0
,2643.914664535535,2643.914664535535,2643.914664535535,2643.914664535535,2643.914664535535,2023-08-23,0,0,0,0,0,0
,2700.8813963683565,2700.8813963683565,2700.8813963683565,2700.8813963683565,2700.8813963683565,2023-08-24,0,0,0,0,0,0
,2632.0200312859306,2632.0200312859306,2632.0200312859306,2632.0200312859306,2632.0200312859306,2023-08-25,0,0,0,0,0,0
,2608.52565307271,2608.52565307271,2608.52565307271,2608.52565307271,2608.52565307271,2023-08-28,0,0,0,0,0,0
,2664.017825916,2664.017825916,2664.017825916,2664.017825916,2664.017825916,2023-08-29,0,0,0,0,0,0
,2676.7479214154737,2676.7479214154737,2676.7479214154737,2676.7479214154737,2676.7479214154737,2023-08-30,0,0,0,0,0,0
,2673.848060826761,2673.848060826761,2673.848060826761,2673.848060826761,2673.848060826761,2023-08-31,0,0,0,0,0,0
,2664.017568257907,2664.017568257907,2664.017568257907,2664.017568257907,2664.017568257907,2023-09-01,0,0,0,0,0,0
,2686.627433729209,2686.627433729209,2686.627433729209,2686.627433729209,2686.627433729209,2023-09-04,0,0,0,0,0,0
,2674.3394206427047,2674.3394206427047,2674.3394206427047,2674.3394206427047,2674.3394206427047,2023-09-05,0,0,0,0,0,0
,2693.508612317878,2693.508612317878,2693.508612317878,2693.508612317878,2693.508612317878,2023-09-06,0,0,0,0,0,0
,2686.6274955497342,2686.6274955497342,2686.6274955497342,2686.6274955497342,2686.6274955497342,2023-09-07,0,0,0,0,0,0
,2838.9976065536307,2838.9976065536307,2838.9976065536307,2838.9976065536307,2838.9976065536307,2023-09-08,0,0,0,0,0,0
,2855.709082930629,2855.709082930629,2855.709082930629,2855.709082930629,2855.709082930629,2023-09-11,0,0,0,0,0,0
,2901.5184948693486,2901.5184948693486,2901.5184948693486,2901.5184948693486,2901.5184948693486,2023-09-12,0,0,0,0,0,0
,2893.5556370174218,2893.5556370174218,2893.5556370174218,2893.5556370174218,2893.5556370174218,2023-09-13,0,0,0,0,0,0
,2875.271036401324,2875.271036401324,2875.271036401324,2875.271036401324,2875.271036401324,2023-09-14,0,0,0,0,0,0
,2883.233822929619,2883.233822929619,2883.233822929619,2883.233822929619,2883.233822929619,2023-09-15,0,0,0,0,0,0
,2860.62392085558,2860.62392085558,2860.62392085558,2860.62392085558,2860.62392085558,2023-09-18,0,0,0,0,0,0
,2877.2863747995616,2877.2863747995616,2877.2863747995616,2877.2863747995616,2877.2863747995616,2023-09-20,0,0,0,0,0,0
,2836.097375315198,2836.097375315198,2836.097375315198,2836.097375315198,2836.097375315198,2023-09-21,0,0,0,0,0,0
,2859.3462152141647,2859.3462152141647,2859.3462152141647,2859.3462152141647,2859.3462152141647,2023-09-22,0,0,0,0,0,0
,2868.439267018743,2868.439267018743,2868.439267018743,2868.439267018743,2868.439267018743,2023-09-25,0,0,0,0,0,0
,2865.5394849287145,2865.5394849287145,2865.5394849287145,2865.5394849287145,2865.5394849287145,2023-09-26,0,0,0,0,0,0
,2872.42040141311,2872.42040141311,2872.42040141311,2872.42040141311,2872.42040141311,2023-09-27,0,0,0,0,0,0
,2938.283567632631,2938.283567632631,2938.283567632631,2938.283567632631,2938.283567632631,2023-09-28,0,0,0,0,0,0
,2988.418393016862,2988.418393016862,2988.418393016862,2988.418393016862,2988.418393016862,2023-09-29,0,0,0,0,0,0
,2988.909937748808,2988.909937748808,2988.909937748808,2988.909937748808,2988.909937748808,2023-10-03,0,0,0,0,0,0
,3012.109542900896,3012.109542900896,3012.109542900896,3012.109542900896,3012.109542900896,2023-10-04,0,0,0,0,0,0
,2981.0947801948587,2981.0947801948587,2981.0947801948587,2981.0947801948587,2981.0947801948587,2023-10-05,0,0,0,0,0,0
,3062.0967138048354,3062.0967138048354,3062.0967138048354,3062.0967138048354,3062.0967138048354,2023-10-06,0,0,0,0,0,0
,3022.8242545579947,3022.8242545579947,3022.8242545579947,3022.8242545579947,3022.8242545579947,2023-10-09,0,0,0,0,0,0
,3021.694193558358,3021.694193558358,3021.694193558358,3021.694193558358,3021.694193558358,2023-10-10,0,0,0,0,0,0
,3037.5699822508573,3037.5699822508573,3037.5699822508573,3037.5699822508573,3037.5699822508573,2023-10-11,0,0,0,0,0,0
,3041.502107289892,3041.502107289892,3041.502107289892,3041.502107289892,3041.502107289892,2023-10-12,0,0,0,0,0,0
,3015.6974055792325,3015.6974055792325,3015.6974055792325,3015.6974055792325,3015.6974055792325,2023-10-13,0,0,0,0,0,0
,3046.3681688631154,3046.3681688631154,3046.3681688631154,3046.3681688631154,3046.3681688631154,2023-10-16,0,0,0,0,0,0
,3057.1322843100943,3057.1322843100943,3057.1322843100943,3057.1322843100943,3057.1322843100943,2023-10-17,0,0,0,0,0,0
,3016.5820428973298,3016.5820428973298,3016.5820428973298,3016.5820428973298,3016.5820428973298,2023-10-18,0,0,0,0,0,0
,2974.262834354896,2974.262834354896,2974.262834354896,2974.262834354896,2974.262834354896,2023-10-19,0,0,0,0,0,0
,2988.369097261428,2988.369097261428,2988.369097261428,2988.369097261428,2988.369097261428,2023-10-20,0,0,0,0,0,0
,2952.046235692957,2952.046235692957,2952.046235692957,2952.046235692957,2952.046235692957,2023-10-23,0,0,0,0,0,0
,2908.7925954254843,2908.7925954254843,2908.7925954254843,2908.7925954254843,2908.7925954254843,2023-10-25,0,0,0,0,0,0
,2856.6920731088903,2856.6920731088903,2856.6920731088903,2856.6920731088903,2856.6920731088903,2023-10-26,0,0,0,0,0,0
,2816.0436642510904,2816.0436642510904,2816.0436642510904,2816.0436642510904,2816.0436642510904,2023-10-27,0,0,0,0,0,0
,2850.007305377096,2850.007305377096,2850.007305377096,2850.007305377096,2850.007305377096,2023-10-30,0,0,0,0,0,0
,2880.235707371812,2880.235707371812,2880.235707371812,2880.235707371812,2880.235707371812,2023-10-31,0,0,0,0,0,0
,2897.438624551836,2897.438624551836,2897.438624551836,2897.438624551836,2897.438624551836,2023-11-01,0,0,0,0,0,0
,2885.1998199043587,2885.1998199043587,2885.1998199043587,2885.1998199043587,2885.1998199043587,2023-11-02,0,0,0,0,0,0
,2884.2167680267817,2884.2167680267817,2884.2167680267817,2884.2167680267817,2884.2167680267817,2023-11-03,0,0,0,0,0,0
,2883.233946858254,2883.233946858254,2883.233946858254,2883.233946858254,2883.233946858254,2023-11-06,0,0,0,0,0,0
,2919.6060442797034,2919.6060442797034,2919.6060442797034,2919.6060442797034,2919.6060442797034,2023-11-07,0,0,0,0,0,0
,2924.226224553206,2924.226224553206,2924.226224553206,2924.226224553206,2924.226224553206,2023-11-08,0,0,0,0,0,0
,2952.0460385675747,2952.0460385675747,2952.0460385675747,2952.0460385675747,2952.0460385675747,2023-11-09,0,0,0,0,0,0
,2969.790011978774,2969.790011978774,2969.790011978774,2969.790011978774,2969.790011978774,2023-11-10,0,0,0,0,0,0
,2998.248718471943,2998.248718471943,2998.248718471943,2998.248718471943,2998.248718471943,2023-11-13,0,0,0,0,0,0
,3010.389328150513,3010.389328150513,3010.389328150513,3010.389328150513,3010.389328150513,2023-11-15,0,0,0,0,0,0
,3006.0638185745934,3006.0638185745934,3006.0638185745934,3006.0638185745934,3006.0638185745934,2023-11-16,0,0,0,0,0,0
,2998.248650276918,2998.248650276918,2998.248650276918,2998.248650276918,2998.248650276918,2023-11-17,0,0,0,0,0,0
,3042.5835326847646,3042.5835326847646,3042.5835326847646,3042.5835326847646,3042.5835326847646,2023-11-20,0,0,0,0,0,0
,3036.09554224331,3036.09554224331,3036.09554224331,3036.09554224331,3036.09554224331,2023-11-21,0,0,0,0,0,0
,3022.677189239935,3022.677189239935,3022.677189239935,3022.677189239935,3022.677189239935,2023-11-22,0,0,0,0,0,0
,3027.739669684493,3027.739669684493,3027.739669684493,3027.739669684493,3027.739669684493,2023-11-23,0,0,0,0,0,0
,2998.248626241866,2998.248626241866,2998.248626241866,2998.248626241866,2998.248626241866,2023-11-24,0,0,0,0,0,0
,3002.180908843494,3002.180908843494,3002.180908843494,3002.180908843494,3002.180908843494,2023-11-28,0,0,0,0,0,0
,2998.2486834021583,2998.2486834021583,2998.2486834021583,2998.2486834021583,2998.2486834021583,2023-11-29,0,0,0,0,0,0
,3024.1024239342632,3024.1024239342632,3024.1024239342632,3024.1024239342632,3024.1024239342632,2023-11-30,0,0,0,0,0,0
,3076.8419493120086,3076.8419493120086,3076.8419493120086,3076.8419493120086,3076.8419493120086,2023-12-01,0,0,0,0,0,0
,3229.2612825931287,3229.2612825931287,3229.2612825931287,3229.2612825931287,3229.2612825931287,2023-12-04,0,0,0,0,0,0
,3262.733592562646,3262.733592562646,3262.733592562646,3262.733592562646,3262.733592562646,2023-12-05,0,0,0,0,0,0
,3273.4977586317705,3273.4977586317705,3273.4977586317705,3273.4977586317705,3273.4977586317705,2023-12-06,0,0,0,0,0,0
,3334.7408148264217,3334.7408148264217,3334.7408148264217,3334.7408148264217,3334.7408148264217,2023-12-07,0,0,0,0,0,0
,3319.7003834549623,3319.7003834549623,3319.7003834549623,3319.7003834549623,3319.7003834549623,2023-12-08,0,0,0,0,0,0
,3320.6341740503703,3320.6341740503703,3320.6341740503703,3320.6341740503703,3320.6341740503703,2023-12-11,0,0,0,0,0,0
,3317.734206714598,3317.734206714598,3317.734206714598,3317.734206714598,3317.734206714598,2023-12-12,0,0,0,0,0,0
,3296.058362500444,3296.058362500444,3296.058362500444,3296.058362500444,3296.058362500444,2023-12-13,0,0,0,0,0,0
,3367.819807144505,3367.819807144505,3367.819807144505,3367.819807144505,3367.819807144505,2023-12-14,0,0,0,0,0,0
,3376.8635379597545,3376.8635379597545,3376.8635379597545,3376.8635379597545,3376.8635379597545,2023-12-15,0,0,0,0,0,0
,3436.681203507805,3436.681203507805,3436.681203507805,3436.681203507805,3436.681203507805,2023-12-18,0,0,0,0,0,0
,3429.750731011291,3429.750731011291,3429.750731011291,3429.750731011291,3429.750731011291,2023-12-19,0,0,0,0,0,0
,3445.528392158476,3445.528392158476,3445.528392158476,3445.528392158476,3445.528392158476,2023-12-20,0,0,0,0,0,0
,3332.529032162412,3332.529032162412,3332.529032162412,3332.529032162412,3332.529032162412,2023-12-21,0,0,0,0,0,0
,3365.90270947346,3365.90270947346,3365.90270947346,3365.90270947346,3365.90270947346,2023-12-22,0,0,0,0,0,0
,3418.937244057978,3418.937244057978,3418.937244057978,3418.937244057978,3418.937244057978,2023-12-26,0,0,0,0,0,0
,3450.443598831212,3450.443598831212,3450.443598831212,3450.443598831212,3450.443598831212,2023-12-27,0,0,0,0,0,0
,3484.8498528757905,3484.8498528757905,3484.8498528757905,3484.8498528757905,3484.8498528757905,2023-12-28,0,0,0,0,0,0
,3471.0872809658385,3471.0872809658385,3471.0872809658385,3471.0872809658385,3471.0872809658385,2023-12-29,0,0,0,0,0,0
,3477.968451638937,3477.968451638937,3477.968451638937,3477.968451638937,3477.968451638937,2024-01-01,0,0,0,0,0,0
,3465.2382880568675,3465.2382880568675,3465.2382880568675,3465.2382880568675,3465.2382880568675,2024-01-02,0,0,0,0,0,0
,3374.749958237751,3374.749958237751,3374.749958237751,3374.749958237751,3374.749958237751,2024-01-03,0,0,0,0,0,0
,3382.663491164596,3382.663491164596,3382.663491164596,3382.663491164596,3382.663491164596,2024-01-04,0,0,0,0,0,0
,3406.1579561931667,3406.1579561931667,3406.1579561931667,3406.1579561931667,3406.1579561931667,2024-01-05,0,0,0,0,0,0
,3479.9344416438303,3479.9344416438303,3479.9344416438303,3479.9344416438303,3479.9344416438303,2024-01-08,0,0,0,0,0,0
,3467.597348096857,3467.597348096857,3467.597348096857,3467.597348096857,3467.597348096857,2024-01-09,0,0,0,0,0,0
,3489.715754691779,3489.715754691779,3489.715754691779,3489.715754691779,3489.715754691779,2024-01-10,0,0,0,0,0,0
,3485.3410264487006,3485.3410264487006,3485.3410264487006,3485.3410264487006,3485.3410264487006,2024-01-11,0,0,0,0,0,0
,3445.5775381734243,3445.5775381734243,3445.5775381734243,3445.5775381734243,3445.5775381734243,2024-01-12,0,0,0,0,0,0
,3515.4221289211832,3515.4221289211832,3515.4221289211832,3515.4221289211832,3515.4221289211832,2024-01-15,0,0,0,0,0,0
,3487.798642841839,3487.798642841839,3487.798642841839,3487.798642841839,3487.798642841839,2024-01-16,0,0,0,0,0,0
,3494.680056781437,3494.680056781437,3494.680056781437,3494.680056781437,3494.680056781437,2024-01-17,0,0,0,0,0,0
,3510.2120074684813,3510.2120074684813,3510.2120074684813,3510.2120074684813,3510.2120074684813,2024-01-18,0,0,0,0,0,0
,3541.865594827272,3541.865594827272,3541.865594827272,3541.865594827272,3541.865594827272,2024-01-19,0,0,0,0,0,0
,3575.8784984849062,3575.8784984849062,3575.8784984849062,3575.8784984849062,3575.8784984849062,2024-01-23,0,0,0,0,0,0
,3509.425630807157,3509.425630807157,3509.425630807157,3509.425630807157,3509.425630807157,2024-01-24,0,0,0,0,0,0
,3538.818049700548,3538.818049700548,3538.818049700548,3538.818049700548,3538.818049700548,2024-01-25,0,0,0,0,0,0
,3542.8483818243494,3542.8483818243494,3542.8483818243494,3542.8483818243494,3542.8483818243494,2024-01-29,0,0,0,0,0,0
,3652.8991419242775,3652.8991419242775,3652.8991419242775,3652.8991419242775,3652.8991419242775,2024-01-30,0,0,0,0,0,0
,3460.273838817444,3460.273838817444,3460.273838817444,3460.273838817444,3460.273838817444,2024-01-31,0,0,0,0,0,0
,3420.952648501876,3420.952648501876,3420.952648501876,3420.952648501876,3420.952648501876,2024-02-01,0,0,0,0,0,0
,3344.9640731096847,3344.9640731096847,3344.9640731096847,3344.9640731096847,3344.9640731096847,2024-02-02,0,0,0,0,0,0
,3318.2256814969937,3318.2256814969937,3318.2256814969937,3318.2256814969937,3318.2256814969937,2024-02-05,0,0,0,0,0,0
,3289.226158100314,3289.226158100314,3289.226158100314,3289.226158100314,3289.226158100314,2024-02-06,0,0,0,0,0,0
,3386.546428467918,3386.546428467918,3386.546428467918,3386.546428467918,3386.546428467918,2024-02-07,0,0,0,0,0,0
,3355.089551337529,3355.089551337529,3355.089551337529,3355.089551337529,3355.089551337529,2024-02-08,0,0,0,0,0,0
,3279.641811825158,3279.641811825158,3279.641811825158,3279.641811825158,3279.641811825158,2024-02-09,0,0,0,0,0,0
,3273.497740318375,3273.497740318375,3273.497740318375,3273.497740318375,3273.497740318375,2024-02-12,0,0,0,0,0,0
,3255.803282120277,3255.803282120277,3255.803282120277,3255.803282120277,3255.803282120277,2024-02-13,0,0,0,0,0,0
,3234.2255891152977,3234.2255891152977,3234.2255891152977,3234.2255891152977,3234.2255891152977,2024-02-14,0,0,0,0,0,0
,3252.854091376783,3252.854091376783,3252.854091376783,3252.854091376783,3252.854091376783,2024-02-15,0,0,0,0,0,0
,3248.872577202508,3248.872577202508,3248.872577202508,3248.872577202508,3248.872577202508,2024-02-16,0,0,0,0,0,0
,3342.8506792338067,3342.8506792338067,3342.8506792338067,3342.8506792338067,3342.8506792338067,2024-02-19,0,0,0,0,0,0
,3283.1807940708886,3283.1807940708886,3283.1807940708886,3283.1807940708886,3283.1807940708886,2024-02-20,0,0,0,0,0,0
,3299.941231179559,3299.941231179559,3299.941231179559,3299.941231179559,3299.941231179559,2024-02-21,0,0,0,0,0,0
,3253.83706031099,3253.83706031099,3253.83706031099,3253.83706031099,3253.83706031099,2024-02-22,0,0,0,0,0,0
,3306.675020932053,3306.675020932053,3306.675020932053,3306.675020932053,3306.675020932053,2024-02-23,0,0,0,0,0,0
,3342.3099095564894,3342.3099095564894,3342.3099095564894,3342.3099095564894,3342.3099095564894,2024-02-26,0,0,0,0,0,0
,3416.0372949709936,3416.0372949709936,3416.0372949709936,3416.0372949709936,3416.0372949709936,2024-02-27,0,0,0,0,0,0
,3445.528175194786,3445.528175194786,3445.528175194786,3445.528175194786,3445.528175194786,2024-02-28,0,0,0,0,0,0
,3425.867732445384,3425.867732445384,3425.867732445384,3425.867732445384,3425.867732445384,2024-02-29,0,0,0,0,0,0
,3442.2349942450974,3442.2349942450974,3442.2349942450974,3442.2349942450974,3442.2349942450974,2024-03-01,0,0,0,0,0,0
,3607.728829963852,3607.728829963852,3607.728829963852,3607.728829963852,3607.728829963852,2024-03-04,0,0,0,0,0,0
,3569.586991935605,3569.586991935605,3569.586991935605,3569.586991935605,3569.586991935605,2024-03-05,0,0,0,0,0,0
,3556.6110556652293,3556.6110556652293,3556.6110556652293,3556.6110556652293,3556.6110556652293,2024-03-06,0,0,0,0,0,0
,3598.6354717054296,3598.6354717054296,3598.6354717054296,3598.6354717054296,3598.6354717054296,2024-03-07,0,0,0,0,0,0
,3637.219909900135,3637.219909900135,3637.219909900135,3637.219909900135,3637.219909900135,2024-03-11,0,0,0,0,0,0
,3577.3038813071857,3577.3038813071857,3577.3038813071857,3577.3038813071857,3577.3038813071857,2024-03-12,0,0,0,0,0,0
,3573.2243031876847,3573.2243031876847,3573.2243031876847,3573.2243031876847,3573.2243031876847,2024-03-13,0,0,0,0,0,0
,3467.204315321638,3467.204315321638,3467.204315321638,3467.204315321638,3467.204315321638,2024-03-14,0,0,0,0,0,0
,3536.950427542037,3536.950427542037,3536.950427542037,3536.950427542037,3536.950427542037,2024-03-15,0,0,0,0,0,0
,3477.132682851996,3477.132682851996,3477.132682851996,3477.132682851996,3477.132682851996,2024-03-18,0,0,0,0,0,0
,3480.9176442134026,3480.9176442134026,3480.9176442134026,3480.9176442134026,3480.9176442134026,2024-03-19,0,0,0,0,0,0
,3443.3166546278585,3443.3166546278585,3443.3166546278585,3443.3166546278585,3443.3166546278585,2024-03-20,0,0,0,0,0,0
,3465.3364409688484,3465.3364409688484,3465.3364409688484,3465.3364409688484,3465.3364409688484,2024-03-21,0,0,0,0,0,0
,3486.0293371969537,3486.0293371969537,3486.0293371969537,3486.0293371969537,3486.0293371969537,2024-03-22,0,0,0,0,0,0
,3543.831646015062,3543.831646015062,3543.831646015062,3543.831646015062,3543.831646015062,2024-03-26,0,0,0,0,0,0
,3620.508368061104,3620.508368061104,3620.508368061104,3620.508368061104,3620.508368061104,2024-03-27,0,0,0,0,0,0
,3643.658638595526,3643.658638595526,3643.658638595526,3643.658638595526,3643.658638595526,2024-03-28,0,0,0,0,0,0
,3716.697970808546,3716.697970808546,3716.697970808546,3716.697970808546,3716.697970808546,2024-04-01,0,0,0,0,0,0
,3784.478079921172,3784.478079921172,3784.478079921172,3784.478079921172,3784.478079921172,2024-04-02,0,0,0,0,0,0
,3735.2280603905615,3735.2280603905615,3735.2280603905615,3735.2280603905615,3735.2280603905615,2024-04-03,0,0,0,0,0,0
,3740.339609743757,3740.339609743757,3740.339609743757,3740.339609743757,3740.339609743757,2024-04-04,0,0,0,0,0,0
,3706.130251588917,3706.130251588917,3706.130251588917,3706.130251588917,3706.130251588917,2024-04-05,0,0,0,0,0,0
,3681.45630839201,3681.45630839201,3681.45630839201,3681.45630839201,3681.45630839201,2024-04-08,0,0,0,0,0,0
,3755.1838138167886,3755.1838138167886,3755.1838138167886,3755.1838138167886,3755.1838138167886,2024-04-09,0,0,0,0,0,0
,3735.522806157532,3735.522806157532,3735.522806157532,3735.522806157532,3735.522806157532,2024-04-10,0,0,0,0,0,0
,3686.322116558421,3686.322116558421,3686.322116558421,3686.322116558421,3686.322116558421,2024-04-12,0,0,0,0,0,0
,3564.52444732508,3564.52444732508,3564.52444732508,3564.52444732508,3564.52444732508,2024-04-15,0,0,0,0,0,0
,3519.3050076932896,3519.3050076932896,3519.3050076932896,3519.3050076932896,3519.3050076932896,2024-04-16,0,0,0,0,0,0
,3501.5120864898577,3501.5120864898577,3501.5120864898577,3501.5120864898577,3501.5120864898577,2024-04-18,0,0,0,0,0,0
,3465.188924390691,3465.188924390691,3465.188924390691,3465.188924390691,3465.188924390691,2024-04-19,0,0,0,0,0,0
,3508.1966556579137,3508.1966556579137,3508.1966556579137,3508.1966556579137,3508.1966556579137,2024-04-22,0,0,0,0,0,0
,3571.1106694558407,3571.1106694558407,3571.1106694558407,3571.1106694558407,3571.1106694558407,2024-04-23,0,0,0,0,0,0
,3555.1855097527296,3555.1855097527296,3555.1855097527296,3555.1855097527296,3555.1855097527296,2024-04-24,0,0,0,0,0,0
,3554.7433784756945,3554.7433784756945,3554.7433784756945,3554.7433784756945,3554.7433784756945,2024-04-25,0,0,0,0,0,0
,3590.0342841106994,3590.0342841106994,3590.0342841106994,3590.0342841106994,3590.0342841106994,2024-04-26,0,0,0,0,0,0
,3544.913057183897,3544.913057183897,3544.913057183897,3544.913057183897,3544.913057183897,2024-04-29,0,0,0,0,0,0
,3577.254730576903,3577.254730576903,3577.254730576903,3577.254730576903,3577.254730576903,2024-04-30,0,0,0,0,0,0
,3529.1354408445814,3529.1354408445814,3529.1354408445814,3529.1354408445814,3529.1354408445814,2024-05-02,0,0,0,0,0,0
,3548.7468675840228,3548.7468675840228,3548.7468675840228,3548.7468675840228,3548.7468675840228,2024-05-03,0,0,0,0,0,0
,3463.026560163976,3463.026560163976,3463.026560163976,3463.026560163976,3463.026560163976,2024-05-06,0,0,0,0,0,0
,3420.362883628184,3420.362883628184,3420.362883628184,3420.362883628184,3420.362883628184,2024-05-07,0,0,0,0,0,0
,3370.818004699296,3370.818004699296,3370.818004699296,3370.818004699296,3370.818004699296,2024-05-08,0,0,0,0,0,0
,3256.5404459914744,3256.5404459914744,3256.5404459914744,3256.5404459914744,3256.5404459914744,2024-05-09,0,0,0,0,0,0
,3225.919084549805,3225.919084549805,3225.919084549805,3225.919084549805,3225.919084549805,2024-05-10,0,0,0,0,0,0
,3211.615866827031,3211.615866827031,3211.615866827031,3211.615866827031,3211.615866827031,2024-05-13,0,0,0,0,0,0
,3244.006770008901,3244.006770008901,3244.006770008901,3244.006770008901,3244.006770008901,2024-05-14,0,0,0,0,0,0
,3332.479576402101,3332.479576402101,3332.479576402101,3332.479576402101,3332.479576402101,2024-05-15,0,0,0,0,0,0
,3370.768718156894,3370.768718156894,3370.768718156894,3370.768718156894,3370.768718156894,2024-05-16,0,0,0,0,0,0
,3416.9713425077857,3416.9713425077857,3416.9713425077857,3416.9713425077857,3416.9713425077857,2024-05-17,0,0,0,0,0,0
,3399.3259354549778,3399.3259354549778,3399.3259354549778,3399.3259354549778,3399.3259354549778,2024-05-21,0,0,0,0,0,0
,3391.510887914321,3391.510887914321,3391.510887914321,3391.510887914321,3391.510887914321,2024-05-22,0,0,0,0,0,0
,3402.1764416734054,3402.1764416734054,3402.1764416734054,3402.1764416734054,3402.1764416734054,2024-05-23,0,0,0,0,0,0
,3525.1540577951887,3525.1540577951887,3525.1540577951887,3525.1540577951887,3525.1540577951887,2024-05-24,0,0,0,0,0,0
,3583.05431026439,3583.05431026439,3583.05431026439,3583.05431026439,3583.05431026439,2024-05-27,0,0,0,0,0,0
,3590.0341536601704,3590.0341536601704,3590.0341536601704,3590.0341536601704,3590.0341536601704,2024-05-28,0,0,0,0,0,0
,3549.7297590075214,3549.7297590075214,3549.7297590075214,3549.7297590075214,3549.7297590075214,2024-05-29,0,0,0,0,0,0
,3564.524454173408,3564.524454173408,3564.524454173408,3564.524454173408,3564.524454173408,2024-05-30,0,0,0,0,0,0
,3574.6988620799234,3574.6988620799234,3574.6988620799234,3574.6988620799234,3574.6988620799234,2024-05-31,0,0,0,0,0,0
,3789.9828135864914,3789.9828135864914,3789.9828135864914,3789.9828135864914,3789.9828135864914,2024-06-03,0,0,0,0,0,0
,3786.6405226526304,3786.6405226526304,3786.6405226526304,3786.6405226526304,3786.6405226526304,2024-06-04,0,0,0,0,0,0
,3383.106023885246,3383.106023885246,3383.106023885246,3383.106023885246,3383.106023885246,2024-06-05,0,0,0,0,0,0
,3379.6653320036944,3379.6653320036944,3379.6653320036944,3379.6653320036944,3379.6653320036944,2024-06-06,0,0,0,0,0,0
,3406.25628373822,3406.25628373822,3406.25628373822,3406.25628373822,3406.25628373822,2024-06-07,0,0,0,0,0,0
,3461.3060635247307,3461.3060635247307,3461.3060635247307,3461.3060635247307,3461.3060635247307,2024-06-10,0,0,0,0,0,0
,3509.4254476256383,3509.4254476256383,3509.4254476256383,3509.4254476256383,3509.4254476256383,2024-06-11,0,0,0,0,0,0
,3553.661949605066,3553.661949605066,3553.661949605066,3553.661949605066,3553.661949605066,2024-06-12,0,0,0,0,0,0
,3603.305029548159,3603.305029548159,3603.305029548159,3603.305029548159,3603.305029548159,2024-06-13,0,0,0,0,0,0
,3654.914336088517,3654.914336088517,3654.914336088517,3654.914336088517,3654.914336088517,2024-06-14,0,0,0,0,0,0
,3645.083838799685,3645.083838799685,3645.083838799685,3645.083838799685,3645.083838799685,2024-06-18,0,0,0,0,0,0
,3627.3895487993927,3627.3895487993927,3627.3895487993927,3627.3895487993927,3627.3895487993927,2024-06-19,0,0,0,0,0,0
,3551.8243540135686,3551.8243540135686,3551.8243540135686,3551.8243540135686,3551.8243540135686,2024-06-20,0,0,0,0,0,0
,3570.7481998456587,3570.7481998456587,3570.7481998456587,3570.7481998456587,3570.7481998456587,2024-06-21,0,0,0,0,0,0
,3487.821481155492,3487.821481155492,3487.821481155492,3487.821481155492,3487.821481155492,2024-06-24,0,0,0,0,0,0
,3523.6373620686804,3523.6373620686804,3523.6373620686804,3523.6373620686804,3523.6373620686804,2024-06-25,0,0,0,0,0,0
,3567.7262697674155,3567.7262697674155,3567.7262697674155,3567.7262697674155,3567.7262697674155,2024-06-26,0,0,0,0,0,0
,3564.209017285815,3564.209017285815,3564.209017285815,3564.209017285815,3564.209017285815,2024-06-27,0,0,0,0,0,0
,3507.289749024576,3507.289749024576,3507.289749024576,3507.289749024576,3507.289749024576,2024-06-28,0,0,0,0,0,0
,3502.5340870656305,3502.5340870656305,3502.5340870656305,3502.5340870656305,3502.5340870656305,2024-07-01,0,0,0,0,0,0
,3502.385541573321,3502.385541573321,3502.385541573321,3502.385541573321,3502.385541573321,2024-07-02,0,0,0,0,0,0
,3616.6202346651207,3616.6202346651207,3616.6202346651207,3616.6202346651207,3616.6202346651207,2024-07-03,0,0,0,0,0,0
,3582.686796593475,3582.686796593475,3582.686796593475,3582.686796593475,3582.686796593475,2024-07-04,0,0,0,0,0,0
,3540.2822482724014,3540.2822482724014,3540.2822482724014,3540.2822482724014,3540.2822482724014,2024-07-05,0,0,0,0,0,0
,3606.464948630707,3606.464948630707,3606.464948630707,3606.464948630707,3606.464948630707,2024-07-08,0,0,0,0,0,0
,3616.273522866348,3616.273522866348,3616.273522866348,3616.273522866348,3616.273522866348,2024-07-09,0,0,0,0,0,0
,3650.999592405431,3650.999592405431,3650.999592405431,3650.999592405431,3650.999592405431,2024-07-10,0,0,0,0,0,0
,3626.181086791514,3626.181086791514,3626.181086791514,3626.181086791514,3626.181086791514,2024-07-11,0,0,0,0,0,0
,3596.45833837869,3596.45833837869,3596.45833837869,3596.45833837869,3596.45833837869,2024-07-12,0,0,0,0,0,0
,3636.0885264472968,3636.0885264472968,3636.0885264472968,3636.0885264472968,3636.0885264472968,2024-07-15,0,0,0,0,0,0
,3612.4095587798215,3612.4095587798215,3612.4095587798215,3612.4095587798215,3612.4095587798215,2024-07-16,0,0,0,0,0,0
,3606.3657548731135,3606.3657548731135,3606.3657548731135,3606.3657548731135,3606.3657548731135,2024-07-18,0,0,0,0,0,0
,3617.264147674278,3617.264147674278,3617.264147674278,3617.264147674278,3617.264147674278,2024-07-19,0,0,0,0,0,0
,3584.469920006228,3584.469920006228,3584.469920006228,3584.469920006228,3584.469920006228,2024-07-22,0,0,0,0,0,0
,3635.692415852077,3635.692415852077,3635.692415852077,3635.692415852077,3635.692415852077,2024-07-23,0,0,0,0,0,0
,3516.206689291588,3516.206689291588,3516.206689291588,3516.206689291588,3516.206689291588,2024-07-24,0,0,0,0,0,0
,3506.2991890603626,3506.2991890603626,3506.2991890603626,3506.2991890603626,3506.2991890603626,2024-07-25,0,0,0,0,0,0
,3595.4673944643587,3595.4673944643587,3595.4673944643587,3595.4673944643587,3595.4673944643587,2024-07-26,0,0,0,0,0,0
,3666.802205120295,3666.802205120295,3666.802205120295,3666.802205120295,3666.802205120295,2024-07-29,0,0,0,0,0,0
,3739.969946119707,3739.969946119707,3739.969946119707,3739.969946119707,3739.969946119707,2024-07-30,0,0,0,0,0,0
,3742.1494918483113,3742.1494918483113,3742.1494918483113,3742.1494918483113,3742.1494918483113,2024-07-31,0,0,0,0,0,0
,3774.7949404176857,3774.7949404176857,3774.7949404176857,3774.7949404176857,3774.7949404176857,2024-08-01,0,0,0,0,0,0
,3695.881139197811,3695.881139197811,3695.881139197811,3695.881139197811,3695.881139197811,2024-08-02,0,0,0,0,0,0
,3563.7630621462454,3563.7630621462454,3563.7630621462454,3563.7630621462454,3563.7630621462454,2024-08-05,0,0,0,0,0,0
,3515.215894468333,3515.215894468333,3515.215894468333,3515.215894468333,3515.215894468333,2024-08-06,0,0,0,0,0,0
,3596.458311189059,3596.458311189059,3596.458311189059,3596.458311189059,3596.458311189059,2024-08-07,0,0,0,0,0,0
,3587.5413009561235,3587.5413009561235,3587.5413009561235,3587.5413009561235,3587.5413009561235,2024-08-08,0,0,0,0,0,0
,3566.7353789703648,3566.7353789703648,3566.7353789703648,3566.7353789703648,3566.7353789703648,2024-08-09,0,0,0,0,0,0
,3545.9294853625324,3545.9294853625324,3545.9294853625324,3545.9294853625324,3545.9294853625324,2024-08-12,0,0,0,0,0,0
,3546.920337007265,3546.920337007265,3546.920337007265,3546.920337007265,3546.920337007265,2024-08-13,0,0,0,0,0,0
,3526.0645978570737,3526.0645978570737,3526.0645978570737,3526.0645978570737,3526.0645978570737,2024-08-14,0,0,0,0,0,0
,3544.938665275676,3544.938665275676,3544.938665275676,3544.938665275676,3544.938665275676,2024-08-16,0,0,0,0,0,0
,3566.587018331604,3566.587018331604,3566.587018331604,3566.587018331604,3566.587018331604,2024-08-19,0,0,0,0,0,0
,3529.086661893691,3529.086661893691,3529.086661893691,3529.086661893691,3529.086661893691,2024-08-20,0,0,0,0,0,0
,3556.827875990509,3556.827875990509,3556.827875990509,3556.827875990509,3556.827875990509,2024-08-21,0,0,0,0,0,0
,3573.7202592470203,3573.7202592470203,3573.7202592470203,3573.7202592470203,3573.7202592470203,2024-08-22,0,0,0,0,0,0
,3573.1753203821986,3573.1753203821986,3573.1753203821986,3573.1753203821986,3573.1753203821986,2024-08-23,0,0,0,0,0,0
,3577.633907640444,3577.633907640444,3577.633907640444,3577.633907640444,3577.633907640444,2024-08-26,0,0,0,0,0,0
,3608.991152703212,3608.991152703212,3608.991152703212,3608.991152703212,3608.991152703212,2024-08-27,0,0,0,0,0,0
,3670.7652176002025,3670.7652176002025,3670.7652176002025,3670.7652176002025,3670.7652176002025,2024-08-28,0,0,0,0,0,0
,3656.399211932385,3656.399211932385,3656.399211932385,3656.399211932385,3656.399211932385,2024-08-29,0,0,0,0,0,0
,3683.992060763176,3683.992060763176,3683.992060763176,3683.992060763176,3683.992060763176,2024-08-30,0,0,0,0,0,0
,3671.755930308264,3671.755930308264,3671.755930308264,3671.755930308264,3671.755930308264,2024-09-02,0,0,0,0,0,0
,3659.8171817795615,3659.8171817795615,3659.8171817795615,3659.8171817795615,3659.8171817795615,2024-09-03,0,0,0,0,0,0
,3616.2735058407375,3616.2735058407375,3616.2735058407375,3616.2735058407375,3616.2735058407375,2024-09-04,0,0,0,0,0,0
,3634.107024290044,3634.107024290044,3634.107024290044,3634.107024290044,3634.107024290044,2024-09-05,0,0,0,0,0,0
,3581.6960064328896,3581.6960064328896,3581.6960064328896,3581.6960064328896,3581.6960064328896,2024-09-06,0,0,0,0,0,0
,3550.883366854938,3550.883366854938,3550.883366854938,3550.883366854938,3550.883366854938,2024-09-09,0,0,0,0,0,0
,3551.8740229860086,3551.8740229860086,3551.8740229860086,3551.8740229860086,3551.8740229860086,2024-09-10,0,0,0,0,0,0
,3561.7817251150263,3561.7817251150263,3561.7817251150263,3561.7817251150263,3561.7817251150263,2024-09-11,0,0,0,0,0,0
,3525.12359528144,3525.12359528144,3525.12359528144,3525.12359528144,3525.12359528144,2024-09-12,0,0,0,0,0,0
,3588.5320727667454,3588.5320727667454,3588.5320727667454,3588.5320727667454,3588.5320727667454,2024-09-13,0,0,0,0,0,0
,3585.708311189913,3585.708311189913,3585.708311189913,3585.708311189913,3585.708311189913,2024-09-16,0,0,0,0,0,0
,3634.1070451471865,3634.1070451471865,3634.1070451471865,3634.1070451471865,3634.1070451471865,2024-09-17,0,0,0,0,0,0
,3654.913033658612,3654.913033658612,3654.913033658612,3654.913033658612,3654.913033658612,2024-09-18,0,0,0,0,0,0
,3715.349537576296,3715.349537576296,3715.349537576296,3715.349537576296,3715.349537576296,2024-09-19,0,0,0,0,0,0
,3665.811495555866,3665.811495555866,3665.811495555866,3665.811495555866,3665.811495555866,2024-09-20,0,0,0,0,0,0
,3764.8873219164702,3764.8873219164702,3764.8873219164702,3764.8873219164702,3764.8873219164702,2024-09-23,0,0,0,0,0,0
,3752.701076958316,3752.701076958316,3752.701076958316,3752.701076958316,3752.701076958316,2024-09-24,0,0,0,0,0,0
,3752.5525980290936,3752.5525980290936,3752.5525980290936,3752.5525980290936,3752.5525980290936,2024-09-25,0,0,0,0,0,0
,3765.878078680753,3765.878078680753,3765.878078680753,3765.878078680753,3765.878078680753,2024-09-26,0,0,0,0,0,0
,3703.460357923151,3703.460357923151,3703.460357923151,3703.460357923151,3703.460357923151,2024-09-27,0,0,0,0,0,0
,3664.820672368274,3664.820672368274,3664.820672368274,3664.820672368274,3664.820672368274,2024-09-30,0,0,0,0,0,0
,3633.116469278175,3633.116469278175,3633.116469278175,3633.116469278175,3633.116469278175,2024-10-01,0,0,0,0,0,0
,3549.397123794199,3549.397123794199,3549.397123794199,3549.397123794199,3549.397123794199,2024-10-03,0,0,0,0,0,0
,3482.5208261434614,3482.5208261434614,3482.5208261434614,3482.5208261434614,3482.5208261434614,2024-10-04,0,0,0,0,0,0
,3472.6132534846006,3472.6132534846006,3472.6132534846006,3472.6132534846006,3472.6132534846006,2024-10-07,0,0,0,0,0,0
,3460.6745819218163,3460.6745819218163,3460.6745819218163,3460.6745819218163,3460.6745819218163,2024-10-08,0,0,0,0,0,0
,3509.3208657946843,3509.3208657946843,3509.3208657946843,3509.3208657946843,3509.3208657946843,2024-10-09,0,0,0,0,0,0
,3482.5209061300893,3482.5209061300893,3482.5209061300893,3482.5209061300893,3482.5209061300893,2024-10-10,0,0,0,0,0,0
,3437.3422121277545,3437.3422121277545,3437.3422121277545,3437.3422121277545,3437.3422121277545,2024-10-11,0,0,0,0,0,0
,3477.5671471693995,3477.5671471693995,3477.5671471693995,3477.5671471693995,3477.5671471693995,2024-10-14,0,0,0,0,0,0
,3537.012684122755,3537.012684122755,3537.012684122755,3537.012684122755,3537.012684122755,2024-10-15,0,0,0,0,0,0
,3517.19737614145,3517.19737614145,3517.19737614145,3517.19737614145,3517.19737614145,2024-10-16,0,0,0,0,0,0
,3517.09841185004,3517.09841185004,3517.09841185004,3517.09841185004,3517.09841185004,2024-10-17,0,0,0,0,0,0
,3536.9631608978584,3536.9631608978584,3536.9631608978584,3536.9631608978584,3536.9631608978584,2024-10-18,0,0,0,0,0,0
,3546.920154115808,3546.920154115808,3546.920154115808,3546.920154115808,3546.920154115808,2024-10-21,0,0,0,0,0,0
,3551.874105562686,3551.874105562686,3551.874105562686,3551.874105562686,3551.874105562686,2024-10-22,0,0,0,0,0,0
,3468.699767124874,3468.699767124874,3468.699767124874,3468.699767124874,3468.699767124874,2024-10-23,0,0,0,0,0,0
,3412.1769780415616,3412.1769780415616,3412.1769780415616,3412.1769780415616,3412.1769780415616,2024-10-24,0,0,0,0,0,0
,3393.3525953226635,3393.3525953226635,3393.3525953226635,3393.3525953226635,3393.3525953226635,2024-10-25,0,0,0,0,0,0
,3285.3597705978486,3285.3597705978486,3285.3597705978486,3285.3597705978486,3285.3597705978486,2024-10-28,0,0,0,0,0,0
,3285.3596939840263,3285.3596939840263,3285.3596939840263,3285.3596939840263,3285.3596939840263,2024-10-29,0,0,0,0,0,0
,3348.7187203265817,3348.7187203265817,3348.7187203265817,3348.7187203265817,3348.7187203265817,2024-10-30,0,0,0,0,0,0
,3497.382165906032,3497.382165906032,3497.382165906032,3497.382165906032,3497.382165906032,2024-10-31,0,0,0,0,0,0
,3591.4548321093766,3591.4548321093766,3591.4548321093766,3591.4548321093766,3591.4548321093766,2024-11-01,0,0,0,0,0,0
,3591.454757579255,3591.454757579255,3591.454757579255,3591.454757579255,3591.454757579255,2024-11-04,0,0,0,0,0,0
,3523.141977250831,3523.141977250831,3523.141977250831,3523.141977250831,3523.141977250831,2024-11-05,0,0,0,0,0,0
,3560.7908358845502,3560.7908358845502,3560.7908358845502,3560.7908358845502,3560.7908358845502,2024-11-06,0,0,0,0,0,0
,3613.64812502655,3613.64812502655,3613.64812502655,3613.64812502655,3613.64812502655,2024-11-07,0,0,0,0,0,0
,3606.762005642167,3606.762005642167,3606.762005642167,3606.762005642167,3606.762005642167,2024-11-08,0,0,0,0,0,0
,3612.310527006271,3612.310527006271,3612.310527006271,3612.310527006271,3612.310527006271,2024-11-11,0,0,0,0,0,0
,3616.2734964993606,3616.2734964993606,3616.2734964993606,3616.2734964993606,3616.2734964993606,2024-11-12,0,0,0,0,0,0
,3551.8739595234183,3551.8739595234183,3551.8739595234183,3551.8739595234183,3551.8739595234183,2024-11-13,0,0,0,0,0,0
,3525.1236180654023,3525.1236180654023,3525.1236180654023,3525.1236180654023,3525.1236180654023,2024-11-14,0,0,0,0,0,0
,3488.5646204454893,3488.5646204454893,3488.5646204454893,3488.5646204454893,3488.5646204454893,2024-11-18,0,0,0,0,0,0
,3527.0059150429074,3527.0059150429074,3527.0059150429074,3527.0059150429074,3527.0059150429074,2024-11-19,0,0,0,0,0,0
,3497.3823457348035,3497.3823457348035,3497.3823457348035,3497.3823457348035,3497.3823457348035,2024-11-21,0,0,0,0,0,0
,3467.65948036631,3467.65948036631,3467.65948036631,3467.65948036631,3467.65948036631,2024-11-22,0,0,0,0,0,0
,3626.18110979966,3626.18110979966,3626.18110979966,3626.18110979966,3626.18110979966,2024-11-25,0,0,0,0,0,0
,3720.203996884119,3720.203996884119,3720.203996884119,3720.203996884119,3720.203996884119,2024-11-26,0,0,0,0,0,0
,3669.774513123046,3669.774513123046,3669.774513123046,3669.774513123046,3669.774513123046,2024-11-27,0,0,0,0,0,0
,3665.811542392949,3665.811542392949,3665.811542392949,3665.811542392949,3665.811542392949,2024-11-28,0,0,0,0,0,0
,3601.511214374312,3601.511214374312,3601.511214374312,3601.511214374312,3601.511214374312,2024-11-29,0,0,0,0,0,0
,3672.598150493629,3672.598150493629,3672.598150493629,3672.598150493629,3672.598150493629,2024-12-02,0,0,0,0,0,0
,3686.61739260098,3686.61739260098,3686.61739260098,3686.61739260098,3686.61739260098,2024-12-03,0,0,0,0,0,0
,3740.118390394391,3740.118390394391,3740.118390394391,3740.118390394391,3740.118390394391,2024-12-04,0,0,0,0,0,0
,3774.795072699305,3774.795072699305,3774.795072699305,3774.795072699305,3774.795072699305,2024-12-05,0,0,0,0,0,0
,3796.591629891723,3796.591629891723,3796.591629891723,3796.591629891723,3796.591629891723,2024-12-06,0,0,0,0,0,0
,3831.7637313714654,3831.7637313714654,3831.7637313714654,3831.7637313714654,3831.7637313714654,2024-12-09,0,0,0,0,0,0
,3918.455212081829,3918.455212081829,3918.455212081829,3918.455212081829,3918.455212081829,2024-12-10,0,0,0,0,0,0
,3886.899359956472,3886.899359956472,3886.899359956472,3886.899359956472,3886.899359956472,2024-12-11,0,0,0,0,0,0
,3893.686249656076,3893.686249656076,3893.686249656076,3893.686249656076,3893.686249656076,2024-12-12,0,0,0,0,0,0
,3823.342220588058,3823.342220588058,3823.342220588058,3823.342220588058,3823.342220588058,2024-12-13,0,0,0,0,0,0
,3846.129622907144,3846.129622907144,3846.129622907144,3846.129622907144,3846.129622907144,2024-12-16,0,0,0,0,0,0
,3827.354784853903,3827.354784853903,3827.354784853903,3827.354784853903,3827.354784853903,2024-12-17,0,0,0,0,0,0
,3772.020891790718,3772.020891790718,3772.020891790718,3772.020891790718,3772.020891790718,2024-12-18,0,0,0,0,0,0
,3667.941514543971,3667.941514543971,3667.941514543971,3667.941514543971,3667.941514543971,2024-12-19,0,0,0,0,0,0
,3682.010543293431,3682.010543293431,3682.010543293431,3682.010543293431,3682.010543293431,2024-12-20,0,0,0,0,0,0
,3636.0887444633295,3636.0887444633295,3636.0887444633295,3636.0887444633295,3636.0887444633295,2024-12-23,0,0,0,0,0,0
,3614.2423464556105,3614.2423464556105,3614.2423464556105,3614.2423464556105,3614.2423464556105,2024-12-24,0,0,0,0,0,0
,3624.199546468177,3624.199546468177,3624.199546468177,3624.199546468177,3624.199546468177,2024-12-26,0,0,0,0,0,0
,3598.836013241129,3598.836013241129,3598.836013241129,3598.836013241129,3598.836013241129,2024-12-27,0,0,0,0,0,0
,3574.562331818288,3574.562331818288,3574.562331818288,3574.562331818288,3574.562331818288,2024-12-30,0,0,0,0,0,0
,3529.6315728968502,3529.6315728968502,3529.6315728968502,3529.6315728968502,3529.6315728968502,2024-12-31,0,0,0,0,0,0
,3566.7355253067485,3566.7355253067485,3566.7355253067485,3566.7355253067485,3566.7355253067485,2025-01-01,0,0,0,0,0,0
,3642.627825225075,3642.627825225075,3642.627825225075,3642.627825225075,3642.627825225075,2025-01-02,0,0,0,0,0,0
,3673.7374314503086,3673.7374314503086,3673.7374314503086,3673.7374314503086,3673.7374314503086,2025-01-03,0,0,0,0,0,0
,3650.702274020346,3650.702274020346,3650.702274020346,3650.702274020346,3650.702274020346,2025-01-06,0,0,0,0,0,0
,3573.770038977811,3573.770038977811,3573.770038977811,3573.770038977811,3573.770038977811,2025-01-07,0,0,0,0,0,0
,3628.1626740164215,3628.1626740164215,3628.1626740164215,3628.1626740164215,3628.1626740164215,2025-01-08,0,0,0,0,0,0
,3566.6362215577715,3566.6362215577715,3566.6362215577715,3566.6362215577715,3566.6362215577715,2025-01-09,0,0,0,0,0,0
,3467.60988365528,3467.60988365528,3467.60988365528,3467.60988365528,3467.60988365528,2025-01-10,0,0,0,0,0,0
,3473.158149380393,3473.158149380393,3473.158149380393,3473.158149380393,3473.158149380393,2025-01-13,0,0,0,0,0,0
,3433.825194188746,3433.825194188746,3433.825194188746,3433.825194188746,3433.825194188746,2025-01-14,0,0,0,0,0,0
,3439.224660840124,3439.224660840124,3439.224660840124,3439.224660840124,3439.224660840124,2025-01-15,0,0,0,0,0,0
,3502.336016404937,3502.336016404937,3502.336016404937,3502.336016404937,3502.336016404937,2025-01-16,0,0,0,0,0,0
,3491.437718193442,3491.437718193442,3491.437718193442,3491.437718193442,3491.437718193442,2025-01-17,0,0,0,0,0,0
,3541.86719925381,3541.86719925381,3541.86719925381,3541.86719925381,3541.86719925381,2025-01-20,0,0,0,0,0,0
,3579.3677309545706,3579.3677309545706,3579.3677309545706,3579.3677309545706,3579.3677309545706,2025-01-21,0,0,0,0,0,0
,3530.0772505720984,3530.0772505720984,3530.0772505720984,3530.0772505720984,3530.0772505720984,2025-01-22,0,0,0,0,0,0
,3459.7333463792547,3459.7333463792547,3459.7333463792547,3459.7333463792547,3459.7333463792547,2025-01-23,0,0,0,0,0,0
,3482.025432433258,3482.025432433258,3482.025432433258,3482.025432433258,3482.025432433258,2025-01-24,0,0,0,0,0,0
,3415.3472915835446,3415.3472915835446,3415.3472915835446,3415.3472915835446,3415.3472915835446,2025-01-27,0,0,0,0,0,0
,3432.933319566636,3432.933319566636,3432.933319566636,3432.933319566636,3432.933319566636,2025-01-28,0,0,0,0,0,0
,3399.2970578637423,3399.2970578637423,3399.2970578637423,3399.2970578637423,3399.2970578637423,2025-01-29,0,0,0,0,0,0
,3423.07526485292,3423.07526485292,3423.07526485292,3423.07526485292,3423.07526485292,2025-01-30,0,0,0,0,0,0
,3468.6997537985585,3468.6997537985585,3468.6997537985585,3468.6997537985585,3468.6997537985585,2025-01-31,0,0,0,0,0,0
,3544.938689720812,3544.938689720812,3544.938689720812,3544.938689720812,3544.938689720812,2025-02-01,0,0,0,0,0,0
,3388.3985608380526,3388.3985608380526,3388.3985608380526,3388.3985608380526,3388.3985608380526,2025-02-03,0,0,0,0,0,0
,3285.359605382587,3285.359605382587,3285.359605382587,3285.359605382587,3285.359605382587,2025-02-04,0,0,0,0,0,0
,3412.8208659180355,3412.8208659180355,3412.8208659180355,3412.8208659180355,3412.8208659180355,2025-02-05,0,0,0,0,0,0
,3372.546460811088,3372.546460811088,3372.546460811088,3372.546460811088,3372.546460811088,2025-02-06,0,0,0,0,0,0
,3335.8883741239174,3335.8883741239174,3335.8883741239174,3335.8883741239174,3335.8883741239174,2025-02-07,0,0,0,0,0,0
,3316.86577380904,3316.86577380904,3316.86577380904,3316.86577380904,3316.86577380904,2025-02-10,0,0,0,0,0,0
,3329.894307442661,3329.894307442661,3329.894307442661,3329.894307442661,3329.894307442661,2025-02-11,0,0,0,0,0,0
,3228.8862381020726,3228.8862381020726,3228.8862381020726,3228.8862381020726,3228.8862381020726,2025-02-12,0,0,0,0,0,0
,3259.253165263129,3259.253165263129,3259.253165263129,3259.253165263129,3259.253165263129,2025-02-13,0,0,0,0,0,0
,3244.7882073809574,3244.7882073809574,3244.7882073809574,3244.7882073809574,3244.7882073809574,2025-02-14,0,0,0,0,0,0
,3183.8564785574367,3183.8564785574367,3183.8564785574367,3183.8564785574367,3183.8564785574367,2025-02-17,0,0,0,0,0,0
,3197.1820654609105,3197.1820654609105,3197.1820654609105,3197.1820654609105,3197.1820654609105,2025-02-18,0,0,0,0,0,0
,3190.395264786494,3190.395264786494,3190.395264786494,3190.395264786494,3190.395264786494,2025-02-19,0,0,0,0,0,0
,3229.9267819538545,3229.9267819538545,3229.9267819538545,3229.9267819538545,3229.9267819538545,2025-02-20,0,0,0,0,0,0
,3245.531107782703,3245.531107782703,3245.531107782703,3245.531107782703,3245.531107782703,2025-02-21,0,0,0,0,0,0
,3259.302704595859,3259.302704595859,3259.302704595859,3259.302704595859,3259.302704595859,2025-02-24,0,0,0,0,0,0
,3203.1265325672966,3203.1265325672966,3203.1265325672966,3203.1265325672966,3203.1265325672966,2025-02-25,0,0,0,0,0,0
,3208.0804058264525,3208.0804058264525,3208.0804058264525,3208.0804058264525,3208.0804058264525,2025-02-27,0,0,0,0,0,0
,3170.233491733098,3170.233491733098,3170.233491733098,3170.233491733098,3170.233491733098,2025-02-28,0,0,0,0,0,0
,3136.696173009949,3136.696173009949,3136.696173009949,3136.696173009949,3136.696173009949,2025-03-03,0,0,0,0,0,0
,3141.7489535167992,3141.7489535167992,3141.7489535167992,3141.7489535167992,3141.7489535167992,2025-03-04,0,0,0,0,0,0
,3183.3114343410048,3183.3114343410048,3183.3114343410048,3183.3114343410048,3183.3114343410048,2025-03-05,0,0,0,0,0,0
,3220.068579328378,3220.068579328378,3220.068579328378,3220.068579328378,3220.068579328378,2025-03-06,0,0,0,0,0,0
,3229.778007525388,3229.778007525388,3229.778007525388,3229.778007525388,3229.778007525388,2025-03-07,0,0,0,0,0,0
,3216.0065951851507,3216.0065951851507,3216.0065951851507,3216.0065951851507,3216.0065951851507,2025-03-10,0,0,0,0,0,0
,3141.006069962357,3141.006069962357,3141.006069962357,3141.006069962357,3141.006069962357,2025-03-11,0,0,0,0,0,0
,3175.3853579070405,3175.3853579070405,3175.3853579070405,3175.3853579070405,3175.3853579070405,2025-03-12,0,0,0,0,0,0
,3172.6606881398275,3172.6606881398275,3172.6606881398275,3172.6606881398275,3172.6606881398275,2025-03-13,0,0,0,0,0,0
,3160.523832416647,3160.523832416647,3160.523832416647,3160.523832416647,3160.523832416647,2025-03-17,0,0,0,0,0,0
,3144.126708984375,3144.126708984375,3144.126708984375,3144.126708984375,3144.126708984375,2025-03-18,0,0,0,0,0,0
,3244.7385528309187,3244.7385528309187,3244.7385528309187,3244.7385528309187,3244.7385528309187,2025-03-19,0,0,0,0,0,0
,3304.4318830508832,3304.4318830508832,3304.4318830508832,3304.4318830508832,3304.4318830508832,2025-03-20,0,0,0,0,0,0
,3325.980742840182,3325.980742840182,3325.980742840182,3325.980742840182,3325.980742840182,2025-03-21,0,0,0,0,0,0
,3417.130688591747,3417.130688591747,3417.130688591747,3417.130688591747,3417.130688591747,2025-03-24,0,0,0,0,0,0
,3472.613329841321,3472.613329841321,3472.613329841321,3472.613329841321,3472.613329841321,2025-03-25,0,0,0,0,0,0
,3440.90886101894,3440.90886101894,3440.90886101894,3440.90886101894,3440.90886101894,2025-03-26,0,0,0,0,0,0
,3428.029165516825,3428.029165516825,3428.029165516825,3428.029165516825,3428.029165516825,2025-03-27,0,0,0,0,0,0
,3477.46799039738,3477.46799039738,3477.46799039738,3477.46799039738,3477.46799039738,2025-03-28,0,0,0,0,0,0
,3447.8442336234234,3447.8442336234234,3447.8442336234234,3447.8442336234234,3447.8442336234234,2025-04-01,0,0,0,0,0,0
,3401.2786115130666,3401.2786115130666,3401.2786115130666,3401.2786115130666,3401.2786115130666,2025-04-02,0,0,0,0,0,0
,3368.583405418285,3368.583405418285,3368.583405418285,3368.583405418285,3368.583405418285,2025-04-03,0,0,0,0,0,0
,3368.583496822648,3368.583496822648,3368.583496822648,3368.583496822648,3368.583496822648,2025-04-04,0,0,0,0,0,0
,3020.8762544006017,3020.8762544006017,3020.8762544006017,3020.8762544006017,3020.8762544006017,2025-04-07,0,0,0,0,0,0
,3096.0749989474543,3096.0749989474543,3096.0749989474543,3096.0749989474543,3096.0749989474543,2025-04-08,0,0,0,0,0,0
,3129.612366081837,3129.612366081837,3129.612366081837,3129.612366081837,3129.612366081837,2025-04-09,0,0,0,0,0,0
,3085.2262697338097,3085.2262697338097,3085.2262697338097,3085.2262697338097,3085.2262697338097,2025-04-11,0,0,0,0,0,0
,3150.616209240261,3150.616209240261,3150.616209240261,3150.616209240261,3150.616209240261,2025-04-15,0,0,0,0,0,0
,3239.7846779044826,3239.7846779044826,3239.7846779044826,3239.7846779044826,3239.7846779044826,2025-04-16,0,0,0,0,0,0
,3184.401255724522,3184.401255724522,3184.401255724522,3184.401255724522,3184.401255724522,2025-04-17,0,0,0,0,0,0
,3219.4741882594,3219.4741882594,3219.4741882594,3219.4741882594,3219.4741882594,2025-04-21,0,0,0,0,0,0
,3249.692330208996,3249.692330208996,3249.692330208996,3249.692330208996,3249.692330208996,2025-04-22,0,0,0,0,0,0
,3245.134741898812,3245.134741898812,3245.134741898812,3245.134741898812,3245.134741898812,2025-04-23,0,0,0,0,0,0
,3276.442817054013,3276.442817054013,3276.442817054013,3276.442817054013,3276.442817054013,2025-04-24,0,0,0,0,0,0
,3279.415180963702,3279.415180963702,3279.415180963702,3279.415180963702,3279.415180963702,2025-04-25,0,0,0,0,0,0
,3229.876991956853,3229.876991956853,3229.876991956853,3229.876991956853,3229.876991956853,2025-04-28,0,0,0,0,0,0
,3304.1841644644924,3304.1841644644924,3304.1841644644924,3304.1841644644924,3304.1841644644924,2025-04-29,0,0,0,0,0,0
,3293.28574464279,3293.28574464279,3293.28574464279,3293.28574464279,3293.28574464279,2025-04-30,0,0,0,0,0,0
,3294.2765350756786,3294.2765350756786,3294.2765350756786,3294.2765350756786,3294.2765350756786,2025-05-02,0,0,0,0,0,0
,3319.045560576633,3319.045560576633,3319.045560576633,3319.045560576633,3319.045560576633,2025-05-05,0,0,0,0,0,0
,3315.082477645096,3315.082477645096,3315.082477645096,3315.082477645096,3315.082477645096,2025-05-06,0,0,0,0,0,0
,3301.211868113193,3301.211868113193,3301.211868113193,3301.211868113193,3301.211868113193,2025-05-07,0,0,0,0,0,0
,3279.514231203037,3279.514231203037,3279.514231203037,3279.514231203037,3279.514231203037,2025-05-08,0,0,0,0,0,0
,3300.220950142965,3300.220950142965,3300.220950142965,3300.220950142965,3300.220950142965,2025-05-09,0,0,0,0,0,0
,3480.539377919171,3480.539377919171,3480.539377919171,3480.539377919171,3480.539377919171,2025-05-12,0,0,0,0,0,0
,3554.0535832199857,3554.0535832199857,3554.0535832199857,3554.0535832199857,3554.0535832199857,2025-05-13,0,0,0,0,0,0
,3553.8556941113675,3553.8556941113675,3553.8556941113675,3553.8556941113675,3553.8556941113675,2025-05-14,0,0,0,0,0,0
,3560.7909933686897,3560.7909933686897,3560.7909933686897,3560.7909933686897,3560.7909933686897,2025-05-15,0,0,0,0,0,0
,3608.3474817321217,3608.3474817321217,3608.3474817321217,3608.3474817321217,3608.3474817321217,2025-05-16,0,0,0,0,0,0
,3571.3920131126943,3571.3920131126943,3571.3920131126943,3571.3920131126943,3571.3920131126943,2025-05-19,0,0,0,0,0,0
,3596.458221523366,3596.458221523366,3596.458221523366,3596.458221523366,3596.458221523366,2025-05-20,0,0,0,0,0,0
,3532.7524049540325,3532.7524049540325,3532.7524049540325,3532.7524049540325,3532.7524049540325,2025-05-21,0,0,0,0,0,0
,3551.8741007307995,3551.8741007307995,3551.8741007307995,3551.8741007307995,3551.8741007307995,2025-05-22,0,0,0,0,0,0
,3537.012608179345,3537.012608179345,3537.012608179345,3537.012608179345,3537.012608179345,2025-05-23,0,0,0,0,0,0
,3582.389449835285,3582.389449835285,3582.389449835285,3582.389449835285,3582.389449835285,2025-05-26,0,0,0,0,0,0
,3614.985529384525,3614.985529384525,3614.985529384525,3614.985529384525,3614.985529384525,2025-05-27,0,0,0,0,0,0
,3626.181027495699,3626.181027495699,3626.181027495699,3626.181027495699,3626.181027495699,2025-05-28,0,0,0,0,0,0
,3630.044803373408,3630.044803373408,3630.044803373408,3630.044803373408,3630.044803373408,2025-05-29,0,0,0,0,0,0
,3621.52450826291,3621.52450826291,3621.52450826291,3621.52450826291,3621.52450826291,2025-05-30,0,0,0,0,0,0
,3641.1416782617343,3641.1416782617343,3641.1416782617343,3641.1416782617343,3641.1416782617343,2025-06-02,0,0,0,0,0,0
,3655.0,3655.0,3655.0,3655.0,3655.0,2025-06-03,0,0,0,0,0,0
,3645.0,3645.0,3645.0,3645.0,3645.0,2025-06-04,0,0,0,0,0,0
,3629.89990234375,3629.89990234375,3629.89990234375,3629.89990234375,3629.89990234375,2025-06-05,0,0,0,0,0,0
,3645.0,3645.0,3645.0,3645.0,3645.0,2025-06-06,0,0,0,0,0,0
,3664.0,3664.0,3664.0,3664.0,3664.0,2025-06-09,0,0,0,0,0,0
,3704.0,3704.0,3704.0,3704.0,3704.0,2025-06-10,0,0,0,0,0,0
,3689.89990234375,3689.89990234375,3689.89990234375,3689.89990234375,3689.89990234375,2025-06-11,0,0,0,0,0,0
,3684.800048828125,3684.800048828125,3684.800048828125,3684.800048828125,3684.800048828125,2025-06-12,0,0,0,0,0,0
,3501.199951171875,3501.199951171875,3501.199951171875,3501.199951171875,3501.199951171875,2025-06-13,0,0,0,0,0,0
,3575.5,3575.5,3575.5,3575.5,3575.5,2025-06-16,0,0,0,0,0,0
,3622.0,3622.0,3622.0,3622.0,3622.0,2025-06-17,0,0,0,0,0,0
,3622.0,3622.0,3622.0,3622.0,3622.0,2025-06-18,0,0,0,0,0,0
,3607.0,3607.0,3607.0,3607.0,3607.0,2025-06-19,0,0,0,0,0,0
,3614.0,3614.0,3614.0,3614.0,3614.0,2025-06-20,0,0,0,0,0,0
,3645.0,3645.0,3645.0,3645.0,3645.0,2025-06-23,0,0,0,0,0,0
,3637.10009765625,3637.10009765625,3637.10009765625,3637.10009765625,3637.10009765625,2025-06-24,0,0,0,0,0,0
,3640.0,3640.0,3640.0,3640.0,3640.0,2025-06-25,0,0,0,0,0,0
,3620.10009765625,3620.10009765625,3620.10009765625,3620.10009765625,3620.10009765625,2025-06-26,0,0,0,0,0,0
,3665.0,3665.0,3665.0,3665.0,3665.0,2025-06-27,0,0,0,0,0,0
,3682.0,3682.0,3682.0,3682.0,3682.0,2025-06-30,0,0,0,0,0,0
,3669.800048828125,3669.800048828125,3669.800048828125,3669.800048828125,3669.800048828125,2025-07-01,0,0,0,0,0,0
,3666.60009765625,3666.60009765625,3666.60009765625,3666.60009765625,3666.60009765625,2025-07-02,0,0,0,0,0,0
,3605.0,3605.0,3605.0,3605.0,3605.0,2025-07-03,0,0,0,0,0,0
,3590.0,3590.0,3590.0,3590.0,3590.0,2025-07-04,0,0,0,0,0,0
,3599.89990234375,3599.89990234375,3599.89990234375,3599.89990234375,3599.89990234375,2025-07-07,0,0,0,0,0,0
,3580.0,3580.0,3580.0,3580.0,3580.0,2025-07-08,0,0,0,0,0,0
,3605.0,3605.0,3605.0,3605.0,3605.0,2025-07-09,0,0,0,0,0,0
,3575.0,3575.0,3575.0,3575.0,3575.0,2025-07-10,0,0,0,0,0,0
,3575.0,3575.0,3575.0,3575.0,3575.0,2025-07-11,0,0,0,0,0,0
,3540.60009765625,3540.60009765625,3540.60009765625,3540.60009765625,3540.60009765625,2025-07-14,0,0,0,0,0,0
,3519.0,3519.0,3519.0,3519.0,3519.0,2025-07-15,0,0,0,0,0,0
,3504.0,3504.0,3504.0,3504.0,3504.0,2025-07-16,0,0,0,0,0,0
,3515.0,3515.0,3515.0,3515.0,3515.0,2025-07-17,0,0,0,0,0,0
,3489.0,3489.0,3489.0,3489.0,3489.0,2025-07-18,0,0,0,0,0,0
,3467.60009765625,3467.60009765625,3467.60009765625,3467.60009765625,3467.60009765625,2025-07-21,0,0,0,0,0,0
,3502.0,3502.0,3502.0,3502.0,3502.0,2025-07-22,0,0,0,0,0,0
,3476.199951171875,3476.199951171875,3476.199951171875,3476.199951171875,3476.199951171875,2025-07-23,0,0,0,0,0,0
,3484.89990234375,3484.89990234375,3484.89990234375,3484.89990234375,3484.89990234375,2025-07-24,0,0,0,0,0,0
,3470.0,3470.0,3470.0,3470.0,3470.0,2025-07-25,0,0,0,0,0,0
,3430.10009765625,3430.10009765625,3430.10009765625,3430.10009765625,3430.10009765625,2025-07-28,0,0,0,0,0,0
,3418.0,3418.0,3418.0,3418.0,3418.0,2025-07-29,0,0,0,0,0,0
,3622.0,3622.0,3622.0,3622.0,3622.0,2025-07-30,0,0,0,0,0,0
,3625.0,3625.0,3625.0,3625.0,3625.0,2025-07-31,0,0,0,0,0,0
,3636.0,3636.0,3636.0,3636.0,3636.0,2025-08-01,0,0,0,0,0,0
,3595.199951171875,3595.199951171875,3595.199951171875,3595.199951171875,3595.199951171875,2025-08-04,0,0,0,0,0,0
,3630.0,3630.0,3630.0,3630.0,3630.0,2025-08-05,0,0,0,0,0,0
,3650.0,3650.0,3650.0,3650.0,3650.0,2025-08-06,0,0,0,0,0,0
,3610.300048828125,3610.300048828125,3610.300048828125,3610.300048828125,3610.300048828125,2025-08-07,0,0,0,0,0,0
,3641.60009765625,3641.60009765625,3641.60009765625,3641.60009765625,3641.60009765625,2025-08-08,0,0,0,0,0,0
,3610.0,3610.0,3610.0,3610.0,3610.0,2025-08-11,0,0,0,0,0,0
,3680.0,3680.0,3680.0,3680.0,3680.0,2025-08-12,0,0,0,0,0,0
,3696.0,3696.0,3696.0,3696.0,3696.0,2025-08-13,0,0,0,0,0,0
,3700.0,3700.0,3700.0,3700.0,3700.0,2025-08-14,0,0,0,0,0,0
,3699.0,3699.0,3699.0,3699.0,3699.0,2025-08-18,0,0,0,0,0,0
,3648.89990234375,3648.89990234375,3648.89990234375,3648.89990234375,3648.89990234375,2025-08-19,0,0,0,0,0,0
,3613.5,3613.5,3613.5,3613.5,3613.5,2025-08-20,0,0,0,0,0,0
,3599.0,3599.0,3599.0,3599.0,3599.0,2025-08-21,0,0,0,0,0,0
,3610.0,3610.0,3610.0,3610.0,3610.0,2025-08-22,0,0,0,0,0,0
,3616.0,3616.0,3616.0,3616.0,3616.0,2025-08-25,0,0,0,0,0,0
,3599.0,3599.0,3599.0,3599.0,3599.0,2025-08-26,0,0,0,0,0,0
,3541.300048828125,3541.300048828125,3541.300048828125,3541.300048828125,3541.300048828125,2025-08-27,0,0,0,0,0,0
,3540.0,3540.0,3540.0,3540.0,3540.0,2025-08-28,0,0,0,0,0,0
,3575.60009765625,3575.60009765625,3575.60009765625,3575.60009765625,3575.60009765625,2025-08-29,0,0,0,0,0,0
,3601.0,3601.0,3601.0,3601.0,3601.0,2025-09-01,0,0,0,0,0,0
,3598.39990234375,3598.39990234375,3598.39990234375,3598.39990234375,3598.39990234375,2025-09-02,0,0,0,0,0,0
,3594.0,3594.0,3594.0,3594.0,3594.0,2025-09-03,0,0,0,0,0,0
,3622.89990234375,3622.89990234375,3622.89990234375,3622.89990234375,3622.89990234375,2025-09-04,0,0,0,0,0,0
,3592.800048828125,3592.800048828125,3592.800048828125,3592.800048828125,3592.800048828125,2025-09-05,0,0,0,0,0,0
,3570.0,3570.0,3570.0,3570.0,3570.0,2025-09-08,0,0,0,0,0,0
,3547.199951171875,3547.199951171875,3547.199951171875,3547.199951171875,3547.199951171875,2025-09-09,0,0,0,0,0,0
,3559.0,3559.0,3559.0,3559.0,3559.0,2025-09-10,0,0,0,0,0,0
,3548.0,3548.0,3548.0,3548.0,3548.0,2025-09-11,0,0,0,0,0,0
,3556.39990234375,3556.39990234375,3556.39990234375,3556.39990234375,3556.39990234375,2025-09-12,0,0,0,0,0,0
