Ticker,RELIANCE.NS,RELIANCE.NS,RELIANCE.NS,RELIANCE.NS,RELIANCE.NS,Date,sentiment_compound,sentiment_positive,sentiment_negative,sentiment_strength,positive_ratio,negative_ratio
,1164.066351583663,1164.066351583663,1164.066351583663,1164.066351583663,1164.066351583663,2023-01-02,0,0,0,0,0,0
,1170.9366586985077,1170.9366586985077,1170.9366586985077,1170.9366586985077,1170.9366586985077,2023-01-03,0,0,0,0,0,0
,1167.26185070999,1167.26185070999,1167.26185070999,1167.26185070999,1167.26185070999,2023-01-04,0,0,0,0,0,0
,1151.969076089896,1151.969076089896,1151.969076089896,1151.969076089896,1151.969076089896,2023-01-05,0,0,0,0,0,0
,1153.4072395784428,1153.4072395784428,1153.4072395784428,1153.4072395784428,1153.4072395784428,2023-01-06,0,0,0,0,0,0
,1161.9207528429104,1161.9207528429104,1161.9207528429104,1161.9207528429104,1161.9207528429104,2023-01-09,0,0,0,0,0,0
,1189.6302560157692,1189.6302560157692,1189.6302560157692,1189.6302560157692,1189.6302560157692,2023-01-10,0,0,0,0,0,0
,1165.207642347734,1165.207642347734,1165.207642347734,1165.207642347734,1165.207642347734,2023-01-11,0,0,0,0,0,0
,1152.5855061360771,1152.5855061360771,1152.5855061360771,1152.5855061360771,1152.5855061360771,2023-01-12,0,0,0,0,0,0
,1122.2512303793665,1122.2512303793665,1122.2512303793665,1122.2512303793665,1122.2512303793665,2023-01-13,0,0,0,0,0,0
,1128.77902581248,1128.77902581248,1128.77902581248,1128.77902581248,1128.77902581248,2023-01-16,0,0,0,0,0,0
,1122.0686670526488,1122.0686670526488,1122.0686670526488,1122.0686670526488,1122.0686670526488,2023-01-17,0,0,0,0,0,0
,1129.144430635729,1129.144430635729,1129.144430635729,1129.144430635729,1129.144430635729,2023-01-18,0,0,0,0,0,0
,1128.8703817084497,1128.8703817084497,1128.8703817084497,1128.8703817084497,1128.8703817084497,2023-01-19,0,0,0,0,0,0
,1129.8291140692525,1129.8291140692525,1129.8291140692525,1129.8291140692525,1129.8291140692525,2023-01-20,0,0,0,0,0,0
,1117.960272105855,1117.960272105855,1117.960272105855,1117.960272105855,1117.960272105855,2023-01-23,0,0,0,0,0,0
,1113.851719292168,1113.851719292168,1113.851719292168,1113.851719292168,1113.851719292168,2023-01-24,0,0,0,0,0,0
,1101.275205877952,1101.275205877952,1101.275205877952,1101.275205877952,1101.275205877952,2023-01-25,0,0,0,0,0,0
,1088.4706538388857,1088.4706538388857,1088.4706538388857,1088.4706538388857,1088.4706538388857,2023-01-27,0,0,0,0,0,0
,1064.4132886312711,1064.4132886312711,1064.4132886312711,1064.4132886312711,1064.4132886312711,2023-01-30,0,0,0,0,0,0
,1087.37502974843,1087.37502974843,1087.37502974843,1087.37502974843,1087.37502974843,2023-01-31,0,0,0,0,0,0
,1086.439272024598,1086.439272024598,1086.439272024598,1086.439272024598,1086.439272024598,2023-02-01,0,0,0,0,0,0
,1058.1591593362568,1058.1591593362568,1058.1591593362568,1058.1591593362568,1058.1591593362568,2023-02-02,0,0,0,0,0,0
,1072.3104574781505,1072.3104574781505,1072.3104574781505,1072.3104574781505,1072.3104574781505,2023-02-03,0,0,0,0,0,0
,1056.7896118119152,1056.7896118119152,1056.7896118119152,1056.7896118119152,1056.7896118119152,2023-02-06,0,0,0,0,0,0
,1055.4202857843334,1055.4202857843334,1055.4202857843334,1055.4202857843334,1055.4202857843334,2023-02-07,0,0,0,0,0,0
,1055.8766387784026,1055.8766387784026,1055.8766387784026,1055.8766387784026,1055.8766387784026,2023-02-08,0,0,0,0,0,0
,1074.3421090421186,1074.3421090421186,1074.3421090421186,1074.3421090421186,1074.3421090421186,2023-02-09,0,0,0,0,0,0
,1075.0039060071294,1075.0039060071294,1075.0039060071294,1075.0039060071294,1075.0039060071294,2023-02-10,0,0,0,0,0,0
,1068.293381324993,1068.293381324993,1068.293381324993,1068.293381324993,1068.293381324993,2023-02-13,0,0,0,0,0,0
,1063.6143185684562,1063.6143185684562,1063.6143185684562,1063.6143185684562,1063.6143185684562,2023-02-14,0,0,0,0,0,0
,1084.6358877756606,1084.6358877756606,1084.6358877756606,1084.6358877756606,1084.6358877756606,2023-02-15,0,0,0,0,0,0
,1118.1656324865594,1118.1656324865594,1118.1656324865594,1118.1656324865594,1118.1656324865594,2023-02-16,0,0,0,0,0,0
,1104.7217922905263,1104.7217922905263,1104.7217922905263,1104.7217922905263,1104.7217922905263,2023-02-17,0,0,0,0,0,0
,1116.13425652598,1116.13425652598,1116.13425652598,1116.13425652598,1116.13425652598,2023-02-20,0,0,0,0,0,0
,1106.5479683974272,1106.5479683974272,1106.5479683974272,1106.5479683974272,1106.5479683974272,2023-02-21,0,0,0,0,0,0
,1107.4380609994969,1107.4380609994969,1107.4380609994969,1107.4380609994969,1107.4380609994969,2023-02-22,0,0,0,0,0,0
,1085.5489053785018,1085.5489053785018,1085.5489053785018,1085.5489053785018,1085.5489053785018,2023-02-23,0,0,0,0,0,0
,1082.810002251087,1082.810002251087,1082.810002251087,1082.810002251087,1082.810002251087,2023-02-24,0,0,0,0,0,0
,1087.3750050988056,1087.3750050988056,1087.3750050988056,1087.3750050988056,1087.3750050988056,2023-02-27,0,0,0,0,0,0
,1075.5516247048563,1075.5516247048563,1075.5516247048563,1075.5516247048563,1075.5516247048563,2023-02-28,0,0,0,0,0,0
,1070.0280642112666,1070.0280642112666,1070.0280642112666,1070.0280642112666,1070.0280642112666,2023-03-01,0,0,0,0,0,0
,1066.8326656493814,1066.8326656493814,1066.8326656493814,1066.8326656493814,1066.8326656493814,2023-03-02,0,0,0,0,0,0
,1072.3789987479977,1072.3789987479977,1072.3789987479977,1072.3789987479977,1072.3789987479977,2023-03-03,0,0,0,0,0,0
,1095.5918675399987,1095.5918675399987,1095.5918675399987,1095.5918675399987,1095.5918675399987,2023-03-06,0,0,0,0,0,0
,1099.563420263857,1099.563420263857,1099.563420263857,1099.563420263857,1099.563420263857,2023-03-08,0,0,0,0,0,0
,1102.8958764013148,1102.8958764013148,1102.8958764013148,1102.8958764013148,1102.8958764013148,2023-03-09,0,0,0,0,0,0
,1068.8868957671646,1068.8868957671646,1068.8868957671646,1068.8868957671646,1068.8868957671646,2023-03-10,0,0,0,0,0,0
,1063.1806779260546,1063.1806779260546,1063.1806779260546,1063.1806779260546,1063.1806779260546,2023-03-13,0,0,0,0,0,0
,1040.812257084253,1040.812257084253,1040.812257084253,1040.812257084253,1040.812257084253,2023-03-14,0,0,0,0,0,0
,1042.6839706485125,1042.6839706485125,1042.6839706485125,1042.6839706485125,1042.6839706485125,2023-03-15,0,0,0,0,0,0
,1023.921951504309,1023.921951504309,1023.921951504309,1023.921951504309,1023.921951504309,2023-03-16,0,0,0,0,0,0
,1024.7208434439497,1024.7208434439497,1024.7208434439497,1024.7208434439497,1024.7208434439497,2023-03-17,0,0,0,0,0,0
,1011.1400066065016,1011.1400066065016,1011.1400066065016,1011.1400066065016,1011.1400066065016,2023-03-20,0,0,0,0,0,0
,1012.9431232711898,1012.9431232711898,1012.9431232711898,1012.9431232711898,1012.9431232711898,2023-03-21,0,0,0,0,0,0
,1043.0948141638405,1043.0948141638405,1043.0948141638405,1043.0948141638405,1043.0948141638405,2023-03-22,0,0,0,0,0,0
,1035.3344834675563,1035.3344834675563,1035.3344834675563,1035.3344834675563,1035.3344834675563,2023-03-23,0,0,0,0,0,0
,1024.949051064462,1024.949051064462,1024.949051064462,1024.949051064462,1024.949051064462,2023-03-24,0,0,0,0,0,0
,1012.2812828490338,1012.2812828490338,1012.2812828490338,1012.2812828490338,1012.2812828490338,2023-03-27,0,0,0,0,0,0
,1024.8349561252708,1024.8349561252708,1024.8349561252708,1024.8349561252708,1024.8349561252708,2023-03-28,0,0,0,0,0,0
,1022.0959186617868,1022.0959186617868,1022.0959186617868,1022.0959186617868,1022.0959186617868,2023-03-29,0,0,0,0,0,0
,1029.3999027039445,1029.3999027039445,1029.3999027039445,1029.3999027039445,1029.3999027039445,2023-03-31,0,0,0,0,0,0
,1070.4846960590223,1070.4846960590223,1070.4846960590223,1070.4846960590223,1070.4846960590223,2023-04-03,0,0,0,0,0,0
,1071.8541464339423,1071.8541464339423,1071.8541464339423,1071.8541464339423,1071.8541464339423,2023-04-05,0,0,0,0,0,0
,1058.2275373074351,1058.2275373074351,1058.2275373074351,1058.2275373074351,1058.2275373074351,2023-04-06,0,0,0,0,0,0
,1072.7671126043012,1072.7671126043012,1072.7671126043012,1072.7671126043012,1072.7671126043012,2023-04-10,0,0,0,0,0,0
,1065.4631729553812,1065.4631729553812,1065.4631729553812,1065.4631729553812,1065.4631729553812,2023-04-11,0,0,0,0,0,0
,1066.5359087914262,1066.5359087914262,1066.5359087914262,1066.5359087914262,1066.5359087914262,2023-04-12,0,0,0,0,0,0
,1074.1365320735108,1074.1365320735108,1074.1365320735108,1074.1365320735108,1074.1365320735108,2023-04-13,0,0,0,0,0,0
,1106.9814803229494,1106.9814803229494,1106.9814803229494,1106.9814803229494,1106.9814803229494,2023-04-17,0,0,0,0,0,0
,1085.0925121063174,1085.0925121063174,1085.0925121063174,1085.0925121063174,1085.0925121063174,2023-04-18,0,0,0,0,0,0
,1067.768405195298,1067.768405195298,1067.768405195298,1067.768405195298,1067.768405195298,2023-04-19,0,0,0,0,0,0
,1074.638679040759,1074.638679040759,1074.638679040759,1074.638679040759,1074.638679040759,2023-04-20,0,0,0,0,0,0
,1073.0638883289137,1073.0638883289137,1073.0638883289137,1073.0638883289137,1073.0638883289137,2023-04-21,0,0,0,0,0,0
,1084.1794719407253,1084.1794719407253,1084.1794719407253,1084.1794719407253,1084.1794719407253,2023-04-24,0,0,0,0,0,0
,1080.0709122812248,1080.0709122812248,1080.0709122812248,1080.0709122812248,1080.0709122812248,2023-04-25,0,0,0,0,0,0
,1086.005534613959,1086.005534613959,1086.005534613959,1086.005534613959,1086.005534613959,2023-04-26,0,0,0,0,0,0
,1084.1794457664448,1084.1794457664448,1084.1794457664448,1084.1794457664448,1084.1794457664448,2023-04-27,0,0,0,0,0,0
,1087.3748753991613,1087.3748753991613,1087.3748753991613,1087.3748753991613,1087.3748753991613,2023-04-28,0,0,0,0,0,0
,1112.1170391794085,1112.1170391794085,1112.1170391794085,1112.1170391794085,1112.1170391794085,2023-05-02,0,0,0,0,0,0
,1116.1340858641377,1116.1340858641377,1116.1340858641377,1116.1340858641377,1116.1340858641377,2023-05-03,0,0,0,0,0,0
,1105.246884028871,1105.246884028871,1105.246884028871,1105.246884028871,1105.246884028871,2023-05-04,0,0,0,0,0,0
,1114.30819519152,1114.30819519152,1114.30819519152,1114.30819519152,1114.30819519152,2023-05-05,0,0,0,0,0,0
,1118.4165791288924,1118.4165791288924,1118.4165791288924,1118.4165791288924,1118.4165791288924,2023-05-08,0,0,0,0,0,0
,1129.8290394334551,1129.8290394334551,1129.8290394334551,1129.8290394334551,1129.8290394334551,2023-05-09,0,0,0,0,0,0
,1136.6766978121202,1136.6766978121202,1136.6766978121202,1136.6766978121202,1136.6766978121202,2023-05-10,0,0,0,0,0,0
,1140.762158669685,1140.762158669685,1140.762158669685,1140.762158669685,1140.762158669685,2023-05-11,0,0,0,0,0,0
,1127.4553650769165,1127.4553650769165,1127.4553650769165,1127.4553650769165,1127.4553650769165,2023-05-12,0,0,0,0,0,0
,1136.6309023578756,1136.6309023578756,1136.6309023578756,1136.6309023578756,1136.6309023578756,2023-05-15,0,0,0,0,0,0
,1138.5026071786638,1138.5026071786638,1138.5026071786638,1138.5026071786638,1138.5026071786638,2023-05-16,0,0,0,0,0,0
,1124.35127409302,1124.35127409302,1124.35127409302,1124.35127409302,1124.35127409302,2023-05-17,0,0,0,0,0,0
,1118.2112689036005,1118.2112689036005,1118.2112689036005,1118.2112689036005,1118.2112689036005,2023-05-18,0,0,0,0,0,0
,1111.1357155261294,1111.1357155261294,1111.1357155261294,1111.1357155261294,1111.1357155261294,2023-05-19,0,0,0,0,0,0
,1111.5693019532655,1111.5693019532655,1111.5693019532655,1111.5693019532655,1111.5693019532655,2023-05-22,0,0,0,0,0,0
,1123.2783175836105,1123.2783175836105,1123.2783175836105,1123.2783175836105,1123.2783175836105,2023-05-23,0,0,0,0,0,0
,1116.544972955841,1116.544972955841,1116.544972955841,1116.544972955841,1116.544972955841,2023-05-24,0,0,0,0,0,0
,1111.0671339157268,1111.0671339157268,1111.0671339157268,1111.0671339157268,1111.0671339157268,2023-05-25,0,0,0,0,0,0
,1122.0687058844728,1122.0687058844728,1122.0687058844728,1122.0687058844728,1122.0687058844728,2023-05-26,0,0,0,0,0,0
,1150.8279550929285,1150.8279550929285,1150.8279550929285,1150.8279550929285,1150.8279550929285,2023-05-29,0,0,0,0,0,0
,1150.645307987406,1150.645307987406,1150.645307987406,1150.645307987406,1150.645307987406,2023-05-30,0,0,0,0,0,0
,1141.241614387353,1141.241614387353,1141.241614387353,1141.241614387353,1141.241614387353,2023-05-31,0,0,0,0,0,0
,1132.1799698648445,1132.1799698648445,1132.1799698648445,1132.1799698648445,1132.1799698648445,2023-06-01,0,0,0,0,0,0
,1128.003101699598,1128.003101699598,1128.003101699598,1128.003101699598,1128.003101699598,2023-06-02,0,0,0,0,0,0
,1126.268543700321,1126.268543700321,1126.268543700321,1126.268543700321,1126.268543700321,2023-06-05,0,0,0,0,0,0
,1133.6865172838243,1133.6865172838243,1133.6865172838243,1133.6865172838243,1133.6865172838243,2023-06-06,0,0,0,0,0,0
,1135.3071289198083,1135.3071289198083,1135.3071289198083,1135.3071289198083,1135.3071289198083,2023-06-07,0,0,0,0,0,0
,1143.9805586437908,1143.9805586437908,1143.9805586437908,1143.9805586437908,1143.9805586437908,2023-06-08,0,0,0,0,0,0
,1144.4369244051345,1144.4369244051345,1144.4369244051345,1144.4369244051345,1144.4369244051345,2023-06-09,0,0,0,0,0,0
,1130.057315904061,1130.057315904061,1130.057315904061,1130.057315904061,1130.057315904061,2023-06-12,0,0,0,0,0,0
,1138.959165682283,1138.959165682283,1138.959165682283,1138.959165682283,1138.959165682283,2023-06-13,0,0,0,0,0,0
,1150.827933567815,1150.827933567815,1150.827933567815,1150.827933567815,1150.827933567815,2023-06-14,0,0,0,0,0,0
,1164.888030487722,1164.888030487722,1164.888030487722,1164.888030487722,1164.888030487722,2023-06-15,0,0,0,0,0,0
,1168.7227738269123,1168.7227738269123,1168.7227738269123,1168.7227738269123,1168.7227738269123,2023-06-16,0,0,0,0,0,0
,1179.5874324568545,1179.5874324568545,1179.5874324568545,1179.5874324568545,1179.5874324568545,2023-06-19,0,0,0,0,0,0
,1162.9480481347905,1162.9480481347905,1162.9480481347905,1162.9480481347905,1162.9480481347905,2023-06-20,0,0,0,0,0,0
,1167.2618659292657,1167.2618659292657,1167.2618659292657,1167.2618659292657,1167.2618659292657,2023-06-21,0,0,0,0,0,0
,1166.8053921892115,1166.8053921892115,1166.8053921892115,1166.8053921892115,1166.8053921892115,2023-06-22,0,0,0,0,0,0
,1154.4343325060674,1154.4343325060674,1154.4343325060674,1154.4343325060674,1154.4343325060674,2023-06-23,0,0,0,0,0,0
,1144.437098137329,1144.437098137329,1144.437098137329,1144.437098137329,1144.437098137329,2023-06-26,0,0,0,0,0,0
,1139.666736088607,1139.666736088607,1139.666736088607,1139.666736088607,1139.666736088607,2023-06-27,0,0,0,0,0,0
,1147.1760589375283,1147.1760589375283,1147.1760589375283,1147.1760589375283,1147.1760589375283,2023-06-28,0,0,0,0,0,0
,1162.4229485666156,1162.4229485666156,1162.4229485666156,1162.4229485666156,1162.4229485666156,2023-06-30,0,0,0,0,0,0
,1167.7413136446191,1167.7413136446191,1167.7413136446191,1167.7413136446191,1167.7413136446191,2023-07-03,0,0,0,0,0,0
,1198.3037415268395,1198.3037415268395,1198.3037415268395,1198.3037415268395,1198.3037415268395,2023-07-04,0,0,0,0,0,0
,1190.9997357239995,1190.9997357239995,1190.9997357239995,1190.9997357239995,1190.9997357239995,2023-07-05,0,0,0,0,0,0
,1175.958111582341,1175.958111582341,1175.958111582341,1175.958111582341,1175.958111582341,2023-07-06,0,0,0,0,0,0
,1202.8686056265724,1202.8686056265724,1202.8686056265724,1202.8686056265724,1202.8686056265724,2023-07-07,0,0,0,0,0,0
,1227.4738168988026,1227.4738168988026,1227.4738168988026,1227.4738168988026,1227.4738168988026,2023-07-10,0,0,0,0,0,0
,1256.6895309307056,1256.6895309307056,1256.6895309307056,1256.6895309307056,1256.6895309307056,2023-07-11,0,0,0,0,0,0
,1262.806571231475,1262.806571231475,1262.806571231475,1262.806571231475,1262.806571231475,2023-07-12,0,0,0,0,0,0
,1270.8408996155135,1270.8408996155135,1270.8408996155135,1270.8408996155135,1270.8408996155135,2023-07-13,0,0,0,0,0,0
,1255.3657025022662,1255.3657025022662,1255.3657025022662,1255.3657025022662,1255.3657025022662,2023-07-14,0,0,0,0,0,0
,1253.9963391795925,1253.9963391795925,1253.9963391795925,1253.9963391795925,1253.9963391795925,2023-07-17,0,0,0,0,0,0
,1285.9509768018002,1285.9509768018002,1285.9509768018002,1285.9509768018002,1285.9509768018002,2023-07-18,0,0,0,0,0,0
,1291.8854597114334,1291.8854597114334,1291.8854597114334,1291.8854597114334,1291.8854597114334,2023-07-19,0,0,0,0,0,0
,1276.014839753512,1276.014839753512,1276.014839753512,1276.014839753512,1276.014839753512,2023-07-20,0,0,0,0,0,0
,1290.3576048302098,1290.3576048302098,1290.3576048302098,1290.3576048302098,1290.3576048302098,2023-07-21,0,0,0,0,0,0
,1227.0514151401742,1227.0514151401742,1227.0514151401742,1227.0514151401742,1227.0514151401742,2023-07-24,0,0,0,0,0,0
,1233.4810641733905,1233.4810641733905,1233.4810641733905,1233.4810641733905,1233.4810641733905,2023-07-25,0,0,0,0,0,0
,1229.029726310642,1229.029726310642,1229.029726310642,1229.029726310642,1229.029726310642,2023-07-26,0,0,0,0,0,0
,1253.2889256301971,1253.2889256301971,1253.2889256301971,1253.2889256301971,1253.2889256301971,2023-07-27,0,0,0,0,0,0
,1242.4081558253793,1242.4081558253793,1242.4081558253793,1242.4081558253793,1242.4081558253793,2023-07-28,0,0,0,0,0,0
,1250.222567835286,1250.222567835286,1250.222567835286,1250.222567835286,1250.222567835286,2023-07-31,0,0,0,0,0,0
,1263.6503718598296,1263.6503718598296,1263.6503718598296,1263.6503718598296,1263.6503718598296,2023-08-01,0,0,0,0,0,0
,1240.998576334311,1240.998576334311,1240.998576334311,1240.998576334311,1240.998576334311,2023-08-02,0,0,0,0,0,0
,1224.23249959185,1224.23249959185,1224.23249959185,1224.23249959185,1224.23249959185,2023-08-03,0,0,0,0,0,0
,1235.8550243989196,1235.8550243989196,1235.8550243989196,1235.8550243989196,1235.8550243989196,2023-08-04,0,0,0,0,0,0
,1246.834785043854,1246.834785043854,1246.834785043854,1246.834785043854,1246.834785043854,2023-08-07,0,0,0,0,0,0
,1250.2967221809697,1250.2967221809697,1250.2967221809697,1250.2967221809697,1250.2967221809697,2023-08-08,0,0,0,0,0,0
,1238.8472469851745,1238.8472469851745,1238.8472469851745,1238.8472469851745,1238.8472469851745,2023-08-09,0,0,0,0,0,0
,1248.788167272386,1248.788167272386,1248.788167272386,1248.788167272386,1248.788167272386,2023-08-10,0,0,0,0,0,0
,1252.4975295128647,1252.4975295128647,1252.4975295128647,1252.4975295128647,1252.4975295128647,2023-08-11,0,0,0,0,0,0
,1255.737002454242,1255.737002454242,1255.737002454242,1255.737002454242,1255.737002454242,2023-08-14,0,0,0,0,0,0
,1261.672044700447,1261.672044700447,1261.672044700447,1261.672044700447,1261.672044700447,2023-08-16,0,0,0,0,0,0
,1269.6348629683328,1269.6348629683328,1269.6348629683328,1269.6348629683328,1269.6348629683328,2023-08-17,0,0,0,0,0,0
,1251.9041214413387,1251.9041214413387,1251.9041214413387,1251.9041214413387,1251.9041214413387,2023-08-18,0,0,0,0,0,0
,1260.6443643964944,1260.6443643964944,1260.6443643964944,1260.6443643964944,1260.6443643964944,2023-08-21,0,0,0,0,0,0
,1249.204008079304,1249.204008079304,1249.204008079304,1249.204008079304,1249.204008079304,2023-08-22,0,0,0,0,0,0
,1252.8272476636505,1252.8272476636505,1252.8272476636505,1252.8272476636505,1252.8272476636505,2023-08-23,0,0,0,0,0,0
,1260.6195534341234,1260.6195534341234,1260.6195534341234,1260.6195534341234,1260.6195534341234,2023-08-24,0,0,0,0,0,0
,1218.9778633049934,1218.9778633049934,1218.9778633049934,1218.9778633049934,1218.9778633049934,2023-08-25,0,0,0,0,0,0
,1226.9190501118926,1226.9190501118926,1226.9190501118926,1226.9190501118926,1226.9190501118926,2023-08-28,0,0,0,0,0,0
,1217.0173382536789,1217.0173382536789,1217.0173382536789,1217.0173382536789,1217.0173382536789,2023-08-29,0,0,0,0,0,0
,1207.0659417448908,1207.0659417448908,1207.0659417448908,1207.0659417448908,1207.0659417448908,2023-08-30,0,0,0,0,0,0
,1202.5989377093504,1202.5989377093504,1202.5989377093504,1202.5989377093504,1202.5989377093504,2023-08-31,0,0,0,0,0,0
,1194.4343955405525,1194.4343955405525,1194.4343955405525,1194.4343955405525,1194.4343955405525,2023-09-01,0,0,0,0,0,0
,1197.4619529612137,1197.4619529612137,1197.4619529612137,1197.4619529612137,1197.4619529612137,2023-09-04,0,0,0,0,0,0
,1201.1100268699734,1201.1100268699734,1201.1100268699734,1201.1100268699734,1201.1100268699734,2023-09-05,0,0,0,0,0,0
,1201.6560920331103,1201.6560920331103,1201.6560920331103,1201.6560920331103,1201.6560920331103,2023-09-06,0,0,0,0,0,0
,1201.9537313347682,1201.9537313347682,1201.9537313347682,1201.9537313347682,1201.9537313347682,2023-09-07,0,0,0,0,0,0
,1211.0365924741222,1211.0365924741222,1211.0365924741222,1211.0365924741222,1211.0365924741222,2023-09-08,0,0,0,0,0,0
,1216.9924464989117,1216.9924464989117,1216.9924464989117,1216.9924464989117,1216.9924464989117,2023-09-11,0,0,0,0,0,0
,1232.3787090583842,1232.3787090583842,1232.3787090583842,1232.3787090583842,1232.3787090583842,2023-09-12,0,0,0,0,0,0
,1211.0365644667,1211.0365644667,1211.0365644667,1211.0365644667,1211.0365644667,2023-09-13,0,0,0,0,0,0
,1220.9630582690309,1220.9630582690309,1220.9630582690309,1220.9630582690309,1220.9630582690309,2023-09-14,0,0,0,0,0,0
,1224.9337835939812,1224.9337835939812,1224.9337835939812,1224.9337835939812,1224.9337835939812,2023-09-15,0,0,0,0,0,0
,1211.061482045193,1211.061482045193,1211.061482045193,1211.061482045193,1211.061482045193,2023-09-18,0,0,0,0,0,0
,1202.623798606989,1202.623798606989,1202.623798606989,1202.623798606989,1202.623798606989,2023-09-20,0,0,0,0,0,0
,1178.750555955457,1178.750555955457,1178.750555955457,1178.750555955457,1178.750555955457,2023-09-21,0,0,0,0,0,0
,1179.2717940052096,1179.2717940052096,1179.2717940052096,1179.2717940052096,1179.2717940052096,2023-09-22,0,0,0,0,0,0
,1166.5657437194718,1166.5657437194718,1166.5657437194718,1166.5657437194718,1166.5657437194718,2023-09-25,0,0,0,0,0,0
,1160.684188171601,1160.684188171601,1160.684188171601,1160.684188171601,1160.684188171601,2023-09-26,0,0,0,0,0,0
,1163.1410372849095,1163.1410372849095,1163.1410372849095,1163.1410372849095,1163.1410372849095,2023-09-27,0,0,0,0,0,0
,1182.7459002555731,1182.7459002555731,1182.7459002555731,1182.7459002555731,1182.7459002555731,2023-09-28,0,0,0,0,0,0
,1162.2973995824232,1162.2973995824232,1162.2973995824232,1162.2973995824232,1162.2973995824232,2023-09-29,0,0,0,0,0,0
,1156.415758225436,1156.415758225436,1156.415758225436,1156.415758225436,1156.415758225436,2023-10-03,0,0,0,0,0,0
,1146.0178196869251,1146.0178196869251,1146.0178196869251,1146.0178196869251,1146.0178196869251,2023-10-04,0,0,0,0,0,0
,1151.105104982258,1151.105104982258,1151.105104982258,1151.105104982258,1151.105104982258,2023-10-05,0,0,0,0,0,0
,1150.0132553057874,1150.0132553057874,1150.0132553057874,1150.0132553057874,1150.0132553057874,2023-10-06,0,0,0,0,0,0
,1145.5711149238573,1145.5711149238573,1145.5711149238573,1145.5711149238573,1145.5711149238573,2023-10-09,0,0,0,0,0,0
,1144.8018394410435,1144.8018394410435,1144.8018394410435,1144.8018394410435,1144.8018394410435,2023-10-10,0,0,0,0,0,0
,1148.722762099973,1148.722762099973,1148.722762099973,1148.722762099973,1148.722762099973,2023-10-11,0,0,0,0,0,0
,1163.3148210249558,1163.3148210249558,1163.3148210249558,1163.3148210249558,1163.3148210249558,2023-10-12,0,0,0,0,0,0
,1161.4040366702477,1161.4040366702477,1161.4040366702477,1161.4040366702477,1161.4040366702477,2023-10-13,0,0,0,0,0,0
,1163.885548402189,1163.885548402189,1163.885548402189,1163.885548402189,1163.885548402189,2023-10-16,0,0,0,0,0,0
,1169.3451452373686,1169.3451452373686,1169.3451452373686,1169.3451452373686,1169.3451452373686,2023-10-17,0,0,0,0,0,0
,1168.9729714451066,1168.9729714451066,1168.9729714451066,1168.9729714451066,1168.9729714451066,2023-10-18,0,0,0,0,0,0
,1147.5068298823098,1147.5068298823098,1147.5068298823098,1147.5068298823098,1147.5068298823098,2023-10-19,0,0,0,0,0,0
,1141.5508934053469,1141.5508934053469,1141.5508934053469,1141.5508934053469,1141.5508934053469,2023-10-20,0,0,0,0,0,0
,1136.5877075106362,1136.5877075106362,1136.5877075106362,1136.5877075106362,1136.5877075106362,2023-10-23,0,0,0,0,0,0
,1116.7593673158804,1116.7593673158804,1116.7593673158804,1116.7593673158804,1116.7593673158804,2023-10-25,0,0,0,0,0,0
,1117.230921778067,1117.230921778067,1117.230921778067,1117.230921778067,1117.230921778067,2023-10-26,0,0,0,0,0,0
,1111.7712909465938,1111.7712909465938,1111.7712909465938,1111.7712909465938,1111.7712909465938,2023-10-27,0,0,0,0,0,0
,1128.6463150337838,1128.6463150337838,1128.6463150337838,1128.6463150337838,1128.6463150337838,2023-10-30,0,0,0,0,0,0
,1155.448028104718,1155.448028104718,1155.448028104718,1155.448028104718,1155.448028104718,2023-10-31,0,0,0,0,0,0
,1136.1656826268284,1136.1656826268284,1136.1656826268284,1136.1656826268284,1136.1656826268284,2023-11-01,0,0,0,0,0,0
,1148.4746196953226,1148.4746196953226,1148.4746196953226,1148.4746196953226,1148.4746196953226,2023-11-02,0,0,0,0,0,0
,1155.0509397455935,1155.0509397455935,1155.0509397455935,1155.0509397455935,1155.0509397455935,2023-11-03,0,0,0,0,0,0
,1157.5822297180116,1157.5822297180116,1157.5822297180116,1157.5822297180116,1157.5822297180116,2023-11-06,0,0,0,0,0,0
,1158.4507493206686,1158.4507493206686,1158.4507493206686,1158.4507493206686,1158.4507493206686,2023-11-07,0,0,0,0,0,0
,1157.4332718147846,1157.4332718147846,1157.4332718147846,1157.4332718147846,1157.4332718147846,2023-11-08,0,0,0,0,0,0
,1159.344192861405,1159.344192861405,1159.344192861405,1159.344192861405,1159.344192861405,2023-11-09,0,0,0,0,0,0
,1144.3054653415224,1144.3054653415224,1144.3054653415224,1144.3054653415224,1144.3054653415224,2023-11-10,0,0,0,0,0,0
,1152.9166537769547,1152.9166537769547,1152.9166537769547,1152.9166537769547,1152.9166537769547,2023-11-13,0,0,0,0,0,0
,1161.4039352802763,1161.4039352802763,1161.4039352802763,1161.4039352802763,1161.4039352802763,2023-11-15,0,0,0,0,0,0
,1166.9131951067154,1166.9131951067154,1166.9131951067154,1166.9131951067154,1166.9131951067154,2023-11-16,0,0,0,0,0,0
,1167.8064883385834,1167.8064883385834,1167.8064883385834,1167.8064883385834,1167.8064883385834,2023-11-17,0,0,0,0,0,0
,1165.647592311094,1165.647592311094,1165.647592311094,1165.647592311094,1165.647592311094,2023-11-20,0,0,0,0,0,0
,1174.3083747965666,1174.3083747965666,1174.3083747965666,1174.3083747965666,1174.3083747965666,2023-11-21,0,0,0,0,0,0
,1178.7754188353035,1178.7754188353035,1178.7754188353035,1178.7754188353035,1178.7754188353035,2023-11-22,0,0,0,0,0,0
,1185.3268657327444,1185.3268657327444,1185.3268657327444,1185.3268657327444,1185.3268657327444,2023-11-23,0,0,0,0,0,0
,1187.0144298509326,1187.0144298509326,1187.0144298509326,1187.0144298509326,1187.0144298509326,2023-11-24,0,0,0,0,0,0
,1188.155889499075,1188.155889499075,1188.155889499075,1188.155889499075,1188.155889499075,2023-11-28,0,0,0,0,0,0
,1195.1540911072586,1195.1540911072586,1195.1540911072586,1195.1540911072586,1195.1540911072586,2023-11-29,0,0,0,0,0,0
,1188.5529645510346,1188.5529645510346,1188.5529645510346,1188.5529645510346,1188.5529645510346,2023-11-30,0,0,0,0,0,0
,1180.2643464861462,1180.2643464861462,1180.2643464861462,1180.2643464861462,1180.2643464861462,2023-12-01,0,0,0,0,0,0
,1215.9997806950958,1215.9997806950958,1215.9997806950958,1215.9997806950958,1215.9997806950958,2023-12-04,0,0,0,0,0,0
,1210.540207865299,1210.540207865299,1210.540207865299,1210.540207865299,1210.540207865299,2023-12-05,0,0,0,0,0,0
,1214.560584514323,1214.560584514323,1214.560584514323,1214.560584514323,1214.560584514323,2023-12-06,0,0,0,0,0,0
,1220.9631623446442,1220.9631623446442,1220.9631623446442,1220.9631623446442,1220.9631623446442,2023-12-07,0,0,0,0,0,0
,1222.874052744466,1222.874052744466,1222.874052744466,1222.874052744466,1222.874052744466,2023-12-08,0,0,0,0,0,0
,1218.9777608532804,1218.9777608532804,1218.9777608532804,1218.9777608532804,1218.9777608532804,2023-12-11,0,0,0,0,0,0
,1220.9631521449137,1220.9631521449137,1220.9631521449137,1220.9631521449137,1220.9631521449137,2023-12-12,0,0,0,0,0,0
,1202.102614795848,1202.102614795848,1202.102614795848,1202.102614795848,1202.102614795848,2023-12-13,0,0,0,0,0,0
,1217.9851619285064,1217.9851619285064,1217.9851619285064,1217.9851619285064,1217.9851619285064,2023-12-14,0,0,0,0,0,0
,1229.8970515295573,1229.8970515295573,1229.8970515295573,1229.8970515295573,1229.8970515295573,2023-12-15,0,0,0,0,0,0
,1238.6323699765337,1238.6323699765337,1238.6323699765337,1238.6323699765337,1238.6323699765337,2023-12-18,0,0,0,0,0,0
,1268.1140495332209,1268.1140495332209,1268.1140495332209,1268.1140495332209,1268.1140495332209,2023-12-19,0,0,0,0,0,0
,1276.080186427869,1276.080186427869,1276.080186427869,1276.080186427869,1276.080186427869,2023-12-20,0,0,0,0,0,0
,1254.2170195322976,1254.2170195322976,1254.2170195322976,1254.2170195322976,1254.2170195322976,2023-12-21,0,0,0,0,0,0
,1270.3972179591544,1270.3972179591544,1270.3972179591544,1270.3972179591544,1270.3972179591544,2023-12-22,0,0,0,0,0,0
,1274.5663382448713,1274.5663382448713,1274.5663382448713,1274.5663382448713,1274.5663382448713,2023-12-26,0,0,0,0,0,0
,1281.514887400953,1281.514887400953,1281.514887400953,1281.514887400953,1281.514887400953,2023-12-27,0,0,0,0,0,0
,1285.3862277761266,1285.3862277761266,1285.3862277761266,1285.3862277761266,1285.3862277761266,2023-12-28,0,0,0,0,0,0
,1295.9581362918193,1295.9581362918193,1295.9581362918193,1295.9581362918193,1295.9581362918193,2023-12-29,0,0,0,0,0,0
,1280.795398303561,1280.795398303561,1280.795398303561,1280.795398303561,1280.795398303561,2024-01-01,0,0,0,0,0,0
,1283.0039664322292,1283.0039664322292,1283.0039664322292,1283.0039664322292,1283.0039664322292,2024-01-02,0,0,0,0,0,0
,1295.412048372221,1295.412048372221,1295.412048372221,1295.412048372221,1295.412048372221,2024-01-03,0,0,0,0,0,0
,1284.4928354763,1284.4928354763,1284.4928354763,1284.4928354763,1284.4928354763,2024-01-04,0,0,0,0,0,0
,1291.888116528752,1291.888116528752,1291.888116528752,1291.888116528752,1291.888116528752,2024-01-05,0,0,0,0,0,0
,1295.412156841061,1295.412156841061,1295.412156841061,1295.412156841061,1295.412156841061,2024-01-08,0,0,0,0,0,0
,1290.4487513775189,1290.4487513775189,1290.4487513775189,1290.4487513775189,1290.4487513775189,2024-01-09,0,0,0,0,0,0
,1279.0333061103788,1279.0333061103788,1279.0333061103788,1279.0333061103788,1279.0333061103788,2024-01-10,0,0,0,0,0,0
,1319.7321386109766,1319.7321386109766,1319.7321386109766,1319.7321386109766,1319.7321386109766,2024-01-11,0,0,0,0,0,0
,1349.9087552154865,1349.9087552154865,1349.9087552154865,1349.9087552154865,1349.9087552154865,2024-01-12,0,0,0,0,0,0
,1364.897715738619,1364.897715738619,1364.897715738619,1364.897715738619,1364.897715738619,2024-01-15,0,0,0,0,0,0
,1379.7627106993225,1379.7627106993225,1379.7627106993225,1379.7627106993225,1379.7627106993225,2024-01-16,0,0,0,0,0,0
,1349.5117047016763,1349.5117047016763,1349.5117047016763,1349.5117047016763,1349.5117047016763,2024-01-17,0,0,0,0,0,0
,1341.4712027363942,1341.4712027363942,1341.4712027363942,1341.4712027363942,1341.4712027363942,2024-01-18,0,0,0,0,0,0
,1365.890429247957,1365.890429247957,1365.890429247957,1365.890429247957,1365.890429247957,2024-01-19,0,0,0,0,0,0
,1361.671682300463,1361.671682300463,1361.671682300463,1361.671682300463,1361.671682300463,2024-01-23,0,0,0,0,0,0
,1325.4149927095905,1325.4149927095905,1325.4149927095905,1325.4149927095905,1325.4149927095905,2024-01-24,0,0,0,0,0,0
,1333.0831783387705,1333.0831783387705,1333.0831783387705,1333.0831783387705,1333.0831783387705,2024-01-25,0,0,0,0,0,0
,1354.474931519067,1354.474931519067,1354.474931519067,1354.474931519067,1354.474931519067,2024-01-29,0,0,0,0,0,0
,1449.223597164783,1449.223597164783,1449.223597164783,1449.223597164783,1449.223597164783,2024-01-30,0,0,0,0,0,0
,1393.6846609266845,1393.6846609266845,1393.6846609266845,1393.6846609266845,1393.6846609266845,2024-01-31,0,0,0,0,0,0
,1424.4569627393994,1424.4569627393994,1424.4569627393994,1424.4569627393994,1424.4569627393994,2024-02-01,0,0,0,0,0,0
,1422.6455164089482,1422.6455164089482,1422.6455164089482,1422.6455164089482,1422.6455164089482,2024-02-02,0,0,0,0,0,0
,1450.0177530325548,1450.0177530325548,1450.0177530325548,1450.0177530325548,1450.0177530325548,2024-02-05,0,0,0,0,0,0
,1431.256637826339,1431.256637826339,1431.256637826339,1431.256637826339,1431.256637826339,2024-02-06,0,0,0,0,0,0
,1425.3752031215413,1425.3752031215413,1425.3752031215413,1425.3752031215413,1425.3752031215413,2024-02-07,0,0,0,0,0,0
,1439.3467435794869,1439.3467435794869,1439.3467435794869,1439.3467435794869,1439.3467435794869,2024-02-08,0,0,0,0,0,0
,1443.31729322881,1443.31729322881,1443.31729322881,1443.31729322881,1443.31729322881,2024-02-09,0,0,0,0,0,0
,1450.017752117624,1450.017752117624,1450.017752117624,1450.017752117624,1450.017752117624,2024-02-12,0,0,0,0,0,0
,1444.806250056761,1444.806250056761,1444.806250056761,1444.806250056761,1444.806250056761,2024-02-13,0,0,0,0,0,0
,1446.7916226083244,1446.7916226083244,1446.7916226083244,1446.7916226083244,1446.7916226083244,2024-02-14,0,0,0,0,0,0
,1472.4517353218182,1472.4517353218182,1472.4517353218182,1472.4517353218182,1472.4517353218182,2024-02-15,0,0,0,0,0,0
,1465.6271998466532,1465.6271998466532,1465.6271998466532,1465.6271998466532,1465.6271998466532,2024-02-16,0,0,0,0,0,0
,1451.30825618237,1451.30825618237,1451.30825618237,1451.30825618237,1451.30825618237,2024-02-19,0,0,0,0,0,0
,1464.1878968342885,1464.1878968342885,1464.1878968342885,1464.1878968342885,1464.1878968342885,2024-02-20,0,0,0,0,0,0
,1463.170510366537,1463.170510366537,1463.170510366537,1463.170510366537,1463.170510366537,2024-02-21,0,0,0,0,0,0
,1457.36346935178,1457.36346935178,1457.36346935178,1457.36346935178,1457.36346935178,2024-02-22,0,0,0,0,0,0
,1478.556551746289,1478.556551746289,1478.556551746289,1478.556551746289,1478.556551746289,2024-02-23,0,0,0,0,0,0
,1482.5768223248915,1482.5768223248915,1482.5768223248915,1482.5768223248915,1482.5768223248915,2024-02-26,0,0,0,0,0,0
,1472.1291493159845,1472.1291493159845,1472.1291493159845,1472.1291493159845,1472.1291493159845,2024-02-27,0,0,0,0,0,0
,1472.1042938560004,1472.1042938560004,1472.1042938560004,1472.1042938560004,1472.1042938560004,2024-02-28,0,0,0,0,0,0
,1454.2365988812116,1454.2365988812116,1454.2365988812116,1454.2365988812116,1454.2365988812116,2024-02-29,0,0,0,0,0,0
,1452.7475417409498,1452.7475417409498,1452.7475417409498,1452.7475417409498,1452.7475417409498,2024-03-01,0,0,0,0,0,0
,1479.524373681886,1479.524373681886,1479.524373681886,1479.524373681886,1479.524373681886,2024-03-04,0,0,0,0,0,0
,1494.712091681268,1494.712091681268,1494.712091681268,1494.712091681268,1494.712091681268,2024-03-05,0,0,0,0,0,0
,1482.477391937893,1482.477391937893,1482.477391937893,1482.477391937893,1482.477391937893,2024-03-06,0,0,0,0,0,0
,1491.9325571368477,1491.9325571368477,1491.9325571368477,1491.9325571368477,1491.9325571368477,2024-03-07,0,0,0,0,0,0
,1478.060279979328,1478.060279979328,1478.060279979328,1478.060279979328,1478.060279979328,2024-03-11,0,0,0,0,0,0
,1455.8247263461558,1455.8247263461558,1455.8247263461558,1455.8247263461558,1455.8247263461558,2024-03-12,0,0,0,0,0,0
,1468.9029635812572,1468.9029635812572,1468.9029635812572,1468.9029635812572,1468.9029635812572,2024-03-13,0,0,0,0,0,0
,1429.1223094125826,1429.1223094125826,1429.1223094125826,1429.1223094125826,1429.1223094125826,2024-03-14,0,0,0,0,0,0
,1415.4733954219128,1415.4733954219128,1415.4733954219128,1415.4733954219128,1415.4733954219128,2024-03-15,0,0,0,0,0,0
,1409.56727675182,1409.56727675182,1409.56727675182,1409.56727675182,1409.56727675182,2024-03-18,0,0,0,0,0,0
,1418.252849649116,1418.252849649116,1418.252849649116,1418.252849649116,1418.252849649116,2024-03-19,0,0,0,0,0,0
,1417.4587350761735,1417.4587350761735,1417.4587350761735,1417.4587350761735,1417.4587350761735,2024-03-20,0,0,0,0,0,0
,1441.8532357214951,1441.8532357214951,1441.8532357214951,1441.8532357214951,1441.8532357214951,2024-03-21,0,0,0,0,0,0
,1439.321893152815,1439.321893152815,1439.321893152815,1439.321893152815,1439.321893152815,2024-03-22,0,0,0,0,0,0
,1434.3835274360674,1434.3835274360674,1434.3835274360674,1434.3835274360674,1434.3835274360674,2024-03-26,0,0,0,0,0,0
,1437.3613782559069,1437.3613782559069,1437.3613782559069,1437.3613782559069,1437.3613782559069,2024-03-27,0,0,0,0,0,0
,1481.90676076149,1481.90676076149,1481.90676076149,1481.90676076149,1481.90676076149,2024-03-28,0,0,0,0,0,0
,1481.5095896793896,1481.5095896793896,1481.5095896793896,1481.5095896793896,1481.5095896793896,2024-04-01,0,0,0,0,0,0
,1473.0968689675983,1473.0968689675983,1473.0968689675983,1473.0968689675983,1473.0968689675983,2024-04-02,0,0,0,0,0,0
,1471.186101560143,1471.186101560143,1471.186101560143,1471.186101560143,1471.186101560143,2024-04-03,0,0,0,0,0,0
,1468.8780939901114,1468.8780939901114,1468.8780939901114,1468.8780939901114,1468.8780939901114,2024-04-04,0,0,0,0,0,0
,1450.1417667351743,1450.1417667351743,1450.1417667351743,1450.1417667351743,1450.1417667351743,2024-04-05,0,0,0,0,0,0
,1452.226356281804,1452.226356281804,1452.226356281804,1452.226356281804,1452.226356281804,2024-04-08,0,0,0,0,0,0
,1478.060211901015,1478.060211901015,1478.060211901015,1478.060211901015,1478.060211901015,2024-04-09,0,0,0,0,0,0
,1455.5766564963697,1455.5766564963697,1455.5766564963697,1455.5766564963697,1455.5766564963697,2024-04-10,0,0,0,0,0,0
,1465.0317226594827,1465.0317226594827,1465.0317226594827,1465.0317226594827,1465.0317226594827,2024-04-12,0,0,0,0,0,0
,1450.2658952456557,1450.2658952456557,1450.2658952456557,1450.2658952456557,1450.2658952456557,2024-04-15,0,0,0,0,0,0
,1442.6720371000315,1442.6720371000315,1442.6720371000315,1442.6720371000315,1442.6720371000315,2024-04-16,0,0,0,0,0,0
,1452.7476380801534,1452.7476380801534,1452.7476380801534,1452.7476380801534,1452.7476380801534,2024-04-18,0,0,0,0,0,0
,1446.0720814485835,1446.0720814485835,1446.0720814485835,1446.0720814485835,1446.0720814485835,2024-04-19,0,0,0,0,0,0
,1461.6317610616636,1461.6317610616636,1461.6317610616636,1461.6317610616636,1461.6317610616636,2024-04-22,0,0,0,0,0,0
,1468.1337674689391,1468.1337674689391,1468.1337674689391,1468.1337674689391,1468.1337674689391,2024-04-23,0,0,0,0,0,0
,1452.7475596039474,1452.7475596039474,1452.7475596039474,1452.7475596039474,1452.7475596039474,2024-04-24,0,0,0,0,0,0
,1431.9018276580116,1431.9018276580116,1431.9018276580116,1431.9018276580116,1431.9018276580116,2024-04-25,0,0,0,0,0,0
,1453.194198141131,1453.194198141131,1453.194198141131,1453.194198141131,1453.194198141131,2024-04-26,0,0,0,0,0,0
,1439.3467183436048,1439.3467183436048,1439.3467183436048,1439.3467183436048,1439.3467183436048,2024-04-29,0,0,0,0,0,0
,1457.214576809603,1457.214576809603,1457.214576809603,1457.214576809603,1457.214576809603,2024-04-30,0,0,0,0,0,0
,1461.1850562736174,1461.1850562736174,1461.1850562736174,1461.1850562736174,1461.1850562736174,2024-05-02,0,0,0,0,0,0
,1460.1925152681529,1460.1925152681529,1460.1925152681529,1460.1925152681529,1460.1925152681529,2024-05-03,0,0,0,0,0,0
,1424.9533097670264,1424.9533097670264,1424.9533097670264,1424.9533097670264,1424.9533097670264,2024-05-06,0,0,0,0,0,0
,1405.571689953147,1405.571689953147,1405.571689953147,1405.571689953147,1405.571689953147,2024-05-07,0,0,0,0,0,0
,1387.2324157830617,1387.2324157830617,1387.2324157830617,1387.2324157830617,1387.2324157830617,2024-05-08,0,0,0,0,0,0
,1402.6185253372132,1402.6185253372132,1402.6185253372132,1402.6185253372132,1402.6185253372132,2024-05-09,0,0,0,0,0,0
,1386.4879762578594,1386.4879762578594,1386.4879762578594,1386.4879762578594,1386.4879762578594,2024-05-10,0,0,0,0,0,0
,1389.614931468387,1389.614931468387,1389.614931468387,1389.614931468387,1389.614931468387,2024-05-13,0,0,0,0,0,0
,1390.681954289976,1390.681954289976,1390.681954289976,1390.681954289976,1390.681954289976,2024-05-14,0,0,0,0,0,0
,1410.063563528233,1410.063563528233,1410.063563528233,1410.063563528233,1410.063563528233,2024-05-15,0,0,0,0,0,0
,1408.1278405018506,1408.1278405018506,1408.1278405018506,1408.1278405018506,1408.1278405018506,2024-05-16,0,0,0,0,0,0
,1412.5948920294334,1412.5948920294334,1412.5948920294334,1412.5948920294334,1412.5948920294334,2024-05-17,0,0,0,0,0,0
,1415.1260338425998,1415.1260338425998,1415.1260338425998,1415.1260338425998,1415.1260338425998,2024-05-21,0,0,0,0,0,0
,1425.722543020764,1425.722543020764,1425.722543020764,1425.722543020764,1425.722543020764,2024-05-22,0,0,0,0,0,0
,1447.8340020088174,1447.8340020088174,1447.8340020088174,1447.8340020088174,1447.8340020088174,2024-05-23,0,0,0,0,0,0
,1472.724715385057,1472.724715385057,1472.724715385057,1472.724715385057,1472.724715385057,2024-05-24,0,0,0,0,0,0
,1469.3497180106694,1469.3497180106694,1469.3497180106694,1469.3497180106694,1469.3497180106694,2024-05-27,0,0,0,0,0,0
,1457.2145743340495,1457.2145743340495,1457.2145743340495,1457.2145743340495,1457.2145743340495,2024-05-28,0,0,0,0,0,0
,1435.87248908715,1435.87248908715,1435.87248908715,1435.87248908715,1435.87248908715,2024-05-29,0,0,0,0,0,0
,1424.9532474164846,1424.9532474164846,1424.9532474164846,1424.9532474164846,1424.9532474164846,2024-05-30,0,0,0,0,0,0
,1420.7841589242364,1420.7841589242364,1420.7841589242364,1420.7841589242364,1420.7841589242364,2024-05-31,0,0,0,0,0,0
,1472.1043222829317,1472.1043222829317,1472.1043222829317,1472.1043222829317,1472.1043222829317,2024-06-03,0,0,0,0,0,0
,1487.0437791255476,1487.0437791255476,1487.0437791255476,1487.0437791255476,1487.0437791255476,2024-06-04,0,0,0,0,0,0
,1411.5524616660985,1411.5524616660985,1411.5524616660985,1411.5524616660985,1411.5524616660985,2024-06-05,0,0,0,0,0,0
,1424.4569533735907,1424.4569533735907,1424.4569533735907,1424.4569533735907,1424.4569533735907,2024-06-06,0,0,0,0,0,0
,1418.004611799037,1418.004611799037,1418.004611799037,1418.004611799037,1418.004611799037,2024-06-07,0,0,0,0,0,0
,1459.150058153404,1459.150058153404,1459.150058153404,1459.150058153404,1459.150058153404,2024-06-10,0,0,0,0,0,0
,1458.20717740815,1458.20717740815,1458.20717740815,1458.20717740815,1458.20717740815,2024-06-11,0,0,0,0,0,0
,1446.7915758989443,1446.7915758989443,1446.7915758989443,1446.7915758989443,1446.7915758989443,2024-06-12,0,0,0,0,0,0
,1461.1851486521073,1461.1851486521073,1461.1851486521073,1461.1851486521073,1461.1851486521073,2024-06-13,0,0,0,0,0,0
,1459.199879544848,1459.199879544848,1459.199879544848,1459.199879544848,1459.199879544848,2024-06-14,0,0,0,0,0,0
,1476.4224025999808,1476.4224025999808,1476.4224025999808,1476.4224025999808,1476.4224025999808,2024-06-18,0,0,0,0,0,0
,1476.571240472528,1476.571240472528,1476.571240472528,1476.571240472528,1476.571240472528,2024-06-19,0,0,0,0,0,0
,1448.2806091505108,1448.2806091505108,1448.2806091505108,1448.2806091505108,1448.2806091505108,2024-06-20,0,0,0,0,0,0
,1462.7982011333013,1462.7982011333013,1462.7982011333013,1462.7982011333013,1462.7982011333013,2024-06-21,0,0,0,0,0,0
,1434.9045699529108,1434.9045699529108,1434.9045699529108,1434.9045699529108,1434.9045699529108,2024-06-24,0,0,0,0,0,0
,1432.3982039886682,1432.3982039886682,1432.3982039886682,1432.3982039886682,1432.3982039886682,2024-06-25,0,0,0,0,0,0
,1435.425808927042,1435.425808927042,1435.425808927042,1435.425808927042,1435.425808927042,2024-06-26,0,0,0,0,0,0
,1502.6284353235128,1502.6284353235128,1502.6284353235128,1502.6284353235128,1502.6284353235128,2024-06-27,0,0,0,0,0,0
,1519.7764812043604,1519.7764812043604,1519.7764812043604,1519.7764812043604,1519.7764812043604,2024-06-28,0,0,0,0,0,0
,1551.0450507194453,1551.0450507194453,1551.0450507194453,1551.0450507194453,1551.0450507194453,2024-07-01,0,0,0,0,0,0
,1557.968712393485,1557.968712393485,1557.968712393485,1557.968712393485,1557.968712393485,2024-07-02,0,0,0,0,0,0
,1554.8170660210362,1554.8170660210362,1554.8170660210362,1554.8170660210362,1554.8170660210362,2024-07-03,0,0,0,0,0,0
,1545.5606622734106,1545.5606622734106,1545.5606622734106,1545.5606622734106,1545.5606622734106,2024-07-04,0,0,0,0,0,0
,1542.4088769403463,1542.4088769403463,1542.4088769403463,1542.4088769403463,1542.4088769403463,2024-07-05,0,0,0,0,0,0
,1577.325467706802,1577.325467706802,1577.325467706802,1577.325467706802,1577.325467706802,2024-07-08,0,0,0,0,0,0
,1585.8623208770043,1585.8623208770043,1585.8623208770043,1585.8623208770043,1585.8623208770043,2024-07-09,0,0,0,0,0,0
,1583.281430895477,1583.281430895477,1583.281430895477,1583.281430895477,1583.281430895477,2024-07-10,0,0,0,0,0,0
,1575.8365135146928,1575.8365135146928,1575.8365135146928,1575.8365135146928,1575.8365135146928,2024-07-11,0,0,0,0,0,0
,1572.8586162043875,1572.8586162043875,1572.8586162043875,1572.8586162043875,1572.8586162043875,2024-07-12,0,0,0,0,0,0
,1592.6620057625546,1592.6620057625546,1592.6620057625546,1592.6620057625546,1592.6620057625546,2024-07-15,0,0,0,0,0,0
,1581.792452589091,1581.792452589091,1581.792452589091,1581.792452589091,1581.792452589091,2024-07-16,0,0,0,0,0,0
,1564.4210812674708,1564.4210812674708,1564.4210812674708,1564.4210812674708,1564.4210812674708,2024-07-18,0,0,0,0,0,0
,1574.3475621142547,1574.3475621142547,1574.3475621142547,1574.3475621142547,1574.3475621142547,2024-07-19,0,0,0,0,0,0
,1525.9557698439748,1525.9557698439748,1525.9557698439748,1525.9557698439748,1525.9557698439748,2024-07-22,0,0,0,0,0,0
,1489.9719903646578,1489.9719903646578,1489.9719903646578,1489.9719903646578,1489.9719903646578,2024-07-23,0,0,0,0,0,0
,1474.0895996286229,1474.0895996286229,1474.0895996286229,1474.0895996286229,1474.0895996286229,2024-07-24,0,0,0,0,0,0
,1470.119034748078,1470.119034748078,1470.119034748078,1470.119034748078,1470.119034748078,2024-07-25,0,0,0,0,0,0
,1481.4352554076795,1481.4352554076795,1481.4352554076795,1481.4352554076795,1481.4352554076795,2024-07-26,0,0,0,0,0,0
,1500.8414953005092,1500.8414953005092,1500.8414953005092,1500.8414953005092,1500.8414953005092,2024-07-29,0,0,0,0,0,0
,1505.879367098864,1505.879367098864,1505.879367098864,1505.879367098864,1505.879367098864,2024-07-30,0,0,0,0,0,0
,1492.9499231376883,1492.9499231376883,1492.9499231376883,1492.9499231376883,1492.9499231376883,2024-07-31,0,0,0,0,0,0
,1500.8913109431162,1500.8913109431162,1500.8913109431162,1500.8913109431162,1500.8913109431162,2024-08-01,0,0,0,0,0,0
,1493.9426800961044,1493.9426800961044,1493.9426800961044,1493.9426800961044,1493.9426800961044,2024-08-02,0,0,0,0,0,0
,1469.126390399314,1469.126390399314,1469.126390399314,1469.126390399314,1469.126390399314,2024-08-05,0,0,0,0,0,0
,1444.4588830824964,1444.4588830824964,1444.4588830824964,1444.4588830824964,1444.4588830824964,2024-08-06,0,0,0,0,0,0
,1458.207118491354,1458.207118491354,1458.207118491354,1458.207118491354,1458.207118491354,2024-08-07,0,0,0,0,0,0
,1446.8164580997684,1446.8164580997684,1446.8164580997684,1446.8164580997684,1446.8164580997684,2024-08-08,0,0,0,0,0,0
,1449.2732763644294,1449.2732763644294,1449.2732763644294,1449.2732763644294,1449.2732763644294,2024-08-09,0,0,0,0,0,0
,1459.199797918004,1459.199797918004,1459.199797918004,1459.199797918004,1459.199797918004,2024-08-12,0,0,0,0,0,0
,1450.0178268110735,1450.0178268110735,1450.0178268110735,1450.0178268110735,1450.0178268110735,2024-08-13,0,0,0,0,0,0
,1452.7972017764512,1452.7972017764512,1452.7972017764512,1452.7972017764512,1452.7972017764512,2024-08-14,0,0,0,0,0,0
,1457.8598362701878,1457.8598362701878,1457.8598362701878,1457.8598362701878,1457.8598362701878,2024-08-16,0,0,0,0,0,0
,1476.6025720306277,1476.6025720306277,1476.6025720306277,1476.6025720306277,1476.6025720306277,2024-08-19,0,0,0,0,0,0
,1491.268975771349,1491.268975771349,1491.268975771349,1491.268975771349,1491.268975771349,2024-08-20,0,0,0,0,0,0
,1487.30978907883,1487.30978907883,1487.30978907883,1487.30978907883,1487.30978907883,2024-08-21,0,0,0,0,0,0
,1497.0210123494212,1497.0210123494212,1497.0210123494212,1497.0210123494212,1497.0210123494212,2024-08-22,0,0,0,0,0,0
,1497.768063961028,1497.768063961028,1497.768063961028,1497.768063961028,1497.768063961028,2024-08-23,0,0,0,0,0,0
,1500.9802618699923,1500.9802618699923,1500.9802618699923,1500.9802618699923,1500.9802618699923,2024-08-26,0,0,0,0,0,0
,1504.4912711730517,1504.4912711730517,1504.4912711730517,1504.4912711730517,1504.4912711730517,2024-08-27,0,0,0,0,0,0
,1499.0131426615155,1499.0131426615155,1499.0131426615155,1499.0131426615155,1499.0131426615155,2024-08-28,0,0,0,0,0,0
,1497.1205913811584,1497.1205913811584,1497.1205913811584,1497.1205913811584,1497.1205913811584,2024-08-29,0,0,0,0,0,0
,1527.89778785993,1527.89778785993,1527.89778785993,1527.89778785993,1527.89778785993,2024-08-30,0,0,0,0,0,0
,1504.8647654458696,1504.8647654458696,1504.8647654458696,1504.8647654458696,1504.8647654458696,2024-09-02,0,0,0,0,0,0
,1515.1984708784903,1515.1984708784903,1515.1984708784903,1515.1984708784903,1515.1984708784903,2024-09-03,0,0,0,0,0,0
,1494.7301447200666,1494.7301447200666,1494.7301447200666,1494.7301447200666,1494.7301447200666,2024-09-04,0,0,0,0,0,0
,1513.0072347057646,1513.0072347057646,1513.0072347057646,1513.0072347057646,1513.0072347057646,2024-09-05,0,0,0,0,0,0
,1486.5627588054049,1486.5627588054049,1486.5627588054049,1486.5627588054049,1486.5627588054049,2024-09-06,0,0,0,0,0,0
,1460.666261949736,1460.666261949736,1460.666261949736,1460.666261949736,1460.666261949736,2024-09-09,0,0,0,0,0,0
,1454.6901127162012,1454.6901127162012,1454.6901127162012,1454.6901127162012,1454.6901127162012,2024-09-10,0,0,0,0,0,0
,1457.2300550346945,1457.2300550346945,1457.2300550346945,1457.2300550346945,1457.2300550346945,2024-09-11,0,0,0,0,0,0
,1451.2039809867947,1451.2039809867947,1451.2039809867947,1451.2039809867947,1451.2039809867947,2024-09-12,0,0,0,0,0,0
,1470.526852936648,1470.526852936648,1470.526852936648,1470.526852936648,1470.526852936648,2024-09-13,0,0,0,0,0,0
,1471.6723576050656,1471.6723576050656,1471.6723576050656,1471.6723576050656,1471.6723576050656,2024-09-16,0,0,0,0,0,0
,1468.1364260685732,1468.1364260685732,1468.1364260685732,1468.1364260685732,1468.1364260685732,2024-09-17,0,0,0,0,0,0
,1464.1522884024148,1464.1522884024148,1464.1522884024148,1464.1522884024148,1464.1522884024148,2024-09-18,0,0,0,0,0,0
,1460.4171894563085,1460.4171894563085,1460.4171894563085,1460.4171894563085,1460.4171894563085,2024-09-19,0,0,0,0,0,0
,1468.136427109257,1468.136427109257,1468.136427109257,1468.136427109257,1468.136427109257,2024-09-20,0,0,0,0,0,0
,1485.0687739665293,1485.0687739665293,1485.0687739665293,1485.0687739665293,1485.0687739665293,2024-09-23,0,0,0,0,0,0
,1482.5786761041754,1482.5786761041754,1482.5786761041754,1482.5786761041754,1482.5786761041754,2024-09-24,0,0,0,0,0,0
,1477.9970102640052,1477.9970102640052,1477.9970102640052,1477.9970102640052,1477.9970102640052,2024-09-25,0,0,0,0,0,0
,1484.7202013028073,1484.7202013028073,1484.7202013028073,1484.7202013028073,1484.7202013028073,2024-09-26,0,0,0,0,0,0
,1493.0369361114394,1493.0369361114394,1493.0369361114394,1493.0369361114394,1493.0369361114394,2024-09-27,0,0,0,0,0,0
,1513.3558880158446,1513.3558880158446,1513.3558880158446,1513.3558880158446,1513.3558880158446,2024-09-30,0,0,0,0,0,0
,1474.7599230273088,1474.7599230273088,1474.7599230273088,1474.7599230273088,1474.7599230273088,2024-10-01,0,0,0,0,0,0
,1430.8602791168494,1430.8602791168494,1430.8602791168494,1430.8602791168494,1430.8602791168494,2024-10-03,0,0,0,0,0,0
,1398.34020617394,1398.34020617394,1398.34020617394,1398.34020617394,1398.34020617394,2024-10-04,0,0,0,0,0,0
,1387.9566419173104,1387.9566419173104,1387.9566419173104,1387.9566419173104,1387.9566419173104,2024-10-07,0,0,0,0,0,0
,1367.513224520688,1367.513224520688,1367.513224520688,1367.513224520688,1367.513224520688,2024-10-08,0,0,0,0,0,0
,1391.9656892391697,1391.9656892391697,1391.9656892391697,1391.9656892391697,1391.9656892391697,2024-10-09,0,0,0,0,0,0
,1374.5352199766685,1374.5352199766685,1374.5352199766685,1374.5352199766685,1374.5352199766685,2024-10-10,0,0,0,0,0,0
,1364.5501018082973,1364.5501018082973,1364.5501018082973,1364.5501018082973,1364.5501018082973,2024-10-11,0,0,0,0,0,0
,1373.962442591221,1373.962442591221,1373.962442591221,1373.962442591221,1373.962442591221,2024-10-14,0,0,0,0,0,0
,1353.1207855156183,1353.1207855156183,1353.1207855156183,1353.1207855156183,1353.1207855156183,2024-10-15,0,0,0,0,0,0
,1334.6695151768993,1334.6695151768993,1334.6695151768993,1334.6695151768993,1334.6695151768993,2024-10-16,0,0,0,0,0,0
,1360.2671814831224,1360.2671814831224,1360.2671814831224,1360.2671814831224,1360.2671814831224,2024-10-17,0,0,0,0,0,0
,1346.796043723323,1346.796043723323,1346.796043723323,1346.796043723323,1346.796043723323,2024-10-18,0,0,0,0,0,0
,1361.686598848784,1361.686598848784,1361.686598848784,1361.686598848784,1361.686598848784,2024-10-21,0,0,0,0,0,0
,1363.7532474009167,1363.7532474009167,1363.7532474009167,1363.7532474009167,1363.7532474009167,2024-10-22,0,0,0,0,0,0
,1332.1793705575924,1332.1793705575924,1332.1793705575924,1332.1793705575924,1332.1793705575924,2024-10-23,0,0,0,0,0,0
,1329.9633130042932,1329.9633130042932,1329.9633130042932,1329.9633130042932,1329.9633130042932,2024-10-24,0,0,0,0,0,0
,1338.1555171764887,1338.1555171764887,1338.1555171764887,1338.1555171764887,1338.1555171764887,2024-10-25,0,0,0,0,0,0
,1331.6813526124563,1331.6813526124563,1331.6813526124563,1331.6813526124563,1331.6813526124563,2024-10-28,0,0,0,0,0,0
,1322.8167478889227,1322.8167478889227,1322.8167478889227,1322.8167478889227,1322.8167478889227,2024-10-29,0,0,0,0,0,0
,1329.6893351932274,1329.6893351932274,1329.6893351932274,1329.6893351932274,1329.6893351932274,2024-10-30,0,0,0,0,0,0
,1334.6694245700712,1334.6694245700712,1334.6694245700712,1334.6694245700712,1334.6694245700712,2024-10-31,0,0,0,0,0,0
,1327.7471304089104,1327.7471304089104,1327.7471304089104,1327.7471304089104,1327.7471304089104,2024-11-01,0,0,0,0,0,0
,1332.5280301195803,1332.5280301195803,1332.5280301195803,1332.5280301195803,1332.5280301195803,2024-11-04,0,0,0,0,0,0
,1287.8564249120311,1287.8564249120311,1287.8564249120311,1287.8564249120311,1287.8564249120311,2024-11-05,0,0,0,0,0,0
,1304.7888451117578,1304.7888451117578,1304.7888451117578,1304.7888451117578,1304.7888451117578,2024-11-06,0,0,0,0,0,0
,1318.7331565363688,1318.7331565363688,1318.7331565363688,1318.7331565363688,1318.7331565363688,2024-11-07,0,0,0,0,0,0
,1292.4879180085577,1292.4879180085577,1292.4879180085577,1292.4879180085577,1292.4879180085577,2024-11-08,0,0,0,0,0,0
,1273.8622221377802,1273.8622221377802,1273.8622221377802,1273.8622221377802,1273.8622221377802,2024-11-11,0,0,0,0,0,0
,1270.4759075040322,1270.4759075040322,1270.4759075040322,1270.4759075040322,1270.4759075040322,2024-11-12,0,0,0,0,0,0
,1265.196886863478,1265.196886863478,1265.196886863478,1265.196886863478,1265.196886863478,2024-11-13,0,0,0,0,0,0
,1248.613186761178,1248.613186761178,1248.613186761178,1248.613186761178,1248.613186761178,2024-11-14,0,0,0,0,0,0
,1262.55746761959,1262.55746761959,1262.55746761959,1262.55746761959,1262.55746761959,2024-11-18,0,0,0,0,0,0
,1255.734688515481,1255.734688515481,1255.734688515481,1255.734688515481,1255.734688515481,2024-11-19,0,0,0,0,0,0
,1236.7107220331202,1236.7107220331202,1236.7107220331202,1236.7107220331202,1236.7107220331202,2024-11-21,0,0,0,0,0,0
,1224.509420421979,1224.509420421979,1224.509420421979,1224.509420421979,1224.509420421979,2024-11-22,0,0,0,0,0,0
,1284.868314871977,1284.868314871977,1284.868314871977,1284.868314871977,1284.868314871977,2024-11-25,0,0,0,0,0,0
,1289.7986377983043,1289.7986377983043,1289.7986377983043,1289.7986377983043,1289.7986377983043,2024-11-26,0,0,0,0,0,0
,1288.3543972122054,1288.3543972122054,1288.3543972122054,1288.3543972122054,1288.3543972122054,2024-11-27,0,0,0,0,0,0
,1284.818474176107,1284.818474176107,1284.818474176107,1284.818474176107,1284.818474176107,2024-11-28,0,0,0,0,0,0
,1274.9081506356404,1274.9081506356404,1274.9081506356404,1274.9081506356404,1274.9081506356404,2024-11-29,0,0,0,0,0,0
,1282.876370557777,1282.876370557777,1282.876370557777,1282.876370557777,1282.876370557777,2024-12-02,0,0,0,0,0,0
,1311.760901783446,1311.760901783446,1311.760901783446,1311.760901783446,1311.760901783446,2024-12-03,0,0,0,0,0,0
,1320.7251432865569,1320.7251432865569,1320.7251432865569,1320.7251432865569,1320.7251432865569,2024-12-04,0,0,0,0,0,0
,1309.1214514378748,1309.1214514378748,1309.1214514378748,1309.1214514378748,1309.1214514378748,2024-12-05,0,0,0,0,0,0
,1318.6334884089777,1318.6334884089777,1318.6334884089777,1318.6334884089777,1318.6334884089777,2024-12-06,0,0,0,0,0,0
,1297.816673231309,1297.816673231309,1297.816673231309,1297.816673231309,1297.816673231309,2024-12-09,0,0,0,0,0,0
,1284.121290398709,1284.121290398709,1284.121290398709,1284.121290398709,1284.121290398709,2024-12-10,0,0,0,0,0,0
,1279.8882324099652,1279.8882324099652,1279.8882324099652,1279.8882324099652,1279.8882324099652,2024-12-11,0,0,0,0,0,0
,1264.9479526569407,1264.9479526569407,1264.9479526569407,1264.9479526569407,1264.9479526569407,2024-12-12,0,0,0,0,0,0
,1254.9877622795104,1254.9877622795104,1254.9877622795104,1254.9877622795104,1254.9877622795104,2024-12-13,0,0,0,0,0,0
,1269.9280595585296,1269.9280595585296,1269.9280595585296,1269.9280595585296,1269.9280595585296,2024-12-16,0,0,0,0,0,0
,1256.033537225462,1256.033537225462,1256.033537225462,1256.033537225462,1256.033537225462,2024-12-17,0,0,0,0,0,0
,1235.714673937889,1235.714673937889,1235.714673937889,1235.714673937889,1235.714673937889,2024-12-18,0,0,0,0,0,0
,1234.0712121990753,1234.0712121990753,1234.0712121990753,1234.0712121990753,1234.0712121990753,2024-12-19,0,0,0,0,0,0
,1219.1309339507775,1219.1309339507775,1219.1309339507775,1219.1309339507775,1219.1309339507775,2024-12-20,0,0,0,0,0,0
,1210.166734877433,1210.166734877433,1210.166734877433,1210.166734877433,1210.166734877433,2024-12-23,0,0,0,0,0,0
,1217.4377030050357,1217.4377030050357,1217.4377030050357,1217.4377030050357,1217.4377030050357,2024-12-24,0,0,0,0,0,0
,1219.3798917928575,1219.3798917928575,1219.3798917928575,1219.3798917928575,1219.3798917928575,2024-12-26,0,0,0,0,0,0
,1213.4536884394554,1213.4536884394554,1213.4536884394554,1213.4536884394554,1213.4536884394554,2024-12-27,0,0,0,0,0,0
,1211.5611874241415,1211.5611874241415,1211.5611874241415,1211.5611874241415,1211.5611874241415,2024-12-30,0,0,0,0,0,0
,1203.1945530395503,1203.1945530395503,1203.1945530395503,1203.1945530395503,1203.1945530395503,2024-12-31,0,0,0,0,0,0
,1210.0172807004092,1210.0172807004092,1210.0172807004092,1210.0172807004092,1210.0172807004092,2025-01-01,0,0,0,0,0,0
,1216.3918076943417,1216.3918076943417,1216.3918076943417,1216.3918076943417,1216.3918076943417,2025-01-02,0,0,0,0,0,0
,1238.9518139936486,1238.9518139936486,1238.9518139936486,1238.9518139936486,1238.9518139936486,2025-01-03,0,0,0,0,0,0
,1248.961727102304,1248.961727102304,1248.961727102304,1248.961727102304,1248.961727102304,2025-01-06,0,0,0,0,0,0
,1217.1388288273845,1217.1388288273845,1217.1388288273845,1217.1388288273845,1217.1388288273845,2025-01-07,0,0,0,0,0,0
,1244.0314575822304,1244.0314575822304,1244.0314575822304,1244.0314575822304,1244.0314575822304,2025-01-08,0,0,0,0,0,0
,1261.9598138402198,1261.9598138402198,1261.9598138402198,1261.9598138402198,1261.9598138402198,2025-01-09,0,0,0,0,0,0
,1248.8621307808614,1248.8621307808614,1248.8621307808614,1248.8621307808614,1248.8621307808614,2025-01-10,0,0,0,0,0,0
,1225.1070543419412,1225.1070543419412,1225.1070543419412,1225.1070543419412,1225.1070543419412,2025-01-13,0,0,0,0,0,0
,1239.1509590647415,1239.1509590647415,1239.1509590647415,1239.1509590647415,1239.1509590647415,2025-01-14,0,0,0,0,0,0
,1239.9974688456068,1239.9974688456068,1239.9974688456068,1239.9974688456068,1239.9974688456068,2025-01-15,0,0,0,0,0,0
,1253.8920943102864,1253.8920943102864,1253.8920943102864,1253.8920943102864,1253.8920943102864,2025-01-16,0,0,0,0,0,0
,1316.9900509904955,1316.9900509904955,1316.9900509904955,1316.9900509904955,1316.9900509904955,2025-01-17,0,0,0,0,0,0
,1310.764916385877,1310.764916385877,1310.764916385877,1310.764916385877,1310.764916385877,2025-01-20,0,0,0,0,0,0
,1305.2868371165837,1305.2868371165837,1305.2868371165837,1305.2868371165837,1305.2868371165837,2025-01-21,0,0,0,0,0,0
,1273.2149526536994,1273.2149526536994,1273.2149526536994,1273.2149526536994,1273.2149526536994,2025-01-22,0,0,0,0,0,0
,1264.947884048613,1264.947884048613,1264.947884048613,1264.947884048613,1264.947884048613,2025-01-23,0,0,0,0,0,0
,1260.9638702056577,1260.9638702056577,1260.9638702056577,1260.9638702056577,1260.9638702056577,2025-01-24,0,0,0,0,0,0
,1234.1708090151494,1234.1708090151494,1234.1708090151494,1234.1708090151494,1234.1708090151494,2025-01-27,0,0,0,0,0,0
,1233.0752790316255,1233.0752790316255,1233.0752790316255,1233.0752790316255,1233.0752790316255,2025-01-28,0,0,0,0,0,0
,1231.0832160878692,1231.0832160878692,1231.0832160878692,1231.0832160878692,1231.0832160878692,2025-01-29,0,0,0,0,0,0
,1230.635044492625,1230.635044492625,1230.635044492625,1230.635044492625,1230.635044492625,2025-01-30,0,0,0,0,0,0
,1250.8541794958078,1250.8541794958078,1250.8541794958078,1250.8541794958078,1250.8541794958078,2025-01-31,0,0,0,0,0,0
,1260.0673469134033,1260.0673469134033,1260.0673469134033,1260.0673469134033,1260.0673469134033,2025-02-01,0,0,0,0,0,0
,1246.0235355947286,1246.0235355947286,1246.0235355947286,1246.0235355947286,1246.0235355947286,2025-02-03,0,0,0,0,0,0
,1243.085282988569,1243.085282988569,1243.085282988569,1243.085282988569,1243.085282988569,2025-02-04,0,0,0,0,0,0
,1277.5476050956522,1277.5476050956522,1277.5476050956522,1277.5476050956522,1277.5476050956522,2025-02-05,0,0,0,0,0,0
,1268.6331564996678,1268.6331564996678,1268.6331564996678,1268.6331564996678,1268.6331564996678,2025-02-06,0,0,0,0,0,0
,1271.073491533156,1271.073491533156,1271.073491533156,1271.073491533156,1271.073491533156,2025-02-07,0,0,0,0,0,0
,1259.469777897567,1259.469777897567,1259.469777897567,1259.469777897567,1259.469777897567,2025-02-10,0,0,0,0,0,0
,1259.519670533727,1259.519670533727,1259.519670533727,1259.519670533727,1259.519670533727,2025-02-11,0,0,0,0,0,0
,1214.5989377224969,1214.5989377224969,1214.5989377224969,1214.5989377224969,1214.5989377224969,2025-02-12,0,0,0,0,0,0
,1212.2086229517822,1212.2086229517822,1212.2086229517822,1212.2086229517822,1212.2086229517822,2025-02-13,0,0,0,0,0,0
,1214.1507532507958,1214.1507532507958,1214.1507532507958,1214.1507532507958,1214.1507532507958,2025-02-14,0,0,0,0,0,0
,1206.2821918357026,1206.2821918357026,1206.2821918357026,1206.2821918357026,1206.2821918357026,2025-02-17,0,0,0,0,0,0
,1219.9775298877432,1219.9775298877432,1219.9775298877432,1219.9775298877432,1219.9775298877432,2025-02-18,0,0,0,0,0,0
,1214.6488125132394,1214.6488125132394,1214.6488125132394,1214.6488125132394,1214.6488125132394,2025-02-19,0,0,0,0,0,0
,1219.0810452834291,1219.0810452834291,1219.0810452834291,1219.0810452834291,1219.0810452834291,2025-02-20,0,0,0,0,0,0
,1223.8121434284387,1223.8121434284387,1223.8121434284387,1223.8121434284387,1223.8121434284387,2025-02-21,0,0,0,0,0,0
,1211.7105497558396,1211.7105497558396,1211.7105497558396,1211.7105497558396,1211.7105497558396,2025-02-24,0,0,0,0,0,0
,1206.1826029932777,1206.1826029932777,1206.1826029932777,1206.1826029932777,1206.1826029932777,2025-02-25,0,0,0,0,0,0
,1207.975493883109,1207.975493883109,1207.975493883109,1207.975493883109,1207.975493883109,2025-02-27,0,0,0,0,0,0
,1197.218393771922,1197.218393771922,1197.218393771922,1197.218393771922,1197.218393771922,2025-02-28,0,0,0,0,0,0
,1199.2104168056296,1199.2104168056296,1199.2104168056296,1199.2104168056296,1199.2104168056296,2025-03-03,0,0,0,0,0,0
,1157.576687742468,1157.576687742468,1157.576687742468,1157.576687742468,1157.576687742468,2025-03-04,0,0,0,0,0,0
,1156.38156474498,1156.38156474498,1156.38156474498,1156.38156474498,1156.38156474498,2025-03-05,0,0,0,0,0,0
,1192.2383549047067,1192.2383549047067,1192.2383549047067,1192.2383549047067,1192.2383549047067,2025-03-06,0,0,0,0,0,0
,1211.1627762331514,1211.1627762331514,1211.1627762331514,1211.1627762331514,1211.1627762331514,2025-03-07,0,0,0,0,0,0
,1240.0473535020744,1240.0473535020744,1240.0473535020744,1240.0473535020744,1240.0473535020744,2025-03-10,0,0,0,0,0,0
,1235.0672477916655,1235.0672477916655,1235.0672477916655,1235.0672477916655,1235.0672477916655,2025-03-11,0,0,0,0,0,0
,1252.995610693361,1252.995610693361,1252.995610693361,1252.995610693361,1252.995610693361,2025-03-12,0,0,0,0,0,0
,1255.0376050433522,1255.0376050433522,1255.0376050433522,1255.0376050433522,1255.0376050433522,2025-03-13,0,0,0,0,0,0
,1237.208673957254,1237.208673957254,1237.208673957254,1237.208673957254,1237.208673957254,2025-03-17,0,0,0,0,0,0
,1233.9217529296875,1233.9217529296875,1233.9217529296875,1233.9217529296875,1233.9217529296875,2025-03-18,0,0,0,0,0,0
,1236.113132982547,1236.113132982547,1236.113132982547,1236.113132982547,1236.113132982547,2025-03-19,0,0,0,0,0,0
,1246.8700894970418,1246.8700894970418,1246.8700894970418,1246.8700894970418,1246.8700894970418,2025-03-20,0,0,0,0,0,0
,1269.927977701306,1269.927977701306,1269.927977701306,1269.927977701306,1269.927977701306,2025-03-21,0,0,0,0,0,0
,1285.86434660882,1285.86434660882,1285.86434660882,1285.86434660882,1285.86434660882,2025-03-24,0,0,0,0,0,0
,1302.497915186312,1302.497915186312,1302.497915186312,1302.497915186312,1302.497915186312,2025-03-25,0,0,0,0,0,0
,1285.8643858858131,1285.8643858858131,1285.8643858858131,1285.8643858858131,1285.8643858858131,2025-03-26,0,0,0,0,0,0
,1273.0655062272906,1273.0655062272906,1273.0655062272906,1273.0655062272906,1273.0655062272906,2025-03-27,0,0,0,0,0,0
,1274.9081198538831,1274.9081198538831,1274.9081198538831,1274.9081198538831,1274.9081198538831,2025-03-28,0,0,0,0,0,0
,1259.5693287834792,1259.5693287834792,1259.5693287834792,1259.5693287834792,1259.5693287834792,2025-04-01,0,0,0,0,0,0
,1242.5873186806543,1242.5873186806543,1242.5873186806543,1242.5873186806543,1242.5873186806543,2025-04-02,0,0,0,0,0,0
,1228.145018441354,1228.145018441354,1228.145018441354,1228.145018441354,1228.145018441354,2025-04-03,0,0,0,0,0,0
,1236.162816017271,1236.162816017271,1236.162816017271,1236.162816017271,1236.162816017271,2025-04-04,0,0,0,0,0,0
,1127.6960086529814,1127.6960086529814,1127.6960086529814,1127.6960086529814,1127.6960086529814,2025-04-07,0,0,0,0,0,0
,1167.3378163352843,1167.3378163352843,1167.3378163352843,1167.3378163352843,1167.3378163352843,2025-04-08,0,0,0,0,0,0
,1164.8477193030517,1164.8477193030517,1164.8477193030517,1164.8477193030517,1164.8477193030517,2025-04-09,0,0,0,0,0,0
,1190.3957018139645,1190.3957018139645,1190.3957018139645,1190.3957018139645,1190.3957018139645,2025-04-11,0,0,0,0,0,0
,1246.0235343416643,1246.0235343416643,1246.0235343416643,1246.0235343416643,1246.0235343416643,2025-04-15,0,0,0,0,0,0
,1229.1907298200806,1229.1907298200806,1229.1907298200806,1229.1907298200806,1229.1907298200806,2025-04-16,0,0,0,0,0,0
,1235.266450081142,1235.266450081142,1235.266450081142,1235.266450081142,1235.266450081142,2025-04-17,0,0,0,0,0,0
,1264.947875835223,1264.947875835223,1264.947875835223,1264.947875835223,1264.947875835223,2025-04-21,0,0,0,0,0,0
,1294.8286411452225,1294.8286411452225,1294.8286411452225,1294.8286411452225,1294.8286411452225,2025-04-22,0,0,0,0,0,0
,1291.840547250601,1291.840547250601,1291.840547250601,1291.840547250601,1291.840547250601,2025-04-23,0,0,0,0,0,0
,1287.2588872304611,1287.2588872304611,1287.2588872304611,1287.2588872304611,1287.2588872304611,2025-04-24,0,0,0,0,0,0
,1298.3146947064158,1298.3146947064158,1298.3146947064158,1298.3146947064158,1298.3146947064158,2025-04-25,0,0,0,0,0,0
,1334.669497851195,1334.669497851195,1334.669497851195,1334.669497851195,1334.669497851195,2025-04-28,0,0,0,0,0,0
,1365.5461749701867,1365.5461749701867,1365.5461749701867,1365.5461749701867,1365.5461749701867,2025-04-29,0,0,0,0,0,0
,1396.4228227174156,1396.4228227174156,1396.4228227174156,1396.4228227174156,1396.4228227174156,2025-04-30,0,0,0,0,0,0
,1408.3751233126775,1408.3751233126775,1408.3751233126775,1408.3751233126775,1408.3751233126775,2025-05-02,0,0,0,0,0,0
,1425.3074680112338,1425.3074680112338,1425.3074680112338,1425.3074680112338,1425.3074680112338,2025-05-05,0,0,0,0,0,0
,1425.3074785225756,1425.3074785225756,1425.3074785225756,1425.3074785225756,1425.3074785225756,2025-05-06,0,0,0,0,0,0
,1415.2476117092149,1415.2476117092149,1415.2476117092149,1415.2476117092149,1415.2476117092149,2025-05-07,0,0,0,0,0,0
,1398.51446598441,1398.51446598441,1398.51446598441,1398.51446598441,1398.51446598441,2025-05-08,0,0,0,0,0,0
,1379.988466695066,1379.988466695066,1379.988466695066,1379.988466695066,1379.988466695066,2025-05-09,0,0,0,0,0,0
,1394.430721507353,1394.430721507353,1394.430721507353,1394.430721507353,1394.430721507353,2025-05-12,0,0,0,0,0,0
,1427.7974767909468,1427.7974767909468,1427.7974767909468,1427.7974767909468,1427.7974767909468,2025-05-13,0,0,0,0,0,0
,1414.3512435205853,1414.3512435205853,1414.3512435205853,1414.3512435205853,1414.3512435205853,2025-05-14,0,0,0,0,0,0
,1419.3313670179805,1419.3313670179805,1419.3313670179805,1419.3313670179805,1419.3313670179805,2025-05-15,0,0,0,0,0,0
,1447.419102005185,1447.419102005185,1447.419102005185,1447.419102005185,1447.419102005185,2025-05-16,0,0,0,0,0,0
,1446.3234565863577,1446.3234565863577,1446.3234565863577,1446.3234565863577,1446.3234565863577,2025-05-19,0,0,0,0,0,0
,1432.4787356808251,1432.4787356808251,1432.4787356808251,1432.4787356808251,1432.4787356808251,2025-05-20,0,0,0,0,0,0
,1418.235682967954,1418.235682967954,1418.235682967954,1418.235682967954,1418.235682967954,2025-05-21,0,0,0,0,0,0
,1415.5464438973825,1415.5464438973825,1415.5464438973825,1415.5464438973825,1415.5464438973825,2025-05-22,0,0,0,0,0,0
,1401.004549811851,1401.004549811851,1401.004549811851,1401.004549811851,1401.004549811851,2025-05-23,0,0,0,0,0,0
,1426.3034970063509,1426.3034970063509,1426.3034970063509,1426.3034970063509,1426.3034970063509,2025-05-26,0,0,0,0,0,0
,1420.426959119657,1420.426959119657,1420.426959119657,1420.426959119657,1420.426959119657,2025-05-27,0,0,0,0,0,0
,1414.4508509493858,1414.4508509493858,1414.4508509493858,1414.4508509493858,1414.4508509493858,2025-05-28,0,0,0,0,0,0
,1406.4826358531975,1406.4826358531975,1406.4826358531975,1406.4826358531975,1406.4826358531975,2025-05-29,0,0,0,0,0,0
,1412.3591925541664,1412.3591925541664,1412.3591925541664,1412.3591925541664,1412.3591925541664,2025-05-30,0,0,0,0,0,0
,1406.4826830156508,1406.4826830156508,1406.4826830156508,1406.4826830156508,1406.4826830156508,2025-06-02,0,0,0,0,0,0
,1416.6421539546416,1416.6421539546416,1416.6421539546416,1416.6421539546416,1416.6421539546416,2025-06-03,0,0,0,0,0,0
,1409.0722382665938,1409.0722382665938,1409.0722382665938,1409.0722382665938,1409.0722382665938,2025-06-04,0,0,0,0,0,0
,1422.3193687346825,1422.3193687346825,1422.3193687346825,1422.3193687346825,1422.3193687346825,2025-06-05,0,0,0,0,0,0
,1435.2676355449807,1435.2676355449807,1435.2676355449807,1435.2676355449807,1435.2676355449807,2025-06-06,0,0,0,0,0,0
,1451.204075048637,1451.204075048637,1451.204075048637,1451.204075048637,1451.204075048637,2025-06-09,0,0,0,0,0,0
,1444.2318404180787,1444.2318404180787,1444.2318404180787,1444.2318404180787,1444.2318404180787,2025-06-10,0,0,0,0,0,0
,1440.048586734708,1440.048586734708,1440.048586734708,1440.048586734708,1440.048586734708,2025-06-11,0,0,0,0,0,0
,1447.7179200254843,1447.7179200254843,1447.7179200254843,1447.7179200254843,1447.7179200254843,2025-06-12,0,0,0,0,0,0
,1418.335338487147,1418.335338487147,1418.335338487147,1418.335338487147,1418.335338487147,2025-06-13,0,0,0,0,0,0
,1421.223780491138,1421.223780491138,1421.223780491138,1421.223780491138,1421.223780491138,2025-06-16,0,0,0,0,0,0
,1442.2398094911548,1442.2398094911548,1442.2398094911548,1442.2398094911548,1442.2398094911548,2025-06-17,0,0,0,0,0,0
,1424.3114328610282,1424.3114328610282,1424.3114328610282,1424.3114328610282,1424.3114328610282,2025-06-18,0,0,0,0,0,0
,1424.4110453044384,1424.4110453044384,1424.4110453044384,1424.4110453044384,1424.4110453044384,2025-06-19,0,0,0,0,0,0
,1425.3075053013415,1425.3075053013415,1425.3075053013415,1425.3075053013415,1425.3075053013415,2025-06-20,0,0,0,0,0,0
,1447.2199506188397,1447.2199506188397,1447.2199506188397,1447.2199506188397,1447.2199506188397,2025-06-23,0,0,0,0,0,0
,1459.1721495093714,1459.1721495093714,1459.1721495093714,1459.1721495093714,1459.1721495093714,2025-06-24,0,0,0,0,0,0
,1458.1762135192969,1458.1762135192969,1458.1762135192969,1458.1762135192969,1458.1762135192969,2025-06-25,0,0,0,0,0,0
,1463.2558362824063,1463.2558362824063,1463.2558362824063,1463.2558362824063,1463.2558362824063,2025-06-26,0,0,0,0,0,0
,1493.4353527246628,1493.4353527246628,1493.4353527246628,1493.4353527246628,1493.4353527246628,2025-06-27,0,0,0,0,0,0
,1507.7781788170053,1507.7781788170053,1507.7781788170053,1507.7781788170053,1507.7781788170053,2025-06-30,0,0,0,0,0,0
,1494.630607775488,1494.630607775488,1494.630607775488,1494.630607775488,1494.630607775488,2025-07-01,0,0,0,0,0,0
,1522.3200879079554,1522.3200879079554,1522.3200879079554,1522.3200879079554,1522.3200879079554,2025-07-02,0,0,0,0,0,0
,1514.7502729656237,1514.7502729656237,1514.7502729656237,1514.7502729656237,1514.7502729656237,2025-07-03,0,0,0,0,0,0
,1517.9375659885409,1517.9375659885409,1517.9375659885409,1517.9375659885409,1517.9375659885409,2025-07-04,0,0,0,0,0,0
,1520.5271677380254,1520.5271677380254,1520.5271677380254,1520.5271677380254,1520.5271677380254,2025-07-07,0,0,0,0,0,0
,1529.8897875590692,1529.8897875590692,1529.8897875590692,1529.8897875590692,1529.8897875590692,2025-07-08,0,0,0,0,0,0
,1530.586937987722,1530.586937987722,1530.586937987722,1530.586937987722,1530.586937987722,2025-07-09,0,0,0,0,0,0
,1513.654605815878,1513.654605815878,1513.654605815878,1513.654605815878,1513.654605815878,2025-07-10,0,0,0,0,0,0
,1505.9852937598653,1505.9852937598653,1505.9852937598653,1505.9852937598653,1505.9852937598653,2025-07-11,0,0,0,0,0,0
,1486.263916129696,1486.263916129696,1486.263916129696,1486.263916129696,1486.263916129696,2025-07-14,0,0,0,0,0,0
,1480.2878335086834,1480.2878335086834,1480.2878335086834,1480.2878335086834,1480.2878335086834,2025-07-15,0,0,0,0,0,0
,1467.1403332858122,1467.1403332858122,1467.1403332858122,1467.1403332858122,1467.1403332858122,2025-07-16,0,0,0,0,0,0
,1481.4830970988437,1481.4830970988437,1481.4830970988437,1481.4830970988437,1481.4830970988437,2025-07-17,0,0,0,0,0,0
,1478.8934598804974,1478.8934598804974,1478.8934598804974,1478.8934598804974,1478.8934598804974,2025-07-18,0,0,0,0,0,0
,1459.1722169809668,1459.1722169809668,1459.1722169809668,1459.1722169809668,1459.1722169809668,2025-07-21,0,0,0,0,0,0
,1421.721828538219,1421.721828538219,1421.721828538219,1421.721828538219,1421.721828538219,2025-07-22,0,0,0,0,0,0
,1420.327316390472,1420.327316390472,1420.327316390472,1420.327316390472,1420.327316390472,2025-07-23,0,0,0,0,0,0
,1413.554298653669,1413.554298653669,1413.554298653669,1413.554298653669,1413.554298653669,2025-07-24,0,0,0,0,0,0
,1393.3351272649268,1393.3351272649268,1393.3351272649268,1393.3351272649268,1393.3351272649268,2025-07-25,0,0,0,0,0,0
,1386.7614543919697,1386.7614543919697,1386.7614543919697,1386.7614543919697,1386.7614543919697,2025-07-28,0,0,0,0,0,0
,1377.498442270458,1377.498442270458,1377.498442270458,1377.498442270458,1377.498442270458,2025-07-29,0,0,0,0,0,0
,1412.458776601272,1412.458776601272,1412.458776601272,1412.458776601272,1412.458776601272,2025-07-30,0,0,0,0,0,0
,1382.5780559389789,1382.5780559389789,1382.5780559389789,1382.5780559389789,1382.5780559389789,2025-07-31,0,0,0,0,0,0
,1381.3828853186424,1381.3828853186424,1381.3828853186424,1381.3828853186424,1381.3828853186424,2025-08-01,0,0,0,0,0,0
,1389.550225151016,1389.550225151016,1389.550225151016,1389.550225151016,1389.550225151016,2025-08-04,0,0,0,0,0,0
,1405.38696851784,1405.38696851784,1405.38696851784,1405.38696851784,1405.38696851784,2025-08-05,0,0,0,0,0,0
,1386.3630773472378,1386.3630773472378,1386.3630773472378,1386.3630773472378,1386.3630773472378,2025-08-06,0,0,0,0,0,0
,1382.1796145349972,1382.1796145349972,1382.1796145349972,1382.1796145349972,1382.1796145349972,2025-08-07,0,0,0,0,0,0
,1379.4904158119157,1379.4904158119157,1379.4904158119157,1379.4904158119157,1379.4904158119157,2025-08-08,0,0,0,0,0,0
,1364.5501609316866,1364.5501609316866,1364.5501609316866,1364.5501609316866,1364.5501609316866,2025-08-11,0,0,0,0,0,0
,1376.402846498686,1376.402846498686,1376.402846498686,1376.402846498686,1376.402846498686,2025-08-12,0,0,0,0,0,0
,1382.4785186353236,1382.4785186353236,1382.4785186353236,1382.4785186353236,1382.4785186353236,2025-08-13,0,0,0,0,0,0
,1377.300048828125,1377.300048828125,1377.300048828125,1377.300048828125,1377.300048828125,2025-08-14,0,0,0,0,0,0
,1390.0,1390.0,1390.0,1390.0,1390.0,2025-08-18,0,0,0,0,0,0
,1390.0,1390.0,1390.0,1390.0,1390.0,2025-08-19,0,0,0,0,0,0
,1413.0,1413.0,1413.0,1413.0,1413.0,2025-08-20,0,0,0,0,0,0
,1425.0,1425.0,1425.0,1425.0,1425.0,2025-08-21,0,0,0,0,0,0
,1420.0,1420.0,1420.0,1420.0,1420.0,2025-08-22,0,0,0,0,0,0
,1414.699951171875,1414.699951171875,1414.699951171875,1414.699951171875,1414.699951171875,2025-08-25,0,0,0,0,0,0
,1408.0,1408.0,1408.0,1408.0,1408.0,2025-08-26,0,0,0,0,0,0
,1384.9000244140625,1384.9000244140625,1384.9000244140625,1384.9000244140625,1384.9000244140625,2025-08-27,0,0,0,0,0,0
,1389.9000244140625,1389.9000244140625,1389.9000244140625,1389.9000244140625,1389.9000244140625,2025-08-28,0,0,0,0,0,0
,1381.0999755859375,1381.0999755859375,1381.0999755859375,1381.0999755859375,1381.0999755859375,2025-08-29,0,0,0,0,0,0
,1356.0,1356.0,1356.0,1356.0,1356.0,2025-09-01,0,0,0,0,0,0
,1354.800048828125,1354.800048828125,1354.800048828125,1354.800048828125,1354.800048828125,2025-09-02,0,0,0,0,0,0
,1369.699951171875,1369.699951171875,1369.699951171875,1369.699951171875,1369.699951171875,2025-09-03,0,0,0,0,0,0
,1371.800048828125,1371.800048828125,1371.800048828125,1371.800048828125,1371.800048828125,2025-09-04,0,0,0,0,0,0
,1363.0,1363.0,1363.0,1363.0,1363.0,2025-09-05,0,0,0,0,0,0
,1380.0,1380.0,1380.0,1380.0,1380.0,2025-09-08,0,0,0,0,0,0
,1376.5999755859375,1376.5999755859375,1376.5999755859375,1376.5999755859375,1376.5999755859375,2025-09-09,0,0,0,0,0,0
,1383.9000244140625,1383.9000244140625,1383.9000244140625,1383.9000244140625,1383.9000244140625,2025-09-10,0,0,0,0,0,0
,1376.0,1376.0,1376.0,1376.0,1376.0,2025-09-11,0,0,0,0,0,0
,1383.300048828125,1383.300048828125,1383.300048828125,1383.300048828125,1383.300048828125,2025-09-12,0,0,0,0,0,0
