Ticker,TCS.NS,TCS.NS,TCS.NS,TCS.NS,TCS.NS,Date,sentiment_compound,sentiment_positive,sentiment_negative,sentiment_strength,positive_ratio,negative_ratio
,3120.9746428953467,3120.9746428953467,3120.9746428953467,3120.9746428953467,3120.9746428953467,2023-01-02,0,0,0,0,0,0
,3112.360480090008,3112.360480090008,3112.360480090008,3112.360480090008,3112.360480090008,2023-01-03,0,0,0,0,0,0
,3164.711485133984,3164.711485133984,3164.711485133984,3164.711485133984,3164.711485133984,2023-01-04,0,0,0,0,0,0
,3187.2023198494617,3187.2023198494617,3187.2023198494617,3187.2023198494617,3187.2023198494617,2023-01-05,0,0,0,0,0,0
,3158.2994089707186,3158.2994089707186,3158.2994089707186,3158.2994089707186,3158.2994089707186,2023-01-06,0,0,0,0,0,0
,3090.3484577543945,3090.3484577543945,3090.3484577543945,3090.3484577543945,3090.3484577543945,2023-01-09,0,0,0,0,0,0
,3143.943167992141,3143.943167992141,3143.943167992141,3143.943167992141,3143.943167992141,2023-01-10,0,0,0,0,0,0
,3148.824455165407,3148.824455165407,3148.824455165407,3148.824455165407,3148.824455165407,2023-01-11,0,0,0,0,0,0
,3186.053949998748,3186.053949998748,3186.053949998748,3186.053949998748,3186.053949998748,2023-01-12,0,0,0,0,0,0
,3199.357091750638,3199.357091750638,3199.357091750638,3199.357091750638,3199.357091750638,2023-01-13,0,0,0,0,0,0
,3182.113266881313,3182.113266881313,3182.113266881313,3182.113266881313,3182.113266881313,2023-01-16,0,0,0,0,0,0
,3194.584409542297,3194.584409542297,3194.584409542297,3194.584409542297,3194.584409542297,2023-01-17,0,0,0,0,0,0
,3242.551184550148,3242.551184550148,3242.551184550148,3242.551184550148,3242.551184550148,2023-01-18,0,0,0,0,0,0
,3242.551689615784,3242.551689615784,3242.551689615784,3242.551689615784,3242.551689615784,2023-01-19,0,0,0,0,0,0
,3228.161509570274,3228.161509570274,3228.161509570274,3228.161509570274,3228.161509570274,2023-01-20,0,0,0,0,0,0
,3250.225730387927,3250.225730387927,3250.225730387927,3250.225730387927,3250.225730387927,2023-01-23,0,0,0,0,0,0
,3285.7214823214213,3285.7214823214213,3285.7214823214213,3285.7214823214213,3285.7214823214213,2023-01-24,0,0,0,0,0,0
,3286.0095713913324,3286.0095713913324,3286.0095713913324,3286.0095713913324,3286.0095713913324,2023-01-25,0,0,0,0,0,0
,3286.6811201617334,3286.6811201617334,3286.6811201617334,3286.6811201617334,3286.6811201617334,2023-01-27,0,0,0,0,0,0
,3280.9249493217903,3280.9249493217903,3280.9249493217903,3280.9249493217903,3280.9249493217903,2023-01-30,0,0,0,0,0,0
,3308.7454024736803,3308.7454024736803,3308.7454024736803,3308.7454024736803,3308.7454024736803,2023-01-31,0,0,0,0,0,0
,3226.2428534958594,3226.2428534958594,3226.2428534958594,3226.2428534958594,3226.2428534958594,2023-02-01,0,0,0,0,0,0
,3287.639955924305,3287.639955924305,3287.639955924305,3287.639955924305,3287.639955924305,2023-02-02,0,0,0,0,0,0
,3361.508677568011,3361.508677568011,3361.508677568011,3361.508677568011,3361.508677568011,2023-02-03,0,0,0,0,0,0
,3331.913416084789,3331.913416084789,3331.913416084789,3331.913416084789,3331.913416084789,2023-02-06,0,0,0,0,0,0
,3327.8366660724405,3327.8366660724405,3327.8366660724405,3327.8366660724405,3327.8366660724405,2023-02-07,0,0,0,0,0,0
,3336.6142726405114,3336.6142726405114,3336.6142726405114,3336.6142726405114,3336.6142726405114,2023-02-08,0,0,0,0,0,0
,3372.0619407057225,3372.0619407057225,3372.0619407057225,3372.0619407057225,3372.0619407057225,2023-02-09,0,0,0,0,0,0
,3376.858694785748,3376.858694785748,3376.858694785748,3376.858694785748,3376.858694785748,2023-02-10,0,0,0,0,0,0
,3404.6788949173124,3404.6788949173124,3404.6788949173124,3404.6788949173124,3404.6788949173124,2023-02-13,0,0,0,0,0,0
,3362.468224611322,3362.468224611322,3362.468224611322,3362.468224611322,3362.468224611322,2023-02-14,0,0,0,0,0,0
,3345.200411606133,3345.200411606133,3345.200411606133,3345.200411606133,3345.200411606133,2023-02-15,0,0,0,0,0,0
,3383.7652709787526,3383.7652709787526,3383.7652709787526,3383.7652709787526,3383.7652709787526,2023-02-16,0,0,0,0,0,0
,3382.7585179492467,3382.7585179492467,3382.7585179492467,3382.7585179492467,3382.7585179492467,2023-02-17,0,0,0,0,0,0
,3359.590210740269,3359.590210740269,3359.590210740269,3359.590210740269,3359.590210740269,2023-02-20,0,0,0,0,0,0
,3351.91545475949,3351.91545475949,3351.91545475949,3351.91545475949,3351.91545475949,2023-02-21,0,0,0,0,0,0
,3276.080089353148,3276.080089353148,3276.080089353148,3276.080089353148,3276.080089353148,2023-02-22,0,0,0,0,0,0
,3281.884214211261,3281.884214211261,3281.884214211261,3281.884214211261,3281.884214211261,2023-02-23,0,0,0,0,0,0
,3283.3230549969585,3283.3230549969585,3283.3230549969585,3283.3230549969585,3283.3230549969585,2023-02-24,0,0,0,0,0,0
,3252.144593441408,3252.144593441408,3252.144593441408,3252.144593441408,3252.144593441408,2023-02-27,0,0,0,0,0,0
,3193.145574568549,3193.145574568549,3193.145574568549,3193.145574568549,3193.145574568549,2023-02-28,0,0,0,0,0,0
,3187.869290841312,3187.869290841312,3187.869290841312,3187.869290841312,3187.869290841312,2023-03-01,0,0,0,0,0,0
,3224.324307062749,3224.324307062749,3224.324307062749,3224.324307062749,3224.324307062749,2023-03-02,0,0,0,0,0,0
,3217.608688766514,3217.608688766514,3217.608688766514,3217.608688766514,3217.608688766514,2023-03-03,0,0,0,0,0,0
,3225.187342201673,3225.187342201673,3225.187342201673,3225.187342201673,3225.187342201673,2023-03-06,0,0,0,0,0,0
,3227.201977550641,3227.201977550641,3227.201977550641,3227.201977550641,3227.201977550641,2023-03-08,0,0,0,0,0,0
,3247.347876803023,3247.347876803023,3247.347876803023,3247.347876803023,3247.347876803023,2023-03-09,0,0,0,0,0,0
,3178.1798932335464,3178.1798932335464,3178.1798932335464,3178.1798932335464,3178.1798932335464,2023-03-10,0,0,0,0,0,0
,3197.462609501381,3197.462609501381,3197.462609501381,3197.462609501381,3197.462609501381,2023-03-13,0,0,0,0,0,0
,3146.618154700995,3146.618154700995,3146.618154700995,3146.618154700995,3146.618154700995,2023-03-14,0,0,0,0,0,0
,3117.8380186547897,3117.8380186547897,3117.8380186547897,3117.8380186547897,3117.8380186547897,2023-03-15,0,0,0,0,0,0
,3077.5454087764915,3077.5454087764915,3077.5454087764915,3077.5454087764915,3077.5454087764915,2023-03-16,0,0,0,0,0,0
,3022.3842944468124,3022.3842944468124,3022.3842944468124,3022.3842944468124,3022.3842944468124,2023-03-17,0,0,0,0,0,0
,3040.755135435348,3040.755135435348,3040.755135435348,3040.755135435348,3040.755135435348,2023-03-20,0,0,0,0,0,0
,3015.4767541251367,3015.4767541251367,3015.4767541251367,3015.4767541251367,3015.4767541251367,2023-03-21,0,0,0,0,0,0
,3002.7656064012303,3002.7656064012303,3002.7656064012303,3002.7656064012303,3002.7656064012303,2023-03-22,0,0,0,0,0,0
,2988.231691352447,2988.231691352447,2988.231691352447,2988.231691352447,2988.231691352447,2023-03-23,0,0,0,0,0,0
,3020.8490163615606,3020.8490163615606,3020.8490163615606,3020.8490163615606,3020.8490163615606,2023-03-24,0,0,0,0,0,0
,3007.514314515956,3007.514314515956,3007.514314515956,3007.514314515956,3007.514314515956,2023-03-27,0,0,0,0,0,0
,2999.839871905109,2999.839871905109,2999.839871905109,2999.839871905109,2999.839871905109,2023-03-28,0,0,0,0,0,0
,3001.7582953291976,3001.7582953291976,3001.7582953291976,3001.7582953291976,3001.7582953291976,2023-03-29,0,0,0,0,0,0
,3060.2296643124405,3060.2296643124405,3060.2296643124405,3060.2296643124405,3060.2296643124405,2023-03-31,0,0,0,0,0,0
,3093.806202047412,3093.806202047412,3093.806202047412,3093.806202047412,3093.806202047412,2023-04-03,0,0,0,0,0,0
,3055.960571154015,3055.960571154015,3055.960571154015,3055.960571154015,3055.960571154015,2023-04-05,0,0,0,0,0,0
,3093.854189668319,3093.854189668319,3093.854189668319,3093.854189668319,3093.854189668319,2023-04-06,0,0,0,0,0,0
,3089.057837405062,3089.057837405062,3089.057837405062,3089.057837405062,3089.057837405062,2023-04-10,0,0,0,0,0,0
,3131.268913624373,3131.268913624373,3131.268913624373,3131.268913624373,3131.268913624373,2023-04-11,0,0,0,0,0,0
,3096.6843102624825,3096.6843102624825,3096.6843102624825,3096.6843102624825,3096.6843102624825,2023-04-12,0,0,0,0,0,0
,3079.464641584868,3079.464641584868,3079.464641584868,3079.464641584868,3079.464641584868,2023-04-13,0,0,0,0,0,0
,3006.6512288397944,3006.6512288397944,3006.6512288397944,3006.6512288397944,3006.6512288397944,2023-04-17,0,0,0,0,0,0
,3026.65335589644,3026.65335589644,3026.65335589644,3026.65335589644,3026.65335589644,2023-04-18,0,0,0,0,0,0
,3003.437224051802,3003.437224051802,3003.437224051802,3003.437224051802,3003.437224051802,2023-04-19,0,0,0,0,0,0
,2964.344522771059,2964.344522771059,2964.344522771059,2964.344522771059,2964.344522771059,2023-04-20,0,0,0,0,0,0
,2983.531208614425,2983.531208614425,2983.531208614425,2983.531208614425,2983.531208614425,2023-04-21,0,0,0,0,0,0
,3022.9598579372287,3022.9598579372287,3022.9598579372287,3022.9598579372287,3022.9598579372287,2023-04-24,0,0,0,0,0,0
,3053.562021865652,3053.562021865652,3053.562021865652,3053.562021865652,3053.562021865652,2023-04-25,0,0,0,0,0,0
,3051.64369490967,3051.64369490967,3051.64369490967,3051.64369490967,3051.64369490967,2023-04-26,0,0,0,0,0,0
,3055.4808006957965,3055.4808006957965,3055.4808006957965,3055.4808006957965,3055.4808006957965,2023-04-27,0,0,0,0,0,0
,3070.25482527173,3070.25482527173,3070.25482527173,3070.25482527173,3070.25482527173,2023-04-28,0,0,0,0,0,0
,3103.4474027619726,3103.4474027619726,3103.4474027619726,3103.4474027619726,3103.4474027619726,2023-05-02,0,0,0,0,0,0
,3085.219962118624,3085.219962118624,3085.219962118624,3085.219962118624,3085.219962118624,2023-05-03,0,0,0,0,0,0
,3050.8279377176764,3050.8279377176764,3050.8279377176764,3050.8279377176764,3050.8279377176764,2023-05-04,0,0,0,0,0,0
,3089.058162176573,3089.058162176573,3089.058162176573,3089.058162176573,3089.058162176573,2023-05-05,0,0,0,0,0,0
,3113.0416934733657,3113.0416934733657,3113.0416934733657,3113.0416934733657,3113.0416934733657,2023-05-08,0,0,0,0,0,0
,3120.3325650983,3120.3325650983,3120.3325650983,3120.3325650983,3120.3325650983,2023-05-09,0,0,0,0,0,0
,3156.211181637488,3156.211181637488,3156.211181637488,3156.211181637488,3156.211181637488,2023-05-10,0,0,0,0,0,0
,3174.438897486895,3174.438897486895,3174.438897486895,3174.438897486895,3174.438897486895,2023-05-11,0,0,0,0,0,0
,3145.802290975248,3145.802290975248,3145.802290975248,3145.802290975248,3145.802290975248,2023-05-12,0,0,0,0,0,0
,3150.4555576014886,3150.4555576014886,3150.4555576014886,3150.4555576014886,3150.4555576014886,2023-05-15,0,0,0,0,0,0
,3123.7855941829725,3123.7855941829725,3123.7855941829725,3123.7855941829725,3123.7855941829725,2023-05-16,0,0,0,0,0,0
,3123.545850910899,3123.545850910899,3123.545850910899,3123.545850910899,3123.545850910899,2023-05-17,0,0,0,0,0,0
,3094.7652983015287,3094.7652983015287,3094.7652983015287,3094.7652983015287,3094.7652983015287,2023-05-18,0,0,0,0,0,0
,3079.4644473658177,3079.4644473658177,3079.4644473658177,3079.4644473658177,3079.4644473658177,2023-05-19,0,0,0,0,0,0
,3098.651125062216,3098.651125062216,3098.651125062216,3098.651125062216,3098.651125062216,2023-05-22,0,0,0,0,0,0
,3171.560608341515,3171.560608341515,3171.560608341515,3171.560608341515,3171.560608341515,2023-05-23,0,0,0,0,0,0
,3142.780413349906,3142.780413349906,3142.780413349906,3142.780413349906,3142.780413349906,2023-05-24,0,0,0,0,0,0
,3160.048759185944,3160.048759185944,3160.048759185944,3160.048759185944,3160.048759185944,2023-05-25,0,0,0,0,0,0
,3159.568941034416,3159.568941034416,3159.568941034416,3159.568941034416,3159.568941034416,2023-05-26,0,0,0,0,0,0
,3224.131696998823,3224.131696998823,3224.131696998823,3224.131696998823,3224.131696998823,2023-05-29,0,0,0,0,0,0
,3180.194792373348,3180.194792373348,3180.194792373348,3180.194792373348,3180.194792373348,2023-05-30,0,0,0,0,0,0
,3174.43896283986,3174.43896283986,3174.43896283986,3174.43896283986,3174.43896283986,2023-05-31,0,0,0,0,0,0
,3179.23550947536,3179.23550947536,3179.23550947536,3179.23550947536,3179.23550947536,2023-06-01,0,0,0,0,0,0
,3190.987170597393,3190.987170597393,3190.987170597393,3190.987170597393,3190.987170597393,2023-06-02,0,0,0,0,0,0
,3180.19473683898,3180.19473683898,3180.19473683898,3180.19473683898,3180.19473683898,2023-06-05,0,0,0,0,0,0
,3146.617142141535,3146.617142141535,3146.617142141535,3146.617142141535,3146.617142141535,2023-06-06,0,0,0,0,0,0
,3120.715761529568,3120.715761529568,3120.715761529568,3120.715761529568,3120.715761529568,2023-06-07,0,0,0,0,0,0
,3128.390581857246,3128.390581857246,3128.390581857246,3128.390581857246,3128.390581857246,2023-06-08,0,0,0,0,0,0
,3113.0409246108093,3113.0409246108093,3113.0409246108093,3113.0409246108093,3113.0409246108093,2023-06-09,0,0,0,0,0,0
,3084.2610860329364,3084.2610860329364,3084.2610860329364,3084.2610860329364,3084.2610860329364,2023-06-12,0,0,0,0,0,0
,3127.431147894488,3127.431147894488,3127.431147894488,3127.431147894488,3127.431147894488,2023-06-13,0,0,0,0,0,0
,3111.793767318042,3111.793767318042,3111.793767318042,3111.793767318042,3111.793767318042,2023-06-14,0,0,0,0,0,0
,3136.483178898009,3136.483178898009,3136.483178898009,3136.483178898009,3136.483178898009,2023-06-15,0,0,0,0,0,0
,3089.8026716362706,3089.8026716362706,3089.8026716362706,3089.8026716362706,3089.8026716362706,2023-06-16,0,0,0,0,0,0
,3083.0372930443496,3083.0372930443496,3083.0372930443496,3083.0372930443496,3083.0372930443496,2023-06-19,0,0,0,0,0,0
,3106.2325613269354,3106.2325613269354,3106.2325613269354,3106.2325613269354,3106.2325613269354,2023-06-20,0,0,0,0,0,0
,3141.025437846982,3141.025437846982,3141.025437846982,3141.025437846982,3141.025437846982,2023-06-21,0,0,0,0,0,0
,3150.69022478578,3150.69022478578,3150.69022478578,3150.69022478578,3150.69022478578,2023-06-22,0,0,0,0,0,0
,3128.7516384410424,3128.7516384410424,3128.7516384410424,3128.7516384410424,3128.7516384410424,2023-06-23,0,0,0,0,0,0
,3097.5343740274448,3097.5343740274448,3097.5343740274448,3097.5343740274448,3097.5343740274448,2023-06-26,0,0,0,0,0,0
,3094.634857234224,3094.634857234224,3094.634857234224,3094.634857234224,3094.634857234224,2023-06-27,0,0,0,0,0,0
,3100.4336396774515,3100.4336396774515,3100.4336396774515,3100.4336396774515,3100.4336396774515,2023-06-28,0,0,0,0,0,0
,3112.031332803392,3112.031332803392,3112.031332803392,3112.031332803392,3112.031332803392,2023-06-30,0,0,0,0,0,0
,3203.1695958653577,3203.1695958653577,3203.1695958653577,3203.1695958653577,3203.1695958653577,2023-07-03,0,0,0,0,0,0
,3179.684301319629,3179.684301319629,3179.684301319629,3179.684301319629,3179.684301319629,2023-07-04,0,0,0,0,0,0
,3208.6784976153644,3208.6784976153644,3208.6784976153644,3208.6784976153644,3208.6784976153644,2023-07-05,0,0,0,0,0,0
,3195.679567433131,3195.679567433131,3195.679567433131,3195.679567433131,3195.679567433131,2023-07-06,0,0,0,0,0,0
,3191.281631473164,3191.281631473164,3191.281631473164,3191.281631473164,3191.281631473164,2023-07-07,0,0,0,0,0,0
,3213.268885316097,3213.268885316097,3213.268885316097,3213.268885316097,3213.268885316097,2023-07-10,0,0,0,0,0,0
,3184.516864683391,3184.516864683391,3184.516864683391,3184.516864683391,3184.516864683391,2023-07-11,0,0,0,0,0,0
,3170.937488223699,3170.937488223699,3170.937488223699,3170.937488223699,3170.937488223699,2023-07-12,0,0,0,0,0,0
,3173.885656490919,3173.885656490919,3173.885656490919,3173.885656490919,3173.885656490919,2023-07-13,0,0,0,0,0,0
,3252.1694652669635,3252.1694652669635,3252.1694652669635,3252.1694652669635,3252.1694652669635,2023-07-14,0,0,0,0,0,0
,3392.3075306304995,3392.3075306304995,3392.3075306304995,3392.3075306304995,3392.3075306304995,2023-07-17,0,0,0,0,0,0
,3359.447894024044,3359.447894024044,3359.447894024044,3359.447894024044,3359.447894024044,2023-07-18,0,0,0,0,0,0
,3382.642731380588,3382.642731380588,3382.642731380588,3382.642731380588,3382.642731380588,2023-07-19,0,0,0,0,0,0
,3345.993866330876,3345.993866330876,3345.993866330876,3345.993866330876,3345.993866330876,2023-07-20,0,0,0,0,0,0
,3298.465100815717,3298.465100815717,3298.465100815717,3298.465100815717,3298.465100815717,2023-07-21,0,0,0,0,0,0
,3276.130102806954,3276.130102806954,3276.130102806954,3276.130102806954,3276.130102806954,2023-07-24,0,0,0,0,0,0
,3292.118314386395,3292.118314386395,3292.118314386395,3292.118314386395,3292.118314386395,2023-07-25,0,0,0,0,0,0
,3294.880145302078,3294.880145302078,3294.880145302078,3294.880145302078,3294.880145302078,2023-07-26,0,0,0,0,0,0
,3289.647396497541,3289.647396497541,3289.647396497541,3289.647396497541,3289.647396497541,2023-07-27,0,0,0,0,0,0
,3280.00619919588,3280.00619919588,3280.00619919588,3280.00619919588,3280.00619919588,2023-07-28,0,0,0,0,0,0
,3260.044935309803,3260.044935309803,3260.044935309803,3260.044935309803,3260.044935309803,2023-07-31,0,0,0,0,0,0
,3309.0754669316248,3309.0754669316248,3309.0754669316248,3309.0754669316248,3309.0754669316248,2023-08-01,0,0,0,0,0,0
,3328.406534325866,3328.406534325866,3328.406534325866,3328.406534325866,3328.406534325866,2023-08-02,0,0,0,0,0,0
,3313.920580603676,3313.920580603676,3313.920580603676,3313.920580603676,3313.920580603676,2023-08-03,0,0,0,0,0,0
,3295.7522211794712,3295.7522211794712,3295.7522211794712,3295.7522211794712,3295.7522211794712,2023-08-04,0,0,0,0,0,0
,3346.817415728949,3346.817415728949,3346.817415728949,3346.817415728949,3346.817415728949,2023-08-07,0,0,0,0,0,0
,3375.9834506124294,3375.9834506124294,3375.9834506124294,3375.9834506124294,3375.9834506124294,2023-08-08,0,0,0,0,0,0
,3357.427758564071,3357.427758564071,3357.427758564071,3357.427758564071,3357.427758564071,2023-08-09,0,0,0,0,0,0
,3342.989828526343,3342.989828526343,3342.989828526343,3342.989828526343,3342.989828526343,2023-08-10,0,0,0,0,0,0
,3331.4590822095734,3331.4590822095734,3331.4590822095734,3331.4590822095734,3331.4590822095734,2023-08-11,0,0,0,0,0,0
,3333.9783938069554,3333.9783938069554,3333.9783938069554,3333.9783938069554,3333.9783938069554,2023-08-14,0,0,0,0,0,0
,3342.990278707455,3342.990278707455,3342.990278707455,3342.990278707455,3342.990278707455,2023-08-16,0,0,0,0,0,0
,3347.8352903665727,3347.8352903665727,3347.8352903665727,3347.8352903665727,3347.8352903665727,2023-08-17,0,0,0,0,0,0
,3304.230388230785,3304.230388230785,3304.230388230785,3304.230388230785,3304.230388230785,2023-08-18,0,0,0,0,0,0
,3270.316356134051,3270.316356134051,3270.316356134051,3270.316356134051,3270.316356134051,2023-08-21,0,0,0,0,0,0
,3294.541064120094,3294.541064120094,3294.541064120094,3294.541064120094,3294.541064120094,2023-08-22,0,0,0,0,0,0
,3282.9128995048004,3282.9128995048004,3282.9128995048004,3282.9128995048004,3282.9128995048004,2023-08-23,0,0,0,0,0,0
,3302.2925510571176,3302.2925510571176,3302.2925510571176,3302.2925510571176,3302.2925510571176,2023-08-24,0,0,0,0,0,0
,3270.3165044562,3270.3165044562,3270.3165044562,3270.3165044562,3270.3165044562,2023-08-25,0,0,0,0,0,0
,3288.727047450962,3288.727047450962,3288.727047450962,3288.727047450962,3288.727047450962,2023-08-28,0,0,0,0,0,0
,3276.1788209663905,3276.1788209663905,3276.1788209663905,3276.1788209663905,3276.1788209663905,2023-08-29,0,0,0,0,0,0
,3292.602858985793,3292.602858985793,3292.602858985793,3292.602858985793,3292.602858985793,2023-08-30,0,0,0,0,0,0
,3295.5093980102333,3295.5093980102333,3295.5093980102333,3295.5093980102333,3295.5093980102333,2023-08-31,0,0,0,0,0,0
,3261.595220010862,3261.595220010862,3261.595220010862,3261.595220010862,3261.595220010862,2023-09-01,0,0,0,0,0,0
,3273.223727940572,3273.223727940572,3273.223727940572,3273.223727940572,3273.223727940572,2023-09-04,0,0,0,0,0,0
,3313.92087404954,3313.92087404954,3313.92087404954,3313.92087404954,3313.92087404954,2023-09-05,0,0,0,0,0,0
,3327.485862279315,3327.485862279315,3327.485862279315,3327.485862279315,3327.485862279315,2023-09-06,0,0,0,0,0,0
,3324.3858134541274,3324.3858134541274,3324.3858134541274,3324.3858134541274,3324.3858134541274,2023-09-07,0,0,0,0,0,0
,3348.077370694272,3348.077370694272,3348.077370694272,3348.077370694272,3348.077370694272,2023-09-08,0,0,0,0,0,0
,3354.6180208633923,3354.6180208633923,3354.6180208633923,3354.6180208633923,3354.6180208633923,2023-09-11,0,0,0,0,0,0
,3383.6872087373,3383.6872087373,3383.6872087373,3383.6872087373,3383.6872087373,2023-09-12,0,0,0,0,0,0
,3460.334008040141,3460.334008040141,3460.334008040141,3460.334008040141,3460.334008040141,2023-09-13,0,0,0,0,0,0
,3459.31653542409,3459.31653542409,3459.31653542409,3459.31653542409,3459.31653542409,2023-09-14,0,0,0,0,0,0
,3457.184712278759,3457.184712278759,3457.184712278759,3457.184712278759,3457.184712278759,2023-09-15,0,0,0,0,0,0
,3469.0060836799707,3469.0060836799707,3469.0060836799707,3469.0060836799707,3469.0060836799707,2023-09-18,0,0,0,0,0,0
,3468.957420935858,3468.957420935858,3468.957420935858,3468.957420935858,3468.957420935858,2023-09-20,0,0,0,0,0,0
,3477.2426994387893,3477.2426994387893,3477.2426994387893,3477.2426994387893,3477.2426994387893,2023-09-21,0,0,0,0,0,0
,3472.8338529390844,3472.8338529390844,3472.8338529390844,3472.8338529390844,3472.8338529390844,2023-09-22,0,0,0,0,0,0
,3490.759848685566,3490.759848685566,3490.759848685566,3490.759848685566,3490.759848685566,2023-09-25,0,0,0,0,0,0
,3456.942513429872,3456.942513429872,3456.942513429872,3456.942513429872,3456.942513429872,2023-09-26,0,0,0,0,0,0
,3478.647234588645,3478.647234588645,3478.647234588645,3478.647234588645,3478.647234588645,2023-09-27,0,0,0,0,0,0
,3488.3372192425954,3488.3372192425954,3488.3372192425954,3488.3372192425954,3488.3372192425954,2023-09-28,0,0,0,0,0,0
,3427.485208034955,3427.485208034955,3427.485208034955,3427.485208034955,3427.485208034955,2023-09-29,0,0,0,0,0,0
,3424.5782731996,3424.5782731996,3424.5782731996,3424.5782731996,3424.5782731996,2023-10-03,0,0,0,0,0,0
,3378.163960793104,3378.163960793104,3378.163960793104,3378.163960793104,3378.163960793104,2023-10-04,0,0,0,0,0,0
,3443.764192410028,3443.764192410028,3443.764192410028,3443.764192410028,3443.764192410028,2023-10-05,0,0,0,0,0,0
,3479.616267880264,3479.616267880264,3479.616267880264,3479.616267880264,3479.616267880264,2023-10-06,0,0,0,0,0,0
,3531.9906723635186,3531.9906723635186,3531.9906723635186,3531.9906723635186,3531.9906723635186,2023-10-09,0,0,0,0,0,0
,3527.1453630044166,3527.1453630044166,3527.1453630044166,3527.1453630044166,3527.1453630044166,2023-10-10,0,0,0,0,0,0
,3536.7869661811897,3536.7869661811897,3536.7869661811897,3536.7869661811897,3536.7869661811897,2023-10-11,0,0,0,0,0,0
,3464.1128723522656,3464.1128723522656,3464.1128723522656,3464.1128723522656,3464.1128723522656,2023-10-12,0,0,0,0,0,0
,3420.508278225612,3420.508278225612,3420.508278225612,3420.508278225612,3420.508278225612,2023-10-13,0,0,0,0,0,0
,3455.391689596092,3455.391689596092,3455.391689596092,3455.391689596092,3455.391689596092,2023-10-16,0,0,0,0,0,0
,3420.508611385952,3420.508611385952,3420.508611385952,3420.508611385952,3420.508611385952,2023-10-17,0,0,0,0,0,0
,3402.0978087306885,3402.0978087306885,3402.0978087306885,3402.0978087306885,3402.0978087306885,2023-10-18,0,0,0,0,0,0
,3370.583890830107,3370.583890830107,3370.583890830107,3370.583890830107,3370.583890830107,2023-10-19,0,0,0,0,0,0
,3352.028743503988,3352.028743503988,3352.028743503988,3352.028743503988,3352.028743503988,2023-10-20,0,0,0,0,0,0
,3373.9842574878794,3373.9842574878794,3373.9842574878794,3373.9842574878794,3373.9842574878794,2023-10-23,0,0,0,0,0,0
,3293.836010795162,3293.836010795162,3293.836010795162,3293.836010795162,3293.836010795162,2023-10-25,0,0,0,0,0,0
,3272.0263311031777,3272.0263311031777,3272.0263311031777,3272.0263311031777,3272.0263311031777,2023-10-26,0,0,0,0,0,0
,3254.4909504512443,3254.4909504512443,3254.4909504512443,3254.4909504512443,3254.4909504512443,2023-10-27,0,0,0,0,0,0
,3254.490968375929,3254.490968375929,3254.490968375929,3254.490968375929,3254.490968375929,2023-10-30,0,0,0,0,0,0
,3302.093865593112,3302.093865593112,3302.093865593112,3302.093865593112,3302.093865593112,2023-10-31,0,0,0,0,0,0
,3259.3482541340773,3259.3482541340773,3259.3482541340773,3259.3482541340773,3259.3482541340773,2023-11-01,0,0,0,0,0,0
,3247.884658554033,3247.884658554033,3247.884658554033,3247.884658554033,3247.884658554033,2023-11-02,0,0,0,0,0,0
,3285.578909903954,3285.578909903954,3285.578909903954,3285.578909903954,3285.578909903954,2023-11-03,0,0,0,0,0,0
,3278.778096485328,3278.778096485328,3278.778096485328,3278.778096485328,3278.778096485328,2023-11-06,0,0,0,0,0,0
,3281.6929506308525,3281.6929506308525,3281.6929506308525,3281.6929506308525,3281.6929506308525,2023-11-07,0,0,0,0,0,0
,3275.32970246197,3275.32970246197,3275.32970246197,3275.32970246197,3275.32970246197,2023-11-08,0,0,0,0,0,0
,3293.4478565522354,3293.4478565522354,3293.4478565522354,3293.4478565522354,3293.4478565522354,2023-11-09,0,0,0,0,0,0
,3242.833168116945,3242.833168116945,3242.833168116945,3242.833168116945,3242.833168116945,2023-11-10,0,0,0,0,0,0
,3260.320018666236,3260.320018666236,3260.320018666236,3260.320018666236,3260.320018666236,2023-11-13,0,0,0,0,0,0
,3286.6476253068085,3286.6476253068085,3286.6476253068085,3286.6476253068085,3286.6476253068085,2023-11-15,0,0,0,0,0,0
,3332.2589151668635,3332.2589151668635,3332.2589151668635,3332.2589151668635,3332.2589151668635,2023-11-16,0,0,0,0,0,0
,3398.125771545085,3398.125771545085,3398.125771545085,3398.125771545085,3398.125771545085,2023-11-17,0,0,0,0,0,0
,3391.7140265430435,3391.7140265430435,3391.7140265430435,3391.7140265430435,3391.7140265430435,2023-11-20,0,0,0,0,0,0
,3419.255681816323,3419.255681816323,3419.255681816323,3419.255681816323,3419.255681816323,2023-11-21,0,0,0,0,0,0
,3400.2140738811468,3400.2140738811468,3400.2140738811468,3400.2140738811468,3400.2140738811468,2023-11-22,0,0,0,0,0,0
,3429.359397825661,3429.359397825661,3429.359397825661,3429.359397825661,3429.359397825661,2023-11-23,0,0,0,0,0,0
,3394.628596856334,3394.628596856334,3394.628596856334,3394.628596856334,3394.628596856334,2023-11-24,0,0,0,0,0,0
,3358.537579518945,3358.537579518945,3358.537579518945,3358.537579518945,3358.537579518945,2023-11-28,0,0,0,0,0,0
,3381.7564585834666,3381.7564585834666,3381.7564585834666,3381.7564585834666,3381.7564585834666,2023-11-29,0,0,0,0,0,0
,3399.6804706732564,3399.6804706732564,3399.6804706732564,3399.6804706732564,3399.6804706732564,2023-11-30,0,0,0,0,0,0
,3400.2142213855973,3400.2142213855973,3400.2142213855973,3400.2142213855973,3400.2142213855973,2023-12-01,0,0,0,0,0,0
,3443.591496909269,3443.591496909269,3443.591496909269,3443.591496909269,3443.591496909269,2023-12-04,0,0,0,0,0,0
,3437.131014250938,3437.131014250938,3437.131014250938,3437.131014250938,3437.131014250938,2023-12-05,0,0,0,0,0,0
,3431.8851550865443,3431.8851550865443,3431.8851550865443,3431.8851550865443,3431.8851550865443,2023-12-06,0,0,0,0,0,0
,3502.2212117139416,3502.2212117139416,3502.2212117139416,3502.2212117139416,3502.2212117139416,2023-12-07,0,0,0,0,0,0
,3529.4226796795115,3529.4226796795115,3529.4226796795115,3529.4226796795115,3529.4226796795115,2023-12-08,0,0,0,0,0,0
,3519.6102433835927,3519.6102433835927,3519.6102433835927,3519.6102433835927,3519.6102433835927,2023-12-11,0,0,0,0,0,0
,3535.202928275833,3535.202928275833,3535.202928275833,3535.202928275833,3535.202928275833,2023-12-12,0,0,0,0,0,0
,3539.6719048070327,3539.6719048070327,3539.6719048070327,3539.6719048070327,3539.6719048070327,2023-12-13,0,0,0,0,0,0
,3526.508532422753,3526.508532422753,3526.508532422753,3526.508532422753,3526.508532422753,2023-12-14,0,0,0,0,0,0
,3562.161371642584,3562.161371642584,3562.161371642584,3562.161371642584,3562.161371642584,2023-12-15,0,0,0,0,0,0
,3748.105087456802,3748.105087456802,3748.105087456802,3748.105087456802,3748.105087456802,2023-12-18,0,0,0,0,0,0
,3735.378614376225,3735.378614376225,3735.378614376225,3735.378614376225,3735.378614376225,2023-12-19,0,0,0,0,0,0
,3718.1340527743664,3718.1340527743664,3718.1340527743664,3718.1340527743664,3718.1340527743664,2023-12-20,0,0,0,0,0,0
,3649.15876432614,3649.15876432614,3649.15876432614,3649.15876432614,3649.15876432614,2023-12-21,0,0,0,0,0,0
,3691.661537840776,3691.661537840776,3691.661537840776,3691.661537840776,3691.661537840776,2023-12-22,0,0,0,0,0,0
,3710.945629897685,3710.945629897685,3710.945629897685,3710.945629897685,3710.945629897685,2023-12-26,0,0,0,0,0,0
,3690.689620339928,3690.689620339928,3690.689620339928,3690.689620339928,3690.689620339928,2023-12-27,0,0,0,0,0,0
,3714.977209386298,3714.977209386298,3714.977209386298,3714.977209386298,3714.977209386298,2023-12-28,0,0,0,0,0,0
,3683.889764847791,3683.889764847791,3683.889764847791,3683.889764847791,3683.889764847791,2023-12-29,0,0,0,0,0,0
,3681.946294829313,3681.946294829313,3681.946294829313,3681.946294829313,3681.946294829313,2024-01-01,0,0,0,0,0,0
,3702.445040999075,3702.445040999075,3702.445040999075,3702.445040999075,3702.445040999075,2024-01-02,0,0,0,0,0,0
,3659.602167866908,3659.602167866908,3659.602167866908,3659.602167866908,3659.602167866908,2024-01-03,0,0,0,0,0,0
,3596.2125560606937,3596.2125560606937,3596.2125560606937,3596.2125560606937,3596.2125560606937,2024-01-04,0,0,0,0,0,0
,3570.224930860893,3570.224930860893,3570.224930860893,3570.224930860893,3570.224930860893,2024-01-05,0,0,0,0,0,0
,3631.331804928008,3631.331804928008,3631.331804928008,3631.331804928008,3631.331804928008,2024-01-08,0,0,0,0,0,0
,3604.1786136578194,3604.1786136578194,3604.1786136578194,3604.1786136578194,3604.1786136578194,2024-01-09,0,0,0,0,0,0
,3584.7975412418177,3584.7975412418177,3584.7975412418177,3584.7975412418177,3584.7975412418177,2024-01-10,0,0,0,0,0,0
,3617.82807331872,3617.82807331872,3617.82807331872,3617.82807331872,3617.82807331872,2024-01-11,0,0,0,0,0,0
,3738.293177876765,3738.293177876765,3738.293177876765,3738.293177876765,3738.293177876765,2024-01-12,0,0,0,0,0,0
,3847.0998804562737,3847.0998804562737,3847.0998804562737,3847.0998804562737,3847.0998804562737,2024-01-15,0,0,0,0,0,0
,3787.838494652686,3787.838494652686,3787.838494652686,3787.838494652686,3787.838494652686,2024-01-16,0,0,0,0,0,0
,3710.120019631304,3710.120019631304,3710.120019631304,3710.120019631304,3710.120019631304,2024-01-17,0,0,0,0,0,0
,3786.867233696485,3786.867233696485,3786.867233696485,3786.867233696485,3786.867233696485,2024-01-18,0,0,0,0,0,0
,3841.386041116524,3841.386041116524,3841.386041116524,3841.386041116524,3841.386041116524,2024-01-19,0,0,0,0,0,0
,3797.568003122368,3797.568003122368,3797.568003122368,3797.568003122368,3797.568003122368,2024-01-23,0,0,0,0,0,0
,3778.093620029419,3778.093620029419,3778.093620029419,3778.093620029419,3778.093620029419,2024-01-24,0,0,0,0,0,0
,3739.046546909872,3739.046546909872,3739.046546909872,3739.046546909872,3739.046546909872,2024-01-25,0,0,0,0,0,0
,3700.973757486317,3700.973757486317,3700.973757486317,3700.973757486317,3700.973757486317,2024-01-29,0,0,0,0,0,0
,3707.449148548149,3707.449148548149,3707.449148548149,3707.449148548149,3707.449148548149,2024-01-30,0,0,0,0,0,0
,3711.10034274536,3711.10034274536,3711.10034274536,3711.10034274536,3711.10034274536,2024-01-31,0,0,0,0,0,0
,3719.669151010243,3719.669151010243,3719.669151010243,3719.669151010243,3719.669151010243,2024-02-01,0,0,0,0,0,0
,3773.273355013097,3773.273355013097,3773.273355013097,3773.273355013097,3773.273355013097,2024-02-02,0,0,0,0,0,0
,3878.388546300602,3878.388546300602,3878.388546300602,3878.388546300602,3878.388546300602,2024-02-05,0,0,0,0,0,0
,3892.0204078187335,3892.0204078187335,3892.0204078187335,3892.0204078187335,3892.0204078187335,2024-02-06,0,0,0,0,0,0
,4043.9232034402817,4043.9232034402817,4043.9232034402817,4043.9232034402817,4043.9232034402817,2024-02-07,0,0,0,0,0,0
,3982.577947418793,3982.577947418793,3982.577947418793,3982.577947418793,3982.577947418793,2024-02-08,0,0,0,0,0,0
,4027.905136727231,4027.905136727231,4027.905136727231,4027.905136727231,4027.905136727231,2024-02-09,0,0,0,0,0,0
,4021.527473476732,4021.527473476732,4021.527473476732,4021.527473476732,4021.527473476732,2024-02-12,0,0,0,0,0,0
,4017.097232709837,4017.097232709837,4017.097232709837,4017.097232709837,4017.097232709837,2024-02-13,0,0,0,0,0,0
,3999.131032254953,3999.131032254953,3999.131032254953,3999.131032254953,3999.131032254953,2024-02-14,0,0,0,0,0,0
,4019.5798449047847,4019.5798449047847,4019.5798449047847,4019.5798449047847,4019.5798449047847,2024-02-15,0,0,0,0,0,0
,4005.217297984756,4005.217297984756,4005.217297984756,4005.217297984756,4005.217297984756,2024-02-16,0,0,0,0,0,0
,4014.759788418847,4014.759788418847,4014.759788418847,4014.759788418847,4014.759788418847,2024-02-19,0,0,0,0,0,0
,3974.885251960021,3974.885251960021,3974.885251960021,3974.885251960021,3974.885251960021,2024-02-20,0,0,0,0,0,0
,3907.6003511857225,3907.6003511857225,3907.6003511857225,3907.6003511857225,3907.6003511857225,2024-02-21,0,0,0,0,0,0
,3866.7033724629737,3866.7033724629737,3866.7033724629737,3866.7033724629737,3866.7033724629737,2024-02-22,0,0,0,0,0,0
,4021.5274818311927,4021.5274818311927,4021.5274818311927,4021.5274818311927,4021.5274818311927,2024-02-23,0,0,0,0,0,0
,3929.995870102703,3929.995870102703,3929.995870102703,3929.995870102703,3929.995870102703,2024-02-26,0,0,0,0,0,0
,3893.9677521300446,3893.9677521300446,3893.9677521300446,3893.9677521300446,3893.9677521300446,2024-02-27,0,0,0,0,0,0
,3988.030761658436,3988.030761658436,3988.030761658436,3988.030761658436,3988.030761658436,2024-02-28,0,0,0,0,0,0
,3991.3414182941815,3991.3414182941815,3991.3414182941815,3991.3414182941815,3991.3414182941815,2024-02-29,0,0,0,0,0,0
,3999.3263159688886,3999.3263159688886,3999.3263159688886,3999.3263159688886,3999.3263159688886,2024-03-01,0,0,0,0,0,0
,3997.184035858106,3997.184035858106,3997.184035858106,3997.184035858106,3997.184035858106,2024-03-04,0,0,0,0,0,0
,3955.313178116832,3955.313178116832,3955.313178116832,3955.313178116832,3955.313178116832,2024-03-05,0,0,0,0,0,0
,3889.148304084413,3889.148304084413,3889.148304084413,3889.148304084413,3889.148304084413,2024-03-06,0,0,0,0,0,0
,3958.2342520506186,3958.2342520506186,3958.2342520506186,3958.2342520506186,3958.2342520506186,2024-03-07,0,0,0,0,0,0
,3981.6041972630856,3981.6041972630856,3981.6041972630856,3981.6041972630856,3981.6041972630856,2024-03-11,0,0,0,0,0,0
,4014.078082822845,4014.078082822845,4014.078082822845,4014.078082822845,4014.078082822845,2024-03-12,0,0,0,0,0,0
,4094.557752115061,4094.557752115061,4094.557752115061,4094.557752115061,4094.557752115061,2024-03-13,0,0,0,0,0,0
,4044.36119419038,4044.36119419038,4044.36119419038,4044.36119419038,4044.36119419038,2024-03-14,0,0,0,0,0,0
,4082.48315202997,4082.48315202997,4082.48315202997,4082.48315202997,4082.48315202997,2024-03-15,0,0,0,0,0,0
,4104.538423942185,4104.538423942185,4104.538423942185,4104.538423942185,4104.538423942185,2024-03-18,0,0,0,0,0,0
,3944.845576590933,3944.845576590933,3944.845576590933,3944.845576590933,3944.845576590933,2024-03-19,0,0,0,0,0,0
,3881.309457241605,3881.309457241605,3881.309457241605,3881.309457241605,3881.309457241605,2024-03-20,0,0,0,0,0,0
,3885.252776197185,3885.252776197185,3885.252776197185,3885.252776197185,3885.252776197185,2024-03-21,0,0,0,0,0,0
,3794.646813799024,3794.646813799024,3794.646813799024,3794.646813799024,3794.646813799024,2024-03-22,0,0,0,0,0,0
,3773.2248410803513,3773.2248410803513,3773.2248410803513,3773.2248410803513,3773.2248410803513,2024-03-26,0,0,0,0,0,0
,3786.3704117242414,3786.3704117242414,3786.3704117242414,3786.3704117242414,3786.3704117242414,2024-03-27,0,0,0,0,0,0
,3748.9789017480143,3748.9789017480143,3748.9789017480143,3748.9789017480143,3748.9789017480143,2024-03-28,0,0,0,0,0,0
,3795.328466689312,3795.328466689312,3795.328466689312,3795.328466689312,3795.328466689312,2024-04-01,0,0,0,0,0,0
,3787.83056874682,3787.83056874682,3787.83056874682,3787.83056874682,3787.83056874682,2024-04-02,0,0,0,0,0,0
,3749.8552054933216,3749.8552054933216,3749.8552054933216,3749.8552054933216,3749.8552054933216,2024-04-03,0,0,0,0,0,0
,3871.4745363238826,3871.4745363238826,3871.4745363238826,3871.4745363238826,3871.4745363238826,2024-04-04,0,0,0,0,0,0
,3873.519647085271,3873.519647085271,3873.519647085271,3873.519647085271,3873.519647085271,2024-04-05,0,0,0,0,0,0
,3878.388378745376,3878.388378745376,3878.388378745376,3878.388378745376,3878.388378745376,2024-04-08,0,0,0,0,0,0
,3879.3618511619097,3879.3618511619097,3879.3618511619097,3879.3618511619097,3879.3618511619097,2024-04-09,0,0,0,0,0,0
,3852.4868465326495,3852.4868465326495,3852.4868465326495,3852.4868465326495,3852.4868465326495,2024-04-10,0,0,0,0,0,0
,3866.703469073994,3866.703469073994,3866.703469073994,3866.703469073994,3866.703469073994,2024-04-12,0,0,0,0,0,0
,3896.30461271825,3896.30461271825,3896.30461271825,3896.30461271825,3896.30461271825,2024-04-15,0,0,0,0,0,0
,3799.515299796274,3799.515299796274,3799.515299796274,3799.515299796274,3799.515299796274,2024-04-16,0,0,0,0,0,0
,3774.977738832576,3774.977738832576,3774.977738832576,3774.977738832576,3774.977738832576,2024-04-18,0,0,0,0,0,0
,3737.1964239670265,3737.1964239670265,3737.1964239670265,3737.1964239670265,3737.1964239670265,2024-04-19,0,0,0,0,0,0
,3736.222708413117,3736.222708413117,3736.222708413117,3736.222708413117,3736.222708413117,2024-04-22,0,0,0,0,0,0
,3775.22099053578,3775.22099053578,3775.22099053578,3775.22099053578,3775.22099053578,2024-04-23,0,0,0,0,0,0
,3787.830855772767,3787.830855772767,3787.830855772767,3787.830855772767,3787.830855772767,2024-04-24,0,0,0,0,0,0
,3711.1005278852026,3711.1005278852026,3711.1005278852026,3711.1005278852026,3711.1005278852026,2024-04-25,0,0,0,0,0,0
,3753.8959532403615,3753.8959532403615,3753.8959532403615,3753.8959532403615,3753.8959532403615,2024-04-26,0,0,0,0,0,0
,3737.19630610978,3737.19630610978,3737.19630610978,3737.19630610978,3737.19630610978,2024-04-29,0,0,0,0,0,0
,3770.303409041968,3770.303409041968,3770.303409041968,3770.303409041968,3770.303409041968,2024-04-30,0,0,0,0,0,0
,3678.821326868952,3678.821326868952,3678.821326868952,3678.821326868952,3678.821326868952,2024-05-02,0,0,0,0,0,0
,3787.976967494884,3787.976967494884,3787.976967494884,3787.976967494884,3787.976967494884,2024-05-03,0,0,0,0,0,0
,3751.802684840144,3751.802684840144,3751.802684840144,3751.802684840144,3751.802684840144,2024-05-06,0,0,0,0,0,0
,3827.5595549362256,3827.5595549362256,3827.5595549362256,3827.5595549362256,3827.5595549362256,2024-05-07,0,0,0,0,0,0
,3856.965794590127,3856.965794590127,3856.965794590127,3856.965794590127,3856.965794590127,2024-05-08,0,0,0,0,0,0
,3857.939783042688,3857.939783042688,3857.939783042688,3857.939783042688,3857.939783042688,2024-05-09,0,0,0,0,0,0
,3858.523985900126,3858.523985900126,3858.523985900126,3858.523985900126,3858.523985900126,2024-05-10,0,0,0,0,0,0
,3782.475292465661,3782.475292465661,3782.475292465661,3782.475292465661,3782.475292465661,2024-05-13,0,0,0,0,0,0
,3832.622858739565,3832.622858739565,3832.622858739565,3832.622858739565,3832.622858739565,2024-05-14,0,0,0,0,0,0
,3801.950029375647,3801.950029375647,3801.950029375647,3801.950029375647,3801.950029375647,2024-05-15,0,0,0,0,0,0
,3816.440456776042,3816.440456776042,3816.440456776042,3816.440456776042,3816.440456776042,2024-05-16,0,0,0,0,0,0
,3843.805084589271,3843.805084589271,3843.805084589271,3843.805084589271,3843.805084589271,2024-05-17,0,0,0,0,0,0
,3757.1014753412887,3757.1014753412887,3757.1014753412887,3757.1014753412887,3757.1014753412887,2024-05-21,0,0,0,0,0,0
,3761.416803411751,3761.416803411751,3761.416803411751,3761.416803411751,3761.416803411751,2024-05-22,0,0,0,0,0,0
,3767.252210151692,3767.252210151692,3767.252210151692,3767.252210151692,3767.252210151692,2024-05-23,0,0,0,0,0,0
,3803.837038368416,3803.837038368416,3803.837038368416,3803.837038368416,3803.837038368416,2024-05-24,0,0,0,0,0,0
,3781.03325352592,3781.03325352592,3781.03325352592,3781.03325352592,3781.03325352592,2024-05-27,0,0,0,0,0,0
,3783.975707501734,3783.975707501734,3783.975707501734,3783.975707501734,3783.975707501734,2024-05-28,0,0,0,0,0,0
,3775.04998854492,3775.04998854492,3775.04998854492,3775.04998854492,3775.04998854492,2024-05-29,0,0,0,0,0,0
,3704.529695813898,3704.529695813898,3704.529695813898,3704.529695813898,3704.529695813898,2024-05-30,0,0,0,0,0,0
,3668.23932172806,3668.23932172806,3668.23932172806,3668.23932172806,3668.23932172806,2024-05-31,0,0,0,0,0,0
,3661.1777834219824,3661.1777834219824,3661.1777834219824,3661.1777834219824,3661.1777834219824,2024-06-03,0,0,0,0,0,0
,3629.0070475479474,3629.0070475479474,3629.0070475479474,3629.0070475479474,3629.0070475479474,2024-06-04,0,0,0,0,0,0
,3644.700217308586,3644.700217308586,3644.700217308586,3644.700217308586,3644.700217308586,2024-06-05,0,0,0,0,0,0
,3708.4527346567897,3708.4527346567897,3708.4527346567897,3708.4527346567897,3708.4527346567897,2024-06-06,0,0,0,0,0,0
,3763.672651587923,3763.672651587923,3763.672651587923,3763.672651587923,3763.672651587923,2024-06-07,0,0,0,0,0,0
,3820.265413643011,3820.265413643011,3820.265413643011,3820.265413643011,3820.265413643011,2024-06-10,0,0,0,0,0,0
,3771.22485470778,3771.22485470778,3771.22485470778,3771.22485470778,3771.22485470778,2024-06-11,0,0,0,0,0,0
,3800.060602001018,3800.060602001018,3800.060602001018,3800.060602001018,3800.060602001018,2024-06-12,0,0,0,0,0,0
,3782.798561549058,3782.798561549058,3782.798561549058,3782.798561549058,3782.798561549058,2024-06-13,0,0,0,0,0,0
,3814.38092186984,3814.38092186984,3814.38092186984,3814.38092186984,3814.38092186984,2024-06-14,0,0,0,0,0,0
,3752.638777810969,3752.638777810969,3752.638777810969,3752.638777810969,3752.638777810969,2024-06-18,0,0,0,0,0,0
,3754.2076570551294,3754.2076570551294,3754.2076570551294,3754.2076570551294,3754.2076570551294,2024-06-19,0,0,0,0,0,0
,3723.165119191036,3723.165119191036,3723.165119191036,3723.165119191036,3723.165119191036,2024-06-20,0,0,0,0,0,0
,3753.57053199112,3753.57053199112,3753.57053199112,3753.57053199112,3753.57053199112,2024-06-21,0,0,0,0,0,0
,3735.6703279337926,3735.6703279337926,3735.6703279337926,3735.6703279337926,3735.6703279337926,2024-06-24,0,0,0,0,0,0
,3743.761909380764,3743.761909380764,3743.761909380764,3743.761909380764,3743.761909380764,2024-06-25,0,0,0,0,0,0
,3770.7346228482215,3770.7346228482215,3770.7346228482215,3770.7346228482215,3770.7346228482215,2024-06-26,0,0,0,0,0,0
,3757.493807044908,3757.493807044908,3757.493807044908,3757.493807044908,3757.493807044908,2024-06-27,0,0,0,0,0,0
,3842.627982909809,3842.627982909809,3842.627982909809,3842.627982909809,3842.627982909809,2024-06-28,0,0,0,0,0,0
,3809.476629681037,3809.476629681037,3809.476629681037,3809.476629681037,3809.476629681037,2024-07-01,0,0,0,0,0,0
,3916.973743543969,3916.973743543969,3916.973743543969,3916.973743543969,3916.973743543969,2024-07-02,0,0,0,0,0,0
,3942.867222225506,3942.867222225506,3942.867222225506,3942.867222225506,3942.867222225506,2024-07-03,0,0,0,0,0,0
,3923.10406642612,3923.10406642612,3923.10406642612,3923.10406642612,3923.10406642612,2024-07-04,0,0,0,0,0,0
,3933.0591961591817,3933.0591961591817,3933.0591961591817,3933.0591961591817,3933.0591961591817,2024-07-05,0,0,0,0,0,0
,3944.828753006439,3944.828753006439,3944.828753006439,3944.828753006439,3944.828753006439,2024-07-08,0,0,0,0,0,0
,3908.5384022697513,3908.5384022697513,3908.5384022697513,3908.5384022697513,3908.5384022697513,2024-07-09,0,0,0,0,0,0
,3907.263432139018,3907.263432139018,3907.263432139018,3907.263432139018,3907.263432139018,2024-07-10,0,0,0,0,0,0
,3855.574775619537,3855.574775619537,3855.574775619537,3855.574775619537,3855.574775619537,2024-07-11,0,0,0,0,0,0
,3903.634449912648,3903.634449912648,3903.634449912648,3903.634449912648,3903.634449912648,2024-07-12,0,0,0,0,0,0
,4154.428635820325,4154.428635820325,4154.428635820325,4154.428635820325,4154.428635820325,2024-07-15,0,0,0,0,0,0
,4091.9504222394808,4091.9504222394808,4091.9504222394808,4091.9504222394808,4091.9504222394808,2024-07-16,0,0,0,0,0,0
,4080.180868466435,4080.180868466435,4080.180868466435,4080.180868466435,4080.180868466435,2024-07-18,0,0,0,0,0,0
,4244.3962648333445,4244.3962648333445,4244.3962648333445,4244.3962648333445,4244.3962648333445,2024-07-19,0,0,0,0,0,0
,4227.24104271726,4227.24104271726,4227.24104271726,4227.24104271726,4227.24104271726,2024-07-22,0,0,0,0,0,0
,4210.577683912533,4210.577683912533,4210.577683912533,4210.577683912533,4210.577683912533,2024-07-23,0,0,0,0,0,0
,4215.00161862754,4215.00161862754,4215.00161862754,4215.00161862754,4215.00161862754,2024-07-24,0,0,0,0,0,0
,4222.374672972997,4222.374672972997,4222.374672972997,4222.374672972997,4222.374672972997,2024-07-25,0,0,0,0,0,0
,4276.444704766146,4276.444704766146,4276.444704766146,4276.444704766146,4276.444704766146,2024-07-26,0,0,0,0,0,0
,4340.345723869609,4340.345723869609,4340.345723869609,4340.345723869609,4340.345723869609,2024-07-29,0,0,0,0,0,0
,4316.849742205607,4316.849742205607,4316.849742205607,4316.849742205607,4316.849742205607,2024-07-30,0,0,0,0,0,0
,4276.444426060357,4276.444426060357,4276.444426060357,4276.444426060357,4276.444426060357,2024-07-31,0,0,0,0,0,0
,4325.009451924858,4325.009451924858,4325.009451924858,4325.009451924858,4325.009451924858,2024-08-01,0,0,0,0,0,0
,4291.190940373379,4291.190940373379,4291.190940373379,4291.190940373379,4291.190940373379,2024-08-02,0,0,0,0,0,0
,4167.321924905007,4167.321924905007,4167.321924905007,4167.321924905007,4167.321924905007,2024-08-05,0,0,0,0,0,0
,4100.422196084056,4100.422196084056,4100.422196084056,4100.422196084056,4100.422196084056,2024-08-06,0,0,0,0,0,0
,4156.507295418715,4156.507295418715,4156.507295418715,4156.507295418715,4156.507295418715,2024-08-07,0,0,0,0,0,0
,4110.30242603549,4110.30242603549,4110.30242603549,4110.30242603549,4110.30242603549,2024-08-08,0,0,0,0,0,0
,4145.693800574564,4145.693800574564,4145.693800574564,4145.693800574564,4145.693800574564,2024-08-09,0,0,0,0,0,0
,4158.473852952468,4158.473852952468,4158.473852952468,4158.473852952468,4158.473852952468,2024-08-12,0,0,0,0,0,0
,4141.761324664464,4141.761324664464,4141.761324664464,4141.761324664464,4141.761324664464,2024-08-13,0,0,0,0,0,0
,4137.829027045683,4137.829027045683,4137.829027045683,4137.829027045683,4137.829027045683,2024-08-14,0,0,0,0,0,0
,4276.444493463673,4276.444493463673,4276.444493463673,4276.444493463673,4276.444493463673,2024-08-16,0,0,0,0,0,0
,4346.243891590688,4346.243891590688,4346.243891590688,4346.243891590688,4346.243891590688,2024-08-19,0,0,0,0,0,0
,4428.823597069772,4428.823597069772,4428.823597069772,4428.823597069772,4428.823597069772,2024-08-20,0,0,0,0,0,0
,4441.603572482973,4441.603572482973,4441.603572482973,4441.603572482973,4441.603572482973,2024-08-21,0,0,0,0,0,0
,4482.893774641826,4482.893774641826,4482.893774641826,4482.893774641826,4482.893774641826,2024-08-22,0,0,0,0,0,0
,4423.908127122674,4423.908127122674,4423.908127122674,4423.908127122674,4423.908127122674,2024-08-23,0,0,0,0,0,0
,4413.094132665178,4413.094132665178,4413.094132665178,4413.094132665178,4413.094132665178,2024-08-26,0,0,0,0,0,0
,4428.823803661238,4428.823803661238,4428.823803661238,4428.823803661238,4428.823803661238,2024-08-27,0,0,0,0,0,0
,4422.679098954422,4422.679098954422,4422.679098954422,4422.679098954422,4422.679098954422,2024-08-28,0,0,0,0,0,0
,4384.584878669929,4384.584878669929,4384.584878669929,4384.584878669929,4384.584878669929,2024-08-29,0,0,0,0,0,0
,4423.908383801126,4423.908383801126,4423.908383801126,4423.908383801126,4423.908383801126,2024-08-30,0,0,0,0,0,0
,4498.623077164004,4498.623077164004,4498.623077164004,4498.623077164004,4498.623077164004,2024-09-02,0,0,0,0,0,0
,4444.601917289093,4444.601917289093,4444.601917289093,4444.601917289093,4444.601917289093,2024-09-03,0,0,0,0,0,0
,4401.247872579934,4401.247872579934,4401.247872579934,4401.247872579934,4401.247872579934,2024-09-04,0,0,0,0,0,0
,4405.229552886051,4405.229552886051,4405.229552886051,4405.229552886051,4405.229552886051,2024-09-05,0,0,0,0,0,0
,4398.299001148173,4398.299001148173,4398.299001148173,4398.299001148173,4398.299001148173,2024-09-06,0,0,0,0,0,0
,4379.669071484804,4379.669071484804,4379.669071484804,4379.669071484804,4379.669071484804,2024-09-09,0,0,0,0,0,0
,4367.33145279228,4367.33145279228,4367.33145279228,4367.33145279228,4367.33145279228,2024-09-10,0,0,0,0,0,0
,4444.99612920937,4444.99612920937,4444.99612920937,4444.99612920937,4444.99612920937,2024-09-11,0,0,0,0,0,0
,4433.985351725256,4433.985351725256,4433.985351725256,4433.985351725256,4433.985351725256,2024-09-12,0,0,0,0,0,0
,4453.400751542411,4453.400751542411,4453.400751542411,4453.400751542411,4453.400751542411,2024-09-13,0,0,0,0,0,0
,4450.452068864939,4450.452068864939,4450.452068864939,4450.452068864939,4450.452068864939,2024-09-16,0,0,0,0,0,0
,4436.9344765811065,4436.9344765811065,4436.9344765811065,4436.9344765811065,4436.9344765811065,2024-09-17,0,0,0,0,0,0
,4421.007962696659,4421.007962696659,4421.007962696659,4421.007962696659,4421.007962696659,2024-09-18,0,0,0,0,0,0
,4315.817998559718,4315.817998559718,4315.817998559718,4315.817998559718,4315.817998559718,2024-09-19,0,0,0,0,0,0
,4243.90421540839,4243.90421540839,4243.90421540839,4243.90421540839,4243.90421540839,2024-09-20,0,0,0,0,0,0
,4227.290111701271,4227.290111701271,4227.290111701271,4227.290111701271,4227.290111701271,2024-09-23,0,0,0,0,0,0
,4179.757558692518,4179.757558692518,4179.757558692518,4179.757558692518,4179.757558692518,2024-09-24,0,0,0,0,0,0
,4180.4461478288495,4180.4461478288495,4180.4461478288495,4180.4461478288495,4180.4461478288495,2024-09-25,0,0,0,0,0,0
,4187.96654320763,4187.96654320763,4187.96654320763,4187.96654320763,4187.96654320763,2024-09-26,0,0,0,0,0,0
,4261.698356160286,4261.698356160286,4261.698356160286,4261.698356160286,4261.698356160286,2024-09-27,0,0,0,0,0,0
,4214.411527216484,4214.411527216484,4214.411527216484,4214.411527216484,4214.411527216484,2024-09-30,0,0,0,0,0,0
,4183.591935586364,4183.591935586364,4183.591935586364,4183.591935586364,4183.591935586364,2024-10-01,0,0,0,0,0,0
,4190.523091822548,4190.523091822548,4190.523091822548,4190.523091822548,4190.523091822548,2024-10-03,0,0,0,0,0,0
,4153.558433219178,4153.558433219178,4153.558433219178,4153.558433219178,4153.558433219178,2024-10-04,0,0,0,0,0,0
,4201.631174301058,4201.631174301058,4201.631174301058,4201.631174301058,4201.631174301058,2024-10-07,0,0,0,0,0,0
,4200.353958171027,4200.353958171027,4200.353958171027,4200.353958171027,4200.353958171027,2024-10-08,0,0,0,0,0,0
,4187.966241724208,4187.966241724208,4187.966241724208,4187.966241724208,4187.966241724208,2024-10-09,0,0,0,0,0,0
,4181.330470770868,4181.330470770868,4181.330470770868,4181.330470770868,4181.330470770868,2024-10-10,0,0,0,0,0,0
,4072.944928615996,4072.944928615996,4072.944928615996,4072.944928615996,4072.944928615996,2024-10-11,0,0,0,0,0,0
,4069.9958427070137,4069.9958427070137,4069.9958427070137,4069.9958427070137,4069.9958427070137,2024-10-14,0,0,0,0,0,0
,4061.1967871084994,4061.1967871084994,4061.1967871084994,4061.1967871084994,4061.1967871084994,2024-10-15,0,0,0,0,0,0
,4015.925814326252,4015.925814326252,4015.925814326252,4015.925814326252,4015.925814326252,2024-10-16,0,0,0,0,0,0
,4043.255572489504,4043.255572489504,4043.255572489504,4043.255572489504,4043.255572489504,2024-10-17,0,0,0,0,0,0
,4030.6502381689447,4030.6502381689447,4030.6502381689447,4030.6502381689447,4030.6502381689447,2024-10-18,0,0,0,0,0,0
,4072.63225386454,4072.63225386454,4072.63225386454,4072.63225386454,4072.63225386454,2024-10-21,0,0,0,0,0,0
,4006.998397202053,4006.998397202053,4006.998397202053,4006.998397202053,4006.998397202053,2024-10-22,0,0,0,0,0,0
,3941.562363857524,3941.562363857524,3941.562363857524,3941.562363857524,3941.562363857524,2024-10-23,0,0,0,0,0,0
,3945.898500126476,3945.898500126476,3945.898500126476,3945.898500126476,3945.898500126476,2024-10-24,0,0,0,0,0,0
,3998.178642163711,3998.178642163711,3998.178642163711,3998.178642163711,3998.178642163711,2024-10-25,0,0,0,0,0,0
,4009.905682230793,4009.905682230793,4009.905682230793,4009.905682230793,4009.905682230793,2024-10-28,0,0,0,0,0,0
,4036.415673890777,4036.415673890777,4036.415673890777,4036.415673890777,4036.415673890777,2024-10-29,0,0,0,0,0,0
,4015.868056174012,4015.868056174012,4015.868056174012,4015.868056174012,4015.868056174012,2024-10-30,0,0,0,0,0,0
,4010.940726264307,4010.940726264307,4010.940726264307,4010.940726264307,4010.940726264307,2024-10-31,0,0,0,0,0,0
,3931.9534111550174,3931.9534111550174,3931.9534111550174,3931.9534111550174,3931.9534111550174,2024-11-01,0,0,0,0,0,0
,3908.745410737845,3908.745410737845,3908.745410737845,3908.745410737845,3908.745410737845,2024-11-04,0,0,0,0,0,0
,3883.911123193089,3883.911123193089,3883.911123193089,3883.911123193089,3883.911123193089,2024-11-05,0,0,0,0,0,0
,3945.503999033253,3945.503999033253,3945.503999033253,3945.503999033253,3945.503999033253,2024-11-06,0,0,0,0,0,0
,4109.193987227991,4109.193987227991,4109.193987227991,4109.193987227991,4109.193987227991,2024-11-07,0,0,0,0,0,0
,4094.707399492009,4094.707399492009,4094.707399492009,4094.707399492009,4094.707399492009,2024-11-08,0,0,0,0,0,0
,4068.295973166591,4068.295973166591,4068.295973166591,4068.295973166591,4068.295973166591,2024-11-11,0,0,0,0,0,0
,4154.821401595459,4154.821401595459,4154.821401595459,4154.821401595459,4154.821401595459,2024-11-12,0,0,0,0,0,0
,4117.47158666077,4117.47158666077,4117.47158666077,4117.47158666077,4117.47158666077,2024-11-13,0,0,0,0,0,0
,4074.9975226135857,4074.9975226135857,4074.9975226135857,4074.9975226135857,4074.9975226135857,2024-11-14,0,0,0,0,0,0
,4151.865731888586,4151.865731888586,4151.865731888586,4151.865731888586,4151.865731888586,2024-11-18,0,0,0,0,0,0
,3961.5673686951022,3961.5673686951022,3961.5673686951022,3961.5673686951022,3961.5673686951022,2024-11-19,0,0,0,0,0,0
,3986.204655506895,3986.204655506895,3986.204655506895,3986.204655506895,3986.204655506895,2024-11-21,0,0,0,0,0,0
,4011.9263122802745,4011.9263122802745,4011.9263122802745,4011.9263122802745,4011.9263122802745,2024-11-22,0,0,0,0,0,0
,4217.89312489922,4217.89312489922,4217.89312489922,4217.89312489922,4217.89312489922,2024-11-25,0,0,0,0,0,0
,4258.347459420346,4258.347459420346,4258.347459420346,4258.347459420346,4258.347459420346,2024-11-26,0,0,0,0,0,0
,4295.697961602462,4295.697961602462,4295.697961602462,4295.697961602462,4295.697961602462,2024-11-27,0,0,0,0,0,0
,4256.327078738215,4256.327078738215,4256.327078738215,4256.327078738215,4256.327078738215,2024-11-28,0,0,0,0,0,0
,4158.76376247456,4158.76376247456,4158.76376247456,4158.76376247456,4158.76376247456,2024-11-29,0,0,0,0,0,0
,4208.038390702419,4208.038390702419,4208.038390702419,4208.038390702419,4208.038390702419,2024-12-02,0,0,0,0,0,0
,4251.745247039808,4251.745247039808,4251.745247039808,4251.745247039808,4251.745247039808,2024-12-03,0,0,0,0,0,0
,4250.95653908952,4250.95653908952,4250.95653908952,4250.95653908952,4250.95653908952,2024-12-04,0,0,0,0,0,0
,4336.939793481563,4336.939793481563,4336.939793481563,4336.939793481563,4336.939793481563,2024-12-05,0,0,0,0,0,0
,4388.38286730876,4388.38286730876,4388.38286730876,4388.38286730876,4388.38286730876,2024-12-06,0,0,0,0,0,0
,4366.160098479674,4366.160098479674,4366.160098479674,4366.160098479674,4366.160098479674,2024-12-09,0,0,0,0,0,0
,4361.9229457997935,4361.9229457997935,4361.9229457997935,4361.9229457997935,4361.9229457997935,2024-12-10,0,0,0,0,0,0
,4367.540157555417,4367.540157555417,4367.540157555417,4367.540157555417,4367.540157555417,2024-12-11,0,0,0,0,0,0
,4365.765139357171,4365.765139357171,4365.765139357171,4365.765139357171,4365.765139357171,2024-12-12,0,0,0,0,0,0
,4370.594981296335,4370.594981296335,4370.594981296335,4370.594981296335,4370.594981296335,2024-12-13,0,0,0,0,0,0
,4394.295574591947,4394.295574591947,4394.295574591947,4394.295574591947,4394.295574591947,2024-12-16,0,0,0,0,0,0
,4346.006812586636,4346.006812586636,4346.006812586636,4346.006812586636,4346.006812586636,2024-12-17,0,0,0,0,0,0
,4249.133455090055,4249.133455090055,4249.133455090055,4249.133455090055,4249.133455090055,2024-12-18,0,0,0,0,0,0
,4219.864180336366,4219.864180336366,4219.864180336366,4219.864180336366,4219.864180336366,2024-12-19,0,0,0,0,0,0
,4266.181967934054,4266.181967934054,4266.181967934054,4266.181967934054,4266.181967934054,2024-12-20,0,0,0,0,0,0
,4139.103152817303,4139.103152817303,4139.103152817303,4139.103152817303,4139.103152817303,2024-12-23,0,0,0,0,0,0
,4097.959001765894,4097.959001765894,4097.959001765894,4097.959001765894,4097.959001765894,2024-12-24,0,0,0,0,0,0
,4118.851529054263,4118.851529054263,4118.851529054263,4118.851529054263,4118.851529054263,2024-12-26,0,0,0,0,0,0
,4102.59081156437,4102.59081156437,4102.59081156437,4102.59081156437,4102.59081156437,2024-12-27,0,0,0,0,0,0
,4090.7655254260135,4090.7655254260135,4090.7655254260135,4090.7655254260135,4090.7655254260135,2024-12-30,0,0,0,0,0,0
,4074.997226975595,4074.997226975595,4074.997226975595,4074.997226975595,4074.997226975595,2024-12-31,0,0,0,0,0,0
,4034.9862920363385,4034.9862920363385,4034.9862920363385,4034.9862920363385,4034.9862920363385,2025-01-01,0,0,0,0,0,0
,4060.215230796863,4060.215230796863,4060.215230796863,4060.215230796863,4060.215230796863,2025-01-02,0,0,0,0,0,0
,4119.295181980029,4119.295181980029,4119.295181980029,4119.295181980029,4119.295181980029,2025-01-03,0,0,0,0,0,0
,4045.925271684696,4045.925271684696,4045.925271684696,4045.925271684696,4045.925271684696,2025-01-06,0,0,0,0,0,0
,4055.2384761375806,4055.2384761375806,4055.2384761375806,4055.2384761375806,4055.2384761375806,2025-01-07,0,0,0,0,0,0
,3976.349996178194,3976.349996178194,3976.349996178194,3976.349996178194,3976.349996178194,2025-01-08,0,0,0,0,0,0
,4041.490725999252,4041.490725999252,4041.490725999252,4041.490725999252,4041.490725999252,2025-01-09,0,0,0,0,0,0
,4139.054201950057,4139.054201950057,4139.054201950057,4139.054201950057,4139.054201950057,2025-01-10,0,0,0,0,0,0
,4183.400891174992,4183.400891174992,4183.400891174992,4183.400891174992,4183.400891174992,2025-01-13,0,0,0,0,0,0
,4239.573682538562,4239.573682538562,4239.573682538562,4239.573682538562,4239.573682538562,2025-01-14,0,0,0,0,0,0
,4156.793018552642,4156.793018552642,4156.793018552642,4156.793018552642,4156.793018552642,2025-01-15,0,0,0,0,0,0
,4198.183159049705,4198.183159049705,4198.183159049705,4198.183159049705,4198.183159049705,2025-01-16,0,0,0,0,0,0
,4109.305296575243,4109.305296575243,4109.305296575243,4109.305296575243,4109.305296575243,2025-01-17,0,0,0,0,0,0
,4095.3768153243486,4095.3768153243486,4095.3768153243486,4095.3768153243486,4095.3768153243486,2025-01-20,0,0,0,0,0,0
,4045.491300349546,4045.491300349546,4045.491300349546,4045.491300349546,4045.491300349546,2025-01-21,0,0,0,0,0,0
,4000.74231294192,4000.74231294192,4000.74231294192,4000.74231294192,4000.74231294192,2025-01-22,0,0,0,0,0,0
,4117.307038660843,4117.307038660843,4117.307038660843,4117.307038660843,4117.307038660843,2025-01-23,0,0,0,0,0,0
,4054.085128044842,4054.085128044842,4054.085128044842,4054.085128044842,4054.085128044842,2025-01-24,0,0,0,0,0,0
,4052.109674254546,4052.109674254546,4052.109674254546,4052.109674254546,4052.109674254546,2025-01-27,0,0,0,0,0,0
,4021.2892019383103,4021.2892019383103,4021.2892019383103,4021.2892019383103,4021.2892019383103,2025-01-28,0,0,0,0,0,0
,4004.693511497203,4004.693511497203,4004.693511497203,4004.693511497203,4004.693511497203,2025-01-29,0,0,0,0,0,0
,4050.035026306533,4050.035026306533,4050.035026306533,4050.035026306533,4050.035026306533,2025-01-30,0,0,0,0,0,0
,4060.012342981848,4060.012342981848,4060.012342981848,4060.012342981848,4060.012342981848,2025-01-31,0,0,0,0,0,0
,4062.9760202550738,4062.9760202550738,4062.9760202550738,4062.9760202550738,4062.9760202550738,2025-02-01,0,0,0,0,0,0
,3981.87417259173,3981.87417259173,3981.87417259173,3981.87417259173,3981.87417259173,2025-02-03,0,0,0,0,0,0
,4034.032038962661,4034.032038962661,4034.032038962661,4034.032038962661,4034.032038962661,2025-02-04,0,0,0,0,0,0
,4099.525820208286,4099.525820208286,4099.525820208286,4099.525820208286,4099.525820208286,2025-02-05,0,0,0,0,0,0
,4055.468173998699,4055.468173998699,4055.468173998699,4055.468173998699,4055.468173998699,2025-02-06,0,0,0,0,0,0
,4040.255383072488,4040.255383072488,4040.255383072488,4040.255383072488,4040.255383072488,2025-02-07,0,0,0,0,0,0
,3990.8637829009576,3990.8637829009576,3990.8637829009576,3990.8637829009576,3990.8637829009576,2025-02-10,0,0,0,0,0,0
,3969.5264974120864,3969.5264974120864,3969.5264974120864,3969.5264974120864,3969.5264974120864,2025-02-11,0,0,0,0,0,0
,3922.801835153518,3922.801835153518,3922.801835153518,3922.801835153518,3922.801835153518,2025-02-12,0,0,0,0,0,0
,3919.739518058658,3919.739518058658,3919.739518058658,3919.739518058658,3919.739518058658,2025-02-13,0,0,0,0,0,0
,3877.262379456016,3877.262379456016,3877.262379456016,3877.262379456016,3877.262379456016,2025-02-14,0,0,0,0,0,0
,3809.595275152018,3809.595275152018,3809.595275152018,3809.595275152018,3809.595275152018,2025-02-17,0,0,0,0,0,0
,3850.985742757336,3850.985742757336,3850.985742757336,3850.985742757336,3850.985742757336,2025-02-18,0,0,0,0,0,0
,3825.104515384308,3825.104515384308,3825.104515384308,3825.104515384308,3825.104515384308,2025-02-19,0,0,0,0,0,0
,3715.7509099558138,3715.7509099558138,3715.7509099558138,3715.7509099558138,3715.7509099558138,2025-02-20,0,0,0,0,0,0
,3730.173629303301,3730.173629303301,3730.173629303301,3730.173629303301,3730.173629303301,2025-02-21,0,0,0,0,0,0
,3697.624233350342,3697.624233350342,3697.624233350342,3697.624233350342,3697.624233350342,2025-02-24,0,0,0,0,0,0
,3580.911052714881,3580.911052714881,3580.911052714881,3580.911052714881,3580.911052714881,2025-02-25,0,0,0,0,0,0
,3567.772790451682,3567.772790451682,3567.772790451682,3567.772790451682,3567.772790451682,2025-02-27,0,0,0,0,0,0
,3541.348287656423,3541.348287656423,3541.348287656423,3541.348287656423,3541.348287656423,2025-02-28,0,0,0,0,0,0
,3442.6137776512555,3442.6137776512555,3442.6137776512555,3442.6137776512555,3442.6137776512555,2025-03-03,0,0,0,0,0,0
,3431.747776723982,3431.747776723982,3431.747776723982,3431.747776723982,3431.747776723982,2025-03-04,0,0,0,0,0,0
,3478.0278844831014,3478.0278844831014,3478.0278844831014,3478.0278844831014,3478.0278844831014,2025-03-05,0,0,0,0,0,0
,3513.7382462249243,3513.7382462249243,3513.7382462249243,3513.7382462249243,3513.7382462249243,2025-03-06,0,0,0,0,0,0
,3556.2150765897245,3556.2150765897245,3556.2150765897245,3556.2150765897245,3556.2150765897245,2025-03-07,0,0,0,0,0,0
,3562.6361259918417,3562.6361259918417,3562.6361259918417,3562.6361259918417,3562.6361259918417,2025-03-10,0,0,0,0,0,0
,3514.7260358188087,3514.7260358188087,3514.7260358188087,3514.7260358188087,3514.7260358188087,2025-03-11,0,0,0,0,0,0
,3521.640803348143,3521.640803348143,3521.640803348143,3521.640803348143,3521.640803348143,2025-03-12,0,0,0,0,0,0
,3459.703345650245,3459.703345650245,3459.703345650245,3459.703345650245,3459.703345650245,2025-03-13,0,0,0,0,0,0
,3446.565041661376,3446.565041661376,3446.565041661376,3446.565041661376,3446.565041661376,2025-03-17,0,0,0,0,0,0
,3455.1591796875,3455.1591796875,3455.1591796875,3455.1591796875,3455.1591796875,2025-03-18,0,0,0,0,0,0
,3503.859893262568,3503.859893262568,3503.859893262568,3503.859893262568,3503.859893262568,2025-03-19,0,0,0,0,0,0
,3469.285438744659,3469.285438744659,3469.285438744659,3469.285438744659,3469.285438744659,2025-03-20,0,0,0,0,0,0
,3432.735397721791,3432.735397721791,3432.735397721791,3432.735397721791,3432.735397721791,2025-03-21,0,0,0,0,0,0
,3556.215139766549,3556.215139766549,3556.215139766549,3556.215139766549,3556.215139766549,2025-03-24,0,0,0,0,0,0
,3600.6680101993416,3600.6680101993416,3600.6680101993416,3600.6680101993416,3600.6680101993416,2025-03-25,0,0,0,0,0,0
,3603.3844445431537,3603.3844445431537,3603.3844445431537,3603.3844445431537,3603.3844445431537,2025-03-26,0,0,0,0,0,0
,3570.884729570523,3570.884729570523,3570.884729570523,3570.884729570523,3570.884729570523,2025-03-27,0,0,0,0,0,0
,3606.5948937734543,3606.5948937734543,3606.5948937734543,3606.5948937734543,3606.5948937734543,2025-03-28,0,0,0,0,0,0
,3529.2470706788267,3529.2470706788267,3529.2470706788267,3529.2470706788267,3529.2470706788267,2025-04-01,0,0,0,0,0,0
,3500.8961197970325,3500.8961197970325,3500.8961197970325,3500.8961197970325,3500.8961197970325,2025-04-02,0,0,0,0,0,0
,3448.5409029806515,3448.5409029806515,3448.5409029806515,3448.5409029806515,3448.5409029806515,2025-04-03,0,0,0,0,0,0
,3321.702519893932,3321.702519893932,3321.702519893932,3321.702519893932,3321.702519893932,2025-04-04,0,0,0,0,0,0
,3062.296322980731,3062.296322980731,3062.296322980731,3062.296322980731,3062.296322980731,2025-04-07,0,0,0,0,0,0
,3261.889076504213,3261.889076504213,3261.889076504213,3261.889076504213,3261.889076504213,2025-04-08,0,0,0,0,0,0
,3220.893565957195,3220.893565957195,3220.893565957195,3220.893565957195,3220.893565957195,2025-04-09,0,0,0,0,0,0
,3249.541039112772,3249.541039112772,3249.541039112772,3249.541039112772,3249.541039112772,2025-04-11,0,0,0,0,0,0
,3274.08864453866,3274.08864453866,3274.08864453866,3274.08864453866,3274.08864453866,2025-04-15,0,0,0,0,0,0
,3208.6939279027843,3208.6939279027843,3208.6939279027843,3208.6939279027843,3208.6939279027843,2025-04-16,0,0,0,0,0,0
,3206.026672488032,3206.026672488032,3206.026672488032,3206.026672488032,3206.026672488032,2025-04-17,0,0,0,0,0,0
,3250.084532114573,3250.084532114573,3250.084532114573,3250.084532114573,3250.084532114573,2025-04-21,0,0,0,0,0,0
,3282.18908375484,3282.18908375484,3282.18908375484,3282.18908375484,3282.18908375484,2025-04-22,0,0,0,0,0,0
,3324.0735410505326,3324.0735410505326,3324.0735410505326,3324.0735410505326,3324.0735410505326,2025-04-23,0,0,0,0,0,0
,3359.734352714529,3359.734352714529,3359.734352714529,3359.734352714529,3359.734352714529,2025-04-24,0,0,0,0,0,0
,3378.404512693047,3378.404512693047,3378.404512693047,3378.404512693047,3378.404512693047,2025-04-25,0,0,0,0,0,0
,3393.222033047998,3393.222033047998,3393.222033047998,3393.222033047998,3393.222033047998,2025-04-28,0,0,0,0,0,0
,3412.9787121327167,3412.9787121327167,3412.9787121327167,3412.9787121327167,3412.9787121327167,2025-04-29,0,0,0,0,0,0
,3429.772055911222,3429.772055911222,3429.772055911222,3429.772055911222,3429.772055911222,2025-04-30,0,0,0,0,0,0
,3429.7718458539784,3429.7718458539784,3429.7718458539784,3429.7718458539784,3429.7718458539784,2025-05-02,0,0,0,0,0,0
,3408.0393599095555,3408.0393599095555,3408.0393599095555,3408.0393599095555,3408.0393599095555,2025-05-05,0,0,0,0,0,0
,3417.91796875,3417.91796875,3417.91796875,3417.91796875,3417.91796875,2025-05-06,0,0,0,0,0,0
,3378.997198925932,3378.997198925932,3378.997198925932,3378.997198925932,3378.997198925932,2025-05-07,0,0,0,0,0,0
,3406.063923519544,3406.063923519544,3406.063923519544,3406.063923519544,3406.063923519544,2025-05-08,0,0,0,0,0,0
,3357.660022315629,3357.660022315629,3357.660022315629,3357.660022315629,3357.660022315629,2025-05-09,0,0,0,0,0,0
,3462.370587392757,3462.370587392757,3462.370587392757,3462.370587392757,3462.370587392757,2025-05-12,0,0,0,0,0,0
,3576.3670057941126,3576.3670057941126,3576.3670057941126,3576.3670057941126,3576.3670057941126,2025-05-13,0,0,0,0,0,0
,3478.176010622288,3478.176010622288,3478.176010622288,3478.176010622288,3478.176010622288,2025-05-14,0,0,0,0,0,0
,3520.653098251618,3520.653098251618,3520.653098251618,3520.653098251618,3520.653098251618,2025-05-15,0,0,0,0,0,0
,3550.1891985825587,3550.1891985825587,3550.1891985825587,3550.1891985825587,3550.1891985825587,2025-05-16,0,0,0,0,0,0
,3506.8234139931265,3506.8234139931265,3506.8234139931265,3506.8234139931265,3506.8234139931265,2025-05-19,0,0,0,0,0,0
,3488.8447556489973,3488.8447556489973,3488.8447556489973,3488.8447556489973,3488.8447556489973,2025-05-20,0,0,0,0,0,0
,3465.334167770128,3465.334167770128,3465.334167770128,3465.334167770128,3465.334167770128,2025-05-21,0,0,0,0,0,0
,3452.492257645667,3452.492257645667,3452.492257645667,3452.492257645667,3452.492257645667,2025-05-22,0,0,0,0,0,0
,3434.710973449065,3434.710973449065,3434.710973449065,3434.710973449065,3434.710973449065,2025-05-23,0,0,0,0,0,0
,3478.176031648211,3478.176031648211,3478.176031648211,3478.176031648211,3478.176031648211,2025-05-26,0,0,0,0,0,0
,3489.042255720683,3489.042255720683,3489.042255720683,3489.042255720683,3489.042255720683,2025-05-27,0,0,0,0,0,0
,3477.1880041983504,3477.1880041983504,3477.1880041983504,3477.1880041983504,3477.1880041983504,2025-05-28,0,0,0,0,0,0
,3462.0742707354857,3462.0742707354857,3462.0742707354857,3462.0742707354857,3462.0742707354857,2025-05-29,0,0,0,0,0,0
,3447.5529416641066,3447.5529416641066,3447.5529416641066,3447.5529416641066,3447.5529416641066,2025-05-30,0,0,0,0,0,0
,3408.039560292111,3408.039560292111,3408.039560292111,3408.039560292111,3408.039560292111,2025-06-02,0,0,0,0,0,0
,3404.088244663152,3404.088244663152,3404.088244663152,3404.088244663152,3404.088244663152,2025-06-03,0,0,0,0,0,0
,3377.5377895527827,3377.5377895527827,3377.5377895527827,3377.5377895527827,3377.5377895527827,2025-06-04,0,0,0,0,0,0
,3397.4699581243544,3397.4699581243544,3397.4699581243544,3397.4699581243544,3397.4699581243544,2025-06-05,0,0,0,0,0,0
,3359.698359073828,3359.698359073828,3359.698359073828,3359.698359073828,3359.698359073828,2025-06-06,0,0,0,0,0,0
,3388.500583115049,3388.500583115049,3388.500583115049,3388.500583115049,3388.500583115049,2025-06-09,0,0,0,0,0,0
,3428.365293437595,3428.365293437595,3428.365293437595,3428.365293437595,3428.365293437595,2025-06-10,0,0,0,0,0,0
,3458.2637500771752,3458.2637500771752,3458.2637500771752,3458.2637500771752,3458.2637500771752,2025-06-11,0,0,0,0,0,0
,3460.1571582794445,3460.1571582794445,3460.1571582794445,3460.1571582794445,3460.1571582794445,2025-06-12,0,0,0,0,0,0
,3381.723464034396,3381.723464034396,3381.723464034396,3381.723464034396,3381.723464034396,2025-06-13,0,0,0,0,0,0
,3428.365222862198,3428.365222862198,3428.365222862198,3428.365222862198,3428.365222862198,2025-06-16,0,0,0,0,0,0
,3498.128521462644,3498.128521462644,3498.128521462644,3498.128521462644,3498.128521462644,2025-06-17,0,0,0,0,0,0
,3507.19778191584,3507.19778191584,3507.19778191584,3507.19778191584,3507.19778191584,2025-06-18,0,0,0,0,0,0
,3438.331497049777,3438.331497049777,3438.331497049777,3438.331497049777,3438.331497049777,2025-06-19,0,0,0,0,0,0
,3413.415828473248,3413.415828473248,3413.415828473248,3413.415828473248,3413.415828473248,2025-06-20,0,0,0,0,0,0
,3403.4498383690693,3403.4498383690693,3403.4498383690693,3403.4498383690693,3403.4498383690693,2025-06-23,0,0,0,0,0,0
,3422.983562342859,3422.983562342859,3422.983562342859,3422.983562342859,3422.983562342859,2025-06-24,0,0,0,0,0,0
,3395.775759591069,3395.775759591069,3395.775759591069,3395.775759591069,3395.775759591069,2025-06-25,0,0,0,0,0,0
,3433.149033076155,3433.149033076155,3433.149033076155,3433.149033076155,3433.149033076155,2025-06-26,0,0,0,0,0,0
,3443.3145602623845,3443.3145602623845,3443.3145602623845,3443.3145602623845,3443.3145602623845,2025-06-27,0,0,0,0,0,0
,3428.2654211111044,3428.2654211111044,3428.2654211111044,3428.2654211111044,3428.2654211111044,2025-06-30,0,0,0,0,0,0
,3443.3145772321013,3443.3145772321013,3443.3145772321013,3443.3145772321013,3443.3145772321013,2025-07-01,0,0,0,0,0,0
,3475.4054582188955,3475.4054582188955,3475.4054582188955,3475.4054582188955,3475.4054582188955,2025-07-02,0,0,0,0,0,0
,3418.3990425621496,3418.3990425621496,3418.3990425621496,3418.3990425621496,3418.3990425621496,2025-07-03,0,0,0,0,0,0
,3396.473503732036,3396.473503732036,3396.473503732036,3396.473503732036,3396.473503732036,2025-07-04,0,0,0,0,0,0
,3406.738663456697,3406.738663456697,3406.738663456697,3406.738663456697,3406.738663456697,2025-07-07,0,0,0,0,0,0
,3393.483550682905,3393.483550682905,3393.483550682905,3393.483550682905,3393.483550682905,2025-07-08,0,0,0,0,0,0
,3398.4665612557537,3398.4665612557537,3398.4665612557537,3398.4665612557537,3398.4665612557537,2025-07-09,0,0,0,0,0,0
,3368.5680437680185,3368.5680437680185,3368.5680437680185,3368.5680437680185,3368.5680437680185,2025-07-10,0,0,0,0,0,0
,3288.738858113972,3288.738858113972,3288.738858113972,3288.738858113972,3288.738858113972,2025-07-11,0,0,0,0,0,0
,3254.953647067968,3254.953647067968,3254.953647067968,3254.953647067968,3254.953647067968,2025-07-14,0,0,0,0,0,0
,3195.156597032704,3195.156597032704,3195.156597032704,3195.156597032704,3195.156597032704,2025-07-15,0,0,0,0,0,0
,3227.0,3227.0,3227.0,3227.0,3227.0,2025-07-16,0,0,0,0,0,0
,3224.10009765625,3224.10009765625,3224.10009765625,3224.10009765625,3224.10009765625,2025-07-17,0,0,0,0,0,0
,3225.0,3225.0,3225.0,3225.0,3225.0,2025-07-18,0,0,0,0,0,0
,3190.0,3190.0,3190.0,3190.0,3190.0,2025-07-21,0,0,0,0,0,0
,3159.60009765625,3159.60009765625,3159.60009765625,3159.60009765625,3159.60009765625,2025-07-22,0,0,0,0,0,0
,3159.60009765625,3159.60009765625,3159.60009765625,3159.60009765625,3159.60009765625,2025-07-23,0,0,0,0,0,0
,3165.10009765625,3165.10009765625,3165.10009765625,3165.10009765625,3165.10009765625,2025-07-24,0,0,0,0,0,0
,3140.0,3140.0,3140.0,3140.0,3140.0,2025-07-25,0,0,0,0,0,0
,3110.0,3110.0,3110.0,3110.0,3110.0,2025-07-28,0,0,0,0,0,0
,3060.0,3060.0,3060.0,3060.0,3060.0,2025-07-29,0,0,0,0,0,0
,3060.0,3060.0,3060.0,3060.0,3060.0,2025-07-30,0,0,0,0,0,0
,3041.699951171875,3041.699951171875,3041.699951171875,3041.699951171875,3041.699951171875,2025-07-31,0,0,0,0,0,0
,3029.89990234375,3029.89990234375,3029.89990234375,3029.89990234375,3029.89990234375,2025-08-01,0,0,0,0,0,0
,3009.10009765625,3009.10009765625,3009.10009765625,3009.10009765625,3009.10009765625,2025-08-04,0,0,0,0,0,0
,3074.39990234375,3074.39990234375,3074.39990234375,3074.39990234375,3074.39990234375,2025-08-05,0,0,0,0,0,0
,3063.0,3063.0,3063.0,3063.0,3063.0,2025-08-06,0,0,0,0,0,0
,3016.0,3016.0,3016.0,3016.0,3016.0,2025-08-07,0,0,0,0,0,0
,3048.10009765625,3048.10009765625,3048.10009765625,3048.10009765625,3048.10009765625,2025-08-08,0,0,0,0,0,0
,3036.39990234375,3036.39990234375,3036.39990234375,3036.39990234375,3036.39990234375,2025-08-11,0,0,0,0,0,0
,3041.0,3041.0,3041.0,3041.0,3041.0,2025-08-12,0,0,0,0,0,0
,3036.10009765625,3036.10009765625,3036.10009765625,3036.10009765625,3036.10009765625,2025-08-13,0,0,0,0,0,0
,3034.0,3034.0,3034.0,3034.0,3034.0,2025-08-14,0,0,0,0,0,0
,3046.5,3046.5,3046.5,3046.5,3046.5,2025-08-18,0,0,0,0,0,0
,3011.199951171875,3011.199951171875,3011.199951171875,3011.199951171875,3011.199951171875,2025-08-19,0,0,0,0,0,0
,3010.89990234375,3010.89990234375,3010.89990234375,3010.89990234375,3010.89990234375,2025-08-20,0,0,0,0,0,0
,3130.0,3130.0,3130.0,3130.0,3130.0,2025-08-21,0,0,0,0,0,0
,3086.0,3086.0,3086.0,3086.0,3086.0,2025-08-22,0,0,0,0,0,0
,3087.300048828125,3087.300048828125,3087.300048828125,3087.300048828125,3087.300048828125,2025-08-25,0,0,0,0,0,0
,3129.0,3129.0,3129.0,3129.0,3129.0,2025-08-26,0,0,0,0,0,0
,3157.199951171875,3157.199951171875,3157.199951171875,3157.199951171875,3157.199951171875,2025-08-27,0,0,0,0,0,0
,3145.0,3145.0,3145.0,3145.0,3145.0,2025-08-28,0,0,0,0,0,0
,3093.0,3093.0,3093.0,3093.0,3093.0,2025-08-29,0,0,0,0,0,0
,3090.0,3090.0,3090.0,3090.0,3090.0,2025-09-01,0,0,0,0,0,0
,3121.10009765625,3121.10009765625,3121.10009765625,3121.10009765625,3121.10009765625,2025-09-02,0,0,0,0,0,0
,3129.89990234375,3129.89990234375,3129.89990234375,3129.89990234375,3129.89990234375,2025-09-03,0,0,0,0,0,0
,3116.0,3116.0,3116.0,3116.0,3116.0,2025-09-04,0,0,0,0,0,0
,3097.10009765625,3097.10009765625,3097.10009765625,3097.10009765625,3097.10009765625,2025-09-05,0,0,0,0,0,0
,3050.0,3050.0,3050.0,3050.0,3050.0,2025-09-08,0,0,0,0,0,0
,3032.10009765625,3032.10009765625,3032.10009765625,3032.10009765625,3032.10009765625,2025-09-09,0,0,0,0,0,0
,3056.39990234375,3056.39990234375,3056.39990234375,3056.39990234375,3056.39990234375,2025-09-10,0,0,0,0,0,0
,3139.0,3139.0,3139.0,3139.0,3139.0,2025-09-11,0,0,0,0,0,0
,3144.0,3144.0,3144.0,3144.0,3144.0,2025-09-12,0,0,0,0,0,0
