Date,Ticker,AXISBANK.NS,AXISBANK.NS.1,AXISBANK.NS.2,AXISBANK.NS.3,AXISBANK.NS.4,SentimentScore
1970-01-01 00:00:00.000000000,,929.7868500899776,929.7868500899776,929.7868500899776,929.7868500899776,929.7868500899776,0
1970-01-01 00:00:00.000000001,,929.7868500899776,929.7868500899776,929.7868500899776,929.7868500899776,929.7868500899776,0
1970-01-01 00:00:00.000000002,,942.2538282071222,942.2538282071222,942.2538282071222,942.2538282071222,942.2538282071222,0
1970-01-01 00:00:00.000000003,,960.9542909190052,960.9542909190052,960.9542909190052,960.9542909190052,960.9542909190052,0
1970-01-01 00:00:00.000000004,,957.4635394400372,957.4635394400372,957.4635394400372,957.4635394400372,957.4635394400372,0
1970-01-01 00:00:00.000000005,,944.0490803274756,944.0490803274756,944.0490803274756,944.0490803274756,944.0490803274756,0
1970-01-01 00:00:00.000000006,,944.2984191882836,944.2984191882836,944.2984191882836,944.2984191882836,944.2984191882836,0
1970-01-01 00:00:00.000000007,,961.4529432194536,961.4529432194536,961.4529432194536,961.4529432194536,961.4529432194536,0
1970-01-01 00:00:00.000000008,,950.4820135387192,950.4820135387192,950.4820135387192,950.4820135387192,950.4820135387192,0
1970-01-01 00:00:00.000000009,,946.8416511641792,946.8416511641792,946.8416511641792,946.8416511641792,946.8416511641792,0
1970-01-01 00:00:00.000000010,,933.0282324261028,933.0282324261028,933.0282324261028,933.0282324261028,933.0282324261028,0
1970-01-01 00:00:00.000000011,,937.9651606102152,937.9651606102152,937.9651606102152,937.9651606102152,937.9651606102152,0
1970-01-01 00:00:00.000000012,,912.532534594739,912.532534594739,912.532534594739,912.532534594739,912.532534594739,0
1970-01-01 00:00:00.000000013,,919.4641667501236,919.4641667501236,919.4641667501236,919.4641667501236,919.4641667501236,0
1970-01-01 00:00:00.000000014,,921.159654434783,921.159654434783,921.159654434783,921.159654434783,921.159654434783,0
1970-01-01 00:00:00.000000015,,928.7894712435568,928.7894712435568,928.7894712435568,928.7894712435568,928.7894712435568,0
1970-01-01 00:00:00.000000016,,933.5269253901992,933.5269253901992,933.5269253901992,933.5269253901992,933.5269253901992,0
1970-01-01 00:00:00.000000017,,932.5295668790604,932.5295668790604,932.5295668790604,932.5295668790604,932.5295668790604,0
1970-01-01 00:00:00.000000018,,902.6088496225308,902.6088496225308,902.6088496225308,902.6088496225308,902.6088496225308,0
1970-01-01 00:00:00.000000019,,889.9922375871389,889.9922375871389,889.9922375871389,889.9922375871389,889.9922375871389,0
1970-01-01 00:00:00.000000020,,849.6492066457566,849.6492066457566,849.6492066457566,849.6492066457566,849.6492066457566,0
1970-01-01 00:00:00.000000021,,870.6933834135348,870.6933834135348,870.6933834135348,870.6933834135348,870.6933834135348,0
1970-01-01 00:00:00.000000022,,873.9846395179304,873.9846395179304,873.9846395179304,873.9846395179304,873.9846395179304,0
1970-01-01 00:00:00.000000023,,848.7016937743082,848.7016937743082,848.7016937743082,848.7016937743082,848.7016937743082,0
1970-01-01 00:00:00.000000024,,870.693394455164,870.693394455164,870.693394455164,870.693394455164,870.693394455164,0
1970-01-01 00:00:00.000000025,,869.5464186317218,869.5464186317218,869.5464186317218,869.5464186317218,869.5464186317218,0
1970-01-01 00:00:00.000000026,,884.506744665385,884.506744665385,884.506744665385,884.506744665385,884.506744665385,0
1970-01-01 00:00:00.000000027,,879.7693458320437,879.7693458320437,879.7693458320437,879.7693458320437,879.7693458320437,0
1970-01-01 00:00:00.000000028,,873.8350955880709,873.8350955880709,873.8350955880709,873.8350955880709,873.8350955880709,0
1970-01-01 00:00:00.000000029,,869.7459237952077,869.7459237952077,869.7459237952077,869.7459237952077,869.7459237952077,0
1970-01-01 00:00:00.000000030,,864.9585687010346,864.9585687010346,864.9585687010346,864.9585687010346,864.9585687010346,0
1970-01-01 00:00:00.000000031,,860.2709943420871,860.2709943420871,860.2709943420871,860.2709943420871,860.2709943420871,0
1970-01-01 00:00:00.000000032,,869.6960345142812,869.6960345142812,869.6960345142812,869.6960345142812,869.6960345142812,0
1970-01-01 00:00:00.000000033,,870.4938669607202,870.4938669607202,870.4938669607202,870.4938669607202,870.4938669607202,0
1970-01-01 00:00:00.000000034,,858.725155250901,858.725155250901,858.725155250901,858.725155250901,858.725155250901,0
1970-01-01 00:00:00.000000035,,857.4285526319146,857.4285526319146,857.4285526319146,857.4285526319146,857.4285526319146,0
1970-01-01 00:00:00.000000036,,846.7568188104417,846.7568188104417,846.7568188104417,846.7568188104417,846.7568188104417,0
1970-01-01 00:00:00.000000037,,837.7805863154392,837.7805863154392,837.7805863154392,837.7805863154392,837.7805863154392,0
1970-01-01 00:00:00.000000038,,830.8488877972475,830.8488877972475,830.8488877972475,830.8488877972475,830.8488877972475,0
1970-01-01 00:00:00.000000039,,847.8538987685147,847.8538987685147,847.8538987685147,847.8538987685147,847.8538987685147,0
1970-01-01 00:00:00.000000040,,849.5992567522266,849.5992567522266,849.5992567522266,849.5992567522266,849.5992567522266,0
1970-01-01 00:00:00.000000041,,853.6884782219203,853.6884782219203,853.6884782219203,853.6884782219203,853.6884782219203,0
1970-01-01 00:00:00.000000042,,843.814565001129,843.814565001129,843.814565001129,843.814565001129,843.814565001129,0
1970-01-01 00:00:00.000000043,,863.7118776816358,863.7118776816358,863.7118776816358,863.7118776816358,863.7118776816358,0
1970-01-01 00:00:00.000000044,,847.5047937811358,847.5047937811358,847.5047937811358,847.5047937811358,847.5047937811358,0
1970-01-01 00:00:00.000000045,,854.6858146198489,854.6858146198489,854.6858146198489,854.6858146198489,854.6858146198489,0
1970-01-01 00:00:00.000000046,,856.2316930866406,856.2316930866406,856.2316930866406,856.2316930866406,856.2316930866406,0
1970-01-01 00:00:00.000000047,,860.2210959531328,860.2210959531328,860.2210959531328,860.2210959531328,860.2210959531328,0
1970-01-01 00:00:00.000000048,,857.3288381927395,857.3288381927395,857.3288381927395,857.3288381927395,857.3288381927395,0
1970-01-01 00:00:00.000000049,,843.365747946297,843.365747946297,843.365747946297,843.365747946297,843.365747946297,0
1970-01-01 00:00:00.000000050,,825.8122531130239,825.8122531130239,825.8122531130239,825.8122531130239,825.8122531130239,0
1970-01-01 00:00:00.000000051,,835.835689825817,835.835689825817,835.835689825817,835.835689825817,835.835689825817,0
1970-01-01 00:00:00.000000052,,819.3294536392584,819.3294536392584,819.3294536392584,819.3294536392584,819.3294536392584,0
1970-01-01 00:00:00.000000053,,832.7938167758774,832.7938167758774,832.7938167758774,832.7938167758774,832.7938167758774,0
1970-01-01 00:00:00.000000054,,833.7911436751785,833.7911436751785,833.7911436751785,833.7911436751785,833.7911436751785,0
1970-01-01 00:00:00.000000055,,837.8803087329111,837.8803087329111,837.8803087329111,837.8803087329111,837.8803087329111,0
1970-01-01 00:00:00.000000056,,853.3393206214389,853.3393206214389,853.3393206214389,853.3393206214389,853.3393206214389,0
1970-01-01 00:00:00.000000057,,844.7620800965633,844.7620800965633,844.7620800965633,844.7620800965633,844.7620800965633,0
1970-01-01 00:00:00.000000058,,844.0141063949059,844.0141063949059,844.0141063949059,844.0141063949059,844.0141063949059,0
1970-01-01 00:00:00.000000059,,838.8277998735553,838.8277998735553,838.8277998735553,838.8277998735553,838.8277998735553,0
1970-01-01 00:00:00.000000060,,835.1874828184127,835.1874828184127,835.1874828184127,835.1874828184127,835.1874828184127,0
1970-01-01 00:00:00.000000061,,830.3004281081028,830.3004281081028,830.3004281081028,830.3004281081028,830.3004281081028,0
1970-01-01 00:00:00.000000062,,852.641164867343,852.641164867343,852.641164867343,852.641164867343,852.641164867343,0
1970-01-01 00:00:00.000000063,,861.7171614119438,861.7171614119438,861.7171614119438,861.7171614119438,861.7171614119438,0
1970-01-01 00:00:00.000000064,,868.6986362029479,868.6986362029479,868.6986362029479,868.6986362029479,868.6986362029479,0
1970-01-01 00:00:00.000000065,,859.5229861540353,859.5229861540353,859.5229861540353,859.5229861540353,859.5229861540353,0
1970-01-01 00:00:00.000000066,,852.5414115625723,852.5414115625723,852.5414115625723,852.5414115625723,852.5414115625723,0
1970-01-01 00:00:00.000000067,,846.0087653724299,846.0087653724299,846.0087653724299,846.0087653724299,846.0087653724299,0
1970-01-01 00:00:00.000000068,,852.6412558734322,852.6412558734322,852.6412558734322,852.6412558734322,852.6412558734322,0
1970-01-01 00:00:00.000000069,,851.3945429743361,851.3945429743361,851.3945429743361,851.3945429743361,851.3945429743361,0
1970-01-01 00:00:00.000000070,,879.6696543336656,879.6696543336656,879.6696543336656,879.6696543336656,879.6696543336656,0
1970-01-01 00:00:00.000000071,,863.0636244684166,863.0636244684166,863.0636244684166,863.0636244684166,863.0636244684166,0
1970-01-01 00:00:00.000000072,,862.7145161360205,862.7145161360205,862.7145161360205,862.7145161360205,862.7145161360205,0
1970-01-01 00:00:00.000000073,,872.488653826795,872.488653826795,872.488653826795,872.488653826795,872.488653826795,0
1970-01-01 00:00:00.000000074,,868.4991631302372,868.4991631302372,868.4991631302372,868.4991631302372,868.4991631302372,0
1970-01-01 00:00:00.000000075,,865.7066060820845,865.7066060820845,865.7066060820845,865.7066060820845,865.7066060820845,0
1970-01-01 00:00:00.000000076,,882.6616898361922,882.6616898361922,882.6616898361922,882.6616898361922,882.6616898361922,0
1970-01-01 00:00:00.000000077,,875.0817699116577,875.0817699116577,875.0817699116577,875.0817699116577,875.0817699116577,0
1970-01-01 00:00:00.000000078,,885.6537654480087,885.6537654480087,885.6537654480087,885.6537654480087,885.6537654480087,0
1970-01-01 00:00:00.000000079,,882.7613161953902,882.7613161953902,882.7613161953902,882.7613161953902,882.7613161953902,0
1970-01-01 00:00:00.000000080,,867.7013024431587,867.7013024431587,867.7013024431587,867.7013024431587,867.7013024431587,0
1970-01-01 00:00:00.000000081,,861.5674950903395,861.5674950903395,861.5674950903395,861.5674950903395,861.5674950903395,0
1970-01-01 00:00:00.000000082,,857.7276963008517,857.7276963008517,857.7276963008517,857.7276963008517,857.7276963008517,0
1970-01-01 00:00:00.000000083,,864.8588202859523,864.8588202859523,864.8588202859523,864.8588202859523,864.8588202859523,0
1970-01-01 00:00:00.000000084,,863.013687929964,863.013687929964,863.013687929964,863.013687929964,863.013687929964,0
1970-01-01 00:00:00.000000085,,879.8690735863491,879.8690735863491,879.8690735863491,879.8690735863491,879.8690735863491,0
1970-01-01 00:00:00.000000086,,889.6431942064683,889.6431942064683,889.6431942064683,889.6431942064683,889.6431942064683,0
1970-01-01 00:00:00.000000087,,888.6458302181073,888.6458302181073,888.6458302181073,888.6458302181073,888.6458302181073,0
1970-01-01 00:00:00.000000088,,892.8347664423467,892.8347664423467,892.8347664423467,892.8347664423467,892.8347664423467,0
1970-01-01 00:00:00.000000089,,908.2439536374152,908.2439536374152,908.2439536374152,908.2439536374152,908.2439536374152,0
1970-01-01 00:00:00.000000090,,913.779312757632,913.779312757632,913.779312757632,913.779312757632,913.779312757632,0
1970-01-01 00:00:00.000000091,,915.275357867754,915.275357867754,915.275357867754,915.275357867754,915.275357867754,0
1970-01-01 00:00:00.000000092,,917.5691873556405,917.5691873556405,917.5691873556405,917.5691873556405,917.5691873556405,0
1970-01-01 00:00:00.000000093,,918.4668189387248,918.4668189387248,918.4668189387248,918.4668189387248,918.4668189387248,0
1970-01-01 00:00:00.000000094,,920.5612837744666,920.5612837744666,920.5612837744666,920.5612837744666,920.5612837744666,0
1970-01-01 00:00:00.000000095,,915.1256956371484,915.1256956371484,915.1256956371484,915.1256956371484,915.1256956371484,0
1970-01-01 00:00:00.000000096,,908.7425871157698,908.7425871157698,908.7425871157698,908.7425871157698,908.7425871157698,0
1970-01-01 00:00:00.000000097,,914.2779119411406,914.2779119411406,914.2779119411406,914.2779119411406,914.2779119411406,0
1970-01-01 00:00:00.000000098,,915.5744897215402,915.5744897215402,915.5744897215402,915.5744897215402,915.5744897215402,0
1970-01-01 00:00:00.000000099,,928.5401643564268,928.5401643564268,928.5401643564268,928.5401643564268,928.5401643564268,0
1970-01-01 00:00:00.000000100,,928.3406903665872,928.3406903665872,928.3406903665872,928.3406903665872,928.3406903665872,0
1970-01-01 00:00:00.000000101,,934.8733518090172,934.8733518090172,934.8733518090172,934.8733518090172,934.8733518090172,0
1970-01-01 00:00:00.000000102,,919.5639303932444,919.5639303932444,919.5639303932444,919.5639303932444,919.5639303932444,0
1970-01-01 00:00:00.000000103,,920.212240304744,920.212240304744,920.212240304744,920.212240304744,920.212240304744,0
1970-01-01 00:00:00.000000104,,925.1490774704516,925.1490774704516,925.1490774704516,925.1490774704516,925.1490774704516,0
1970-01-01 00:00:00.000000105,,948.5869905944752,948.5869905944752,948.5869905944752,948.5869905944752,948.5869905944752,0
1970-01-01 00:00:00.000000106,,970.3793637455271,970.3793637455271,970.3793637455271,970.3793637455271,970.3793637455271,0
1970-01-01 00:00:00.000000107,,970.4790025315168,970.4790025315168,970.4790025315168,970.4790025315168,970.4790025315168,0
1970-01-01 00:00:00.000000108,,964.4450372391158,964.4450372391158,964.4450372391158,964.4450372391158,964.4450372391158,0
1970-01-01 00:00:00.000000109,,970.4291959930816,970.4291959930816,970.4291959930816,970.4291959930816,970.4291959930816,0
1970-01-01 00:00:00.000000110,,971.7257679465994,971.7257679465994,971.7257679465994,971.7257679465994,971.7257679465994,0
1970-01-01 00:00:00.000000111,,983.3948796018038,983.3948796018038,983.3948796018038,983.3948796018038,983.3948796018038,0
1970-01-01 00:00:00.000000112,,985.7385346742471,985.7385346742471,985.7385346742471,985.7385346742471,985.7385346742471,0
1970-01-01 00:00:00.000000113,,980.2033013399802,980.2033013399802,980.2033013399802,980.2033013399802,980.2033013399802,0
1970-01-01 00:00:00.000000114,,981.2504969948916,981.2504969948916,981.2504969948916,981.2504969948916,981.2504969948916,0
1970-01-01 00:00:00.000000115,,963.3978435029916,963.3978435029916,963.3978435029916,963.3978435029916,963.3978435029916,0
1970-01-01 00:00:00.000000116,,975.7151205634184,975.7151205634184,975.7151205634184,975.7151205634184,975.7151205634184,0
1970-01-01 00:00:00.000000117,,959.6577434905124,959.6577434905124,959.6577434905124,959.6577434905124,959.6577434905124,0
1970-01-01 00:00:00.000000118,,957.4635460788032,957.4635460788032,957.4635460788032,957.4635460788032,957.4635460788032,0
1970-01-01 00:00:00.000000119,,956.9648713775646,956.9648713775646,956.9648713775646,956.9648713775646,956.9648713775646,0
1970-01-01 00:00:00.000000120,,964.4450412674792,964.4450412674792,964.4450412674792,964.4450412674792,964.4450412674792,0
1970-01-01 00:00:00.000000121,,976.4132915500628,976.4132915500628,976.4132915500628,976.4132915500628,976.4132915500628,0
1970-01-01 00:00:00.000000122,,974.518252936658,974.518252936658,974.518252936658,974.518252936658,974.518252936658,0
1970-01-01 00:00:00.000000123,,987.3842168463996,987.3842168463996,987.3842168463996,987.3842168463996,987.3842168463996,0
1970-01-01 00:00:00.000000124,,979.5051583506634,979.5051583506634,979.5051583506634,979.5051583506634,979.5051583506634,0
1970-01-01 00:00:00.000000125,,966.4397446918044,966.4397446918044,966.4397446918044,966.4397446918044,966.4397446918044,0
1970-01-01 00:00:00.000000126,,958.4609136389416,958.4609136389416,958.4609136389416,958.4609136389416,958.4609136389416,0
1970-01-01 00:00:00.000000127,,974.6641831465856,974.6641831465856,974.6641831465856,974.6641831465856,974.6641831465856,0
1970-01-01 00:00:00.000000128,,975.1134848157154,975.1134848157154,975.1134848157154,975.1134848157154,975.1134848157154,0
1970-01-01 00:00:00.000000129,,966.3278064604592,966.3278064604592,966.3278064604592,966.3278064604592,966.3278064604592,0
1970-01-01 00:00:00.000000130,,955.1459155846112,955.1459155846112,955.1459155846112,955.1459155846112,955.1459155846112,0
1970-01-01 00:00:00.000000131,,954.7465495086188,954.7465495086188,954.7465495086188,954.7465495086188,954.7465495086188,0
1970-01-01 00:00:00.000000132,,962.8833651853292,962.8833651853292,962.8833651853292,962.8833651853292,962.8833651853292,0
1970-01-01 00:00:00.000000133,,958.4406173492556,958.4406173492556,958.4406173492556,958.4406173492556,958.4406173492556,0
1970-01-01 00:00:00.000000134,,962.434062841666,962.434062841666,962.434062841666,962.434062841666,962.434062841666,0
1970-01-01 00:00:00.000000135,,962.4340810493464,962.4340810493464,962.4340810493464,962.4340810493464,962.4340810493464,0
1970-01-01 00:00:00.000000136,,962.3342650400326,962.3342650400326,962.3342650400326,962.3342650400326,962.3342650400326,0
1970-01-01 00:00:00.000000137,,970.0216684491554,970.0216684491554,970.0216684491554,970.0216684491554,970.0216684491554,0
1970-01-01 00:00:00.000000138,,971.868719566255,971.868719566255,971.868719566255,971.868719566255,971.868719566255,0
1970-01-01 00:00:00.000000139,,976.061876288846,976.061876288846,976.061876288846,976.061876288846,976.061876288846,0
1970-01-01 00:00:00.000000140,,965.2794076024824,965.2794076024824,965.2794076024824,965.2794076024824,965.2794076024824,0
1970-01-01 00:00:00.000000141,,987.7428718400172,987.7428718400172,987.7428718400172,987.7428718400172,987.7428718400172,0
1970-01-01 00:00:00.000000142,,958.3407708775004,958.3407708775004,958.3407708775004,958.3407708775004,958.3407708775004,0
1970-01-01 00:00:00.000000143,,953.1492132082984,953.1492132082984,953.1492132082984,953.1492132082984,953.1492132082984,0
1970-01-01 00:00:00.000000144,,954.4470700773104,954.4470700773104,954.4470700773104,954.4470700773104,954.4470700773104,0
1970-01-01 00:00:00.000000145,,949.9543860919008,949.9543860919008,949.9543860919008,949.9543860919008,949.9543860919008,0
1970-01-01 00:00:00.000000146,,942.5663725667334,942.5663725667334,942.5663725667334,942.5663725667334,942.5663725667334,0
1970-01-01 00:00:00.000000147,,945.4617140197354,945.4617140197354,945.4617140197354,945.4617140197354,945.4617140197354,0
1970-01-01 00:00:00.000000148,,950.7031813527489,950.7031813527489,950.7031813527489,950.7031813527489,950.7031813527489,0
1970-01-01 00:00:00.000000149,,948.4568591177452,948.4568591177452,948.4568591177452,948.4568591177452,948.4568591177452,0
1970-01-01 00:00:00.000000150,,950.4535382401316,950.4535382401316,950.4535382401316,950.4535382401316,950.4535382401316,0
1970-01-01 00:00:00.000000151,,946.4601097989824,946.4601097989824,946.4601097989824,946.4601097989824,946.4601097989824,0
1970-01-01 00:00:00.000000152,,935.9771127935796,935.9771127935796,935.9771127935796,935.9771127935796,935.9771127935796,0
1970-01-01 00:00:00.000000153,,933.4811853346018,933.4811853346018,933.4811853346018,933.4811853346018,933.4811853346018,0
1970-01-01 00:00:00.000000154,,934.4296152490268,934.4296152490268,934.4296152490268,934.4296152490268,934.4296152490268,0
1970-01-01 00:00:00.000000155,,934.4296245222276,934.4296245222276,934.4296245222276,934.4296245222276,934.4296245222276,0
1970-01-01 00:00:00.000000156,,933.3314350729252,933.3314350729252,933.3314350729252,933.3314350729252,933.3314350729252,0
1970-01-01 00:00:00.000000157,,942.666232975574,942.666232975574,942.666232975574,942.666232975574,942.666232975574,0
1970-01-01 00:00:00.000000158,,952.3005472024148,952.3005472024148,952.3005472024148,952.3005472024148,952.3005472024148,0
1970-01-01 00:00:00.000000159,,960.4373227378256,960.4373227378256,960.4373227378256,960.4373227378256,960.4373227378256,0
1970-01-01 00:00:00.000000160,,983.2002673424388,983.2002673424388,983.2002673424388,983.2002673424388,983.2002673424388,0
1970-01-01 00:00:00.000000161,,972.4177974819816,972.4177974819816,972.4177974819816,972.4177974819816,972.4177974819816,0
1970-01-01 00:00:00.000000162,,978.5079223942116,978.5079223942116,978.5079223942116,978.5079223942116,978.5079223942116,0
1970-01-01 00:00:00.000000163,,988.5915631342556,988.5915631342556,988.5915631342556,988.5915631342556,988.5915631342556,0
1970-01-01 00:00:00.000000164,,981.4032174251884,981.4032174251884,981.4032174251884,981.4032174251884,981.4032174251884,0
1970-01-01 00:00:00.000000165,,980.2052069299484,980.2052069299484,980.2052069299484,980.2052069299484,980.2052069299484,0
1970-01-01 00:00:00.000000166,,972.6674663874048,972.6674663874048,972.6674663874048,972.6674663874048,972.6674663874048,0
1970-01-01 00:00:00.000000167,,992.135738179592,992.135738179592,992.135738179592,992.135738179592,992.135738179592,0
1970-01-01 00:00:00.000000168,,983.8492151605458,983.8492151605458,983.8492151605458,983.8492151605458,983.8492151605458,0
1970-01-01 00:00:00.000000169,,979.8557450584462,979.8557450584462,979.8557450584462,979.8557450584462,979.8557450584462,0
1970-01-01 00:00:00.000000170,,963.4823594503812,963.4823594503812,963.4823594503812,963.4823594503812,963.4823594503812,0
1970-01-01 00:00:00.000000171,,976.6110161977904,976.6110161977904,976.6110161977904,976.6110161977904,976.6110161977904,0
1970-01-01 00:00:00.000000172,,980.205140866197,980.205140866197,980.205140866197,980.205140866197,980.205140866197,0
1970-01-01 00:00:00.000000173,,1008.359363575727,1008.359363575727,1008.359363575727,1008.359363575727,1008.359363575727,0
1970-01-01 00:00:00.000000174,,1001.320865143348,1001.320865143348,1001.320865143348,1001.320865143348,1001.320865143348,0
1970-01-01 00:00:00.000000175,,1012.8021036052968,1012.8021036052968,1012.8021036052968,1012.8021036052968,1012.8021036052968,0
1970-01-01 00:00:00.000000176,,1019.3415327961676,1019.3415327961676,1019.3415327961676,1019.3415327961676,1019.3415327961676,0
1970-01-01 00:00:00.000000177,,1019.8906349456726,1019.8906349456726,1019.8906349456726,1019.8906349456726,1019.8906349456726,0
1970-01-01 00:00:00.000000178,,1010.6556520627736,1010.6556520627736,1010.6556520627736,1010.6556520627736,1010.6556520627736,0
1970-01-01 00:00:00.000000179,,1024.932412581354,1024.932412581354,1024.932412581354,1024.932412581354,1024.932412581354,0
1970-01-01 00:00:00.000000180,,1008.3593486258594,1008.3593486258594,1008.3593486258594,1008.3593486258594,1008.3593486258594,0
1970-01-01 00:00:00.000000181,,1013.5509522256356,1013.5509522256356,1013.5509522256356,1013.5509522256356,1013.5509522256356,0
1970-01-01 00:00:00.000000182,,1017.34472172748,1017.34472172748,1017.34472172748,1017.34472172748,1017.34472172748,0
1970-01-01 00:00:00.000000183,,1008.3095002372424,1008.3095002372424,1008.3095002372424,1008.3095002372424,1008.3095002372424,0
1970-01-01 00:00:00.000000184,,1025.331774526227,1025.331774526227,1025.331774526227,1025.331774526227,1025.331774526227,0
1970-01-01 00:00:00.000000185,,1029.2253641566097,1029.2253641566097,1029.2253641566097,1029.2253641566097,1029.2253641566097,0
1970-01-01 00:00:00.000000186,,1033.3187874181458,1033.3187874181458,1033.3187874181458,1033.3187874181458,1033.3187874181458,0
1970-01-01 00:00:00.000000187,,1033.6681363421294,1033.6681363421294,1033.6681363421294,1033.6681363421294,1033.6681363421294,0
1970-01-01 00:00:00.000000188,,998.3755796590768,998.3755796590768,998.3755796590768,998.3755796590768,998.3755796590768,0
1970-01-01 00:00:00.000000189,,1003.3674445023388,1003.3674445023388,1003.3674445023388,1003.3674445023388,1003.3674445023388,0
1970-01-01 00:00:00.000000190,,993.1839960811092,993.1839960811092,993.1839960811092,993.1839960811092,993.1839960811092,0
1970-01-01 00:00:00.000000191,,998.275738170682,998.275738170682,998.275738170682,998.275738170682,998.275738170682,0
1970-01-01 00:00:00.000000192,,1017.344766889538,1017.344766889538,1017.344766889538,1017.344766889538,1017.344766889538,0
1970-01-01 00:00:00.000000193,,1020.3398755325106,1020.3398755325106,1020.3398755325106,1020.3398755325106,1020.3398755325106,0
1970-01-01 00:00:00.000000194,,1007.3609689365712,1007.3609689365712,1007.3609689365712,1007.3609689365712,1007.3609689365712,0
1970-01-01 00:00:00.000000195,,988.3918390260908,988.3918390260908,988.3918390260908,988.3918390260908,988.3918390260908,0
1970-01-01 00:00:00.000000196,,1007.211163850319,1007.211163850319,1007.211163850319,1007.211163850319,1007.211163850319,0
1970-01-01 00:00:00.000000197,,1008.359348402586,1008.359348402586,1008.359348402586,1008.359348402586,1008.359348402586,0
1970-01-01 00:00:00.000000198,,978.108604901474,978.108604901474,978.108604901474,978.108604901474,978.108604901474,0
1970-01-01 00:00:00.000000199,,987.3934807466092,987.3934807466092,987.3934807466092,987.3934807466092,987.3934807466092,0
1970-01-01 00:00:00.000000200,,978.4080906933192,978.4080906933192,978.4080906933192,978.4080906933192,978.4080906933192,0
1970-01-01 00:00:00.000000201,,958.4405458687386,958.4405458687386,958.4405458687386,958.4405458687386,958.4405458687386,0
1970-01-01 00:00:00.000000202,,954.4470918023892,954.4470918023892,954.4470918023892,954.4470918023892,954.4470918023892,0
1970-01-01 00:00:00.000000203,,978.40804973822,978.40804973822,978.40804973822,978.40804973822,978.40804973822,0
1970-01-01 00:00:00.000000204,,1001.1211166212636,1001.1211166212636,1001.1211166212636,1001.1211166212636,1001.1211166212636,0
1970-01-01 00:00:00.000000205,,996.378856354625,996.378856354625,996.378856354625,996.378856354625,996.378856354625,0
1970-01-01 00:00:00.000000206,,976.2615345714077,976.2615345714077,976.2615345714077,976.2615345714077,976.2615345714077,0
1970-01-01 00:00:00.000000207,,976.4113002621044,976.4113002621044,976.4113002621044,976.4113002621044,976.4113002621044,0
1970-01-01 00:00:00.000000208,,984.3983672192596,984.3983672192596,984.3983672192596,984.3983672192596,984.3983672192596,0
1970-01-01 00:00:00.000000209,,993.3836824986804,993.3836824986804,993.3836824986804,993.3836824986804,993.3836824986804,0
1970-01-01 00:00:00.000000210,,1006.3625690269996,1006.3625690269996,1006.3625690269996,1006.3625690269996,1006.3625690269996,0
1970-01-01 00:00:00.000000211,,1022.336595889503,1022.336595889503,1022.336595889503,1022.336595889503,1022.336595889503,0
1970-01-01 00:00:00.000000212,,1023.0853973586272,1023.0853973586272,1023.0853973586272,1023.0853973586272,1023.0853973586272,0
1970-01-01 00:00:00.000000213,,1016.246626212862,1016.246626212862,1016.246626212862,1016.246626212862,1016.246626212862,0
1970-01-01 00:00:00.000000214,,1028.3768869198957,1028.3768869198957,1028.3768869198957,1028.3768869198957,1028.3768869198957,0
1970-01-01 00:00:00.000000215,,1043.302542722266,1043.302542722266,1043.302542722266,1043.302542722266,1043.302542722266,0
1970-01-01 00:00:00.000000216,,1041.1062144920777,1041.1062144920777,1041.1062144920777,1041.1062144920777,1041.1062144920777,0
1970-01-01 00:00:00.000000217,,1013.251408286068,1013.251408286068,1013.251408286068,1013.251408286068,1013.251408286068,0
1970-01-01 00:00:00.000000218,,979.4064896291164,979.4064896291164,979.4064896291164,979.4064896291164,979.4064896291164,0
1970-01-01 00:00:00.000000219,,988.3419333306164,988.3419333306164,988.3419333306164,988.3419333306164,988.3419333306164,0
1970-01-01 00:00:00.000000220,,989.3901954825056,989.3901954825056,989.3901954825056,989.3901954825056,989.3901954825056,0
1970-01-01 00:00:00.000000221,,997.3772174309884,997.3772174309884,997.3772174309884,997.3772174309884,997.3772174309884,0
1970-01-01 00:00:00.000000222,,1000.3723748528136,1000.3723748528136,1000.3723748528136,1000.3723748528136,1000.3723748528136,0
1970-01-01 00:00:00.000000223,,1011.4043930220316,1011.4043930220316,1011.4043930220316,1011.4043930220316,1011.4043930220316,0
1970-01-01 00:00:00.000000224,,1025.481463521349,1025.481463521349,1025.481463521349,1025.481463521349,1025.481463521349,0
1970-01-01 00:00:00.000000225,,1060.973597017865,1060.973597017865,1060.973597017865,1060.973597017865,1060.973597017865,0
1970-01-01 00:00:00.000000226,,1073.6531055819628,1073.6531055819628,1073.6531055819628,1073.6531055819628,1073.6531055819628,0
1970-01-01 00:00:00.000000227,,1118.67979349121,1118.67979349121,1118.67979349121,1118.67979349121,1118.67979349121,0
1970-01-01 00:00:00.000000228,,1134.953382736085,1134.953382736085,1134.953382736085,1134.953382736085,1134.953382736085,0
1970-01-01 00:00:00.000000229,,1133.2560683014217,1133.2560683014217,1133.2560683014217,1133.2560683014217,1133.2560683014217,0
1970-01-01 00:00:00.000000230,,1117.4319299515028,1117.4319299515028,1117.4319299515028,1117.4319299515028,1117.4319299515028,0
1970-01-01 00:00:00.000000231,,1114.037385715821,1114.037385715821,1114.037385715821,1114.037385715821,1114.037385715821,0
1970-01-01 00:00:00.000000232,,1127.166096859431,1127.166096859431,1127.166096859431,1127.166096859431,1127.166096859431,0
1970-01-01 00:00:00.000000233,,1118.1807098253755,1118.1807098253755,1118.1807098253755,1118.1807098253755,1118.1807098253755,0
1970-01-01 00:00:00.000000234,,1148.131864847023,1148.131864847023,1148.131864847023,1148.131864847023,1148.131864847023,0
1970-01-01 00:00:00.000000235,,1130.560544254832,1130.560544254832,1130.560544254832,1130.560544254832,1130.560544254832,0
1970-01-01 00:00:00.000000236,,1117.381873033578,1117.381873033578,1117.381873033578,1117.381873033578,1117.381873033578,0
1970-01-01 00:00:00.000000237,,1117.8810894625565,1117.8810894625565,1117.8810894625565,1117.8810894625565,1117.8810894625565,0
1970-01-01 00:00:00.000000238,,1121.974580081625,1121.974580081625,1121.974580081625,1121.974580081625,1121.974580081625,0
1970-01-01 00:00:00.000000239,,1120.1774467497469,1120.1774467497469,1120.1774467497469,1120.1774467497469,1120.1774467497469,0
1970-01-01 00:00:00.000000240,,1102.106920689418,1102.106920689418,1102.106920689418,1102.106920689418,1102.106920689418,0
1970-01-01 00:00:00.000000241,,1093.6206690285596,1093.6206690285596,1093.6206690285596,1093.6206690285596,1093.6206690285596,0
1970-01-01 00:00:00.000000242,,1089.4274397564448,1089.4274397564448,1089.4274397564448,1089.4274397564448,1089.4274397564448,0
1970-01-01 00:00:00.000000243,,1094.2696605556089,1094.2696605556089,1094.2696605556089,1094.2696605556089,1094.2696605556089,0
1970-01-01 00:00:00.000000244,,1105.4512920325003,1105.4512920325003,1105.4512920325003,1105.4512920325003,1105.4512920325003,0
1970-01-01 00:00:00.000000245,,1099.6606827129087,1099.6606827129087,1099.6606827129087,1099.6606827129087,1099.6606827129087,0
1970-01-01 00:00:00.000000246,,1093.221182919986,1093.221182919986,1093.221182919986,1093.221182919986,1093.221182919986,0
1970-01-01 00:00:00.000000247,,1093.3210915732434,1093.3210915732434,1093.3210915732434,1093.3210915732434,1093.3210915732434,0
1970-01-01 00:00:00.000000248,,1089.2277993642251,1089.2277993642251,1089.2277993642251,1089.2277993642251,1089.2277993642251,0
1970-01-01 00:00:00.000000249,,1101.2083083004443,1101.2083083004443,1101.2083083004443,1101.2083083004443,1101.2083083004443,0
1970-01-01 00:00:00.000000250,,1122.174233462395,1122.174233462395,1122.174233462395,1122.174233462395,1122.174233462395,0
1970-01-01 00:00:00.000000251,,1143.1400058358747,1143.1400058358747,1143.1400058358747,1143.1400058358747,1143.1400058358747,0
1970-01-01 00:00:00.000000252,,1126.7168353593506,1126.7168353593506,1126.7168353593506,1126.7168353593506,1126.7168353593506,0
1970-01-01 00:00:00.000000253,,1113.4383808745924,1113.4383808745924,1113.4383808745924,1113.4383808745924,1113.4383808745924,0
1970-01-01 00:00:00.000000254,,1109.2451929528,1109.2451929528,1109.2451929528,1109.2451929528,1109.2451929528,0
1970-01-01 00:00:00.000000255,,1124.520282630233,1124.520282630233,1124.520282630233,1124.520282630233,1124.520282630233,0
1970-01-01 00:00:00.000000256,,1120.1774576314062,1120.1774576314062,1120.1774576314062,1120.1774576314062,1120.1774576314062,0
1970-01-01 00:00:00.000000257,,1114.8361330321468,1114.8361330321468,1114.8361330321468,1114.8361330321468,1114.8361330321468,0
1970-01-01 00:00:00.000000258,,1080.2424307499423,1080.2424307499423,1080.2424307499423,1080.2424307499423,1080.2424307499423,0
1970-01-01 00:00:00.000000259,,1064.2684519148634,1064.2684519148634,1064.2684519148634,1064.2684519148634,1064.2684519148634,0
1970-01-01 00:00:00.000000260,,1105.3515730836875,1105.3515730836875,1105.3515730836875,1105.3515730836875,1105.3515730836875,0
1970-01-01 00:00:00.000000261,,1124.0712060531346,1124.0712060531346,1124.0712060531346,1124.0712060531346,1124.0712060531346,0
1970-01-01 00:00:00.000000262,,1033.1191433850806,1033.1191433850806,1033.1191433850806,1033.1191433850806,1033.1191433850806,0
1970-01-01 00:00:00.000000263,,1056.2812991912028,1056.2812991912028,1056.2812991912028,1056.2812991912028,1056.2812991912028,0
1970-01-01 00:00:00.000000264,,1034.317019563457,1034.317019563457,1034.317019563457,1034.317019563457,1034.317019563457,0
1970-01-01 00:00:00.000000265,,1058.3281032541713,1058.3281032541713,1058.3281032541713,1058.3281032541713,1058.3281032541713,0
1970-01-01 00:00:00.000000266,,1046.4972120059565,1046.4972120059565,1046.4972120059565,1046.4972120059565,1046.4972120059565,0
1970-01-01 00:00:00.000000267,,1070.907636675715,1070.907636675715,1070.907636675715,1070.907636675715,1070.907636675715,0
1970-01-01 00:00:00.000000268,,1086.2826608428827,1086.2826608428827,1086.2826608428827,1086.2826608428827,1086.2826608428827,0
1970-01-01 00:00:00.000000269,,1065.3167904650495,1065.3167904650495,1065.3167904650495,1065.3167904650495,1065.3167904650495,0
1970-01-01 00:00:00.000000270,,1059.8256798919954,1059.8256798919954,1059.8256798919954,1059.8256798919954,1059.8256798919954,0
1970-01-01 00:00:00.000000271,,1059.3265523083303,1059.3265523083303,1059.3265523083303,1059.3265523083303,1059.3265523083303,0
1970-01-01 00:00:00.000000272,,1070.2586191313246,1070.2586191313246,1070.2586191313246,1070.2586191313246,1070.2586191313246,0
1970-01-01 00:00:00.000000273,,1038.2606648365577,1038.2606648365577,1038.2606648365577,1038.2606648365577,1038.2606648365577,0
1970-01-01 00:00:00.000000274,,1049.692071971914,1049.692071971914,1049.692071971914,1049.692071971914,1049.692071971914,0
1970-01-01 00:00:00.000000275,,1049.2927030055232,1049.2927030055232,1049.2927030055232,1049.2927030055232,1049.2927030055232,0
1970-01-01 00:00:00.000000276,,1059.5760583399278,1059.5760583399278,1059.5760583399278,1059.5760583399278,1059.5760583399278,0
1970-01-01 00:00:00.000000277,,1095.7172029662108,1095.7172029662108,1095.7172029662108,1095.7172029662108,1095.7172029662108,0
1970-01-01 00:00:00.000000278,,1071.2570122898392,1071.2570122898392,1071.2570122898392,1071.2570122898392,1071.2570122898392,0
1970-01-01 00:00:00.000000279,,1067.2636103322973,1067.2636103322973,1067.2636103322973,1067.2636103322973,1067.2636103322973,0
1970-01-01 00:00:00.000000280,,1057.2797713474754,1057.2797713474754,1057.2797713474754,1057.2797713474754,1057.2797713474754,0
1970-01-01 00:00:00.000000281,,1092.073192275301,1092.073192275301,1092.073192275301,1092.073192275301,1092.073192275301,0
1970-01-01 00:00:00.000000282,,1088.5289376206945,1088.5289376206945,1088.5289376206945,1088.5289376206945,1088.5289376206945,0
1970-01-01 00:00:00.000000283,,1097.214810240105,1097.214810240105,1097.214810240105,1097.214810240105,1097.214810240105,0
1970-01-01 00:00:00.000000284,,1091.673732347796,1091.673732347796,1091.673732347796,1091.673732347796,1091.673732347796,0
1970-01-01 00:00:00.000000285,,1079.8929933996226,1079.8929933996226,1079.8929933996226,1079.8929933996226,1079.8929933996226,0
1970-01-01 00:00:00.000000286,,1075.6499533390715,1075.6499533390715,1075.6499533390715,1075.6499533390715,1075.6499533390715,0
1970-01-01 00:00:00.000000287,,1069.26032190184,1069.26032190184,1069.26032190184,1069.26032190184,1069.26032190184,0
1970-01-01 00:00:00.000000288,,1074.2522427400784,1074.2522427400784,1074.2522427400784,1074.2522427400784,1074.2522427400784,0
1970-01-01 00:00:00.000000289,,1097.4643317550683,1097.4643317550683,1097.4643317550683,1097.4643317550683,1097.4643317550683,0
1970-01-01 00:00:00.000000290,,1100.4095913012502,1100.4095913012502,1100.4095913012502,1100.4095913012502,1100.4095913012502,0
1970-01-01 00:00:00.000000291,,1098.4127231478956,1098.4127231478956,1098.4127231478956,1098.4127231478956,1098.4127231478956,0
1970-01-01 00:00:00.000000292,,1124.1709452324976,1124.1709452324976,1124.1709452324976,1124.1709452324976,1124.1709452324976,0
1970-01-01 00:00:00.000000293,,1110.4433420755754,1110.4433420755754,1110.4433420755754,1110.4433420755754,1110.4433420755754,0
1970-01-01 00:00:00.000000294,,1103.2050222642006,1103.2050222642006,1103.2050222642006,1103.2050222642006,1103.2050222642006,0
1970-01-01 00:00:00.000000295,,1094.219654472328,1094.219654472328,1094.219654472328,1094.219654472328,1094.219654472328,0
1970-01-01 00:00:00.000000296,,1073.2536735868105,1073.2536735868105,1073.2536735868105,1073.2536735868105,1073.2536735868105,0
1970-01-01 00:00:00.000000297,,1054.5341700624665,1054.5341700624665,1054.5341700624665,1054.5341700624665,1054.5341700624665,0
1970-01-01 00:00:00.000000298,,1042.3041833307857,1042.3041833307857,1042.3041833307857,1042.3041833307857,1042.3041833307857,0
1970-01-01 00:00:00.000000299,,1053.835423795538,1053.835423795538,1053.835423795538,1053.835423795538,1053.835423795538,0
1970-01-01 00:00:00.000000300,,1048.2944426775036,1048.2944426775036,1048.2944426775036,1048.2944426775036,1048.2944426775036,0
1970-01-01 00:00:00.000000301,,1037.661633028349,1037.661633028349,1037.661633028349,1037.661633028349,1037.661633028349,0
1970-01-01 00:00:00.000000302,,1038.4104631578375,1038.4104631578375,1038.4104631578375,1038.4104631578375,1038.4104631578375,0
1970-01-01 00:00:00.000000303,,1027.3284547052351,1027.3284547052351,1027.3284547052351,1027.3284547052351,1027.3284547052351,0
1970-01-01 00:00:00.000000304,,1044.1011741006478,1044.1011741006478,1044.1011741006478,1044.1011741006478,1044.1011741006478,0
1970-01-01 00:00:00.000000305,,1051.1397479991892,1051.1397479991892,1051.1397479991892,1051.1397479991892,1051.1397479991892,0
1970-01-01 00:00:00.000000306,,1050.640500553454,1050.640500553454,1050.640500553454,1050.640500553454,1050.640500553454,0
1970-01-01 00:00:00.000000307,,1049.2927774750888,1049.2927774750888,1049.2927774750888,1049.2927774750888,1049.2927774750888,0
1970-01-01 00:00:00.000000308,,1042.1044710178303,1042.1044710178303,1042.1044710178303,1042.1044710178303,1042.1044710178303,0
1970-01-01 00:00:00.000000309,,1068.2619860201664,1068.2619860201664,1068.2619860201664,1068.2619860201664,1068.2619860201664,0
1970-01-01 00:00:00.000000310,,1059.376267693954,1059.376267693954,1059.376267693954,1059.376267693954,1059.376267693954,0
1970-01-01 00:00:00.000000311,,1065.2667760030004,1065.2667760030004,1065.2667760030004,1065.2667760030004,1065.2667760030004,0
1970-01-01 00:00:00.000000312,,1088.229361074942,1088.229361074942,1088.229361074942,1088.229361074942,1088.229361074942,0
1970-01-01 00:00:00.000000313,,1084.4355825167183,1084.4355825167183,1084.4355825167183,1084.4355825167183,1084.4355825167183,0
1970-01-01 00:00:00.000000314,,1077.746397535418,1077.746397535418,1077.746397535418,1077.746397535418,1077.746397535418,0
1970-01-01 00:00:00.000000315,,1061.373104163407,1061.373104163407,1061.373104163407,1061.373104163407,1061.373104163407,0
1970-01-01 00:00:00.000000316,,1048.2443786991994,1048.2443786991994,1048.2443786991994,1048.2443786991994,1048.2443786991994,0
1970-01-01 00:00:00.000000317,,1042.453901492634,1042.453901492634,1042.453901492634,1042.453901492634,1042.453901492634,0
1970-01-01 00:00:00.000000318,,1013.3511522068916,1013.3511522068916,1013.3511522068916,1013.3511522068916,1013.3511522068916,0
1970-01-01 00:00:00.000000319,,1037.3121282267066,1037.3121282267066,1037.3121282267066,1037.3121282267066,1037.3121282267066,0
1970-01-01 00:00:00.000000320,,1056.2813792679226,1056.2813792679226,1056.2813792679226,1056.2813792679226,1056.2813792679226,0
1970-01-01 00:00:00.000000321,,1054.2846042499411,1054.2846042499411,1054.2846042499411,1054.2846042499411,1054.2846042499411,0
1970-01-01 00:00:00.000000322,,1098.2131700761147,1098.2131700761147,1098.2131700761147,1098.2131700761147,1098.2131700761147,0
1970-01-01 00:00:00.000000323,,1128.1644278290491,1128.1644278290491,1128.1644278290491,1128.1644278290491,1128.1644278290491,0
1970-01-01 00:00:00.000000324,,1128.4640177624838,1128.4640177624838,1128.4640177624838,1128.4640177624838,1128.4640177624838,0
1970-01-01 00:00:00.000000325,,1158.2654439778755,1158.2654439778755,1158.2654439778755,1158.2654439778755,1158.2654439778755,0
1970-01-01 00:00:00.000000326,,1154.1222121474534,1154.1222121474534,1154.1222121474534,1154.1222121474534,1154.1222121474534,0
1970-01-01 00:00:00.000000327,,1149.0305070050233,1149.0305070050233,1149.0305070050233,1149.0305070050233,1149.0305070050233,0
1970-01-01 00:00:00.000000328,,1142.0418302187284,1142.0418302187284,1142.0418302187284,1142.0418302187284,1142.0418302187284,0
1970-01-01 00:00:00.000000329,,1144.1884546124293,1144.1884546124293,1144.1884546124293,1144.1884546124293,1144.1884546124293,0
1970-01-01 00:00:00.000000330,,1122.8231479726346,1122.8231479726346,1122.8231479726346,1122.8231479726346,1122.8231479726346,0
1970-01-01 00:00:00.000000331,,1120.177429274663,1120.177429274663,1120.177429274663,1120.177429274663,1120.177429274663,0
1970-01-01 00:00:00.000000332,,1121.8746454678296,1121.8746454678296,1121.8746454678296,1121.8746454678296,1121.8746454678296,0
1970-01-01 00:00:00.000000333,,1118.280560072801,1118.280560072801,1118.280560072801,1118.280560072801,1118.280560072801,0
1970-01-01 00:00:00.000000334,,1128.114566096159,1128.114566096159,1128.114566096159,1128.114566096159,1128.114566096159,0
1970-01-01 00:00:00.000000335,,1123.721712351589,1123.721712351589,1123.721712351589,1123.721712351589,1123.721712351589,0
1970-01-01 00:00:00.000000336,,1132.3076822370365,1132.3076822370365,1132.3076822370365,1132.3076822370365,1132.3076822370365,0
1970-01-01 00:00:00.000000337,,1130.16118415318,1130.16118415318,1130.16118415318,1130.16118415318,1130.16118415318,0
1970-01-01 00:00:00.000000338,,1134.1546578731836,1134.1546578731836,1134.1546578731836,1134.1546578731836,1134.1546578731836,0
1970-01-01 00:00:00.000000339,,1140.144907651532,1140.144907651532,1140.144907651532,1140.144907651532,1140.144907651532,0
1970-01-01 00:00:00.000000340,,1124.1709351031163,1124.1709351031163,1124.1709351031163,1124.1709351031163,1124.1709351031163,0
1970-01-01 00:00:00.000000341,,1163.6068245207025,1163.6068245207025,1163.6068245207025,1163.6068245207025,1163.6068245207025,0
1970-01-01 00:00:00.000000342,,1176.985081003924,1176.985081003924,1176.985081003924,1176.985081003924,1176.985081003924,0
1970-01-01 00:00:00.000000343,,1186.0701643307336,1186.0701643307336,1186.0701643307336,1186.0701643307336,1186.0701643307336,0
1970-01-01 00:00:00.000000344,,1170.0961898274145,1170.0961898274145,1170.0961898274145,1170.0961898274145,1170.0961898274145,0
1970-01-01 00:00:00.000000345,,1153.3234454629503,1153.3234454629503,1153.3234454629503,1153.3234454629503,1153.3234454629503,0
1970-01-01 00:00:00.000000346,,1171.094680931854,1171.094680931854,1171.094680931854,1171.094680931854,1171.094680931854,0
1970-01-01 00:00:00.000000347,,1195.1056253692,1195.1056253692,1195.1056253692,1195.1056253692,1195.1056253692,0
1970-01-01 00:00:00.000000348,,1222.0118188881215,1222.0118188881215,1222.0118188881215,1222.0118188881215,1222.0118188881215,0
1970-01-01 00:00:00.000000349,,1136.1513438967522,1136.1513438967522,1136.1513438967522,1136.1513438967522,1136.1513438967522,0
1970-01-01 00:00:00.000000350,,1190.163519723218,1190.163519723218,1190.163519723218,1190.163519723218,1190.163519723218,0
1970-01-01 00:00:00.000000351,,1176.0864384907798,1176.0864384907798,1176.0864384907798,1176.0864384907798,1176.0864384907798,0
1970-01-01 00:00:00.000000352,,1183.075146484375,1183.075146484375,1183.075146484375,1183.075146484375,1183.075146484375,0
1970-01-01 00:00:00.000000353,,1202.4935218314042,1202.4935218314042,1202.4935218314042,1202.4935218314042,1202.4935218314042,0
1970-01-01 00:00:00.000000354,,1190.1635879654757,1190.1635879654757,1190.1635879654757,1190.1635879654757,1190.1635879654757,0
1970-01-01 00:00:00.000000355,,1199.8478657463295,1199.8478657463295,1199.8478657463295,1199.8478657463295,1199.8478657463295,0
1970-01-01 00:00:00.000000356,,1179.0315346758443,1179.0315346758443,1179.0315346758443,1179.0315346758443,1179.0315346758443,0
1970-01-01 00:00:00.000000357,,1192.06055379712,1192.06055379712,1192.06055379712,1192.06055379712,1192.06055379712,0
1970-01-01 00:00:00.000000358,,1191.0619882120277,1191.0619882120277,1191.0619882120277,1191.0619882120277,1191.0619882120277,0
1970-01-01 00:00:00.000000359,,1228.1018171293836,1228.1018171293836,1228.1018171293836,1228.1018171293836,1228.1018171293836,0
1970-01-01 00:00:00.000000360,,1243.975979339442,1243.975979339442,1243.975979339442,1243.975979339442,1243.975979339442,0
1970-01-01 00:00:00.000000361,,1229.0002939189978,1229.0002939189978,1229.0002939189978,1229.0002939189978,1229.0002939189978,0
1970-01-01 00:00:00.000000362,,1232.4447453162752,1232.4447453162752,1232.4447453162752,1232.4447453162752,1232.4447453162752,0
1970-01-01 00:00:00.000000363,,1279.0189479197,1279.0189479197,1279.0189479197,1279.0189479197,1279.0189479197,0
1970-01-01 00:00:00.000000364,,1307.8720566322172,1307.8720566322172,1307.8720566322172,1307.8720566322172,1307.8720566322172,0
1970-01-01 00:00:00.000000365,,1281.0156818707335,1281.0156818707335,1281.0156818707335,1281.0156818707335,1281.0156818707335,0
1970-01-01 00:00:00.000000366,,1270.9321647383283,1270.9321647383283,1270.9321647383283,1270.9321647383283,1270.9321647383283,0
1970-01-01 00:00:00.000000367,,1262.9451463709113,1262.9451463709113,1262.9451463709113,1262.9451463709113,1262.9451463709113,0
1970-01-01 00:00:00.000000368,,1257.9532642364502,1257.9532642364502,1257.9532642364502,1257.9532642364502,1257.9532642364502,0
1970-01-01 00:00:00.000000369,,1285.90777835371,1285.90777835371,1285.90777835371,1285.90777835371,1285.90777835371,0
1970-01-01 00:00:00.000000370,,1269.9337492225077,1269.9337492225077,1269.9337492225077,1269.9337492225077,1269.9337492225077,0
1970-01-01 00:00:00.000000371,,1282.9125886119964,1282.9125886119964,1282.9125886119964,1282.9125886119964,1282.9125886119964,0
1970-01-01 00:00:00.000000372,,1281.9141677392236,1281.9141677392236,1281.9141677392236,1281.9141677392236,1281.9141677392236,0
1970-01-01 00:00:00.000000373,,1282.1139084717208,1282.1139084717208,1282.1139084717208,1282.1139084717208,1282.1139084717208,0
1970-01-01 00:00:00.000000374,,1298.9366185010135,1298.9366185010135,1298.9366185010135,1298.9366185010135,1298.9366185010135,0
1970-01-01 00:00:00.000000375,,1292.7951283943742,1292.7951283943742,1292.7951283943742,1292.7951283943742,1292.7951283943742,0
1970-01-01 00:00:00.000000376,,1315.575597352033,1315.575597352033,1315.575597352033,1315.575597352033,1315.575597352033,0
1970-01-01 00:00:00.000000377,,1306.3334797626717,1306.3334797626717,1306.3334797626717,1306.3334797626717,1306.3334797626717,0
1970-01-01 00:00:00.000000378,,1298.8899842960564,1298.8899842960564,1298.8899842960564,1298.8899842960564,1298.8899842960564,0
1970-01-01 00:00:00.000000379,,1304.5351521039754,1304.5351521039754,1304.5351521039754,1304.5351521039754,1304.5351521039754,0
1970-01-01 00:00:00.000000380,,1282.254157040865,1282.254157040865,1282.254157040865,1282.254157040865,1282.254157040865,0
1970-01-01 00:00:00.000000381,,1287.3997027504545,1287.3997027504545,1287.3997027504545,1287.3997027504545,1287.3997027504545,0
1970-01-01 00:00:00.000000382,,1261.821601509146,1261.821601509146,1261.821601509146,1261.821601509146,1261.821601509146,0
1970-01-01 00:00:00.000000383,,1198.9752696285975,1198.9752696285975,1198.9752696285975,1198.9752696285975,1198.9752696285975,0
1970-01-01 00:00:00.000000384,,1164.0051748855426,1164.0051748855426,1164.0051748855426,1164.0051748855426,1164.0051748855426,0
1970-01-01 00:00:00.000000385,,1181.3403267525805,1181.3403267525805,1181.3403267525805,1181.3403267525805,1181.3403267525805,0
1970-01-01 00:00:00.000000386,,1163.1059899797806,1163.1059899797806,1163.1059899797806,1163.1059899797806,1163.1059899797806,0
1970-01-01 00:00:00.000000387,,1156.0120428892758,1156.0120428892758,1156.0120428892758,1156.0120428892758,1156.0120428892758,0
1970-01-01 00:00:00.000000388,,1167.0026950641443,1167.0026950641443,1167.0026950641443,1167.0026950641443,1167.0026950641443,0
1970-01-01 00:00:00.000000389,,1163.0060993620923,1163.0060993620923,1163.0060993620923,1163.0060993620923,1163.0060993620923,0
1970-01-01 00:00:00.000000390,,1141.0248463432538,1141.0248463432538,1141.0248463432538,1141.0248463432538,1141.0248463432538,0
1970-01-01 00:00:00.000000391,,1139.026583274535,1139.026583274535,1139.026583274535,1139.026583274535,1139.026583274535,0
1970-01-01 00:00:00.000000392,,1137.8276379214865,1137.8276379214865,1137.8276379214865,1137.8276379214865,1137.8276379214865,0
1970-01-01 00:00:00.000000393,,1132.1324857784152,1132.1324857784152,1132.1324857784152,1132.1324857784152,1132.1324857784152,0
1970-01-01 00:00:00.000000394,,1151.0162710566617,1151.0162710566617,1151.0162710566617,1151.0162710566617,1151.0162710566617,0
1970-01-01 00:00:00.000000395,,1145.0214849192898,1145.0214849192898,1145.0214849192898,1145.0214849192898,1145.0214849192898,0
1970-01-01 00:00:00.000000396,,1160.3582468075288,1160.3582468075288,1160.3582468075288,1160.3582468075288,1160.3582468075288,0
1970-01-01 00:00:00.000000397,,1158.0103428946786,1158.0103428946786,1158.0103428946786,1158.0103428946786,1158.0103428946786,0
1970-01-01 00:00:00.000000398,,1165.4040707231295,1165.4040707231295,1165.4040707231295,1165.4040707231295,1165.4040707231295,0
1970-01-01 00:00:00.000000399,,1168.0018101230555,1168.0018101230555,1168.0018101230555,1168.0018101230555,1168.0018101230555,0
1970-01-01 00:00:00.000000400,,1157.0112241980148,1157.0112241980148,1157.0112241980148,1157.0112241980148,1157.0112241980148,0
1970-01-01 00:00:00.000000401,,1165.603828347,1165.603828347,1165.603828347,1165.603828347,1165.603828347,0
1970-01-01 00:00:00.000000402,,1178.6926021829222,1178.6926021829222,1178.6926021829222,1178.6926021829222,1178.6926021829222,0
1970-01-01 00:00:00.000000403,,1169.0009361917578,1169.0009361917578,1169.0009361917578,1169.0009361917578,1169.0009361917578,0
1970-01-01 00:00:00.000000404,,1170.6994882789022,1170.6994882789022,1170.6994882789022,1170.6994882789022,1170.6994882789022,0
1970-01-01 00:00:00.000000405,,1169.000939360119,1169.000939360119,1169.000939360119,1169.000939360119,1169.000939360119,0
1970-01-01 00:00:00.000000406,,1175.994955914158,1175.994955914158,1175.994955914158,1175.994955914158,1175.994955914158,0
1970-01-01 00:00:00.000000407,,1168.0018028062875,1168.0018028062875,1168.0018028062875,1168.0018028062875,1168.0018028062875,0
1970-01-01 00:00:00.000000408,,1175.9949656447764,1175.9949656447764,1175.9949656447764,1175.9949656447764,1175.9949656447764,0
1970-01-01 00:00:00.000000409,,1174.9957934621327,1174.9957934621327,1174.9957934621327,1174.9957934621327,1174.9957934621327,0
1970-01-01 00:00:00.000000410,,1186.985617809891,1186.985617809891,1186.985617809891,1186.985617809891,1186.985617809891,0
1970-01-01 00:00:00.000000411,,1181.6900665341032,1181.6900665341032,1181.6900665341032,1181.6900665341032,1181.6900665341032,0
1970-01-01 00:00:00.000000412,,1180.990705264549,1180.990705264549,1180.990705264549,1180.990705264549,1180.990705264549,0
1970-01-01 00:00:00.000000413,,1174.9957675970877,1174.9957675970877,1174.9957675970877,1174.9957675970877,1174.9957675970877,0
1970-01-01 00:00:00.000000414,,1157.0112163733215,1157.0112163733215,1157.0112163733215,1157.0112163733215,1157.0112163733215,0
1970-01-01 00:00:00.000000415,,1177.8933180831702,1177.8933180831702,1177.8933180831702,1177.8933180831702,1177.8933180831702,0
1970-01-01 00:00:00.000000416,,1186.1861945137762,1186.1861945137762,1186.1861945137762,1186.1861945137762,1186.1861945137762,0
1970-01-01 00:00:00.000000417,,1189.083702391641,1189.083702391641,1189.083702391641,1189.083702391641,1189.083702391641,0
1970-01-01 00:00:00.000000418,,1208.8669203308898,1208.8669203308898,1208.8669203308898,1208.8669203308898,1208.8669203308898,0
1970-01-01 00:00:00.000000419,,1220.9565800362964,1220.9565800362964,1220.9565800362964,1220.9565800362964,1220.9565800362964,0
1970-01-01 00:00:00.000000420,,1234.1451799941071,1234.1451799941071,1234.1451799941071,1234.1451799941071,1234.1451799941071,0
1970-01-01 00:00:00.000000421,,1230.8481209839067,1230.8481209839067,1230.8481209839067,1230.8481209839067,1230.8481209839067,0
1970-01-01 00:00:00.000000422,,1247.3838839474913,1247.3838839474913,1247.3838839474913,1247.3838839474913,1247.3838839474913,0
1970-01-01 00:00:00.000000423,,1242.9377435523345,1242.9377435523345,1242.9377435523345,1242.9377435523345,1242.9377435523345,0
1970-01-01 00:00:00.000000424,,1250.4312892398568,1250.4312892398568,1250.4312892398568,1250.4312892398568,1250.4312892398568,0
1970-01-01 00:00:00.000000425,,1240.0401803989173,1240.0401803989173,1240.0401803989173,1240.0401803989173,1240.0401803989173,0
1970-01-01 00:00:00.000000426,,1236.942817936568,1236.942817936568,1236.942817936568,1236.942817936568,1236.942817936568,0
1970-01-01 00:00:00.000000427,,1266.4677489486294,1266.4677489486294,1266.4677489486294,1266.4677489486294,1266.4677489486294,0
1970-01-01 00:00:00.000000428,,1271.9129699045366,1271.9129699045366,1271.9129699045366,1271.9129699045366,1271.9129699045366,0
1970-01-01 00:00:00.000000429,,1262.421150173437,1262.421150173437,1262.421150173437,1262.421150173437,1262.421150173437,0
1970-01-01 00:00:00.000000430,,1227.0512520632726,1227.0512520632726,1227.0512520632726,1227.0512520632726,1227.0512520632726,0
1970-01-01 00:00:00.000000431,,1206.4689403357831,1206.4689403357831,1206.4689403357831,1206.4689403357831,1206.4689403357831,0
1970-01-01 00:00:00.000000432,,1174.4962507198202,1174.4962507198202,1174.4962507198202,1174.4962507198202,1174.4962507198202,0
1970-01-01 00:00:00.000000433,,1181.9398732684149,1181.9398732684149,1181.9398732684149,1181.9398732684149,1181.9398732684149,0
1970-01-01 00:00:00.000000434,,1152.0155149847044,1152.0155149847044,1152.0155149847044,1152.0155149847044,1152.0155149847044,0
1970-01-01 00:00:00.000000435,,1153.0146443687056,1153.0146443687056,1153.0146443687056,1153.0146443687056,1153.0146443687056,0
1970-01-01 00:00:00.000000436,,1175.9949603025386,1175.9949603025386,1175.9949603025386,1175.9949603025386,1175.9949603025386,0
1970-01-01 00:00:00.000000437,,1181.4903201137774,1181.4903201137774,1181.4903201137774,1181.4903201137774,1181.4903201137774,0
1970-01-01 00:00:00.000000438,,1170.5496378403072,1170.5496378403072,1170.5496378403072,1170.5496378403072,1170.5496378403072,0
1970-01-01 00:00:00.000000439,,1165.104286275286,1165.104286275286,1165.104286275286,1165.104286275286,1165.104286275286,0
1970-01-01 00:00:00.000000440,,1150.017137372719,1150.017137372719,1150.017137372719,1150.017137372719,1150.017137372719,0
1970-01-01 00:00:00.000000441,,1150.017218078076,1150.017218078076,1150.017218078076,1150.017218078076,1150.017218078076,0
1970-01-01 00:00:00.000000442,,1157.0112007686191,1157.0112007686191,1157.0112007686191,1157.0112007686191,1157.0112007686191,0
1970-01-01 00:00:00.000000443,,1195.8280254005576,1195.8280254005576,1195.8280254005576,1195.8280254005576,1195.8280254005576,0
1970-01-01 00:00:00.000000444,,1193.2301736580623,1193.2301736580623,1193.2301736580623,1193.2301736580623,1193.2301736580623,0
1970-01-01 00:00:00.000000445,,1174.0965788352514,1174.0965788352514,1174.0965788352514,1174.0965788352514,1174.0965788352514,0
1970-01-01 00:00:00.000000446,,1164.005180524674,1164.005180524674,1164.005180524674,1164.005180524674,1164.005180524674,0
1970-01-01 00:00:00.000000447,,1185.986381721321,1185.986381721321,1185.986381721321,1185.986381721321,1185.986381721321,0
1970-01-01 00:00:00.000000448,,1192.9805076128805,1192.9805076128805,1192.9805076128805,1192.9805076128805,1192.9805076128805,0
1970-01-01 00:00:00.000000449,,1175.3955196864351,1175.3955196864351,1175.3955196864351,1175.3955196864351,1175.3955196864351,0
1970-01-01 00:00:00.000000450,,1177.7434804139418,1177.7434804139418,1177.7434804139418,1177.7434804139418,1177.7434804139418,0
1970-01-01 00:00:00.000000451,,1164.504807173024,1164.504807173024,1164.504807173024,1164.504807173024,1164.504807173024,0
1970-01-01 00:00:00.000000452,,1163.0560879501725,1163.0560879501725,1163.0560879501725,1163.0560879501725,1163.0560879501725,0
1970-01-01 00:00:00.000000453,,1170.9992572381775,1170.9992572381775,1170.9992572381775,1170.9992572381775,1170.9992572381775,0
1970-01-01 00:00:00.000000454,,1137.9774273803207,1137.9774273803207,1137.9774273803207,1137.9774273803207,1137.9774273803207,0
1970-01-01 00:00:00.000000455,,1170.799429278286,1170.799429278286,1170.799429278286,1170.799429278286,1170.799429278286,0
1970-01-01 00:00:00.000000456,,1167.6020678828468,1167.6020678828468,1167.6020678828468,1167.6020678828468,1167.6020678828468,0
1970-01-01 00:00:00.000000457,,1155.0128937463028,1155.0128937463028,1155.0128937463028,1155.0128937463028,1155.0128937463028,0
1970-01-01 00:00:00.000000458,,1151.0163455380018,1151.0163455380018,1151.0163455380018,1151.0163455380018,1151.0163455380018,0
1970-01-01 00:00:00.000000459,,1170.6496057768486,1170.6496057768486,1170.6496057768486,1170.6496057768486,1170.6496057768486,0
1970-01-01 00:00:00.000000460,,1150.916481654892,1150.916481654892,1150.916481654892,1150.916481654892,1150.916481654892,0
1970-01-01 00:00:00.000000461,,1136.5787393829623,1136.5787393829623,1136.5787393829623,1136.5787393829623,1136.5787393829623,0
1970-01-01 00:00:00.000000462,,1130.234011715443,1130.234011715443,1130.234011715443,1130.234011715443,1130.234011715443,0
1970-01-01 00:00:00.000000463,,1129.0351110813515,1129.0351110813515,1129.0351110813515,1129.0351110813515,1129.0351110813515,0
1970-01-01 00:00:00.000000464,,1137.0283256912808,1137.0283256912808,1137.0283256912808,1137.0283256912808,1137.0283256912808,0
1970-01-01 00:00:00.000000465,,1135.6794703132584,1135.6794703132584,1135.6794703132584,1135.6794703132584,1135.6794703132584,0
1970-01-01 00:00:00.000000466,,1159.0094383509029,1159.0094383509029,1159.0094383509029,1159.0094383509029,1159.0094383509029,0
1970-01-01 00:00:00.000000467,,1156.1119336772122,1156.1119336772122,1156.1119336772122,1156.1119336772122,1156.1119336772122,0
1970-01-01 00:00:00.000000468,,1144.2220616490547,1144.2220616490547,1144.2220616490547,1144.2220616490547,1144.2220616490547,0
1970-01-01 00:00:00.000000469,,1147.5192965947504,1147.5192965947504,1147.5192965947504,1147.5192965947504,1147.5192965947504,0
1970-01-01 00:00:00.000000470,,1132.582060260801,1132.582060260801,1132.582060260801,1132.582060260801,1132.582060260801,0
1970-01-01 00:00:00.000000471,,1131.7327610004063,1131.7327610004063,1131.7327610004063,1131.7327610004063,1131.7327610004063,0
1970-01-01 00:00:00.000000472,,1143.422805606189,1143.422805606189,1143.422805606189,1143.422805606189,1143.422805606189,0
1970-01-01 00:00:00.000000473,,1156.5116747211634,1156.5116747211634,1156.5116747211634,1156.5116747211634,1156.5116747211634,0
1970-01-01 00:00:00.000000474,,1163.00607766556,1163.00607766556,1163.00607766556,1163.00607766556,1163.00607766556,0
1970-01-01 00:00:00.000000475,,1166.503084244846,1166.503084244846,1166.503084244846,1166.503084244846,1166.503084244846,0
1970-01-01 00:00:00.000000476,,1183.2387822026365,1183.2387822026365,1183.2387822026365,1183.2387822026365,1183.2387822026365,0
1970-01-01 00:00:00.000000477,,1156.0120320175192,1156.0120320175192,1156.0120320175192,1156.0120320175192,1156.0120320175192,0
1970-01-01 00:00:00.000000478,,1149.018037571162,1149.018037571162,1149.018037571162,1149.018037571162,1149.018037571162,0
1970-01-01 00:00:00.000000479,,1144.022283571999,1144.022283571999,1144.022283571999,1144.022283571999,1144.022283571999,0
1970-01-01 00:00:00.000000480,,1140.0257583610694,1140.0257583610694,1140.0257583610694,1140.0257583610694,1140.0257583610694,0
1970-01-01 00:00:00.000000481,,1145.5209692270178,1145.5209692270178,1145.5209692270178,1145.5209692270178,1145.5209692270178,0
1970-01-01 00:00:00.000000482,,1144.2721002862004,1144.2721002862004,1144.2721002862004,1144.2721002862004,1144.2721002862004,0
1970-01-01 00:00:00.000000483,,1135.229787819368,1135.229787819368,1135.229787819368,1135.229787819368,1135.229787819368,0
1970-01-01 00:00:00.000000484,,1103.956540634929,1103.956540634929,1103.956540634929,1103.956540634929,1103.956540634929,0
1970-01-01 00:00:00.000000485,,1103.0072568859084,1103.0072568859084,1103.0072568859084,1103.0072568859084,1103.0072568859084,0
1970-01-01 00:00:00.000000486,,1074.181925218324,1074.181925218324,1074.181925218324,1074.181925218324,1074.181925218324,0
1970-01-01 00:00:00.000000487,,1076.3801503868544,1076.3801503868544,1076.3801503868544,1076.3801503868544,1076.3801503868544,0
1970-01-01 00:00:00.000000488,,1082.075186563399,1082.075186563399,1082.075186563399,1082.075186563399,1082.075186563399,0
1970-01-01 00:00:00.000000489,,1077.1793765790876,1077.1793765790876,1077.1793765790876,1077.1793765790876,1077.1793765790876,0
1970-01-01 00:00:00.000000490,,1073.1828578787208,1073.1828578787208,1073.1828578787208,1073.1828578787208,1073.1828578787208,0
1970-01-01 00:00:00.000000491,,1061.093125882966,1061.093125882966,1061.093125882966,1061.093125882966,1061.093125882966,0
1970-01-01 00:00:00.000000492,,1063.2413952878649,1063.2413952878649,1063.2413952878649,1063.2413952878649,1063.2413952878649,0
1970-01-01 00:00:00.000000493,,1071.0846105910884,1071.0846105910884,1071.0846105910884,1071.0846105910884,1071.0846105910884,0
1970-01-01 00:00:00.000000494,,1085.0726691338768,1085.0726691338768,1085.0726691338768,1085.0726691338768,1085.0726691338768,0
1970-01-01 00:00:00.000000495,,1086.8211254988164,1086.8211254988164,1086.8211254988164,1086.8211254988164,1086.8211254988164,0
1970-01-01 00:00:00.000000496,,1063.6410686595937,1063.6410686595937,1063.6410686595937,1063.6410686595937,1063.6410686595937,0
1970-01-01 00:00:00.000000497,,1062.8417164055377,1062.8417164055377,1062.8417164055377,1062.8417164055377,1062.8417164055377,0
1970-01-01 00:00:00.000000498,,1078.6781174845069,1078.6781174845069,1078.6781174845069,1078.6781174845069,1078.6781174845069,0
1970-01-01 00:00:00.000000499,,1055.3480496665616,1055.3480496665616,1055.3480496665616,1055.3480496665616,1055.3480496665616,0
1970-01-01 00:00:00.000000500,,1025.7233630583803,1025.7233630583803,1025.7233630583803,1025.7233630583803,1025.7233630583803,0
1970-01-01 00:00:00.000000501,,1052.050892013326,1052.050892013326,1052.050892013326,1052.050892013326,1052.050892013326,0
1970-01-01 00:00:00.000000502,,1042.1093350734811,1042.1093350734811,1042.1093350734811,1042.1093350734811,1042.1093350734811,0
1970-01-01 00:00:00.000000503,,1033.0171728612916,1033.0171728612916,1033.0171728612916,1033.0171728612916,1033.0171728612916,0
1970-01-01 00:00:00.000000504,,999.1461051896172,999.1461051896172,999.1461051896172,999.1461051896172,999.1461051896172,0
1970-01-01 00:00:00.000000505,,991.2028832561386,991.2028832561386,991.2028832561386,991.2028832561386,991.2028832561386,0
1970-01-01 00:00:00.000000506,,992.7515647509814,992.7515647509814,992.7515647509814,992.7515647509814,992.7515647509814,0
1970-01-01 00:00:00.000000507,,974.9168003898412,974.9168003898412,974.9168003898412,974.9168003898412,974.9168003898412,0
1970-01-01 00:00:00.000000508,,953.1854083200984,953.1854083200984,953.1854083200984,953.1854083200984,953.1854083200984,0
1970-01-01 00:00:00.000000509,,947.1904904330852,947.1904904330852,947.1904904330852,947.1904904330852,947.1904904330852,0
1970-01-01 00:00:00.000000510,,942.2946747087996,942.2946747087996,942.2946747087996,942.2946747087996,942.2946747087996,0
1970-01-01 00:00:00.000000511,,959.180235428942,959.180235428942,959.180235428942,959.180235428942,959.180235428942,0
1970-01-01 00:00:00.000000512,,987.1563504180044,987.1563504180044,987.1563504180044,987.1563504180044,987.1563504180044,0
1970-01-01 00:00:00.000000513,,983.809246785376,983.809246785376,983.809246785376,983.809246785376,983.809246785376,0
1970-01-01 00:00:00.000000514,,981.1614599961304,981.1614599961304,981.1614599961304,981.1614599961304,981.1614599961304,0
1970-01-01 00:00:00.000000515,,988.6550911139932,988.6550911139932,988.6550911139932,988.6550911139932,988.6550911139932,0
1970-01-01 00:00:00.000000516,,986.2570909647076,986.2570909647076,986.2570909647076,986.2570909647076,986.2570909647076,0
1970-01-01 00:00:00.000000517,,993.1512442533444,993.1512442533444,993.1512442533444,993.1512442533444,993.1512442533444,0
1970-01-01 00:00:00.000000518,,1019.7285079133438,1019.7285079133438,1019.7285079133438,1019.7285079133438,1019.7285079133438,0
1970-01-01 00:00:00.000000519,,1011.135846962794,1011.135846962794,1011.135846962794,1011.135846962794,1011.135846962794,0
1970-01-01 00:00:00.000000520,,1018.629477108508,1018.629477108508,1018.629477108508,1018.629477108508,1018.629477108508,0
1970-01-01 00:00:00.000000521,,1020.1281486117224,1020.1281486117224,1020.1281486117224,1020.1281486117224,1020.1281486117224,0
1970-01-01 00:00:00.000000522,,1008.1384042718064,1008.1384042718064,1008.1384042718064,1008.1384042718064,1008.1384042718064,0
1970-01-01 00:00:00.000000523,,999.1460897554412,999.1460897554412,999.1460897554412,999.1460897554412,999.1460897554412,0
1970-01-01 00:00:00.000000524,,1002.1435394057844,1002.1435394057844,1002.1435394057844,1002.1435394057844,1002.1435394057844,0
1970-01-01 00:00:00.000000525,,1009.6870990599268,1009.6870990599268,1009.6870990599268,1009.6870990599268,1009.6870990599268,0
1970-01-01 00:00:00.000000526,,991.6025387766662,991.6025387766662,991.6025387766662,991.6025387766662,991.6025387766662,0
1970-01-01 00:00:00.000000527,,992.1021599108304,992.1021599108304,992.1021599108304,992.1021599108304,992.1021599108304,0
1970-01-01 00:00:00.000000528,,990.8032596729912,990.8032596729912,990.8032596729912,990.8032596729912,990.8032596729912,0
1970-01-01 00:00:00.000000529,,1007.5389474515372,1007.5389474515372,1007.5389474515372,1007.5389474515372,1007.5389474515372,0
1970-01-01 00:00:00.000000530,,1011.1358844792248,1011.1358844792248,1011.1358844792248,1011.1358844792248,1011.1358844792248,0
1970-01-01 00:00:00.000000531,,1000.4949167860066,1000.4949167860066,1000.4949167860066,1000.4949167860066,1000.4949167860066,0
1970-01-01 00:00:00.000000532,,1003.1426606538377,1003.1426606538377,1003.1426606538377,1003.1426606538377,1003.1426606538377,0
1970-01-01 00:00:00.000000533,,1006.7895881710506,1006.7895881710506,1006.7895881710506,1006.7895881710506,1006.7895881710506,0
1970-01-01 00:00:00.000000534,,1013.9334407248851,1013.9334407248851,1013.9334407248851,1013.9334407248851,1013.9334407248851,0
1970-01-01 00:00:00.000000535,,1016.1815119995524,1016.1815119995524,1016.1815119995524,1016.1815119995524,1016.1815119995524,0
1970-01-01 00:00:00.000000536,,1000.2451655910476,1000.2451655910476,1000.2451655910476,1000.2451655910476,1000.2451655910476,0
1970-01-01 00:00:00.000000537,,1002.1435659127036,1002.1435659127036,1002.1435659127036,1002.1435659127036,1002.1435659127036,0
1970-01-01 00:00:00.000000538,,1021.7267392253694,1021.7267392253694,1021.7267392253694,1021.7267392253694,1021.7267392253694,0
1970-01-01 00:00:00.000000539,,1032.817337571361,1032.817337571361,1032.817337571361,1032.817337571361,1032.817337571361,0
1970-01-01 00:00:00.000000540,,1035.1153504084468,1035.1153504084468,1035.1153504084468,1035.1153504084468,1035.1153504084468,0
1970-01-01 00:00:00.000000541,,1029.520113656347,1029.520113656347,1029.520113656347,1029.520113656347,1029.520113656347,0
1970-01-01 00:00:00.000000542,,1024.3245322593168,1024.3245322593168,1024.3245322593168,1024.3245322593168,1024.3245322593168,0
1970-01-01 00:00:00.000000543,,1014.1332914267962,1014.1332914267962,1014.1332914267962,1014.1332914267962,1014.1332914267962,0
1970-01-01 00:00:00.000000544,,1010.2366012913976,1010.2366012913976,1010.2366012913976,1010.2366012913976,1010.2366012913976,0
1970-01-01 00:00:00.000000545,,1033.2669677734375,1033.2669677734375,1033.2669677734375,1033.2669677734375,1033.2669677734375,0
1970-01-01 00:00:00.000000546,,1046.9053623518132,1046.9053623518132,1046.9053623518132,1046.9053623518132,1046.9053623518132,0
1970-01-01 00:00:00.000000547,,1055.3481090881514,1055.3481090881514,1055.3481090881514,1055.3481090881514,1055.3481090881514,0
1970-01-01 00:00:00.000000548,,1053.4496491429936,1053.4496491429936,1053.4496491429936,1053.4496491429936,1053.4496491429936,0
1970-01-01 00:00:00.000000549,,1081.0760349569089,1081.0760349569089,1081.0760349569089,1081.0760349569089,1081.0760349569089,0
1970-01-01 00:00:00.000000550,,1109.002216272288,1109.002216272288,1109.002216272288,1109.002216272288,1109.002216272288,0
1970-01-01 00:00:00.000000551,,1114.047955120439,1114.047955120439,1114.047955120439,1114.047955120439,1114.047955120439,0
1970-01-01 00:00:00.000000552,,1091.067555947459,1091.067555947459,1091.067555947459,1091.067555947459,1091.067555947459,0
1970-01-01 00:00:00.000000553,,1097.462058532138,1097.462058532138,1097.462058532138,1097.462058532138,1097.462058532138,0
1970-01-01 00:00:00.000000554,,1092.2664595426536,1092.2664595426536,1092.2664595426536,1092.2664595426536,1092.2664595426536,0
1970-01-01 00:00:00.000000555,,1090.76773491548,1090.76773491548,1090.76773491548,1090.76773491548,1090.76773491548,0
1970-01-01 00:00:00.000000556,,1077.9787109284953,1077.9787109284953,1077.9787109284953,1077.9787109284953,1077.9787109284953,0
1970-01-01 00:00:00.000000557,,1080.5764837084853,1080.5764837084853,1080.5764837084853,1080.5764837084853,1080.5764837084853,0
1970-01-01 00:00:00.000000558,,1034.1161611572818,1034.1161611572818,1034.1161611572818,1034.1161611572818,1034.1161611572818,0
1970-01-01 00:00:00.000000559,,1060.093978570394,1060.093978570394,1060.093978570394,1060.093978570394,1060.093978570394,0
1970-01-01 00:00:00.000000560,,1072.1837048584816,1072.1837048584816,1072.1837048584816,1072.1837048584816,1072.1837048584816,0
1970-01-01 00:00:00.000000561,,1062.392153253822,1062.392153253822,1062.392153253822,1062.392153253822,1062.392153253822,0
1970-01-01 00:00:00.000000562,,1089.0692731441595,1089.0692731441595,1089.0692731441595,1089.0692731441595,1089.0692731441595,0
1970-01-01 00:00:00.000000563,,1121.7413327534418,1121.7413327534418,1121.7413327534418,1121.7413327534418,1121.7413327534418,0
1970-01-01 00:00:00.000000564,,1154.613187862119,1154.613187862119,1154.613187862119,1154.613187862119,1154.613187862119,0
1970-01-01 00:00:00.000000565,,1200.9736202361637,1200.9736202361637,1200.9736202361637,1200.9736202361637,1200.9736202361637,0
1970-01-01 00:00:00.000000566,,1229.3493484820565,1229.3493484820565,1229.3493484820565,1229.3493484820565,1229.3493484820565,0
1970-01-01 00:00:00.000000567,,1224.2538202977976,1224.2538202977976,1224.2538202977976,1224.2538202977976,1224.2538202977976,0
1970-01-01 00:00:00.000000568,,1198.0760451934375,1198.0760451934375,1198.0760451934375,1198.0760451934375,1198.0760451934375,0
1970-01-01 00:00:00.000000569,,1175.9950141977513,1175.9950141977513,1175.9950141977513,1175.9950141977513,1175.9950141977513,0
1970-01-01 00:00:00.000000570,,1165.304122995516,1165.304122995516,1165.304122995516,1165.304122995516,1165.304122995516,0
1970-01-01 00:00:00.000000571,,1192.9804852009415,1192.9804852009415,1192.9804852009415,1192.9804852009415,1192.9804852009415,0
1970-01-01 00:00:00.000000572,,1184.0880493990603,1184.0880493990603,1184.0880493990603,1184.0880493990603,1184.0880493990603,0
1970-01-01 00:00:00.000000573,,1181.09058764281,1181.09058764281,1181.09058764281,1181.09058764281,1181.09058764281,0
1970-01-01 00:00:00.000000574,,1188.9838228735969,1188.9838228735969,1188.9838228735969,1188.9838228735969,1188.9838228735969,0
1970-01-01 00:00:00.000000575,,1176.9941263517048,1176.9941263517048,1176.9941263517048,1176.9941263517048,1176.9941263517048,0
1970-01-01 00:00:00.000000576,,1158.0103867504365,1158.0103867504365,1158.0103867504365,1158.0103867504365,1158.0103867504365,0
1970-01-01 00:00:00.000000577,,1169.000902041538,1169.000902041538,1169.000902041538,1169.000902041538,1169.000902041538,0
1970-01-01 00:00:00.000000578,,1159.0094902220203,1159.0094902220203,1159.0094902220203,1159.0094902220203,1159.0094902220203,0
1970-01-01 00:00:00.000000579,,1183.9881482207568,1183.9881482207568,1183.9881482207568,1183.9881482207568,1183.9881482207568,0
1970-01-01 00:00:00.000000580,,1204.17088139939,1204.17088139939,1204.17088139939,1204.17088139939,1204.17088139939,0
1970-01-01 00:00:00.000000581,,1194.8788087975402,1194.8788087975402,1194.8788087975402,1194.8788087975402,1194.8788087975402,0
1970-01-01 00:00:00.000000582,,1195.9778616685178,1195.9778616685178,1195.9778616685178,1195.9778616685178,1195.9778616685178,0
1970-01-01 00:00:00.000000583,,1204.9701644737838,1204.9701644737838,1204.9701644737838,1204.9701644737838,1204.9701644737838,0
1970-01-01 00:00:00.000000584,,1206.9684600284695,1206.9684600284695,1206.9684600284695,1206.9684600284695,1206.9684600284695,0
1970-01-01 00:00:00.000000585,,1206.9684640476503,1206.9684640476503,1206.9684640476503,1206.9684640476503,1206.9684640476503,0
1970-01-01 00:00:00.000000586,,1196.0777462450546,1196.0777462450546,1196.0777462450546,1196.0777462450546,1196.0777462450546,0
1970-01-01 00:00:00.000000587,,1195.6780564317094,1195.6780564317094,1195.6780564317094,1195.6780564317094,1195.6780564317094,0
1970-01-01 00:00:00.000000588,,1187.485119395582,1187.485119395582,1187.485119395582,1187.485119395582,1187.485119395582,0
1970-01-01 00:00:00.000000589,,1215.1614996663016,1215.1614996663016,1215.1614996663016,1215.1614996663016,1215.1614996663016,0
1970-01-01 00:00:00.000000590,,1214.162341529213,1214.162341529213,1214.162341529213,1214.162341529213,1214.162341529213,0
1970-01-01 00:00:00.000000591,,1194.5790654630853,1194.5790654630853,1194.5790654630853,1194.5790654630853,1194.5790654630853,0
1970-01-01 00:00:00.000000592,,1198.9753285293475,1198.9753285293475,1198.9753285293475,1198.9753285293475,1198.9753285293475,0
1970-01-01 00:00:00.000000593,,1200.3741017035964,1200.3741017035964,1200.3741017035964,1200.3741017035964,1200.3741017035964,0
1970-01-01 00:00:00.000000594,,1188.7840792835675,1188.7840792835675,1188.7840792835675,1188.7840792835675,1188.7840792835675,0
1970-01-01 00:00:00.000000595,,1193.9795608940235,1193.9795608940235,1193.9795608940235,1193.9795608940235,1193.9795608940235,0
1970-01-01 00:00:00.000000596,,1180.7909490961636,1180.7909490961636,1180.7909490961636,1180.7909490961636,1180.7909490961636,0
1970-01-01 00:00:00.000000597,,1171.498848863261,1171.498848863261,1171.498848863261,1171.498848863261,1171.498848863261,0
1970-01-01 00:00:00.000000598,,1157.9104875951884,1157.9104875951884,1157.9104875951884,1157.9104875951884,1157.9104875951884,0
1970-01-01 00:00:00.000000599,,1211.4646926212756,1211.4646926212756,1211.4646926212756,1211.4646926212756,1211.4646926212756,0
1970-01-01 00:00:00.000000600,,1223.3544631361597,1223.3544631361597,1223.3544631361597,1223.3544631361597,1223.3544631361597,0
1970-01-01 00:00:00.000000601,,1231.547437255107,1231.547437255107,1231.547437255107,1231.547437255107,1231.547437255107,0
1970-01-01 00:00:00.000000602,,1229.948900657674,1229.948900657674,1229.948900657674,1229.948900657674,1229.948900657674,0
1970-01-01 00:00:00.000000603,,1196.9769975725644,1196.9769975725644,1196.9769975725644,1196.9769975725644,1196.9769975725644,0
1970-01-01 00:00:00.000000604,,1205.070075190406,1205.070075190406,1205.070075190406,1205.070075190406,1205.070075190406,0
1970-01-01 00:00:00.000000605,,1214.3621705402445,1214.3621705402445,1214.3621705402445,1214.3621705402445,1214.3621705402445,0
1970-01-01 00:00:00.000000606,,1208.7670098415024,1208.7670098415024,1208.7670098415024,1208.7670098415024,1208.7670098415024,0
1970-01-01 00:00:00.000000607,,1216.9599001780673,1216.9599001780673,1216.9599001780673,1216.9599001780673,1216.9599001780673,0
1970-01-01 00:00:00.000000608,,1216.4603740469724,1216.4603740469724,1216.4603740469724,1216.4603740469724,1216.4603740469724,0
1970-01-01 00:00:00.000000609,,1211.564513300532,1211.564513300532,1211.564513300532,1211.564513300532,1211.564513300532,0
1970-01-01 00:00:00.000000610,,1221.85584819293,1221.85584819293,1221.85584819293,1221.85584819293,1221.85584819293,0
1970-01-01 00:00:00.000000611,,1225.2529376663326,1225.2529376663326,1225.2529376663326,1225.2529376663326,1225.2529376663326,0
1970-01-01 00:00:00.000000612,,1214.162353992752,1214.162353992752,1214.162353992752,1214.162353992752,1214.162353992752,0
1970-01-01 00:00:00.000000613,,1235.8438054880892,1235.8438054880892,1235.8438054880892,1235.8438054880892,1235.8438054880892,0
1970-01-01 00:00:00.000000614,,1227.850614406535,1227.850614406535,1227.850614406535,1227.850614406535,1227.850614406535,0
1970-01-01 00:00:00.000000615,,1200.973663276553,1200.973663276553,1200.973663276553,1200.973663276553,1200.973663276553,0
1970-01-01 00:00:00.000000616,,1178.9924468672707,1178.9924468672707,1178.9924468672707,1178.9924468672707,1178.9924468672707,0
1970-01-01 00:00:00.000000617,,1176.9941080825224,1176.9941080825224,1176.9941080825224,1176.9941080825224,1176.9941080825224,0
1970-01-01 00:00:00.000000618,,1174.0,1174.0,1174.0,1174.0,1174.0,0
1970-01-01 00:00:00.000000619,,1177.5999755859375,1177.5999755859375,1177.5999755859375,1177.5999755859375,1177.5999755859375,0
1970-01-01 00:00:00.000000620,,1180.0,1180.0,1180.0,1180.0,1180.0,0
1970-01-01 00:00:00.000000621,,1160.0,1160.0,1160.0,1160.0,1160.0,0
1970-01-01 00:00:00.000000622,,1170.0999755859375,1170.0999755859375,1170.0999755859375,1170.0999755859375,1170.0999755859375,0
1970-01-01 00:00:00.000000623,,1162.0,1162.0,1162.0,1162.0,1162.0,0
1970-01-01 00:00:00.000000624,,1179.0,1179.0,1179.0,1179.0,1179.0,0
1970-01-01 00:00:00.000000625,,1174.0,1174.0,1174.0,1174.0,1174.0,0
1970-01-01 00:00:00.000000626,,1164.9000244140625,1164.9000244140625,1164.9000244140625,1164.9000244140625,1164.9000244140625,0
1970-01-01 00:00:00.000000627,,1170.0,1170.0,1170.0,1170.0,1170.0,0
1970-01-01 00:00:00.000000628,,1090.0,1090.0,1090.0,1090.0,1090.0,0
1970-01-01 00:00:00.000000629,,1086.0,1086.0,1086.0,1086.0,1086.0,0
1970-01-01 00:00:00.000000630,,1102.0,1102.0,1102.0,1102.0,1102.0,0
1970-01-01 00:00:00.000000631,,1099.5,1099.5,1099.5,1099.5,1099.5,0
1970-01-01 00:00:00.000000632,,1104.0,1104.0,1104.0,1104.0,1104.0,0
1970-01-01 00:00:00.000000633,,1086.0999755859375,1086.0999755859375,1086.0999755859375,1086.0999755859375,1086.0999755859375,0
1970-01-01 00:00:00.000000634,,1080.9000244140625,1080.9000244140625,1080.9000244140625,1080.9000244140625,1080.9000244140625,0
1970-01-01 00:00:00.000000635,,1070.9000244140625,1070.9000244140625,1070.9000244140625,1070.9000244140625,1070.9000244140625,0
1970-01-01 00:00:00.000000636,,1070.5,1070.5,1070.5,1070.5,1070.5,0
1970-01-01 00:00:00.000000637,,1066.0,1066.0,1066.0,1066.0,1066.0,0
1970-01-01 00:00:00.000000638,,1065.0,1065.0,1065.0,1065.0,1065.0,0
1970-01-01 00:00:00.000000639,,1064.4000244140625,1064.4000244140625,1064.4000244140625,1064.4000244140625,1064.4000244140625,0
1970-01-01 00:00:00.000000640,,1068.0,1068.0,1068.0,1068.0,1068.0,0
1970-01-01 00:00:00.000000641,,1074.0,1074.0,1074.0,1074.0,1074.0,0
1970-01-01 00:00:00.000000642,,1067.800048828125,1067.800048828125,1067.800048828125,1067.800048828125,1067.800048828125,0
1970-01-01 00:00:00.000000643,,1073.0,1073.0,1073.0,1073.0,1073.0,0
1970-01-01 00:00:00.000000644,,1058.0999755859375,1058.0999755859375,1058.0999755859375,1058.0999755859375,1058.0999755859375,0
1970-01-01 00:00:00.000000645,,1071.0999755859375,1071.0999755859375,1071.0999755859375,1071.0999755859375,1071.0999755859375,0
1970-01-01 00:00:00.000000646,,1071.0999755859375,1071.0999755859375,1071.0999755859375,1071.0999755859375,1071.0999755859375,0
1970-01-01 00:00:00.000000647,,1067.0,1067.0,1067.0,1067.0,1067.0,0
1970-01-01 00:00:00.000000648,,1080.0,1080.0,1080.0,1080.0,1080.0,0
1970-01-01 00:00:00.000000649,,1078.0,1078.0,1078.0,1078.0,1078.0,0
1970-01-01 00:00:00.000000650,,1081.0,1081.0,1081.0,1081.0,1081.0,0
1970-01-01 00:00:00.000000651,,1090.0,1090.0,1090.0,1090.0,1090.0,0
1970-01-01 00:00:00.000000652,,1076.0,1076.0,1076.0,1076.0,1076.0,0
1970-01-01 00:00:00.000000653,,1073.0,1073.0,1073.0,1073.0,1073.0,0
1970-01-01 00:00:00.000000654,,1068.0,1068.0,1068.0,1068.0,1068.0,0
1970-01-01 00:00:00.000000655,,1050.0999755859375,1050.0999755859375,1050.0999755859375,1050.0999755859375,1050.0999755859375,0
1970-01-01 00:00:00.000000656,,1057.0,1057.0,1057.0,1057.0,1057.0,0
1970-01-01 00:00:00.000000657,,1052.0999755859375,1052.0999755859375,1052.0999755859375,1052.0999755859375,1052.0999755859375,0
1970-01-01 00:00:00.000000658,,1047.5999755859375,1047.5999755859375,1047.5999755859375,1047.5999755859375,1047.5999755859375,0
1970-01-01 00:00:00.000000659,,1061.5,1061.5,1061.5,1061.5,1061.5,0
1970-01-01 00:00:00.000000660,,1056.199951171875,1056.199951171875,1056.199951171875,1056.199951171875,1056.199951171875,0
1970-01-01 00:00:00.000000661,,1058.199951171875,1058.199951171875,1058.199951171875,1058.199951171875,1058.199951171875,0
1970-01-01 00:00:00.000000662,,1056.5999755859375,1056.5999755859375,1056.5999755859375,1056.5999755859375,1056.5999755859375,0
1970-01-01 00:00:00.000000663,,1055.9000244140625,1055.9000244140625,1055.9000244140625,1055.9000244140625,1055.9000244140625,0
1970-01-01 00:00:00.000000664,,1057.5,1057.5,1057.5,1057.5,1057.5,0
1970-01-01 00:00:00.000000665,,1058.0,1058.0,1058.0,1058.0,1058.0,0
1970-01-01 00:00:00.000000666,,1069.0,1069.0,1069.0,1069.0,1069.0,0
1970-01-01 00:00:00.000000667,,1088.4000244140625,1088.4000244140625,1088.4000244140625,1088.4000244140625,1088.4000244140625,0
