Date,Ticker,HDFCBANK.NS,HDFCBANK.NS.1,HDFCBANK.NS.2,HDFCBANK.NS.3,HDFCBANK.NS.4,SentimentScore
1970-01-01 00:00:00.000000000,,765.2139032896102,765.2139032896102,765.2139032896102,765.2139032896102,765.2139032896102,0
1970-01-01 00:00:00.000000001,,765.2139032896102,765.2139032896102,765.2139032896102,765.2139032896102,765.2139032896102,0
1970-01-01 00:00:00.000000002,,762.9563656942497,762.9563656942497,762.9563656942497,762.9563656942497,762.9563656942497,0
1970-01-01 00:00:00.000000003,,768.9765160320345,768.9765160320345,768.9765160320345,768.9765160320345,768.9765160320345,0
1970-01-01 00:00:00.000000004,,759.5701573140472,759.5701573140472,759.5701573140472,759.5701573140472,759.5701573140472,0
1970-01-01 00:00:00.000000005,,753.4559057369754,753.4559057369754,753.4559057369754,753.4559057369754,753.4559057369754,0
1970-01-01 00:00:00.000000006,,750.633994461561,750.633994461561,750.633994461561,750.633994461561,750.633994461561,0
1970-01-01 00:00:00.000000007,,752.5153270897389,752.5153270897389,752.5153270897389,752.5153270897389,752.5153270897389,0
1970-01-01 00:00:00.000000008,,737.4414262012392,737.4414262012392,737.4414262012392,737.4414262012392,737.4414262012392,0
1970-01-01 00:00:00.000000009,,746.7773690003871,746.7773690003871,746.7773690003871,746.7773690003871,746.7773690003871,0
1970-01-01 00:00:00.000000010,,751.9273605293412,751.9273605293412,751.9273605293412,751.9273605293412,751.9273605293412,0
1970-01-01 00:00:00.000000011,,759.5700421228421,759.5700421228421,759.5700421228421,759.5700421228421,759.5700421228421,0
1970-01-01 00:00:00.000000012,,747.7179717239397,747.7179717239397,747.7179717239397,747.7179717239397,747.7179717239397,0
1970-01-01 00:00:00.000000013,,754.8668639240747,754.8668639240747,754.8668639240747,754.8668639240747,754.8668639240747,0
1970-01-01 00:00:00.000000014,,769.9171946591991,769.9171946591991,769.9171946591991,769.9171946591991,769.9171946591991,0
1970-01-01 00:00:00.000000015,,773.2564813178083,773.2564813178083,773.2564813178083,773.2564813178083,773.2564813178083,0
1970-01-01 00:00:00.000000016,,783.6741184175438,783.6741184175438,783.6741184175438,783.6741184175438,783.6741184175438,0
1970-01-01 00:00:00.000000017,,787.8129673822374,787.8129673822374,787.8129673822374,787.8129673822374,787.8129673822374,0
1970-01-01 00:00:00.000000018,,795.5026900470906,795.5026900470906,795.5026900470906,795.5026900470906,795.5026900470906,0
1970-01-01 00:00:00.000000019,,767.5655439290683,767.5655439290683,767.5655439290683,767.5655439290683,767.5655439290683,0
1970-01-01 00:00:00.000000020,,750.1636100625897,750.1636100625897,750.1636100625897,750.1636100625897,750.1636100625897,0
1970-01-01 00:00:00.000000021,,761.7805708928535,761.7805708928535,761.7805708928535,761.7805708928535,761.7805708928535,0
1970-01-01 00:00:00.000000022,,763.8029900494191,763.8029900494191,763.8029900494191,763.8029900494191,763.8029900494191,0
1970-01-01 00:00:00.000000023,,756.3248499697963,756.3248499697963,756.3248499697963,756.3248499697963,756.3248499697963,0
1970-01-01 00:00:00.000000024,,757.6888104547171,757.6888104547171,757.6888104547171,757.6888104547171,757.6888104547171,0
1970-01-01 00:00:00.000000025,,780.7345879902471,780.7345879902471,780.7345879902471,780.7345879902471,780.7345879902471,0
1970-01-01 00:00:00.000000026,,780.4523617529932,780.4523617529932,780.4523617529932,780.4523617529932,780.4523617529932,0
1970-01-01 00:00:00.000000027,,778.0302392020911,778.0302392020911,778.0302392020911,778.0302392020911,778.0302392020911,0
1970-01-01 00:00:00.000000028,,780.7345592208327,780.7345592208327,780.7345592208327,780.7345592208327,780.7345592208327,0
1970-01-01 00:00:00.000000029,,775.4669671621383,775.4669671621383,775.4669671621383,775.4669671621383,775.4669671621383,0
1970-01-01 00:00:00.000000030,,778.3829288380895,778.3829288380895,778.3829288380895,778.3829288380895,778.3829288380895,0
1970-01-01 00:00:00.000000031,,783.0861997162851,783.0861997162851,783.0861997162851,783.0861997162851,783.0861997162851,0
1970-01-01 00:00:00.000000032,,789.2003138470542,789.2003138470542,789.2003138470542,789.2003138470542,789.2003138470542,0
1970-01-01 00:00:00.000000033,,786.9428187893894,786.9428187893894,786.9428187893894,786.9428187893894,786.9428187893894,0
1970-01-01 00:00:00.000000034,,781.2049053260296,781.2049053260296,781.2049053260296,781.2049053260296,781.2049053260296,0
1970-01-01 00:00:00.000000035,,780.7345762649051,780.7345762649051,780.7345762649051,780.7345762649051,780.7345762649051,0
1970-01-01 00:00:00.000000036,,771.3281605868509,771.3281605868509,771.3281605868509,771.3281605868509,771.3281605868509,0
1970-01-01 00:00:00.000000037,,770.8577957573494,770.8577957573494,770.8577957573494,770.8577957573494,770.8577957573494,0
1970-01-01 00:00:00.000000038,,758.6294632088872,758.6294632088872,758.6294632088872,758.6294632088872,758.6294632088872,0
1970-01-01 00:00:00.000000039,,760.934033661556,760.934033661556,760.934033661556,760.934033661556,760.934033661556,0
1970-01-01 00:00:00.000000040,,745.8837709506996,745.8837709506996,745.8837709506996,745.8837709506996,745.8837709506996,0
1970-01-01 00:00:00.000000041,,748.7526515532792,748.7526515532792,748.7526515532792,748.7526515532792,748.7526515532792,0
1970-01-01 00:00:00.000000042,,758.1591754660717,758.1591754660717,758.1591754660717,758.1591754660717,758.1591754660717,0
1970-01-01 00:00:00.000000043,,749.6933195652881,749.6933195652881,749.6933195652881,749.6933195652881,749.6933195652881,0
1970-01-01 00:00:00.000000044,,750.6339879733662,750.6339879733662,750.6339879733662,750.6339879733662,750.6339879733662,0
1970-01-01 00:00:00.000000045,,761.921667813631,761.921667813631,761.921667813631,761.921667813631,761.921667813631,0
1970-01-01 00:00:00.000000046,,761.9217462354013,761.9217462354013,761.9217462354013,761.9217462354013,761.9217462354013,0
1970-01-01 00:00:00.000000047,,766.6013600445043,766.6013600445043,766.6013600445043,766.6013600445043,766.6013600445043,0
1970-01-01 00:00:00.000000048,,757.4301100987259,757.4301100987259,757.4301100987259,757.4301100987259,757.4301100987259,0
1970-01-01 00:00:00.000000049,,746.8243524833551,746.8243524833551,746.8243524833551,746.8243524833551,746.8243524833551,0
1970-01-01 00:00:00.000000050,,738.5232026066013,738.5232026066013,738.5232026066013,738.5232026066013,738.5232026066013,0
1970-01-01 00:00:00.000000051,,742.1681895965124,742.1681895965124,742.1681895965124,742.1681895965124,742.1681895965124,0
1970-01-01 00:00:00.000000052,,723.8255956325588,723.8255956325588,723.8255956325588,723.8255956325588,723.8255956325588,0
1970-01-01 00:00:00.000000053,,732.5265870556958,732.5265870556958,732.5265870556958,732.5265870556958,732.5265870556958,0
1970-01-01 00:00:00.000000054,,737.4414253658022,737.4414253658022,737.4414253658022,737.4414253658022,737.4414253658022,0
1970-01-01 00:00:00.000000055,,739.3226824771314,739.3226824771314,739.3226824771314,739.3226824771314,739.3226824771314,0
1970-01-01 00:00:00.000000056,,744.9901015992465,744.9901015992465,744.9901015992465,744.9901015992465,744.9901015992465,0
1970-01-01 00:00:00.000000057,,737.3474300144667,737.3474300144667,737.3474300144667,737.3474300144667,737.3474300144667,0
1970-01-01 00:00:00.000000058,,733.7023968612838,733.7023968612838,733.7023968612838,733.7023968612838,733.7023968612838,0
1970-01-01 00:00:00.000000059,,734.7370471527703,734.7370471527703,734.7370471527703,734.7370471527703,734.7370471527703,0
1970-01-01 00:00:00.000000060,,736.3832111305732,736.3832111305732,736.3832111305732,736.3832111305732,736.3832111305732,0
1970-01-01 00:00:00.000000061,,744.990097067345,744.990097067345,744.990097067345,744.990097067345,744.990097067345,0
1970-01-01 00:00:00.000000062,,750.4458092618439,750.4458092618439,750.4458092618439,750.4458092618439,750.4458092618439,0
1970-01-01 00:00:00.000000063,,756.066206753236,756.066206753236,756.066206753236,756.066206753236,756.066206753236,0
1970-01-01 00:00:00.000000064,,761.2632133882062,761.2632133882062,761.2632133882062,761.2632133882062,761.2632133882062,0
1970-01-01 00:00:00.000000065,,775.3494323943526,775.3494323943526,775.3494323943526,775.3494323943526,775.3494323943526,0
1970-01-01 00:00:00.000000066,,782.2631841388156,782.2631841388156,782.2631841388156,782.2631841388156,782.2631841388156,0
1970-01-01 00:00:00.000000067,,780.2642743660277,780.2642743660277,780.2642743660277,780.2642743660277,780.2642743660277,0
1970-01-01 00:00:00.000000068,,784.4971637073063,784.4971637073063,784.4971637073063,784.4971637073063,784.4971637073063,0
1970-01-01 00:00:00.000000069,,794.0447304419262,794.0447304419262,794.0447304419262,794.0447304419262,794.0447304419262,0
1970-01-01 00:00:00.000000070,,808.9539131384394,808.9539131384394,808.9539131384394,808.9539131384394,808.9539131384394,0
1970-01-01 00:00:00.000000071,,785.4377470450944,785.4377470450944,785.4377470450944,785.4377470450944,785.4377470450944,0
1970-01-01 00:00:00.000000072,,783.0862028077712,783.0862028077712,783.0862028077712,783.0862028077712,783.0862028077712,0
1970-01-01 00:00:00.000000073,,786.2373220441306,786.2373220441306,786.2373220441306,786.2373220441306,786.2373220441306,0
1970-01-01 00:00:00.000000074,,784.96752627854,784.96752627854,784.96752627854,784.96752627854,784.96752627854,0
1970-01-01 00:00:00.000000075,,793.4333002876134,793.4333002876134,793.4333002876134,793.4333002876134,793.4333002876134,0
1970-01-01 00:00:00.000000076,,793.7624504950436,793.7624504950436,793.7624504950436,793.7624504950436,793.7624504950436,0
1970-01-01 00:00:00.000000077,,780.7346006896045,780.7346006896045,780.7346006896045,780.7346006896045,780.7346006896045,0
1970-01-01 00:00:00.000000078,,785.6729468368902,785.6729468368902,785.6729468368902,785.6729468368902,785.6729468368902,0
1970-01-01 00:00:00.000000079,,792.351508718763,792.351508718763,792.351508718763,792.351508718763,792.351508718763,0
1970-01-01 00:00:00.000000080,,794.2327862612793,794.2327862612793,794.2327862612793,794.2327862612793,794.2327862612793,0
1970-01-01 00:00:00.000000081,,792.4690695933574,792.4690695933574,792.4690695933574,792.4690695933574,792.4690695933574,0
1970-01-01 00:00:00.000000082,,793.4802952165305,793.4802952165305,793.4802952165305,793.4802952165305,793.4802952165305,0
1970-01-01 00:00:00.000000083,,770.8577667812418,770.8577667812418,770.8577667812418,770.8577667812418,770.8577667812418,0
1970-01-01 00:00:00.000000084,,768.9765610814786,768.9765610814786,768.9765610814786,768.9765610814786,768.9765610814786,0
1970-01-01 00:00:00.000000085,,775.9843305283202,775.9843305283202,775.9843305283202,775.9843305283202,775.9843305283202,0
1970-01-01 00:00:00.000000086,,773.4446068912501,773.4446068912501,773.4446068912501,773.4446068912501,773.4446068912501,0
1970-01-01 00:00:00.000000087,,783.1568212793908,783.1568212793908,783.1568212793908,783.1568212793908,783.1568212793908,0
1970-01-01 00:00:00.000000088,,774.6203553374617,774.6203553374617,774.6203553374617,774.6203553374617,774.6203553374617,0
1970-01-01 00:00:00.000000089,,786.3784637031315,786.3784637031315,786.3784637031315,786.3784637031315,786.3784637031315,0
1970-01-01 00:00:00.000000090,,804.5276692029475,804.5276692029475,804.5276692029475,804.5276692029475,804.5276692029475,0
1970-01-01 00:00:00.000000091,,794.0367352342563,794.0367352342563,794.0367352342563,794.0367352342563,794.0367352342563,0
1970-01-01 00:00:00.000000092,,793.074257337576,793.074257337576,793.074257337576,793.074257337576,793.074257337576,0
1970-01-01 00:00:00.000000093,,793.0742679505952,793.0742679505952,793.0742679505952,793.0742679505952,793.0742679505952,0
1970-01-01 00:00:00.000000094,,791.6305887120614,791.6305887120614,791.6305887120614,791.6305887120614,791.6305887120614,0
1970-01-01 00:00:00.000000095,,793.5555426648878,793.5555426648878,793.5555426648878,793.5555426648878,793.5555426648878,0
1970-01-01 00:00:00.000000096,,783.2330563386749,783.2330563386749,783.2330563386749,783.2330563386749,783.2330563386749,0
1970-01-01 00:00:00.000000097,,777.5303666107704,777.5303666107704,777.5303666107704,777.5303666107704,777.5303666107704,0
1970-01-01 00:00:00.000000098,,779.1184787990662,779.1184787990662,779.1184787990662,779.1184787990662,779.1184787990662,0
1970-01-01 00:00:00.000000099,,783.69019719039,783.69019719039,783.69019719039,783.69019719039,783.69019719039,0
1970-01-01 00:00:00.000000100,,786.1445002890696,786.1445002890696,786.1445002890696,786.1445002890696,786.1445002890696,0
1970-01-01 00:00:00.000000101,,784.3639498280878,784.3639498280878,784.3639498280878,784.3639498280878,784.3639498280878,0
1970-01-01 00:00:00.000000102,,779.5516019468231,779.5516019468231,779.5516019468231,779.5516019468231,779.5516019468231,0
1970-01-01 00:00:00.000000103,,775.9663483916953,775.9663483916953,775.9663483916953,775.9663483916953,775.9663483916953,0
1970-01-01 00:00:00.000000104,,776.9529238593666,776.9529238593666,776.9529238593666,776.9529238593666,776.9529238593666,0
1970-01-01 00:00:00.000000105,,773.6564629327828,773.6564629327828,773.6564629327828,773.6564629327828,773.6564629327828,0
1970-01-01 00:00:00.000000106,,771.6352348638964,771.6352348638964,771.6352348638964,771.6352348638964,771.6352348638964,0
1970-01-01 00:00:00.000000107,,771.5390392245838,771.5390392245838,771.5390392245838,771.5390392245838,771.5390392245838,0
1970-01-01 00:00:00.000000108,,777.626676650867,777.626676650867,777.626676650867,777.626676650867,777.626676650867,0
1970-01-01 00:00:00.000000109,,776.0144890695673,776.0144890695673,776.0144890695673,776.0144890695673,776.0144890695673,0
1970-01-01 00:00:00.000000110,,765.2108100640846,765.2108100640846,765.2108100640846,765.2108100640846,765.2108100640846,0
1970-01-01 00:00:00.000000111,,775.0039154865802,775.0039154865802,775.0039154865802,775.0039154865802,775.0039154865802,0
1970-01-01 00:00:00.000000112,,771.8999857563421,771.8999857563421,771.8999857563421,771.8999857563421,771.8999857563421,0
1970-01-01 00:00:00.000000113,,763.7912167570945,763.7912167570945,763.7912167570945,763.7912167570945,763.7912167570945,0
1970-01-01 00:00:00.000000114,,775.2686118319358,775.2686118319358,775.2686118319358,775.2686118319358,775.2686118319358,0
1970-01-01 00:00:00.000000115,,771.9721660772758,771.9721660772758,771.9721660772758,771.9721660772758,771.9721660772758,0
1970-01-01 00:00:00.000000116,,777.6747515735509,777.6747515735509,777.6747515735509,777.6747515735509,777.6747515735509,0
1970-01-01 00:00:00.000000117,,789.224416053301,789.224416053301,789.224416053301,789.224416053301,789.224416053301,0
1970-01-01 00:00:00.000000118,,788.045370386914,788.045370386914,788.045370386914,788.045370386914,788.045370386914,0
1970-01-01 00:00:00.000000119,,791.6305883616478,791.6305883616478,791.6305883616478,791.6305883616478,791.6305883616478,0
1970-01-01 00:00:00.000000120,,790.6440239901992,790.6440239901992,790.6440239901992,790.6440239901992,790.6440239901992,0
1970-01-01 00:00:00.000000121,,803.6614294741811,803.6614294741811,803.6614294741811,803.6614294741811,803.6614294741811,0
1970-01-01 00:00:00.000000122,,820.0234144832326,820.0234144832326,820.0234144832326,820.0234144832326,820.0234144832326,0
1970-01-01 00:00:00.000000123,,824.1139184711159,824.1139184711159,824.1139184711159,824.1139184711159,824.1139184711159,0
1970-01-01 00:00:00.000000124,,829.3833871325158,829.3833871325158,829.3833871325158,829.3833871325158,829.3833871325158,0
1970-01-01 00:00:00.000000125,,825.9185674480586,825.9185674480586,825.9185674480586,825.9185674480586,825.9185674480586,0
1970-01-01 00:00:00.000000126,,805.1050971825443,805.1050971825443,805.1050971825443,805.1050971825443,805.1050971825443,0
1970-01-01 00:00:00.000000127,,801.2552925132978,801.2552925132978,801.2552925132978,801.2552925132978,801.2552925132978,0
1970-01-01 00:00:00.000000128,,799.3303260190139,799.3303260190139,799.3303260190139,799.3303260190139,799.3303260190139,0
1970-01-01 00:00:00.000000129,,800.2927950524349,800.2927950524349,800.2927950524349,800.2927950524349,800.2927950524349,0
1970-01-01 00:00:00.000000130,,796.6113888781981,796.6113888781981,796.6113888781981,796.6113888781981,796.6113888781981,0
1970-01-01 00:00:00.000000131,,797.2609676654259,797.2609676654259,797.2609676654259,797.2609676654259,797.2609676654259,0
1970-01-01 00:00:00.000000132,,795.7691748092905,795.7691748092905,795.7691748092905,795.7691748092905,795.7691748092905,0
1970-01-01 00:00:00.000000133,,794.0367718906589,794.0367718906589,794.0367718906589,794.0367718906589,794.0367718906589,0
1970-01-01 00:00:00.000000134,,817.1359959336578,817.1359959336578,817.1359959336578,817.1359959336578,817.1359959336578,0
1970-01-01 00:00:00.000000135,,809.0031020365692,809.0031020365692,809.0031020365692,809.0031020365692,809.0031020365692,0
1970-01-01 00:00:00.000000136,,809.0272614839648,809.0272614839648,809.0272614839648,809.0272614839648,809.0272614839648,0
1970-01-01 00:00:00.000000137,,808.4737739864613,808.4737739864613,808.4737739864613,808.4737739864613,808.4737739864613,0
1970-01-01 00:00:00.000000138,,807.7519080759067,807.7519080759067,807.7519080759067,807.7519080759067,807.7519080759067,0
1970-01-01 00:00:00.000000139,,810.7115526279442,810.7115526279442,810.7115526279442,810.7115526279442,810.7115526279442,0
1970-01-01 00:00:00.000000140,,817.9059837974636,817.9059837974636,817.9059837974636,817.9059837974636,817.9059837974636,0
1970-01-01 00:00:00.000000141,,818.0503266737262,818.0503266737262,818.0503266737262,818.0503266737262,818.0503266737262,0
1970-01-01 00:00:00.000000142,,799.5709101134679,799.5709101134679,799.5709101134679,799.5709101134679,799.5709101134679,0
1970-01-01 00:00:00.000000143,,794.0608242275185,794.0608242275185,794.0608242275185,794.0608242275185,794.0608242275185,0
1970-01-01 00:00:00.000000144,,796.1782329320584,796.1782329320584,796.1782329320584,796.1782329320584,796.1782329320584,0
1970-01-01 00:00:00.000000145,,790.1868784496676,790.1868784496676,790.1868784496676,790.1868784496676,790.1868784496676,0
1970-01-01 00:00:00.000000146,,789.2243886384707,789.2243886384707,789.2243886384707,789.2243886384707,789.2243886384707,0
1970-01-01 00:00:00.000000147,,786.8904476408402,786.8904476408402,786.8904476408402,786.8904476408402,786.8904476408402,0
1970-01-01 00:00:00.000000148,,800.3408601011272,800.3408601011272,800.3408601011272,800.3408601011272,800.3408601011272,0
1970-01-01 00:00:00.000000149,,794.8548341333523,794.8548341333523,794.8548341333523,794.8548341333523,794.8548341333523,0
1970-01-01 00:00:00.000000150,,795.4804296993335,795.4804296993335,795.4804296993335,795.4804296993335,795.4804296993335,0
1970-01-01 00:00:00.000000151,,792.6170940874488,792.6170940874488,792.6170940874488,792.6170940874488,792.6170940874488,0
1970-01-01 00:00:00.000000152,,788.4544604153358,788.4544604153358,788.4544604153358,788.4544604153358,788.4544604153358,0
1970-01-01 00:00:00.000000153,,775.2685706725264,775.2685706725264,775.2685706725264,775.2685706725264,775.2685706725264,0
1970-01-01 00:00:00.000000154,,761.8421761726726,761.8421761726726,761.8421761726726,761.8421761726726,761.8421761726726,0
1970-01-01 00:00:00.000000155,,768.8200552862303,768.8200552862303,768.8200552862303,768.8200552862303,768.8200552862303,0
1970-01-01 00:00:00.000000156,,763.983694025645,763.983694025645,763.983694025645,763.983694025645,763.983694025645,0
1970-01-01 00:00:00.000000157,,770.2156363622539,770.2156363622539,770.2156363622539,770.2156363622539,770.2156363622539,0
1970-01-01 00:00:00.000000158,,768.2185194845936,768.2185194845936,768.2185194845936,768.2185194845936,768.2185194845936,0
1970-01-01 00:00:00.000000159,,760.3503539585181,760.3503539585181,760.3503539585181,760.3503539585181,760.3503539585181,0
1970-01-01 00:00:00.000000160,,766.7507701687617,766.7507701687617,766.7507701687617,766.7507701687617,766.7507701687617,0
1970-01-01 00:00:00.000000161,,757.7276421346384,757.7276421346384,757.7276421346384,757.7276421346384,757.7276421346384,0
1970-01-01 00:00:00.000000162,,751.4475190886943,751.4475190886943,751.4475190886943,751.4475190886943,751.4475190886943,0
1970-01-01 00:00:00.000000163,,765.0182802438285,765.0182802438285,765.0182802438285,765.0182802438285,765.0182802438285,0
1970-01-01 00:00:00.000000164,,771.8758381565142,771.8758381565142,771.8758381565142,771.8758381565142,771.8758381565142,0
1970-01-01 00:00:00.000000165,,759.8691220476337,759.8691220476337,759.8691220476337,759.8691220476337,759.8691220476337,0
1970-01-01 00:00:00.000000166,,756.0191999700463,756.0191999700463,756.0191999700463,756.0191999700463,756.0191999700463,0
1970-01-01 00:00:00.000000167,,765.1626819614512,765.1626819614512,765.1626819614512,765.1626819614512,765.1626819614512,0
1970-01-01 00:00:00.000000168,,764.3927214330718,764.3927214330718,764.3927214330718,764.3927214330718,764.3927214330718,0
1970-01-01 00:00:00.000000169,,758.8103888931225,758.8103888931225,758.8103888931225,758.8103888931225,758.8103888931225,0
1970-01-01 00:00:00.000000170,,767.8094749404047,767.8094749404047,767.8094749404047,767.8094749404047,767.8094749404047,0
1970-01-01 00:00:00.000000171,,773.9692735210638,773.9692735210638,773.9692735210638,773.9692735210638,773.9692735210638,0
1970-01-01 00:00:00.000000172,,783.8827287984687,783.8827287984687,783.8827287984687,783.8827287984687,783.8827287984687,0
1970-01-01 00:00:00.000000173,,789.2244198789141,789.2244198789141,789.2244198789141,789.2244198789141,789.2244198789141,0
1970-01-01 00:00:00.000000174,,785.0377155149517,785.0377155149517,785.0377155149517,785.0377155149517,785.0377155149517,0
1970-01-01 00:00:00.000000175,,791.2696497981185,791.2696497981185,791.2696497981185,791.2696497981185,791.2696497981185,0
1970-01-01 00:00:00.000000176,,794.0367192348286,794.0367192348286,794.0367192348286,794.0367192348286,794.0367192348286,0
1970-01-01 00:00:00.000000177,,795.8413607802759,795.8413607802759,795.8413607802759,795.8413607802759,795.8413607802759,0
1970-01-01 00:00:00.000000178,,769.4938238056243,769.4938238056243,769.4938238056243,769.4938238056243,769.4938238056243,0
1970-01-01 00:00:00.000000179,,747.3570313672025,747.3570313672025,747.3570313672025,747.3570313672025,747.3570313672025,0
1970-01-01 00:00:00.000000180,,750.2444576775175,750.2444576775175,750.2444576775175,750.2444576775175,750.2444576775175,0
1970-01-01 00:00:00.000000181,,733.8824301432504,733.8824301432504,733.8824301432504,733.8824301432504,733.8824301432504,0
1970-01-01 00:00:00.000000182,,733.8824658163039,733.8824658163039,733.8824658163039,733.8824658163039,733.8824658163039,0
1970-01-01 00:00:00.000000183,,732.9199644546211,732.9199644546211,732.9199644546211,732.9199644546211,732.9199644546211,0
1970-01-01 00:00:00.000000184,,738.2135737833627,738.2135737833627,738.2135737833627,738.2135737833627,738.2135737833627,0
1970-01-01 00:00:00.000000185,,733.2568002588707,733.2568002588707,733.2568002588707,733.2568002588707,733.2568002588707,0
1970-01-01 00:00:00.000000186,,734.8448928382883,734.8448928382883,734.8448928382883,734.8448928382883,734.8448928382883,0
1970-01-01 00:00:00.000000187,,719.4454108970147,719.4454108970147,719.4454108970147,719.4454108970147,719.4454108970147,0
1970-01-01 00:00:00.000000188,,738.718884517573,738.718884517573,738.718884517573,738.718884517573,738.718884517573,0
1970-01-01 00:00:00.000000189,,743.0259297849643,743.0259297849643,743.0259297849643,743.0259297849643,743.0259297849643,0
1970-01-01 00:00:00.000000190,,735.3261348413025,735.3261348413025,735.3261348413025,735.3261348413025,735.3261348413025,0
1970-01-01 00:00:00.000000191,,731.7409690862019,731.7409690862019,731.7409690862019,731.7409690862019,731.7409690862019,0
1970-01-01 00:00:00.000000192,,736.3367206089364,736.3367206089364,736.3367206089364,736.3367206089364,736.3367206089364,0
1970-01-01 00:00:00.000000193,,739.224152467014,739.224152467014,739.224152467014,739.224152467014,739.224152467014,0
1970-01-01 00:00:00.000000194,,741.1009712846432,741.1009712846432,741.1009712846432,741.1009712846432,741.1009712846432,0
1970-01-01 00:00:00.000000195,,737.0104874848001,737.0104874848001,737.0104874848001,737.0104874848001,737.0104874848001,0
1970-01-01 00:00:00.000000196,,748.6803895149582,748.6803895149582,748.6803895149582,748.6803895149582,748.6803895149582,0
1970-01-01 00:00:00.000000197,,741.6784110977611,741.6784110977611,741.6784110977611,741.6784110977611,741.6784110977611,0
1970-01-01 00:00:00.000000198,,724.4502672992404,724.4502672992404,724.4502672992404,724.4502672992404,724.4502672992404,0
1970-01-01 00:00:00.000000199,,724.2577350875503,724.2577350875503,724.2577350875503,724.2577350875503,724.2577350875503,0
1970-01-01 00:00:00.000000200,,733.1605779569741,733.1605779569741,733.1605779569741,733.1605779569741,733.1605779569741,0
1970-01-01 00:00:00.000000201,,731.9575404540934,731.9575404540934,731.9575404540934,731.9575404540934,731.9575404540934,0
1970-01-01 00:00:00.000000202,,717.6407690521316,717.6407690521316,717.6407690521316,717.6407690521316,717.6407690521316,0
1970-01-01 00:00:00.000000203,,707.1739744959755,707.1739744959755,707.1739744959755,707.1739744959755,707.1739744959755,0
1970-01-01 00:00:00.000000204,,704.166253227556,704.166253227556,704.166253227556,704.166253227556,704.166253227556,0
1970-01-01 00:00:00.000000205,,723.7765487428039,723.7765487428039,723.7765487428039,723.7765487428039,723.7765487428039,0
1970-01-01 00:00:00.000000206,,703.6850176242377,703.6850176242377,703.6850176242377,703.6850176242377,703.6850176242377,0
1970-01-01 00:00:00.000000207,,714.6330252706006,714.6330252706006,714.6330252706006,714.6330252706006,714.6330252706006,0
1970-01-01 00:00:00.000000208,,716.0767402064027,716.0767402064027,716.0767402064027,716.0767402064027,716.0767402064027,0
1970-01-01 00:00:00.000000209,,720.8890932605752,720.8890932605752,720.8890932605752,720.8890932605752,720.8890932605752,0
1970-01-01 00:00:00.000000210,,718.9641523260211,718.9641523260211,718.9641523260211,718.9641523260211,718.9641523260211,0
1970-01-01 00:00:00.000000211,,714.1277280007819,714.1277280007819,714.1277280007819,714.1277280007819,714.1277280007819,0
1970-01-01 00:00:00.000000212,,715.1142820989701,715.1142820989701,715.1142820989701,715.1142820989701,715.1142820989701,0
1970-01-01 00:00:00.000000213,,712.2749639148036,712.2749639148036,712.2749639148036,712.2749639148036,712.2749639148036,0
1970-01-01 00:00:00.000000214,,718.0498302517283,718.0498302517283,718.0498302517283,718.0498302517283,718.0498302517283,0
1970-01-01 00:00:00.000000215,,723.824661355601,723.824661355601,723.824661355601,723.824661355601,723.824661355601,0
1970-01-01 00:00:00.000000216,,726.5195277179007,726.5195277179007,726.5195277179007,726.5195277179007,726.5195277179007,0
1970-01-01 00:00:00.000000217,,717.0392198432753,717.0392198432753,717.0392198432753,717.0392198432753,717.0392198432753,0
1970-01-01 00:00:00.000000218,,728.1075944167509,728.1075944167509,728.1075944167509,728.1075944167509,728.1075944167509,0
1970-01-01 00:00:00.000000219,,730.9950657199016,730.9950657199016,730.9950657199016,730.9950657199016,730.9950657199016,0
1970-01-01 00:00:00.000000220,,731.4762860539383,731.4762860539383,731.4762860539383,731.4762860539383,731.4762860539383,0
1970-01-01 00:00:00.000000221,,725.942104788048,725.942104788048,725.942104788048,725.942104788048,725.942104788048,0
1970-01-01 00:00:00.000000222,,732.0537277562146,732.0537277562146,732.0537277562146,732.0537277562146,732.0537277562146,0
1970-01-01 00:00:00.000000223,,738.7910271230152,738.7910271230152,738.7910271230152,738.7910271230152,738.7910271230152,0
1970-01-01 00:00:00.000000224,,738.165421357158,738.165421357158,738.165421357158,738.165421357158,738.165421357158,0
1970-01-01 00:00:00.000000225,,755.1289575651123,755.1289575651123,755.1289575651123,755.1289575651123,755.1289575651123,0
1970-01-01 00:00:00.000000226,,749.7150488349829,749.7150488349829,749.7150488349829,749.7150488349829,749.7150488349829,0
1970-01-01 00:00:00.000000227,,764.2002292895172,764.2002292895172,764.2002292895172,764.2002292895172,764.2002292895172,0
1970-01-01 00:00:00.000000228,,787.5400726617975,787.5400726617975,787.5400726617975,787.5400726617975,787.5400726617975,0
1970-01-01 00:00:00.000000229,,788.4784930090145,788.4784930090145,788.4784930090145,788.4784930090145,788.4784930090145,0
1970-01-01 00:00:00.000000230,,782.0058362705728,782.0058362705728,782.0058362705728,782.0058362705728,782.0058362705728,0
1970-01-01 00:00:00.000000231,,784.6286381151427,784.6286381151427,784.6286381151427,784.6286381151427,784.6286381151427,0
1970-01-01 00:00:00.000000232,,794.0608561825546,794.0608561825546,794.0608561825546,794.0608561825546,794.0608561825546,0
1970-01-01 00:00:00.000000233,,796.057914840214,796.057914840214,796.057914840214,796.057914840214,796.057914840214,0
1970-01-01 00:00:00.000000234,,785.591031843064,785.591031843064,785.591031843064,785.591031843064,785.591031843064,0
1970-01-01 00:00:00.000000235,,792.1118132680438,792.1118132680438,792.1118132680438,792.1118132680438,792.1118132680438,0
1970-01-01 00:00:00.000000236,,794.0367340586441,794.0367340586441,794.0367340586441,794.0367340586441,794.0367340586441,0
1970-01-01 00:00:00.000000237,,799.1859571942219,799.1859571942219,799.1859571942219,799.1859571942219,799.1859571942219,0
1970-01-01 00:00:00.000000238,,794.0367205721301,794.0367205721301,794.0367205721301,794.0367205721301,794.0367205721301,0
1970-01-01 00:00:00.000000239,,797.8866299046186,797.8866299046186,797.8866299046186,797.8866299046186,797.8866299046186,0
1970-01-01 00:00:00.000000240,,797.4053605854511,797.4053605854511,797.4053605854511,797.4053605854511,797.4053605854511,0
1970-01-01 00:00:00.000000241,,810.2061727817437,810.2061727817437,810.2061727817437,810.2061727817437,810.2061727817437,0
1970-01-01 00:00:00.000000242,,805.2254381329979,805.2254381329979,805.2254381329979,805.2254381329979,805.2254381329979,0
1970-01-01 00:00:00.000000243,,809.1956509594698,809.1956509594698,809.1956509594698,809.1956509594698,809.1956509594698,0
1970-01-01 00:00:00.000000244,,822.5739617312327,822.5739617312327,822.5739617312327,822.5739617312327,822.5739617312327,0
1970-01-01 00:00:00.000000245,,816.6547445554177,816.6547445554177,816.6547445554177,816.6547445554177,816.6547445554177,0
1970-01-01 00:00:00.000000246,,820.9858453500456,820.9858453500456,820.9858453500456,820.9858453500456,820.9858453500456,0
1970-01-01 00:00:00.000000247,,817.5210091672456,817.5210091672456,817.5210091672456,817.5210091672456,817.5210091672456,0
1970-01-01 00:00:00.000000248,,819.0609155587073,819.0609155587073,819.0609155587073,819.0609155587073,819.0609155587073,0
1970-01-01 00:00:00.000000249,,807.5112794385394,807.5112794385394,807.5112794385394,807.5112794385394,807.5112794385394,0
1970-01-01 00:00:00.000000250,,811.9146161901213,811.9146161901213,811.9146161901213,811.9146161901213,811.9146161901213,0
1970-01-01 00:00:00.000000251,,807.7519395894117,807.7519395894117,807.7519395894117,807.7519395894117,807.7519395894117,0
1970-01-01 00:00:00.000000252,,802.2899079214475,802.2899079214475,802.2899079214475,802.2899079214475,802.2899079214475,0
1970-01-01 00:00:00.000000253,,790.6680628757774,790.6680628757774,790.6680628757774,790.6680628757774,790.6680628757774,0
1970-01-01 00:00:00.000000254,,798.849120501535,798.849120501535,798.849120501535,798.849120501535,798.849120501535,0
1970-01-01 00:00:00.000000255,,794.9991735039283,794.9991735039283,794.9991735039283,794.9991735039283,794.9991735039283,0
1970-01-01 00:00:00.000000256,,792.9298809476207,792.9298809476207,792.9298809476207,792.9298809476207,792.9298809476207,0
1970-01-01 00:00:00.000000257,,805.1050941663964,805.1050941663964,805.1050941663964,805.1050941663964,805.1050941663964,0
1970-01-01 00:00:00.000000258,,755.5380061451982,755.5380061451982,755.5380061451982,755.5380061451982,755.5380061451982,0
1970-01-01 00:00:00.000000259,,718.964140414,718.964140414,718.964140414,718.964140414,718.964140414,0
1970-01-01 00:00:00.000000260,,724.7148944026496,724.7148944026496,724.7148944026496,724.7148944026496,724.7148944026496,0
1970-01-01 00:00:00.000000261,,705.0083790514392,705.0083790514392,705.0083790514392,705.0083790514392,705.0083790514392,0
1970-01-01 00:00:00.000000262,,664.2237575453395,664.2237575453395,664.2237575453395,664.2237575453395,664.2237575453395,0
1970-01-01 00:00:00.000000263,,698.9929681112263,698.9929681112263,698.9929681112263,698.9929681112263,698.9929681112263,0
1970-01-01 00:00:00.000000264,,696.851452798322,696.851452798322,696.851452798322,696.851452798322,696.851452798322,0
1970-01-01 00:00:00.000000265,,699.97952765381,699.97952765381,699.97952765381,699.97952765381,699.97952765381,0
1970-01-01 00:00:00.000000266,,692.7369301389425,692.7369301389425,692.7369301389425,692.7369301389425,692.7369301389425,0
1970-01-01 00:00:00.000000267,,705.0324505733819,705.0324505733819,705.0324505733819,705.0324505733819,705.0324505733819,0
1970-01-01 00:00:00.000000268,,709.820734370058,709.820734370058,709.820734370058,709.820734370058,709.820734370058,0
1970-01-01 00:00:00.000000269,,695.8649547562138,695.8649547562138,695.8649547562138,695.8649547562138,695.8649547562138,0
1970-01-01 00:00:00.000000270,,695.6483866262317,695.6483866262317,695.6483866262317,695.6483866262317,695.6483866262317,0
1970-01-01 00:00:00.000000271,,699.2335898037843,699.2335898037843,699.2335898037843,699.2335898037843,699.2335898037843,0
1970-01-01 00:00:00.000000272,,688.0929690365573,688.0929690365573,688.0929690365573,688.0929690365573,688.0929690365573,0
1970-01-01 00:00:00.000000273,,669.9504610765299,669.9504610765299,669.9504610765299,669.9504610765299,669.9504610765299,0
1970-01-01 00:00:00.000000274,,673.5596948842136,673.5596948842136,673.5596948842136,673.5596948842136,673.5596948842136,0
1970-01-01 00:00:00.000000275,,669.8542259643353,669.8542259643353,669.8542259643353,669.8542259643353,669.8542259643353,0
1970-01-01 00:00:00.000000276,,662.17852984326,662.17852984326,662.17852984326,662.17852984326,662.17852984326,0
1970-01-01 00:00:00.000000277,,666.5096196461675,666.5096196461675,666.5096196461675,666.5096196461675,666.5096196461675,0
1970-01-01 00:00:00.000000278,,685.2296861695988,685.2296861695988,685.2296861695988,685.2296861695988,685.2296861695988,0
1970-01-01 00:00:00.000000279,,687.6839766582194,687.6839766582194,687.6839766582194,687.6839766582194,687.6839766582194,0
1970-01-01 00:00:00.000000280,,680.9466570043411,680.9466570043411,680.9466570043411,680.9466570043411,680.9466570043411,0
1970-01-01 00:00:00.000000281,,704.5271442417869,704.5271442417869,704.5271442417869,704.5271442417869,704.5271442417869,0
1970-01-01 00:00:00.000000282,,682.2700461172175,682.2700461172175,682.2700461172175,682.2700461172175,682.2700461172175,0
1970-01-01 00:00:00.000000283,,684.5800439230268,684.5800439230268,684.5800439230268,684.5800439230268,684.5800439230268,0
1970-01-01 00:00:00.000000284,,680.2489157588611,680.2489157588611,680.2489157588611,680.2489157588611,680.2489157588611,0
1970-01-01 00:00:00.000000285,,680.2489135187975,680.2489135187975,680.2489135187975,680.2489135187975,680.2489135187975,0
1970-01-01 00:00:00.000000286,,683.425039780713,683.425039780713,683.425039780713,683.425039780713,683.425039780713,0
1970-01-01 00:00:00.000000287,,674.738751654688,674.738751654688,674.738751654688,674.738751654688,674.738751654688,0
1970-01-01 00:00:00.000000288,,673.7281651341079,673.7281651341079,673.7281651341079,673.7281651341079,673.7281651341079,0
1970-01-01 00:00:00.000000289,,688.6223173681863,688.6223173681863,688.6223173681863,688.6223173681863,688.6223173681863,0
1970-01-01 00:00:00.000000290,,684.3152794485474,684.3152794485474,684.3152794485474,684.3152794485474,684.3152794485474,0
1970-01-01 00:00:00.000000291,,689.8735628764491,689.8735628764491,689.8735628764491,689.8735628764491,689.8735628764491,0
1970-01-01 00:00:00.000000292,,695.6242960233407,695.6242960233407,695.6242960233407,695.6242960233407,695.6242960233407,0
1970-01-01 00:00:00.000000293,,688.1651985399441,688.1651985399441,688.1651985399441,688.1651985399441,688.1651985399441,0
1970-01-01 00:00:00.000000294,,690.0901189247743,690.0901189247743,690.0901189247743,690.0901189247743,690.0901189247743,0
1970-01-01 00:00:00.000000295,,705.2490224929844,705.2490224929844,705.2490224929844,705.2490224929844,705.2490224929844,0
1970-01-01 00:00:00.000000296,,703.612818227614,703.612818227614,703.612818227614,703.612818227614,703.612818227614,0
1970-01-01 00:00:00.000000297,,697.7899025966905,697.7899025966905,697.7899025966905,697.7899025966905,697.7899025966905,0
1970-01-01 00:00:00.000000298,,696.346187275041,696.346187275041,696.346187275041,696.346187275041,696.346187275041,0
1970-01-01 00:00:00.000000299,,690.8119662345265,690.8119662345265,690.8119662345265,690.8119662345265,690.8119662345265,0
1970-01-01 00:00:00.000000300,,697.3326898829163,697.3326898829163,697.3326898829163,697.3326898829163,697.3326898829163,0
1970-01-01 00:00:00.000000301,,694.2287288080258,694.2287288080258,694.2287288080258,694.2287288080258,694.2287288080258,0
1970-01-01 00:00:00.000000302,,693.4587271878006,693.4587271878006,693.4587271878006,693.4587271878006,693.4587271878006,0
1970-01-01 00:00:00.000000303,,686.817724775159,686.817724775159,686.817724775159,686.817724775159,686.817724775159,0
1970-01-01 00:00:00.000000304,,685.06126894079,685.06126894079,685.06126894079,685.06126894079,685.06126894079,0
1970-01-01 00:00:00.000000305,,693.3143739614376,693.3143739614376,693.3143739614376,693.3143739614376,693.3143739614376,0
1970-01-01 00:00:00.000000306,,701.6397216547837,701.6397216547837,701.6397216547837,701.6397216547837,701.6397216547837,0
1970-01-01 00:00:00.000000307,,705.0805566369718,705.0805566369718,705.0805566369718,705.0805566369718,705.0805566369718,0
1970-01-01 00:00:00.000000308,,708.4251749594738,708.4251749594738,708.4251749594738,708.4251749594738,708.4251749594738,0
1970-01-01 00:00:00.000000309,,723.7765467573814,723.7765467573814,723.7765467573814,723.7765467573814,723.7765467573814,0
1970-01-01 00:00:00.000000310,,740.6197309986502,740.6197309986502,740.6197309986502,740.6197309986502,740.6197309986502,0
1970-01-01 00:00:00.000000311,,748.2953950374196,748.2953950374196,748.2953950374196,748.2953950374196,748.2953950374196,0
1970-01-01 00:00:00.000000312,,748.247256453507,748.247256453507,748.247256453507,748.247256453507,748.247256453507,0
1970-01-01 00:00:00.000000313,,745.8652322489452,745.8652322489452,745.8652322489452,745.8652322489452,745.8652322489452,0
1970-01-01 00:00:00.000000314,,731.9575623724307,731.9575623724307,731.9575623724307,731.9575623724307,731.9575623724307,0
1970-01-01 00:00:00.000000315,,720.672590409408,720.672590409408,720.672590409408,720.672590409408,720.672590409408,0
1970-01-01 00:00:00.000000316,,715.5955137006688,715.5955137006688,715.5955137006688,715.5955137006688,715.5955137006688,0
1970-01-01 00:00:00.000000317,,726.5677117373554,726.5677117373554,726.5677117373554,726.5677117373554,726.5677117373554,0
1970-01-01 00:00:00.000000318,,715.379006632492,715.379006632492,715.379006632492,715.379006632492,715.379006632492,0
1970-01-01 00:00:00.000000319,,749.4744241169775,749.4744241169775,749.4744241169775,749.4744241169775,749.4744241169775,0
1970-01-01 00:00:00.000000320,,734.5080289331231,734.5080289331231,734.5080289331231,734.5080289331231,734.5080289331231,0
1970-01-01 00:00:00.000000321,,729.0700915935163,729.0700915935163,729.0700915935163,729.0700915935163,729.0700915935163,0
1970-01-01 00:00:00.000000322,,724.8593474468134,724.8593474468134,724.8593474468134,724.8593474468134,724.8593474468134,0
1970-01-01 00:00:00.000000323,,731.3800317721633,731.3800317721633,731.3800317721633,731.3800317721633,731.3800317721633,0
1970-01-01 00:00:00.000000324,,729.0700752230865,729.0700752230865,729.0700752230865,729.0700752230865,729.0700752230865,0
1970-01-01 00:00:00.000000325,,735.9035740391075,735.9035740391075,735.9035740391075,735.9035740391075,735.9035740391075,0
1970-01-01 00:00:00.000000326,,732.4387463958486,732.4387463958486,732.4387463958486,732.4387463958486,732.4387463958486,0
1970-01-01 00:00:00.000000327,,737.8526750637805,737.8526750637805,737.8526750637805,737.8526750637805,737.8526750637805,0
1970-01-01 00:00:00.000000328,,732.438772798343,732.438772798343,732.438772798343,732.438772798343,732.438772798343,0
1970-01-01 00:00:00.000000329,,732.4146866919178,732.4146866919178,732.4146866919178,732.4146866919178,732.4146866919178,0
1970-01-01 00:00:00.000000330,,719.9025179774412,719.9025179774412,719.9025179774412,719.9025179774412,719.9025179774412,0
1970-01-01 00:00:00.000000331,,709.7966527363385,709.7966527363385,709.7966527363385,709.7966527363385,709.7966527363385,0
1970-01-01 00:00:00.000000332,,711.6708342116414,711.6708342116414,711.6708342116414,711.6708342116414,711.6708342116414,0
1970-01-01 00:00:00.000000333,,708.2089541772247,708.2089541772247,708.2089541772247,708.2089541772247,708.2089541772247,0
1970-01-01 00:00:00.000000334,,718.22378620478,718.22378620478,718.22378620478,718.22378620478,718.22378620478,0
1970-01-01 00:00:00.000000335,,721.9082174518683,721.9082174518683,721.9082174518683,721.9082174518683,721.9082174518683,0
1970-01-01 00:00:00.000000336,,715.157518720131,715.157518720131,715.157518720131,715.157518720131,715.157518720131,0
1970-01-01 00:00:00.000000337,,715.2316656337492,715.2316656337492,715.2316656337492,715.2316656337492,715.2316656337492,0
1970-01-01 00:00:00.000000338,,717.1604326104932,717.1604326104932,717.1604326104932,717.1604326104932,717.1604326104932,0
1970-01-01 00:00:00.000000339,,720.9933066861782,720.9933066861782,720.9933066861782,720.9933066861782,720.9933066861782,0
1970-01-01 00:00:00.000000340,,721.3889351295842,721.3889351295842,721.3889351295842,721.3889351295842,721.3889351295842,0
1970-01-01 00:00:00.000000341,,735.657009867002,735.657009867002,735.657009867002,735.657009867002,735.657009867002,0
1970-01-01 00:00:00.000000342,,753.386948018145,753.386948018145,753.386948018145,753.386948018145,753.386948018145,0
1970-01-01 00:00:00.000000343,,756.7251988669668,756.7251988669668,756.7251988669668,756.7251988669668,756.7251988669668,0
1970-01-01 00:00:00.000000344,,750.7410489192533,750.7410489192533,750.7410489192533,750.7410489192533,750.7410489192533,0
1970-01-01 00:00:00.000000345,,741.4433011473677,741.4433011473677,741.4433011473677,741.4433011473677,741.4433011473677,0
1970-01-01 00:00:00.000000346,,751.2355783998958,751.2355783998958,751.2355783998958,751.2355783998958,751.2355783998958,0
1970-01-01 00:00:00.000000347,,790.8003565676889,790.8003565676889,790.8003565676889,790.8003565676889,790.8003565676889,0
1970-01-01 00:00:00.000000348,,770.0288704123839,770.0288704123839,770.0288704123839,770.0288704123839,770.0288704123839,0
1970-01-01 00:00:00.000000349,,738.8963534687351,738.8963534687351,738.8963534687351,738.8963534687351,738.8963534687351,0
1970-01-01 00:00:00.000000350,,773.935880390408,773.935880390408,773.935880390408,773.935880390408,773.935880390408,0
1970-01-01 00:00:00.000000351,,772.0318249530194,772.0318249530194,772.0318249530194,772.0318249530194,772.0318249530194,0
1970-01-01 00:00:00.000000352,,778.4363970142696,778.4363970142696,778.4363970142696,778.4363970142696,778.4363970142696,0
1970-01-01 00:00:00.000000353,,769.5343282958008,769.5343282958008,769.5343282958008,769.5343282958008,769.5343282958008,0
1970-01-01 00:00:00.000000354,,778.9309224262815,778.9309224262815,778.9309224262815,778.9309224262815,778.9309224262815,0
1970-01-01 00:00:00.000000355,,782.2692175314205,782.2692175314205,782.2692175314205,782.2692175314205,782.2692175314205,0
1970-01-01 00:00:00.000000356,,783.3819525669433,783.3819525669433,783.3819525669433,783.3819525669433,783.3819525669433,0
1970-01-01 00:00:00.000000357,,789.7617573819961,789.7617573819961,789.7617573819961,789.7617573819961,789.7617573819961,0
1970-01-01 00:00:00.000000358,,797.9220138815658,797.9220138815658,797.9220138815658,797.9220138815658,797.9220138815658,0
1970-01-01 00:00:00.000000359,,825.8151782490594,825.8151782490594,825.8151782490594,825.8151782490594,825.8151782490594,0
1970-01-01 00:00:00.000000360,,827.3235539541299,827.3235539541299,827.3235539541299,827.3235539541299,827.3235539541299,0
1970-01-01 00:00:00.000000361,,814.5391944673332,814.5391944673332,814.5391944673332,814.5391944673332,814.5391944673332,0
1970-01-01 00:00:00.000000362,,826.4580622064062,826.4580622064062,826.4580622064062,826.4580622064062,826.4580622064062,0
1970-01-01 00:00:00.000000363,,844.6825592195571,844.6825592195571,844.6825592195571,844.6825592195571,844.6825592195571,0
1970-01-01 00:00:00.000000364,,838.8220496434358,838.8220496434358,838.8220496434358,838.8220496434358,838.8220496434358,0
1970-01-01 00:00:00.000000365,,839.5638961186019,839.5638961186019,839.5638961186019,839.5638961186019,839.5638961186019,0
1970-01-01 00:00:00.000000366,,830.8596393241663,830.8596393241663,830.8596393241663,830.8596393241663,830.8596393241663,0
1970-01-01 00:00:00.000000367,,848.1692251398825,848.1692251398825,848.1692251398825,848.1692251398825,848.1692251398825,0
1970-01-01 00:00:00.000000368,,885.7557199946634,885.7557199946634,885.7557199946634,885.7557199946634,885.7557199946634,0
1970-01-01 00:00:00.000000369,,870.3007837565597,870.3007837565597,870.3007837565597,870.3007837565597,870.3007837565597,0
1970-01-01 00:00:00.000000370,,833.3324416247847,833.3324416247847,833.3324416247847,833.3324416247847,833.3324416247847,0
1970-01-01 00:00:00.000000371,,813.6984894445985,813.6984894445985,813.6984894445985,813.6984894445985,813.6984894445985,0
1970-01-01 00:00:00.000000372,,803.6588813928593,803.6588813928593,803.6588813928593,803.6588813928593,803.6588813928593,0
1970-01-01 00:00:00.000000373,,806.1069221261695,806.1069221261695,806.1069221261695,806.1069221261695,806.1069221261695,0
1970-01-01 00:00:00.000000374,,803.1396038660503,803.1396038660503,803.1396038660503,803.1396038660503,803.1396038660503,0
1970-01-01 00:00:00.000000375,,802.1751949386293,802.1751949386293,802.1751949386293,802.1751949386293,802.1751949386293,0
1970-01-01 00:00:00.000000376,,802.9170655405684,802.9170655405684,802.9170655405684,802.9170655405684,802.9170655405684,0
1970-01-01 00:00:00.000000377,,801.5569982727399,801.5569982727399,801.5569982727399,801.5569982727399,801.5569982727399,0
1970-01-01 00:00:00.000000378,,795.2514132805662,795.2514132805662,795.2514132805662,795.2514132805662,795.2514132805662,0
1970-01-01 00:00:00.000000379,,799.2078543012296,799.2078543012296,799.2078543012296,799.2078543012296,799.2078543012296,0
1970-01-01 00:00:00.000000380,,799.7024250934729,799.7024250934729,799.7024250934729,799.7024250934729,799.7024250934729,0
1970-01-01 00:00:00.000000381,,814.8112530537705,814.8112530537705,814.8112530537705,814.8112530537705,814.8112530537705,0
1970-01-01 00:00:00.000000382,,795.3255937640898,795.3255937640898,795.3255937640898,795.3255937640898,795.3255937640898,0
1970-01-01 00:00:00.000000383,,787.8329898611263,787.8329898611263,787.8329898611263,787.8329898611263,787.8329898611263,0
1970-01-01 00:00:00.000000384,,793.7677120388416,793.7677120388416,793.7677120388416,793.7677120388416,793.7677120388416,0
1970-01-01 00:00:00.000000385,,798.7133216768059,798.7133216768059,798.7133216768059,798.7133216768059,798.7133216768059,0
1970-01-01 00:00:00.000000386,,792.2840484772247,792.2840484772247,792.2840484772247,792.2840484772247,792.2840484772247,0
1970-01-01 00:00:00.000000387,,798.218749697799,798.218749697799,798.218749697799,798.218749697799,798.218749697799,0
1970-01-01 00:00:00.000000388,,802.6203205386024,802.6203205386024,802.6203205386024,802.6203205386024,802.6203205386024,0
1970-01-01 00:00:00.000000389,,806.6262389770505,806.6262389770505,806.6262389770505,806.6262389770505,806.6262389770505,0
1970-01-01 00:00:00.000000390,,811.1267359923157,811.1267359923157,811.1267359923157,811.1267359923157,811.1267359923157,0
1970-01-01 00:00:00.000000391,,806.1316994014651,806.1316994014651,806.1316994014651,806.1316994014651,806.1316994014651,0
1970-01-01 00:00:00.000000392,,799.702417653856,799.702417653856,799.702417653856,799.702417653856,799.702417653856,0
1970-01-01 00:00:00.000000393,,803.1643622151092,803.1643622151092,803.1643622151092,803.1643622151092,803.1643622151092,0
1970-01-01 00:00:00.000000394,,817.0119960604917,817.0119960604917,817.0119960604917,817.0119960604917,817.0119960604917,0
1970-01-01 00:00:00.000000395,,817.0119650379326,817.0119650379326,817.0119650379326,817.0119650379326,817.0119650379326,0
1970-01-01 00:00:00.000000396,,805.1425981089152,805.1425981089152,805.1425981089152,805.1425981089152,805.1425981089152,0
1970-01-01 00:00:00.000000397,,794.5095145826111,794.5095145826111,794.5095145826111,794.5095145826111,794.5095145826111,0
1970-01-01 00:00:00.000000398,,805.3898256326419,805.3898256326419,805.3898256326419,805.3898256326419,805.3898256326419,0
1970-01-01 00:00:00.000000399,,809.9150540665227,809.9150540665227,809.9150540665227,809.9150540665227,809.9150540665227,0
1970-01-01 00:00:00.000000400,,804.8705253703886,804.8705253703886,804.8705253703886,804.8705253703886,804.8705253703886,0
1970-01-01 00:00:00.000000401,,805.1920156414193,805.1920156414193,805.1920156414193,805.1920156414193,805.1920156414193,0
1970-01-01 00:00:00.000000402,,807.1208255853022,807.1208255853022,807.1208255853022,807.1208255853022,807.1208255853022,0
1970-01-01 00:00:00.000000403,,808.1099365929986,808.1099365929986,808.1099365929986,808.1099365929986,808.1099365929986,0
1970-01-01 00:00:00.000000404,,807.2197164517081,807.2197164517081,807.2197164517081,807.2197164517081,807.2197164517081,0
1970-01-01 00:00:00.000000405,,812.7588108486618,812.7588108486618,812.7588108486618,812.7588108486618,812.7588108486618,0
1970-01-01 00:00:00.000000406,,809.9645420446893,809.9645420446893,809.9645420446893,809.9645420446893,809.9645420446893,0
1970-01-01 00:00:00.000000407,,812.0663739005627,812.0663739005627,812.0663739005627,812.0663739005627,812.0663739005627,0
1970-01-01 00:00:00.000000408,,818.9902606997957,818.9902606997957,818.9902606997957,818.9902606997957,818.9902606997957,0
1970-01-01 00:00:00.000000409,,814.4402803944014,814.4402803944014,814.4402803944014,814.4402803944014,814.4402803944014,0
1970-01-01 00:00:00.000000410,,808.1099010070027,808.1099010070027,808.1099010070027,808.1099010070027,808.1099010070027,0
1970-01-01 00:00:00.000000411,,810.5827390293232,810.5827390293232,810.5827390293232,810.5827390293232,810.5827390293232,0
1970-01-01 00:00:00.000000412,,814.0446147735462,814.0446147735462,814.0446147735462,814.0446147735462,814.0446147735462,0
1970-01-01 00:00:00.000000413,,810.236551029228,810.236551029228,810.236551029228,810.236551029228,810.236551029228,0
1970-01-01 00:00:00.000000414,,810.0881768767318,810.0881768767318,810.0881768767318,810.0881768767318,810.0881768767318,0
1970-01-01 00:00:00.000000415,,818.0011375280176,818.0011375280176,818.0011375280176,818.0011375280176,818.0011375280176,0
1970-01-01 00:00:00.000000416,,816.2207391956355,816.2207391956355,816.2207391956355,816.2207391956355,816.2207391956355,0
1970-01-01 00:00:00.000000417,,818.0011086381118,818.0011086381118,818.0011086381118,818.0011086381118,818.0011086381118,0
1970-01-01 00:00:00.000000418,,827.8922984361488,827.8922984361488,827.8922984361488,827.8922984361488,827.8922984361488,0
1970-01-01 00:00:00.000000419,,824.4303649829031,824.4303649829031,824.4303649829031,824.4303649829031,824.4303649829031,0
1970-01-01 00:00:00.000000420,,829.8705392730935,829.8705392730935,829.8705392730935,829.8705392730935,829.8705392730935,0
1970-01-01 00:00:00.000000421,,826.8289658581398,826.8289658581398,826.8289658581398,826.8289658581398,826.8289658581398,0
1970-01-01 00:00:00.000000422,,840.355164064941,840.355164064941,840.355164064941,840.355164064941,840.355164064941,0
1970-01-01 00:00:00.000000423,,848.9110571189807,848.9110571189807,848.9110571189807,848.9110571189807,848.9110571189807,0
1970-01-01 00:00:00.000000424,,864.9842357759095,864.9842357759095,864.9842357759095,864.9842357759095,864.9842357759095,0
1970-01-01 00:00:00.000000425,,872.8972095571721,872.8972095571721,872.8972095571721,872.8972095571721,872.8972095571721,0
1970-01-01 00:00:00.000000426,,870.4986083342028,870.4986083342028,870.4986083342028,870.4986083342028,870.4986083342028,0
1970-01-01 00:00:00.000000427,,876.8784209519819,876.8784209519819,876.8784209519819,876.8784209519819,876.8784209519819,0
1970-01-01 00:00:00.000000428,,878.8319364182684,878.8319364182684,878.8319364182684,878.8319364182684,878.8319364182684,0
1970-01-01 00:00:00.000000429,,864.8853701436061,864.8853701436061,864.8853701436061,864.8853701436061,864.8853701436061,0
1970-01-01 00:00:00.000000430,,852.6202456256723,852.6202456256723,852.6202456256723,852.6202456256723,852.6202456256723,0
1970-01-01 00:00:00.000000431,,848.4906876477436,848.4906876477436,848.4906876477436,848.4906876477436,848.4906876477436,0
1970-01-01 00:00:00.000000432,,828.1395869381932,828.1395869381932,828.1395869381932,828.1395869381932,828.1395869381932,0
1970-01-01 00:00:00.000000433,,817.1108756255192,817.1108756255192,817.1108756255192,817.1108756255192,817.1108756255192,0
1970-01-01 00:00:00.000000434,,806.1316776388605,806.1316776388605,806.1316776388605,806.1316776388605,806.1316776388605,0
1970-01-01 00:00:00.000000435,,815.7756080998508,815.7756080998508,815.7756080998508,815.7756080998508,815.7756080998508,0
1970-01-01 00:00:00.000000436,,810.5826957697835,810.5826957697835,810.5826957697835,810.5826957697835,810.5826957697835,0
1970-01-01 00:00:00.000000437,,823.1692549129062,823.1692549129062,823.1692549129062,823.1692549129062,823.1692549129062,0
1970-01-01 00:00:00.000000438,,819.0150101360982,819.0150101360982,819.0150101360982,819.0150101360982,819.0150101360982,0
1970-01-01 00:00:00.000000439,,837.7834783871178,837.7834783871178,837.7834783871178,837.7834783871178,837.7834783871178,0
1970-01-01 00:00:00.000000440,,830.9091224661222,830.9091224661222,830.9091224661222,830.9091224661222,830.9091224661222,0
1970-01-01 00:00:00.000000441,,838.2532805925409,838.2532805925409,838.2532805925409,838.2532805925409,838.2532805925409,0
1970-01-01 00:00:00.000000442,,822.5016097295583,822.5016097295583,822.5016097295583,822.5016097295583,822.5016097295583,0
1970-01-01 00:00:00.000000443,,848.1692028251224,848.1692028251224,848.1692028251224,848.1692028251224,848.1692028251224,0
1970-01-01 00:00:00.000000444,,855.6123858594864,855.6123858594864,855.6123858594864,855.6123858594864,855.6123858594864,0
1970-01-01 00:00:00.000000445,,843.2484162089403,843.2484162089403,843.2484162089403,843.2484162089403,843.2484162089403,0
1970-01-01 00:00:00.000000446,,859.5935408112696,859.5935408112696,859.5935408112696,859.5935408112696,859.5935408112696,0
1970-01-01 00:00:00.000000447,,867.9515976583842,867.9515976583842,867.9515976583842,867.9515976583842,867.9515976583842,0
1970-01-01 00:00:00.000000448,,861.5223206649657,861.5223206649657,861.5223206649657,861.5223206649657,861.5223206649657,0
1970-01-01 00:00:00.000000449,,853.6835873421859,853.6835873421859,853.6835873421859,853.6835873421859,853.6835873421859,0
1970-01-01 00:00:00.000000450,,861.5223610141225,861.5223610141225,861.5223610141225,861.5223610141225,861.5223610141225,0
1970-01-01 00:00:00.000000451,,854.5984727039183,854.5984727039183,854.5984727039183,854.5984727039183,854.5984727039183,0
1970-01-01 00:00:00.000000452,,857.0713077719009,857.0713077719009,857.0713077719009,857.0713077719009,857.0713077719009,0
1970-01-01 00:00:00.000000453,,863.0060162056336,863.0060162056336,863.0060162056336,863.0060162056336,863.0060162056336,0
1970-01-01 00:00:00.000000454,,842.2345175002172,842.2345175002172,842.2345175002172,842.2345175002172,842.2345175002172,0
1970-01-01 00:00:00.000000455,,876.1118453894734,876.1118453894734,876.1118453894734,876.1118453894734,876.1118453894734,0
1970-01-01 00:00:00.000000456,,862.6598245654927,862.6598245654927,862.6598245654927,862.6598245654927,862.6598245654927,0
1970-01-01 00:00:00.000000457,,866.4679192572124,866.4679192572124,866.4679192572124,866.4679192572124,866.4679192572124,0
1970-01-01 00:00:00.000000458,,867.7290890558342,867.7290890558342,867.7290890558342,867.7290890558342,867.7290890558342,0
1970-01-01 00:00:00.000000459,,876.3590846616112,876.3590846616112,876.3590846616112,876.3590846616112,876.3590846616112,0
1970-01-01 00:00:00.000000460,,849.0346943403182,849.0346943403182,849.0346943403182,849.0346943403182,849.0346943403182,0
1970-01-01 00:00:00.000000461,,827.4471805574024,827.4471805574024,827.4471805574024,827.4471805574024,827.4471805574024,0
1970-01-01 00:00:00.000000462,,840.7508308706525,840.7508308706525,840.7508308706525,840.7508308706525,840.7508308706525,0
1970-01-01 00:00:00.000000463,,847.6746949660999,847.6746949660999,847.6746949660999,847.6746949660999,847.6746949660999,0
1970-01-01 00:00:00.000000464,,865.1820705210092,865.1820705210092,865.1820705210092,865.1820705210092,865.1820705210092,0
1970-01-01 00:00:00.000000465,,862.2889239945926,862.2889239945926,862.2889239945926,862.2889239945926,862.2889239945926,0
1970-01-01 00:00:00.000000466,,882.813111612645,882.813111612645,882.813111612645,882.813111612645,882.813111612645,0
1970-01-01 00:00:00.000000467,,895.1523761238119,895.1523761238119,895.1523761238119,895.1523761238119,895.1523761238119,0
1970-01-01 00:00:00.000000468,,885.2117154093354,885.2117154093354,885.2117154093354,885.2117154093354,885.2117154093354,0
1970-01-01 00:00:00.000000469,,899.6033767351272,899.6033767351272,899.6033767351272,899.6033767351272,899.6033767351272,0
1970-01-01 00:00:00.000000470,,890.84973234324,890.84973234324,890.84973234324,890.84973234324,890.84973234324,0
1970-01-01 00:00:00.000000471,,891.9377419237233,891.9377419237233,891.9377419237233,891.9377419237233,891.9377419237233,0
1970-01-01 00:00:00.000000472,,901.4332222848348,901.4332222848348,901.4332222848348,901.4332222848348,901.4332222848348,0
1970-01-01 00:00:00.000000473,,909.0,909.0,909.0,909.0,909.0,0
1970-01-01 00:00:00.000000474,,919.88034394157,919.88034394157,919.88034394157,919.88034394157,919.88034394157,0
1970-01-01 00:00:00.000000475,,918.3966361385092,918.3966361385092,918.3966361385092,918.3966361385092,918.3966361385092,0
1970-01-01 00:00:00.000000476,,916.739894932397,916.739894932397,916.739894932397,916.739894932397,916.739894932397,0
1970-01-01 00:00:00.000000477,,928.6339877475872,928.6339877475872,928.6339877475872,928.6339877475872,928.6339877475872,0
1970-01-01 00:00:00.000000478,,920.7210570298944,920.7210570298944,920.7210570298944,920.7210570298944,920.7210570298944,0
1970-01-01 00:00:00.000000479,,915.429285096372,915.429285096372,915.429285096372,915.429285096372,915.429285096372,0
1970-01-01 00:00:00.000000480,,921.1167325447444,921.1167325447444,921.1167325447444,921.1167325447444,921.1167325447444,0
1970-01-01 00:00:00.000000481,,922.4025825090224,922.4025825090224,922.4025825090224,922.4025825090224,922.4025825090224,0
1970-01-01 00:00:00.000000482,,918.0751871935556,918.0751871935556,918.0751871935556,918.0751871935556,918.0751871935556,0
1970-01-01 00:00:00.000000483,,904.969358193441,904.969358193441,904.969358193441,904.969358193441,904.969358193441,0
1970-01-01 00:00:00.000000484,,890.0089261951779,890.0089261951779,890.0089261951779,890.0089261951779,890.0089261951779,0
1970-01-01 00:00:00.000000485,,881.4035768672433,881.4035768672433,881.4035768672433,881.4035768672433,881.4035768672433,0
1970-01-01 00:00:00.000000486,,881.3047276930569,881.3047276930569,881.3047276930569,881.3047276930569,881.3047276930569,0
1970-01-01 00:00:00.000000487,,891.2206353553698,891.2206353553698,891.2206353553698,891.2206353553698,891.2206353553698,0
1970-01-01 00:00:00.000000488,,889.4896668257801,889.4896668257801,889.4896668257801,889.4896668257801,889.4896668257801,0
1970-01-01 00:00:00.000000489,,887.6351030662762,887.6351030662762,887.6351030662762,887.6351030662762,887.6351030662762,0
1970-01-01 00:00:00.000000490,,886.3492007198835,886.3492007198835,886.3492007198835,886.3492007198835,886.3492007198835,0
1970-01-01 00:00:00.000000491,,875.5183899347844,875.5183899347844,875.5183899347844,875.5183899347844,875.5183899347844,0
1970-01-01 00:00:00.000000492,,877.0761724744651,877.0761724744651,877.0761724744651,877.0761724744651,877.0761724744651,0
1970-01-01 00:00:00.000000493,,878.8813589072602,878.8813589072602,878.8813589072602,878.8813589072602,878.8813589072602,0
1970-01-01 00:00:00.000000494,,885.7557334037897,885.7557334037897,885.7557334037897,885.7557334037897,885.7557334037897,0
1970-01-01 00:00:00.000000495,,860.5826695347365,860.5826695347365,860.5826695347365,860.5826695347365,860.5826695347365,0
1970-01-01 00:00:00.000000496,,848.1692125054315,848.1692125054315,848.1692125054315,848.1692125054315,848.1692125054315,0
1970-01-01 00:00:00.000000497,,844.8309631702573,844.8309631702573,844.8309631702573,844.8309631702573,844.8309631702573,0
1970-01-01 00:00:00.000000498,,832.9120825317088,832.9120825317088,832.9120825317088,832.9120825317088,832.9120825317088,0
1970-01-01 00:00:00.000000499,,826.4086152573633,826.4086152573633,826.4086152573633,826.4086152573633,826.4086152573633,0
1970-01-01 00:00:00.000000500,,811.0772928855953,811.0772928855953,811.0772928855953,811.0772928855953,811.0772928855953,0
1970-01-01 00:00:00.000000501,,811.0278463113743,811.0278463113743,811.0278463113743,811.0278463113743,811.0278463113743,0
1970-01-01 00:00:00.000000502,,819.2374918888494,819.2374918888494,819.2374918888494,819.2374918888494,819.2374918888494,0
1970-01-01 00:00:00.000000503,,817.4323543947493,817.4323543947493,817.4323543947493,817.4323543947493,817.4323543947493,0
1970-01-01 00:00:00.000000504,,812.8082461283554,812.8082461283554,812.8082461283554,812.8082461283554,812.8082461283554,0
1970-01-01 00:00:00.000000505,,804.1534297969105,804.1534297969105,804.1534297969105,804.1534297969105,804.1534297969105,0
1970-01-01 00:00:00.000000506,,820.102974165005,820.102974165005,820.102974165005,820.102974165005,820.102974165005,0
1970-01-01 00:00:00.000000507,,812.2642314096465,812.2642314096465,812.2642314096465,812.2642314096465,812.2642314096465,0
1970-01-01 00:00:00.000000508,,834.3215948897786,834.3215948897786,834.3215948897786,834.3215948897786,834.3215948897786,0
1970-01-01 00:00:00.000000509,,820.9684922755642,820.9684922755642,820.9684922755642,820.9684922755642,820.9684922755642,0
1970-01-01 00:00:00.000000510,,811.6212597781287,811.6212597781287,811.6212597781287,811.6212597781287,811.6212597781287,0
1970-01-01 00:00:00.000000511,,814.5391775980519,814.5391775980519,814.5391775980519,814.5391775980519,814.5391775980519,0
1970-01-01 00:00:00.000000512,,828.3868424683864,828.3868424683864,828.3868424683864,828.3868424683864,828.3868424683864,0
1970-01-01 00:00:00.000000513,,831.3541854420887,831.3541854420887,831.3541854420887,831.3541854420887,831.3541854420887,0
1970-01-01 00:00:00.000000514,,834.4451973191599,834.4451973191599,834.4451973191599,834.4451973191599,834.4451973191599,0
1970-01-01 00:00:00.000000515,,839.514411978347,839.514411978347,839.514411978347,839.514411978347,839.514411978347,0
1970-01-01 00:00:00.000000516,,825.914069847498,825.914069847498,825.914069847498,825.914069847498,825.914069847498,0
1970-01-01 00:00:00.000000517,,835.1623116456053,835.1623116456053,835.1623116456053,835.1623116456053,835.1623116456053,0
1970-01-01 00:00:00.000000518,,857.0712816005666,857.0712816005666,857.0712816005666,857.0712816005666,857.0712816005666,0
1970-01-01 00:00:00.000000519,,858.3076976223431,858.3076976223431,858.3076976223431,858.3076976223431,858.3076976223431,0
1970-01-01 00:00:00.000000520,,865.4787798083339,865.4787798083339,865.4787798083339,865.4787798083339,865.4787798083339,0
1970-01-01 00:00:00.000000521,,849.3067522343022,849.3067522343022,849.3067522343022,849.3067522343022,849.3067522343022,0
1970-01-01 00:00:00.000000522,,842.2345201407762,842.2345201407762,842.2345201407762,842.2345201407762,842.2345201407762,0
1970-01-01 00:00:00.000000523,,837.2889486748277,837.2889486748277,837.2889486748277,837.2889486748277,837.2889486748277,0
1970-01-01 00:00:00.000000524,,840.2562935563526,840.2562935563526,840.2562935563526,840.2562935563526,840.2562935563526,0
1970-01-01 00:00:00.000000525,,841.6905248012127,841.6905248012127,841.6905248012127,841.6905248012127,841.6905248012127,0
1970-01-01 00:00:00.000000526,,833.4313269713399,833.4313269713399,833.4313269713399,833.4313269713399,833.4313269713399,0
1970-01-01 00:00:00.000000527,,847.2048585113112,847.2048585113112,847.2048585113112,847.2048585113112,847.2048585113112,0
1970-01-01 00:00:00.000000528,,849.1583389885324,849.1583389885324,849.1583389885324,849.1583389885324,849.1583389885324,0
1970-01-01 00:00:00.000000529,,846.1910127639487,846.1910127639487,846.1910127639487,846.1910127639487,846.1910127639487,0
1970-01-01 00:00:00.000000530,,831.3047500972469,831.3047500972469,831.3047500972469,831.3047500972469,831.3047500972469,0
1970-01-01 00:00:00.000000531,,831.4036522988879,831.4036522988879,831.4036522988879,831.4036522988879,831.4036522988879,0
1970-01-01 00:00:00.000000532,,826.4580582984072,826.4580582984072,826.4580582984072,826.4580582984072,826.4580582984072,0
1970-01-01 00:00:00.000000533,,832.1207817850297,832.1207817850297,832.1207817850297,832.1207817850297,832.1207817850297,0
1970-01-01 00:00:00.000000534,,833.3324728024684,833.3324728024684,833.3324728024684,833.3324728024684,833.3324728024684,0
1970-01-01 00:00:00.000000535,,860.4343505158643,860.4343505158643,860.4343505158643,860.4343505158643,860.4343505158643,0
1970-01-01 00:00:00.000000536,,839.7616994757401,839.7616994757401,839.7616994757401,839.7616994757401,839.7616994757401,0
1970-01-01 00:00:00.000000537,,841.7151964431243,841.7151964431243,841.7151964431243,841.7151964431243,841.7151964431243,0
1970-01-01 00:00:00.000000538,,834.3215566852482,834.3215566852482,834.3215566852482,834.3215566852482,834.3215566852482,0
1970-01-01 00:00:00.000000539,,831.848771123927,831.848771123927,831.848771123927,831.848771123927,831.848771123927,0
1970-01-01 00:00:00.000000540,,835.3106866319445,835.3106866319445,835.3106866319445,835.3106866319445,835.3106866319445,0
1970-01-01 00:00:00.000000541,,832.0465901366277,832.0465901366277,832.0465901366277,832.0465901366277,832.0465901366277,0
1970-01-01 00:00:00.000000542,,836.5718470958394,836.5718470958394,836.5718470958394,836.5718470958394,836.5718470958394,0
1970-01-01 00:00:00.000000543,,848.6885142038501,848.6885142038501,848.6885142038501,848.6885142038501,848.6885142038501,0
1970-01-01 00:00:00.000000544,,843.2236546626341,843.2236546626341,843.2236546626341,843.2236546626341,843.2236546626341,0
1970-01-01 00:00:00.000000545,,845.894287109375,845.894287109375,845.894287109375,845.894287109375,845.894287109375,0
1970-01-01 00:00:00.000000546,,858.0604352691031,858.0604352691031,858.0604352691031,858.0604352691031,858.0604352691031,0
1970-01-01 00:00:00.000000547,,867.4570202766122,867.4570202766122,867.4570202766122,867.4570202766122,867.4570202766122,0
1970-01-01 00:00:00.000000548,,868.2236490171963,868.2236490171963,868.2236490171963,868.2236490171963,868.2236490171963,0
1970-01-01 00:00:00.000000549,,879.8210412597656,879.8210412597656,879.8210412597656,879.8210412597656,879.8210412597656,0
1970-01-01 00:00:00.000000550,,892.6301428240463,892.6301428240463,892.6301428240463,892.6301428240463,892.6301428240463,0
1970-01-01 00:00:00.000000551,,902.5707623314628,902.5707623314628,902.5707623314628,902.5707623314628,902.5707623314628,0
1970-01-01 00:00:00.000000552,,890.2067688619484,890.2067688619484,890.2067688619484,890.2067688619484,890.2067688619484,0
1970-01-01 00:00:00.000000553,,904.5489919149948,904.5489919149948,904.5489919149948,904.5489919149948,904.5489919149948,0
1970-01-01 00:00:00.000000554,,891.1959148962379,891.1959148962379,891.1959148962379,891.1959148962379,891.1959148962379,0
1970-01-01 00:00:00.000000555,,875.7161547465231,875.7161547465231,875.7161547465231,875.7161547465231,875.7161547465231,0
1970-01-01 00:00:00.000000556,,880.8595993384149,880.8595993384149,880.8595993384149,880.8595993384149,880.8595993384149,0
1970-01-01 00:00:00.000000557,,896.6360660433086,896.6360660433086,896.6360660433086,896.6360660433086,896.6360660433086,0
1970-01-01 00:00:00.000000558,,871.8091659837349,871.8091659837349,871.8091659837349,871.8091659837349,871.8091659837349,0
1970-01-01 00:00:00.000000559,,872.8972127135281,872.8972127135281,872.8972127135281,872.8972127135281,872.8972127135281,0
1970-01-01 00:00:00.000000560,,872.897216796875,872.897216796875,872.897216796875,872.897216796875,872.897216796875,0
1970-01-01 00:00:00.000000561,,877.7191458375222,877.7191458375222,877.7191458375222,877.7191458375222,877.7191458375222,0
1970-01-01 00:00:00.000000562,,922.3531547965306,922.3531547965306,922.3531547965306,922.3531547965306,922.3531547965306,0
1970-01-01 00:00:00.000000563,,931.65087789309,931.65087789309,931.65087789309,931.65087789309,931.65087789309,0
1970-01-01 00:00:00.000000564,,930.7606659314406,930.7606659314406,930.7606659314406,930.7606659314406,930.7606659314406,0
1970-01-01 00:00:00.000000565,,951.5321247753582,951.5321247753582,951.5321247753582,951.5321247753582,951.5321247753582,0
1970-01-01 00:00:00.000000566,,956.9722921478614,956.9722921478614,956.9722921478614,956.9722921478614,956.9722921478614,0
1970-01-01 00:00:00.000000567,,978.6834279922238,978.6834279922238,978.6834279922238,978.6834279922238,978.6834279922238,0
1970-01-01 00:00:00.000000568,,944.6082860062515,944.6082860062515,944.6082860062515,944.6082860062515,944.6082860062515,0
1970-01-01 00:00:00.000000569,,951.9277760477684,951.9277760477684,951.9277760477684,951.9277760477684,951.9277760477684,0
1970-01-01 00:00:00.000000570,,945.201737168211,945.201737168211,945.201737168211,945.201737168211,945.201737168211,0
1970-01-01 00:00:00.000000571,,948.9604246244576,948.9604246244576,948.9604246244576,948.9604246244576,948.9604246244576,0
1970-01-01 00:00:00.000000572,,946.0919606394582,946.0919606394582,946.0919606394582,946.0919606394582,946.0919606394582,0
1970-01-01 00:00:00.000000573,,954.4006221017472,954.4006221017472,954.4006221017472,954.4006221017472,954.4006221017472,0
1970-01-01 00:00:00.000000574,,958.9504941175196,958.9504941175196,958.9504941175196,958.9504941175196,958.9504941175196,0
1970-01-01 00:00:00.000000575,,954.4994832691564,954.4994832691564,954.4994832691564,954.4994832691564,954.4994832691564,0
1970-01-01 00:00:00.000000576,,956.4777235793782,956.4777235793782,956.4777235793782,956.4777235793782,956.4777235793782,0
1970-01-01 00:00:00.000000577,,966.764563396747,966.764563396747,966.764563396747,966.764563396747,966.764563396747,0
1970-01-01 00:00:00.000000578,,944.6577478176148,944.6577478176148,944.6577478176148,944.6577478176148,944.6577478176148,0
1970-01-01 00:00:00.000000579,,948.3669400510574,948.3669400510574,948.3669400510574,948.3669400510574,948.3669400510574,0
1970-01-01 00:00:00.000000580,,964.3906589098536,964.3906589098536,964.3906589098536,964.3906589098536,964.3906589098536,0
1970-01-01 00:00:00.000000581,,950.5924615044366,950.5924615044366,950.5924615044366,950.5924615044366,950.5924615044366,0
1970-01-01 00:00:00.000000582,,946.33926678593,946.33926678593,946.33926678593,946.33926678593,946.33926678593,0
1970-01-01 00:00:00.000000583,,956.3788584731112,956.3788584731112,956.3788584731112,956.3788584731112,956.3788584731112,0
1970-01-01 00:00:00.000000584,,957.9613973326752,957.9613973326752,957.9613973326752,957.9613973326752,957.9613973326752,0
1970-01-01 00:00:00.000000585,,953.5598362823298,953.5598362823298,953.5598362823298,953.5598362823298,953.5598362823298,0
1970-01-01 00:00:00.000000586,,953.0158188688972,953.0158188688972,953.0158188688972,953.0158188688972,953.0158188688972,0
1970-01-01 00:00:00.000000587,,947.1799905275,947.1799905275,947.1799905275,947.1799905275,947.1799905275,0
1970-01-01 00:00:00.000000588,,949.6033562798516,949.6033562798516,949.6033562798516,949.6033562798516,949.6033562798516,0
1970-01-01 00:00:00.000000589,,956.9722610590912,956.9722610590912,956.9722610590912,956.9722610590912,956.9722610590912,0
1970-01-01 00:00:00.000000590,,955.2907448022736,955.2907448022736,955.2907448022736,955.2907448022736,955.2907448022736,0
1970-01-01 00:00:00.000000591,,949.652781171437,949.652781171437,949.652781171437,949.652781171437,949.652781171437,0
1970-01-01 00:00:00.000000592,,953.510341176232,953.510341176232,953.510341176232,953.510341176232,953.510341176232,0
1970-01-01 00:00:00.000000593,,955.4391372124952,955.4391372124952,955.4391372124952,955.4391372124952,955.4391372124952,0
1970-01-01 00:00:00.000000594,,954.5489062884246,954.5489062884246,954.5489062884246,954.5489062884246,954.5489062884246,0
1970-01-01 00:00:00.000000595,,958.4559643995624,958.4559643995624,958.4559643995624,958.4559643995624,958.4559643995624,0
1970-01-01 00:00:00.000000596,,950.0484392204654,950.0484392204654,950.0484392204654,950.0484392204654,950.0484392204654,0
1970-01-01 00:00:00.000000597,,963.4015272438888,963.4015272438888,963.4015272438888,963.4015272438888,963.4015272438888,0
1970-01-01 00:00:00.000000598,,961.4232889211332,961.4232889211332,961.4232889211332,961.4232889211332,961.4232889211332,0
1970-01-01 00:00:00.000000599,,986.6458648304324,986.6458648304324,986.6458648304324,986.6458648304324,986.6458648304324,0
1970-01-01 00:00:00.000000600,,980.612246620596,980.612246620596,980.612246620596,980.612246620596,980.612246620596,0
1970-01-01 00:00:00.000000601,,973.0948970543276,973.0948970543276,973.0948970543276,973.0948970543276,973.0948970543276,0
1970-01-01 00:00:00.000000602,,964.3906663258866,964.3906663258866,964.3906663258866,964.3906663258866,964.3906663258866,0
1970-01-01 00:00:00.000000603,,949.5538978058344,949.5538978058344,949.5538978058344,949.5538978058344,949.5538978058344,0
1970-01-01 00:00:00.000000604,,951.5321167467488,951.5321167467488,951.5321167467488,951.5321167467488,951.5321167467488,0
1970-01-01 00:00:00.000000605,,957.9613867228164,957.9613867228164,957.9613867228164,957.9613867228164,957.9613867228164,0
1970-01-01 00:00:00.000000606,,948.0702190858784,948.0702190858784,948.0702190858784,948.0702190858784,948.0702190858784,0
1970-01-01 00:00:00.000000607,,956.428271388678,956.428271388678,956.428271388678,956.428271388678,956.428271388678,0
1970-01-01 00:00:00.000000608,,955.2907435737948,955.2907435737948,955.2907435737948,955.2907435737948,955.2907435737948,0
1970-01-01 00:00:00.000000609,,963.599365234375,963.599365234375,963.599365234375,963.599365234375,963.599365234375,0
1970-01-01 00:00:00.000000610,,971.809053185964,971.809053185964,971.809053185964,971.809053185964,971.809053185964,0
1970-01-01 00:00:00.000000611,,972.3036366868828,972.3036366868828,972.3036366868828,972.3036366868828,972.3036366868828,0
1970-01-01 00:00:00.000000612,,979.9198164694816,979.9198164694816,979.9198164694816,979.9198164694816,979.9198164694816,0
1970-01-01 00:00:00.000000613,,1006.5,1006.5,1006.5,1006.5,1006.5,0
1970-01-01 00:00:00.000000614,,1005.75,1005.75,1005.75,1005.75,1005.75,0
1970-01-01 00:00:00.000000615,,1002.5,1002.5,1002.5,1002.5,1002.5,0
1970-01-01 00:00:00.000000616,,1009.9500122070312,1009.9500122070312,1009.9500122070312,1009.9500122070312,1009.9500122070312,0
1970-01-01 00:00:00.000000617,,997.4500122070312,997.4500122070312,997.4500122070312,997.4500122070312,997.4500122070312,0
1970-01-01 00:00:00.000000618,,993.5499877929688,993.5499877929688,993.5499877929688,993.5499877929688,993.5499877929688,0
1970-01-01 00:00:00.000000619,,994.5,994.5,994.5,994.5,994.5,0
1970-01-01 00:00:00.000000620,,988.5,988.5,988.5,988.5,988.5,0
1970-01-01 00:00:00.000000621,,1003.5,1003.5,1003.5,1003.5,1003.5,0
1970-01-01 00:00:00.000000622,,1008.0,1008.0,1008.0,1008.0,1008.0,0
1970-01-01 00:00:00.000000623,,999.0,999.0,999.0,999.0,999.0,0
1970-01-01 00:00:00.000000624,,991.5,991.5,991.5,991.5,991.5,0
1970-01-01 00:00:00.000000625,,986.5,986.5,986.5,986.5,986.5,0
1970-01-01 00:00:00.000000626,,1009.0,1009.0,1009.0,1009.0,1009.0,0
1970-01-01 00:00:00.000000627,,1002.0,1002.0,1002.0,1002.0,1002.0,0
1970-01-01 00:00:00.000000628,,993.4500122070312,993.4500122070312,993.4500122070312,993.4500122070312,993.4500122070312,0
1970-01-01 00:00:00.000000629,,989.0999755859376,989.0999755859376,989.0999755859376,989.0999755859376,989.0999755859376,0
1970-01-01 00:00:00.000000630,,1006.5499877929688,1006.5499877929688,1006.5499877929688,1006.5499877929688,1006.5499877929688,0
1970-01-01 00:00:00.000000631,,1005.5,1005.5,1005.5,1005.5,1005.5,0
1970-01-01 00:00:00.000000632,,1018.8499755859376,1018.8499755859376,1018.8499755859376,1018.8499755859376,1018.8499755859376,0
1970-01-01 00:00:00.000000633,,1007.5,1007.5,1007.5,1007.5,1007.5,0
1970-01-01 00:00:00.000000634,,1001.5,1001.5,1001.5,1001.5,1001.5,0
1970-01-01 00:00:00.000000635,,999.9500122070312,999.9500122070312,999.9500122070312,999.9500122070312,999.9500122070312,0
1970-01-01 00:00:00.000000636,,1014.0,1014.0,1014.0,1014.0,1014.0,0
1970-01-01 00:00:00.000000637,,1007.2999877929688,1007.2999877929688,1007.2999877929688,1007.2999877929688,1007.2999877929688,0
1970-01-01 00:00:00.000000638,,1007.0,1007.0,1007.0,1007.0,1007.0,0
1970-01-01 00:00:00.000000639,,1005.0499877929688,1005.0499877929688,1005.0499877929688,1005.0499877929688,1005.0499877929688,0
1970-01-01 00:00:00.000000640,,993.25,993.25,993.25,993.25,993.25,0
1970-01-01 00:00:00.000000641,,985.5499877929688,985.5499877929688,985.5499877929688,985.5499877929688,985.5499877929688,0
1970-01-01 00:00:00.000000642,,990.0499877929688,990.0499877929688,990.0499877929688,990.0499877929688,990.0499877929688,0
1970-01-01 00:00:00.000000643,,993.5499877929688,993.5499877929688,993.5499877929688,993.5499877929688,993.5499877929688,0
1970-01-01 00:00:00.000000644,,987.9500122070312,987.9500122070312,987.9500122070312,987.9500122070312,987.9500122070312,0
1970-01-01 00:00:00.000000645,,995.9500122070312,995.9500122070312,995.9500122070312,995.9500122070312,995.9500122070312,0
1970-01-01 00:00:00.000000646,,997.0,997.0,997.0,997.0,997.0,0
1970-01-01 00:00:00.000000647,,989.0,989.0,989.0,989.0,989.0,0
1970-01-01 00:00:00.000000648,,1005.0,1005.0,1005.0,1005.0,1005.0,0
1970-01-01 00:00:00.000000649,,999.1500244140624,999.1500244140624,999.1500244140624,999.1500244140624,999.1500244140624,0
1970-01-01 00:00:00.000000650,,993.5,993.5,993.5,993.5,993.5,0
1970-01-01 00:00:00.000000651,,998.75,998.75,998.75,998.75,998.75,0
1970-01-01 00:00:00.000000652,,994.9500122070312,994.9500122070312,994.9500122070312,994.9500122070312,994.9500122070312,0
1970-01-01 00:00:00.000000653,,980.0999755859376,980.0999755859376,980.0999755859376,980.0999755859376,980.0999755859376,0
1970-01-01 00:00:00.000000654,,979.5,979.5,979.5,979.5,979.5,0
1970-01-01 00:00:00.000000655,,973.4000244140624,973.4000244140624,973.4000244140624,973.4000244140624,973.4000244140624,0
1970-01-01 00:00:00.000000656,,967.0,967.0,967.0,967.0,967.0,0
1970-01-01 00:00:00.000000657,,954.0,954.0,954.0,954.0,954.0,0
1970-01-01 00:00:00.000000658,,949.5999755859376,949.5999755859376,949.5999755859376,949.5999755859376,949.5999755859376,0
1970-01-01 00:00:00.000000659,,951.0,951.0,951.0,951.0,951.0,0
1970-01-01 00:00:00.000000660,,945.0,945.0,945.0,945.0,945.0,0
1970-01-01 00:00:00.000000661,,960.2000122070312,960.2000122070312,960.2000122070312,960.2000122070312,960.2000122070312,0
1970-01-01 00:00:00.000000662,,967.5,967.5,967.5,967.5,967.5,0
1970-01-01 00:00:00.000000663,,969.0,969.0,969.0,969.0,969.0,0
1970-01-01 00:00:00.000000664,,974.0,974.0,974.0,974.0,974.0,0
1970-01-01 00:00:00.000000665,,973.9000244140624,973.9000244140624,973.9000244140624,973.9000244140624,973.9000244140624,0
1970-01-01 00:00:00.000000666,,960.2999877929688,960.2999877929688,960.2999877929688,960.2999877929688,960.2999877929688,0
1970-01-01 00:00:00.000000667,,969.9000244140624,969.9000244140624,969.9000244140624,969.9000244140624,969.9000244140624,0
