Date,Ticker,HINDUNILVR.NS,HINDUNILVR.NS.1,HINDUNILVR.NS.2,HINDUNILVR.NS.3,HINDUNILVR.NS.4,SentimentScore
1970-01-01 00:00:00.000000000,,2465.1674800429623,2465.1674800429623,2465.1674800429623,2465.1674800429623,2465.1674800429623,0
1970-01-01 00:00:00.000000001,,2465.1674800429623,2465.1674800429623,2465.1674800429623,2465.1674800429623,2465.1674800429623,0
1970-01-01 00:00:00.000000002,,2442.324887138332,2442.324887138332,2442.324887138332,2442.324887138332,2442.324887138332,0
1970-01-01 00:00:00.000000003,,2442.75594419489,2442.75594419489,2442.75594419489,2442.75594419489,2442.75594419489,0
1970-01-01 00:00:00.000000004,,2430.352893001794,2430.352893001794,2430.352893001794,2430.352893001794,2430.352893001794,0
1970-01-01 00:00:00.000000005,,2471.009454153878,2471.009454153878,2471.009454153878,2471.009454153878,2471.009454153878,0
1970-01-01 00:00:00.000000006,,2479.964897483789,2479.964897483789,2479.964897483789,2479.964897483789,2479.964897483789,0
1970-01-01 00:00:00.000000007,,2513.1987449945536,2513.1987449945536,2513.1987449945536,2513.1987449945536,2513.1987449945536,0
1970-01-01 00:00:00.000000008,,2532.306052597489,2532.306052597489,2532.306052597489,2532.306052597489,2532.306052597489,0
1970-01-01 00:00:00.000000009,,2476.8521655707195,2476.8521655707195,2476.8521655707195,2476.8521655707195,2476.8521655707195,0
1970-01-01 00:00:00.000000010,,2480.7789314800148,2480.7789314800148,2480.7789314800148,2480.7789314800148,2480.7789314800148,0
1970-01-01 00:00:00.000000011,,2516.9343216078087,2516.9343216078087,2516.9343216078087,2516.9343216078087,2516.9343216078087,0
1970-01-01 00:00:00.000000012,,2495.384842595419,2495.384842595419,2495.384842595419,2495.384842595419,2495.384842595419,0
1970-01-01 00:00:00.000000013,,2555.2920387087684,2555.2920387087684,2555.2920387087684,2555.2920387087684,2555.2920387087684,0
1970-01-01 00:00:00.000000014,,2557.303408941623,2557.303408941623,2557.303408941623,2557.303408941623,2557.303408941623,0
1970-01-01 00:00:00.000000015,,2442.2772728666014,2442.2772728666014,2442.2772728666014,2442.2772728666014,2442.2772728666014,0
1970-01-01 00:00:00.000000016,,2451.8545830530443,2451.8545830530443,2451.8545830530443,2451.8545830530443,2451.8545830530443,0
1970-01-01 00:00:00.000000017,,2493.9956994448185,2493.9956994448185,2493.9956994448185,2493.9956994448185,2493.9956994448185,0
1970-01-01 00:00:00.000000018,,2490.6439869172245,2490.6439869172245,2490.6439869172245,2490.6439869172245,2490.6439869172245,0
1970-01-01 00:00:00.000000019,,2524.165203293354,2524.165203293354,2524.165203293354,2524.165203293354,2524.165203293354,0
1970-01-01 00:00:00.000000020,,2499.742324991905,2499.742324991905,2499.742324991905,2499.742324991905,2499.742324991905,0
1970-01-01 00:00:00.000000021,,2459.516610374017,2459.516610374017,2459.516610374017,2459.516610374017,2459.516610374017,0
1970-01-01 00:00:00.000000022,,2490.356399950708,2490.356399950708,2490.356399950708,2490.356399950708,2490.356399950708,0
1970-01-01 00:00:00.000000023,,2460.953295465138,2460.953295465138,2460.953295465138,2460.953295465138,2460.953295465138,0
1970-01-01 00:00:00.000000024,,2528.4751061821617,2528.4751061821617,2528.4751061821617,2528.4751061821617,2528.4751061821617,0
1970-01-01 00:00:00.000000025,,2519.8554760862344,2519.8554760862344,2519.8554760862344,2519.8554760862344,2519.8554760862344,0
1970-01-01 00:00:00.000000026,,2533.263709328862,2533.263709328862,2533.263709328862,2533.263709328862,2533.263709328862,0
1970-01-01 00:00:00.000000027,,2483.173093909701,2483.173093909701,2483.173093909701,2483.173093909701,2483.173093909701,0
1970-01-01 00:00:00.000000028,,2477.713887134675,2477.713887134675,2477.713887134675,2477.713887134675,2477.713887134675,0
1970-01-01 00:00:00.000000029,,2475.798401885306,2475.798401885306,2475.798401885306,2475.798401885306,2475.798401885306,0
1970-01-01 00:00:00.000000030,,2451.854659046881,2451.854659046881,2451.854659046881,2451.854659046881,2451.854659046881,0
1970-01-01 00:00:00.000000031,,2475.798496258107,2475.798496258107,2475.798496258107,2475.798496258107,2475.798496258107,0
1970-01-01 00:00:00.000000032,,2442.276804288299,2442.276804288299,2442.276804288299,2442.276804288299,2442.276804288299,0
1970-01-01 00:00:00.000000033,,2451.854550892754,2451.854550892754,2451.854550892754,2451.854550892754,2451.854550892754,0
1970-01-01 00:00:00.000000034,,2418.3332988789816,2418.3332988789816,2418.3332988789816,2418.3332988789816,2418.3332988789816,0
1970-01-01 00:00:00.000000035,,2411.628815253265,2411.628815253265,2411.628815253265,2411.628815253265,2411.628815253265,0
1970-01-01 00:00:00.000000036,,2421.2066775663075,2421.2066775663075,2421.2066775663075,2421.2066775663075,2421.2066775663075,0
1970-01-01 00:00:00.000000037,,2409.8569347099165,2409.8569347099165,2409.8569347099165,2409.8569347099165,2409.8569347099165,0
1970-01-01 00:00:00.000000038,,2386.727145725292,2386.727145725292,2386.727145725292,2386.727145725292,2386.727145725292,0
1970-01-01 00:00:00.000000039,,2386.918882093857,2386.918882093857,2386.918882093857,2386.918882093857,2386.918882093857,0
1970-01-01 00:00:00.000000040,,2381.9385550799434,2381.9385550799434,2381.9385550799434,2381.9385550799434,2381.9385550799434,0
1970-01-01 00:00:00.000000041,,2365.4173312615303,2365.4173312615303,2365.4173312615303,2365.4173312615303,2365.4173312615303,0
1970-01-01 00:00:00.000000042,,2354.163700384883,2354.163700384883,2354.163700384883,2354.163700384883,2354.163700384883,0
1970-01-01 00:00:00.000000043,,2362.065176824087,2362.065176824087,2362.065176824087,2362.065176824087,2362.065176824087,0
1970-01-01 00:00:00.000000044,,2361.82547946808,2361.82547946808,2361.82547946808,2361.82547946808,2361.82547946808,0
1970-01-01 00:00:00.000000045,,2377.101518791136,2377.101518791136,2377.101518791136,2377.101518791136,2377.101518791136,0
1970-01-01 00:00:00.000000046,,2381.938294542572,2381.938294542572,2381.938294542572,2381.938294542572,2381.938294542572,0
1970-01-01 00:00:00.000000047,,2379.87923492529,2379.87923492529,2379.87923492529,2379.87923492529,2379.87923492529,0
1970-01-01 00:00:00.000000048,,2346.50179140768,2346.50179140768,2346.50179140768,2346.50179140768,2346.50179140768,0
1970-01-01 00:00:00.000000049,,2361.825674591218,2361.825674591218,2361.825674591218,2361.825674591218,2361.825674591218,0
1970-01-01 00:00:00.000000050,,2357.994679674439,2357.994679674439,2357.994679674439,2357.994679674439,2357.994679674439,0
1970-01-01 00:00:00.000000051,,2348.321326928999,2348.321326928999,2348.321326928999,2348.321326928999,2348.321326928999,0
1970-01-01 00:00:00.000000052,,2322.509607031112,2322.509607031112,2322.509607031112,2322.509607031112,2322.509607031112,0
1970-01-01 00:00:00.000000053,,2367.2368064297657,2367.2368064297657,2367.2368064297657,2367.2368064297657,2367.2368064297657,0
1970-01-01 00:00:00.000000054,,2344.011346857075,2344.011346857075,2344.011346857075,2344.011346857075,2344.011346857075,0
1970-01-01 00:00:00.000000055,,2408.755642269459,2408.755642269459,2408.755642269459,2408.755642269459,2408.755642269459,0
1970-01-01 00:00:00.000000056,,2368.1469413578857,2368.1469413578857,2368.1469413578857,2368.1469413578857,2368.1469413578857,0
1970-01-01 00:00:00.000000057,,2370.445226776383,2370.445226776383,2370.445226776383,2370.445226776383,2370.445226776383,0
1970-01-01 00:00:00.000000058,,2367.7634520861684,2367.7634520861684,2367.7634520861684,2367.7634520861684,2367.7634520861684,0
1970-01-01 00:00:00.000000059,,2380.023060005252,2380.023060005252,2380.023060005252,2380.023060005252,2380.023060005252,0
1970-01-01 00:00:00.000000060,,2403.775174000652,2403.775174000652,2403.775174000652,2403.775174000652,2403.775174000652,0
1970-01-01 00:00:00.000000061,,2380.0230837973822,2380.0230837973822,2380.0230837973822,2380.0230837973822,2380.0230837973822,0
1970-01-01 00:00:00.000000062,,2450.7056172736043,2450.7056172736043,2450.7056172736043,2450.7056172736043,2450.7056172736043,0
1970-01-01 00:00:00.000000063,,2461.43218058454,2461.43218058454,2461.43218058454,2461.43218058454,2461.43218058454,0
1970-01-01 00:00:00.000000064,,2406.3612162045665,2406.3612162045665,2406.3612162045665,2406.3612162045665,2406.3612162045665,0
1970-01-01 00:00:00.000000065,,2466.2209305866872,2466.2209305866872,2466.2209305866872,2466.2209305866872,2466.2209305866872,0
1970-01-01 00:00:00.000000066,,2456.882961506933,2456.882961506933,2456.882961506933,2456.882961506933,2456.882961506933,0
1970-01-01 00:00:00.000000067,,2432.699463681189,2432.699463681189,2432.699463681189,2432.699463681189,2432.699463681189,0
1970-01-01 00:00:00.000000068,,2448.023795927993,2448.023795927993,2448.023795927993,2448.023795927993,2448.023795927993,0
1970-01-01 00:00:00.000000069,,2418.333241081893,2418.333241081893,2418.333241081893,2418.333241081893,2418.333241081893,0
1970-01-01 00:00:00.000000070,,2464.3055125828782,2464.3055125828782,2464.3055125828782,2464.3055125828782,2464.3055125828782,0
1970-01-01 00:00:00.000000071,,2451.8545012024724,2451.8545012024724,2451.8545012024724,2451.8545012024724,2451.8545012024724,0
1970-01-01 00:00:00.000000072,,2440.361641725093,2440.361641725093,2440.361641725093,2440.361641725093,2440.361641725093,0
1970-01-01 00:00:00.000000073,,2411.437645948158,2411.437645948158,2411.437645948158,2411.437645948158,2411.437645948158,0
1970-01-01 00:00:00.000000074,,2386.7271816547222,2386.7271816547222,2386.7271816547222,2386.7271816547222,2386.7271816547222,0
1970-01-01 00:00:00.000000075,,2396.3050971112734,2396.3050971112734,2396.3050971112734,2396.3050971112734,2396.3050971112734,0
1970-01-01 00:00:00.000000076,,2385.6259183638385,2385.6259183638385,2385.6259183638385,2385.6259183638385,2385.6259183638385,0
1970-01-01 00:00:00.000000077,,2384.81178817641,2384.81178817641,2384.81178817641,2384.81178817641,2384.81178817641,0
1970-01-01 00:00:00.000000078,,2407.749885226842,2407.749885226842,2407.749885226842,2407.749885226842,2407.749885226842,0
1970-01-01 00:00:00.000000079,,2333.1408551288887,2333.1408551288887,2333.1408551288887,2333.1408551288887,2333.1408551288887,0
1970-01-01 00:00:00.000000080,,2367.3808682079725,2367.3808682079725,2367.3808682079725,2367.3808682079725,2367.3808682079725,0
1970-01-01 00:00:00.000000081,,2353.1578625413504,2353.1578625413504,2353.1578625413504,2353.1578625413504,2353.1578625413504,0
1970-01-01 00:00:00.000000082,,2381.8906372597844,2381.8906372597844,2381.8906372597844,2381.8906372597844,2381.8906372597844,0
1970-01-01 00:00:00.000000083,,2394.389349210862,2394.389349210862,2394.389349210862,2394.389349210862,2394.389349210862,0
1970-01-01 00:00:00.000000084,,2399.896362947055,2399.896362947055,2399.896362947055,2399.896362947055,2399.896362947055,0
1970-01-01 00:00:00.000000085,,2418.3332788275507,2418.3332788275507,2418.3332788275507,2418.3332788275507,2418.3332788275507,0
1970-01-01 00:00:00.000000086,,2414.501989116595,2414.501989116595,2414.501989116595,2414.501989116595,2414.501989116595,0
1970-01-01 00:00:00.000000087,,2429.7784751826584,2429.7784751826584,2429.7784751826584,2429.7784751826584,2429.7784751826584,0
1970-01-01 00:00:00.000000088,,2484.41848965599,2484.41848965599,2484.41848965599,2484.41848965599,2484.41848965599,0
1970-01-01 00:00:00.000000089,,2526.5116455736534,2526.5116455736534,2526.5116455736534,2526.5116455736534,2526.5116455736534,0
1970-01-01 00:00:00.000000090,,2557.2077333067164,2557.2077333067164,2557.2077333067164,2557.2077333067164,2557.2077333067164,0
1970-01-01 00:00:00.000000091,,2559.123393033249,2559.123393033249,2559.123393033249,2559.123393033249,2559.123393033249,0
1970-01-01 00:00:00.000000092,,2552.89805494941,2552.89805494941,2552.89805494941,2552.89805494941,2552.89805494941,0
1970-01-01 00:00:00.000000093,,2517.604692654208,2517.604692654208,2517.604692654208,2517.604692654208,2517.604692654208,0
1970-01-01 00:00:00.000000094,,2523.686137392096,2523.686137392096,2523.686137392096,2523.686137392096,2523.686137392096,0
1970-01-01 00:00:00.000000095,,2520.812936341097,2520.812936341097,2520.812936341097,2520.812936341097,2520.812936341097,0
1970-01-01 00:00:00.000000096,,2509.320111830684,2509.320111830684,2509.320111830684,2509.320111830684,2509.320111830684,0
1970-01-01 00:00:00.000000097,,2499.74239110327,2499.74239110327,2499.74239110327,2499.74239110327,2499.74239110327,0
1970-01-01 00:00:00.000000098,,2493.7564454696626,2493.7564454696626,2493.7564454696626,2493.7564454696626,2493.7564454696626,0
1970-01-01 00:00:00.000000099,,2557.208075183852,2557.208075183852,2557.208075183852,2557.208075183852,2557.208075183852,0
1970-01-01 00:00:00.000000100,,2543.320481537517,2543.320481537517,2543.320481537517,2543.320481537517,2543.320481537517,0
1970-01-01 00:00:00.000000101,,2544.326258295689,2544.326258295689,2544.326258295689,2544.326258295689,2544.326258295689,0
1970-01-01 00:00:00.000000102,,2554.3346394466616,2554.3346394466616,2554.3346394466616,2554.3346394466616,2554.3346394466616,0
1970-01-01 00:00:00.000000103,,2595.517898149314,2595.517898149314,2595.517898149314,2595.517898149314,2595.517898149314,0
1970-01-01 00:00:00.000000104,,2601.695531235555,2601.695531235555,2601.695531235555,2601.695531235555,2601.695531235555,0
1970-01-01 00:00:00.000000105,,2585.9403426487465,2585.9403426487465,2585.9403426487465,2585.9403426487465,2585.9403426487465,0
1970-01-01 00:00:00.000000106,,2576.362901446265,2576.362901446265,2576.362901446265,2576.362901446265,2576.362901446265,0
1970-01-01 00:00:00.000000107,,2592.644726593282,2592.644726593282,2592.644726593282,2592.644726593282,2592.644726593282,0
1970-01-01 00:00:00.000000108,,2575.3573098116863,2575.3573098116863,2575.3573098116863,2575.3573098116863,2575.3573098116863,0
1970-01-01 00:00:00.000000109,,2533.2636207141936,2533.2636207141936,2533.2636207141936,2533.2636207141936,2533.2636207141936,0
1970-01-01 00:00:00.000000110,,2518.5144963410708,2518.5144963410708,2518.5144963410708,2518.5144963410708,2518.5144963410708,0
1970-01-01 00:00:00.000000111,,2558.165443709472,2558.165443709472,2558.165443709472,2558.165443709472,2558.165443709472,0
1970-01-01 00:00:00.000000112,,2599.301014997164,2599.301014997164,2599.301014997164,2599.301014997164,2599.301014997164,0
1970-01-01 00:00:00.000000113,,2576.0754853202907,2576.0754853202907,2576.0754853202907,2576.0754853202907,2576.0754853202907,0
1970-01-01 00:00:00.000000114,,2608.991794800498,2608.991794800498,2608.991794800498,2608.991794800498,2608.991794800498,0
1970-01-01 00:00:00.000000115,,2578.0932783009616,2578.0932783009616,2578.0932783009616,2578.0932783009616,2578.0932783009616,0
1970-01-01 00:00:00.000000116,,2593.494321938956,2593.494321938956,2593.494321938956,2593.494321938956,2593.494321938956,0
1970-01-01 00:00:00.000000117,,2576.789509730878,2576.789509730878,2576.789509730878,2576.789509730878,2576.789509730878,0
1970-01-01 00:00:00.000000118,,2560.036957740844,2560.036957740844,2560.036957740844,2560.036957740844,2560.036957740844,0
1970-01-01 00:00:00.000000119,,2551.201637164964,2551.201637164964,2551.201637164964,2551.201637164964,2551.201637164964,0
1970-01-01 00:00:00.000000120,,2560.809632754003,2560.809632754003,2560.809632754003,2560.809632754003,2560.809632754003,0
1970-01-01 00:00:00.000000121,,2561.629943077841,2561.629943077841,2561.629943077841,2561.629943077841,2561.629943077841,0
1970-01-01 00:00:00.000000122,,2574.1826419402705,2574.1826419402705,2574.1826419402705,2574.1826419402705,2574.1826419402705,0
1970-01-01 00:00:00.000000123,,2594.5082879280258,2594.5082879280258,2594.5082879280258,2594.5082879280258,2594.5082879280258,0
1970-01-01 00:00:00.000000124,,2608.074695137276,2608.074695137276,2608.074695137276,2608.074695137276,2608.074695137276,0
1970-01-01 00:00:00.000000125,,2607.012089290555,2607.012089290555,2607.012089290555,2607.012089290555,2607.012089290555,0
1970-01-01 00:00:00.000000126,,2664.898742426724,2664.898742426724,2664.898742426724,2664.898742426724,2664.898742426724,0
1970-01-01 00:00:00.000000127,,2658.3331128901764,2658.3331128901764,2658.3331128901764,2658.3331128901764,2658.3331128901764,0
1970-01-01 00:00:00.000000128,,2616.6198934290805,2616.6198934290805,2616.6198934290805,2616.6198934290805,2616.6198934290805,0
1970-01-01 00:00:00.000000129,,2565.637494383056,2565.637494383056,2565.637494383056,2565.637494383056,2565.637494383056,0
1970-01-01 00:00:00.000000130,,2611.840316089044,2611.840316089044,2611.840316089044,2611.840316089044,2611.840316089044,0
1970-01-01 00:00:00.000000131,,2592.5288051258945,2592.5288051258945,2592.5288051258945,2592.5288051258945,2592.5288051258945,0
1970-01-01 00:00:00.000000132,,2563.6095516454707,2563.6095516454707,2563.6095516454707,2563.6095516454707,2563.6095516454707,0
1970-01-01 00:00:00.000000133,,2578.093165819438,2578.093165819438,2578.093165819438,2578.093165819438,2578.093165819438,0
1970-01-01 00:00:00.000000134,,2593.108220539078,2593.108220539078,2593.108220539078,2593.108220539078,2593.108220539078,0
1970-01-01 00:00:00.000000135,,2590.4045287599947,2590.4045287599947,2590.4045287599947,2590.4045287599947,2590.4045287599947,0
1970-01-01 00:00:00.000000136,,2577.176009991206,2577.176009991206,2577.176009991206,2577.176009991206,2577.176009991206,0
1970-01-01 00:00:00.000000137,,2558.781576083369,2558.781576083369,2558.781576083369,2558.781576083369,2558.781576083369,0
1970-01-01 00:00:00.000000138,,2514.3650945281465,2514.3650945281465,2514.3650945281465,2514.3650945281465,2514.3650945281465,0
1970-01-01 00:00:00.000000139,,2491.384530663256,2491.384530663256,2491.384530663256,2491.384530663256,2491.384530663256,0
1970-01-01 00:00:00.000000140,,2490.708442012752,2490.708442012752,2490.708442012752,2490.708442012752,2490.708442012752,0
1970-01-01 00:00:00.000000141,,2472.8454090240016,2472.8454090240016,2472.8454090240016,2472.8454090240016,2472.8454090240016,0
1970-01-01 00:00:00.000000142,,2481.535523186936,2481.535523186936,2481.535523186936,2481.535523186936,2481.535523186936,0
1970-01-01 00:00:00.000000143,,2486.411831108086,2486.411831108086,2486.411831108086,2486.411831108086,2486.411831108086,0
1970-01-01 00:00:00.000000144,,2481.535462737908,2481.535462737908,2481.535462737908,2481.535462737908,2481.535462737908,0
1970-01-01 00:00:00.000000145,,2450.636893284709,2450.636893284709,2450.636893284709,2450.636893284709,2450.636893284709,0
1970-01-01 00:00:00.000000146,,2469.900247581168,2469.900247581168,2469.900247581168,2469.900247581168,2469.900247581168,0
1970-01-01 00:00:00.000000147,,2463.4791827802337,2463.4791827802337,2463.4791827802337,2463.4791827802337,2463.4791827802337,0
1970-01-01 00:00:00.000000148,,2452.568350491374,2452.568350491374,2452.568350491374,2452.568350491374,2452.568350491374,0
1970-01-01 00:00:00.000000149,,2480.763109518433,2480.763109518433,2480.763109518433,2480.763109518433,2480.763109518433,0
1970-01-01 00:00:00.000000150,,2477.528425780728,2477.528425780728,2477.528425780728,2477.528425780728,2477.528425780728,0
1970-01-01 00:00:00.000000151,,2461.3065740330035,2461.3065740330035,2461.3065740330035,2461.3065740330035,2461.3065740330035,0
1970-01-01 00:00:00.000000152,,2447.740495539686,2447.740495539686,2447.740495539686,2447.740495539686,2447.740495539686,0
1970-01-01 00:00:00.000000153,,2415.6831227312014,2415.6831227312014,2415.6831227312014,2415.6831227312014,2415.6831227312014,0
1970-01-01 00:00:00.000000154,,2446.774773156584,2446.774773156584,2446.774773156584,2446.774773156584,2446.774773156584,0
1970-01-01 00:00:00.000000155,,2464.7347926460725,2464.7347926460725,2464.7347926460725,2464.7347926460725,2464.7347926460725,0
1970-01-01 00:00:00.000000156,,2444.940298127666,2444.940298127666,2444.940298127666,2444.940298127666,2444.940298127666,0
1970-01-01 00:00:00.000000157,,2466.8105318231146,2466.8105318231146,2466.8105318231146,2466.8105318231146,2466.8105318231146,0
1970-01-01 00:00:00.000000158,,2485.011780597728,2485.011780597728,2485.011780597728,2485.011780597728,2485.011780597728,0
1970-01-01 00:00:00.000000159,,2486.363296854906,2486.363296854906,2486.363296854906,2486.363296854906,2486.363296854906,0
1970-01-01 00:00:00.000000160,,2496.019110831568,2496.019110831568,2496.019110831568,2496.019110831568,2496.019110831568,0
1970-01-01 00:00:00.000000161,,2478.638814258753,2478.638814258753,2478.638814258753,2478.638814258753,2478.638814258753,0
1970-01-01 00:00:00.000000162,,2476.707461215437,2476.707461215437,2476.707461215437,2476.707461215437,2476.707461215437,0
1970-01-01 00:00:00.000000163,,2470.817504416409,2470.817504416409,2470.817504416409,2470.817504416409,2470.817504416409,0
1970-01-01 00:00:00.000000164,,2439.195010058642,2439.195010058642,2439.195010058642,2439.195010058642,2439.195010058642,0
1970-01-01 00:00:00.000000165,,2444.8918958494737,2444.8918958494737,2444.8918958494737,2444.8918958494737,2444.8918958494737,0
1970-01-01 00:00:00.000000166,,2418.8214726506085,2418.8214726506085,2418.8214726506085,2418.8214726506085,2418.8214726506085,0
1970-01-01 00:00:00.000000167,,2427.4632529011587,2427.4632529011587,2427.4632529011587,2427.4632529011587,2427.4632529011587,0
1970-01-01 00:00:00.000000168,,2423.6008494404987,2423.6008494404987,2423.6008494404987,2423.6008494404987,2423.6008494404987,0
1970-01-01 00:00:00.000000169,,2426.9321238340804,2426.9321238340804,2426.9321238340804,2426.9321238340804,2426.9321238340804,0
1970-01-01 00:00:00.000000170,,2423.6009430880536,2423.6009430880536,2423.6009430880536,2423.6009430880536,2423.6009430880536,0
1970-01-01 00:00:00.000000171,,2417.8075511883862,2417.8075511883862,2417.8075511883862,2417.8075511883862,2417.8075511883862,0
1970-01-01 00:00:00.000000172,,2427.270086113604,2427.270086113604,2427.270086113604,2427.270086113604,2427.270086113604,0
1970-01-01 00:00:00.000000173,,2461.258359948765,2461.258359948765,2461.258359948765,2461.258359948765,2461.258359948765,0
1970-01-01 00:00:00.000000174,,2408.151480461981,2408.151480461981,2408.151480461981,2408.151480461981,2408.151480461981,0
1970-01-01 00:00:00.000000175,,2424.566377830064,2424.566377830064,2424.566377830064,2424.566377830064,2424.566377830064,0
1970-01-01 00:00:00.000000176,,2389.6125304768107,2389.6125304768107,2389.6125304768107,2389.6125304768107,2389.6125304768107,0
1970-01-01 00:00:00.000000177,,2386.2815273339934,2386.2815273339934,2386.2815273339934,2386.2815273339934,2386.2815273339934,0
1970-01-01 00:00:00.000000178,,2365.3281484401355,2365.3281484401355,2365.3281484401355,2365.3281484401355,2365.3281484401355,0
1970-01-01 00:00:00.000000179,,2381.115309862694,2381.115309862694,2381.115309862694,2381.115309862694,2381.115309862694,0
1970-01-01 00:00:00.000000180,,2383.046711411112,2383.046711411112,2383.046711411112,2383.046711411112,2383.046711411112,0
1970-01-01 00:00:00.000000181,,2396.999138412914,2396.999138412914,2396.999138412914,2396.999138412914,2396.999138412914,0
1970-01-01 00:00:00.000000182,,2388.840064768004,2388.840064768004,2388.840064768004,2388.840064768004,2388.840064768004,0
1970-01-01 00:00:00.000000183,,2390.771132082542,2390.771132082542,2390.771132082542,2390.771132082542,2390.771132082542,0
1970-01-01 00:00:00.000000184,,2413.944985281209,2413.944985281209,2413.944985281209,2413.944985281209,2413.944985281209,0
1970-01-01 00:00:00.000000185,,2380.6809219987617,2380.6809219987617,2380.6809219987617,2380.6809219987617,2380.6809219987617,0
1970-01-01 00:00:00.000000186,,2404.2893182712205,2404.2893182712205,2404.2893182712205,2404.2893182712205,2404.2893182712205,0
1970-01-01 00:00:00.000000187,,2382.129032290105,2382.129032290105,2382.129032290105,2382.129032290105,2382.129032290105,0
1970-01-01 00:00:00.000000188,,2431.3253284834987,2431.3253284834987,2431.3253284834987,2431.3253284834987,2431.3253284834987,0
1970-01-01 00:00:00.000000189,,2433.208152902025,2433.208152902025,2433.208152902025,2433.208152902025,2433.208152902025,0
1970-01-01 00:00:00.000000190,,2399.4614513403044,2399.4614513403044,2399.4614513403044,2399.4614513403044,2399.4614513403044,0
1970-01-01 00:00:00.000000191,,2425.725090207209,2425.725090207209,2425.725090207209,2425.725090207209,2425.725090207209,0
1970-01-01 00:00:00.000000192,,2431.66350925626,2431.66350925626,2431.66350925626,2431.66350925626,2431.66350925626,0
1970-01-01 00:00:00.000000193,,2467.0515102346194,2467.0515102346194,2467.0515102346194,2467.0515102346194,2467.0515102346194,0
1970-01-01 00:00:00.000000194,,2465.169009309533,2465.169009309533,2465.169009309533,2465.169009309533,2465.169009309533,0
1970-01-01 00:00:00.000000195,,2471.879961029877,2471.879961029877,2471.879961029877,2471.879961029877,2471.879961029877,0
1970-01-01 00:00:00.000000196,,2470.238243516223,2470.238243516223,2470.238243516223,2470.238243516223,2470.238243516223,0
1970-01-01 00:00:00.000000197,,2481.583581357993,2481.583581357993,2481.583581357993,2481.583581357993,2481.583581357993,0
1970-01-01 00:00:00.000000198,,2438.08445812779,2438.08445812779,2438.08445812779,2438.08445812779,2438.08445812779,0
1970-01-01 00:00:00.000000199,,2433.256671585715,2433.256671585715,2433.256671585715,2433.256671585715,2433.256671585715,0
1970-01-01 00:00:00.000000200,,2408.1512631807427,2408.1512631807427,2408.1512631807427,2408.1512631807427,2408.1512631807427,0
1970-01-01 00:00:00.000000201,,2389.8535728225283,2389.8535728225283,2389.8535728225283,2389.8535728225283,2389.8535728225283,0
1970-01-01 00:00:00.000000202,,2376.2874198956674,2376.2874198956674,2376.2874198956674,2376.2874198956674,2376.2874198956674,0
1970-01-01 00:00:00.000000203,,2382.3707609256,2382.3707609256,2382.3707609256,2382.3707609256,2382.3707609256,0
1970-01-01 00:00:00.000000204,,2385.9433169049635,2385.9433169049635,2385.9433169049635,2385.9433169049635,2385.9433169049635,0
1970-01-01 00:00:00.000000205,,2385.170582735452,2385.170582735452,2385.170582735452,2385.170582735452,2385.170582735452,0
1970-01-01 00:00:00.000000206,,2399.461511053949,2399.461511053949,2399.461511053949,2399.461511053949,2399.461511053949,0
1970-01-01 00:00:00.000000207,,2407.3331132258577,2407.3331132258577,2407.3331132258577,2407.3331132258577,2407.3331132258577,0
1970-01-01 00:00:00.000000208,,2428.731645353598,2428.731645353598,2428.731645353598,2428.731645353598,2428.731645353598,0
1970-01-01 00:00:00.000000209,,2446.239267890922,2446.239267890922,2446.239267890922,2446.239267890922,2446.239267890922,0
1970-01-01 00:00:00.000000210,,2427.7588837821363,2427.7588837821363,2427.7588837821363,2427.7588837821363,2427.7588837821363,0
1970-01-01 00:00:00.000000211,,2429.7040781420524,2429.7040781420524,2429.7040781420524,2429.7040781420524,2429.7040781420524,0
1970-01-01 00:00:00.000000212,,2451.1512227975977,2451.1512227975977,2451.1512227975977,2451.1512227975977,2451.1512227975977,0
1970-01-01 00:00:00.000000213,,2409.278190605336,2409.278190605336,2409.278190605336,2409.278190605336,2409.278190605336,0
1970-01-01 00:00:00.000000214,,2409.4727492217285,2409.4727492217285,2409.4727492217285,2409.4727492217285,2409.4727492217285,0
1970-01-01 00:00:00.000000215,,2433.497368922337,2433.497368922337,2433.497368922337,2433.497368922337,2433.497368922337,0
1970-01-01 00:00:00.000000216,,2412.390829906833,2412.390829906833,2412.390829906833,2412.390829906833,2412.390829906833,0
1970-01-01 00:00:00.000000217,,2397.6063676600565,2397.6063676600565,2397.6063676600565,2397.6063676600565,2397.6063676600565,0
1970-01-01 00:00:00.000000218,,2465.157569963332,2465.157569963332,2465.157569963332,2465.157569963332,2465.157569963332,0
1970-01-01 00:00:00.000000219,,2436.512694435436,2436.512694435436,2436.512694435436,2436.512694435436,2436.512694435436,0
1970-01-01 00:00:00.000000220,,2439.1876422475693,2439.1876422475693,2439.1876422475693,2439.1876422475693,2439.1876422475693,0
1970-01-01 00:00:00.000000221,,2437.6799791308563,2437.6799791308563,2437.6799791308563,2437.6799791308563,2437.6799791308563,0
1970-01-01 00:00:00.000000222,,2446.336714391818,2446.336714391818,2446.336714391818,2446.336714391818,2446.336714391818,0
1970-01-01 00:00:00.000000223,,2462.5314732856355,2462.5314732856355,2462.5314732856355,2462.5314732856355,2462.5314732856355,0
1970-01-01 00:00:00.000000224,,2443.321390694124,2443.321390694124,2443.321390694124,2443.321390694124,2443.321390694124,0
1970-01-01 00:00:00.000000225,,2447.357762115928,2447.357762115928,2447.357762115928,2447.357762115928,2447.357762115928,0
1970-01-01 00:00:00.000000226,,2477.8507219987982,2477.8507219987982,2477.8507219987982,2477.8507219987982,2477.8507219987982,0
1970-01-01 00:00:00.000000227,,2506.544006245977,2506.544006245977,2506.544006245977,2506.544006245977,2506.544006245977,0
1970-01-01 00:00:00.000000228,,2564.903824357048,2564.903824357048,2564.903824357048,2564.903824357048,2564.903824357048,0
1970-01-01 00:00:00.000000229,,2499.735552425413,2499.735552425413,2499.735552425413,2499.735552425413,2499.735552425413,0
1970-01-01 00:00:00.000000230,,2481.352605400523,2481.352605400523,2481.352605400523,2481.352605400523,2481.352605400523,0
1970-01-01 00:00:00.000000231,,2450.130262760662,2450.130262760662,2450.130262760662,2450.130262760662,2450.130262760662,0
1970-01-01 00:00:00.000000232,,2453.3397095197824,2453.3397095197824,2453.3397095197824,2453.3397095197824,2453.3397095197824,0
1970-01-01 00:00:00.000000233,,2431.649404405154,2431.649404405154,2431.649404405154,2431.649404405154,2431.649404405154,0
1970-01-01 00:00:00.000000234,,2439.2850387724416,2439.2850387724416,2439.2850387724416,2439.2850387724416,2439.2850387724416,0
1970-01-01 00:00:00.000000235,,2452.4155444248795,2452.4155444248795,2452.4155444248795,2452.4155444248795,2452.4155444248795,0
1970-01-01 00:00:00.000000236,,2451.10247752085,2451.10247752085,2451.10247752085,2451.10247752085,2451.10247752085,0
1970-01-01 00:00:00.000000237,,2451.2482893044275,2451.2482893044275,2451.2482893044275,2451.2482893044275,2451.2482893044275,0
1970-01-01 00:00:00.000000238,,2465.7413121315103,2465.7413121315103,2465.7413121315103,2465.7413121315103,2465.7413121315103,0
1970-01-01 00:00:00.000000239,,2502.604938717555,2502.604938717555,2502.604938717555,2502.604938717555,2502.604938717555,0
1970-01-01 00:00:00.000000240,,2472.7441988392134,2472.7441988392134,2472.7441988392134,2472.7441988392134,2472.7441988392134,0
1970-01-01 00:00:00.000000241,,2489.231096947733,2489.231096947733,2489.231096947733,2489.231096947733,2489.231096947733,0
1970-01-01 00:00:00.000000242,,2505.18277698832,2505.18277698832,2505.18277698832,2505.18277698832,2505.18277698832,0
1970-01-01 00:00:00.000000243,,2515.2979229748184,2515.2979229748184,2515.2979229748184,2515.2979229748184,2515.2979229748184,0
1970-01-01 00:00:00.000000244,,2542.386987819999,2542.386987819999,2542.386987819999,2542.386987819999,2542.386987819999,0
1970-01-01 00:00:00.000000245,,2561.791346319102,2561.791346319102,2561.791346319102,2561.791346319102,2561.791346319102,0
1970-01-01 00:00:00.000000246,,2591.0200006711034,2591.0200006711034,2591.0200006711034,2591.0200006711034,2591.0200006711034,0
1970-01-01 00:00:00.000000247,,2575.60329848568,2575.60329848568,2575.60329848568,2575.60329848568,2575.60329848568,0
1970-01-01 00:00:00.000000248,,2527.94274817919,2527.94274817919,2527.94274817919,2527.94274817919,2527.94274817919,0
1970-01-01 00:00:00.000000249,,2535.286426531461,2535.286426531461,2535.286426531461,2535.286426531461,2535.286426531461,0
1970-01-01 00:00:00.000000250,,2524.052061993761,2524.052061993761,2524.052061993761,2524.052061993761,2524.052061993761,0
1970-01-01 00:00:00.000000251,,2553.1834213291886,2553.1834213291886,2553.1834213291886,2553.1834213291886,2553.1834213291886,0
1970-01-01 00:00:00.000000252,,2511.942733343817,2511.942733343817,2511.942733343817,2511.942733343817,2511.942733343817,0
1970-01-01 00:00:00.000000253,,2509.462360152429,2509.462360152429,2509.462360152429,2509.462360152429,2509.462360152429,0
1970-01-01 00:00:00.000000254,,2509.462412190667,2509.462412190667,2509.462412190667,2509.462412190667,2509.462412190667,0
1970-01-01 00:00:00.000000255,,2464.233605294857,2464.233605294857,2464.233605294857,2464.233605294857,2464.233605294857,0
1970-01-01 00:00:00.000000256,,2476.391845520804,2476.391845520804,2476.391845520804,2476.391845520804,2476.391845520804,0
1970-01-01 00:00:00.000000257,,2502.84811420622,2502.84811420622,2502.84811420622,2502.84811420622,2502.84811420622,0
1970-01-01 00:00:00.000000258,,2479.309957058912,2479.309957058912,2479.309957058912,2479.309957058912,2479.309957058912,0
1970-01-01 00:00:00.000000259,,2499.7356736978145,2499.7356736978145,2499.7356736978145,2499.7356736978145,2499.7356736978145,0
1970-01-01 00:00:00.000000260,,2494.8722615546167,2494.8722615546167,2494.8722615546167,2494.8722615546167,2494.8722615546167,0
1970-01-01 00:00:00.000000261,,2383.9891856871554,2383.9891856871554,2383.9891856871554,2383.9891856871554,2383.9891856871554,0
1970-01-01 00:00:00.000000262,,2322.7116705752765,2322.7116705752765,2322.7116705752765,2322.7116705752765,2322.7116705752765,0
1970-01-01 00:00:00.000000263,,2387.6851507931965,2387.6851507931965,2387.6851507931965,2387.6851507931965,2387.6851507931965,0
1970-01-01 00:00:00.000000264,,2344.109936395991,2344.109936395991,2344.109936395991,2344.109936395991,2344.109936395991,0
1970-01-01 00:00:00.000000265,,2386.9069148603417,2386.9069148603417,2386.9069148603417,2386.9069148603417,2386.9069148603417,0
1970-01-01 00:00:00.000000266,,2383.016635759864,2383.016635759864,2383.016635759864,2383.016635759864,2383.016635759864,0
1970-01-01 00:00:00.000000267,,2407.430425282823,2407.430425282823,2407.430425282823,2407.430425282823,2407.430425282823,0
1970-01-01 00:00:00.000000268,,2409.2782131925123,2409.2782131925123,2409.2782131925123,2409.2782131925123,2409.2782131925123,0
1970-01-01 00:00:00.000000269,,2396.633950712957,2396.633950712957,2396.633950712957,2396.633950712957,2396.633950712957,0
1970-01-01 00:00:00.000000270,,2358.651317404168,2358.651317404168,2358.651317404168,2358.651317404168,2358.651317404168,0
1970-01-01 00:00:00.000000271,,2373.192582113411,2373.192582113411,2373.192582113411,2373.192582113411,2373.192582113411,0
1970-01-01 00:00:00.000000272,,2375.040613855351,2375.040613855351,2375.040613855351,2375.040613855351,2375.040613855351,0
1970-01-01 00:00:00.000000273,,2350.967305103393,2350.967305103393,2350.967305103393,2350.967305103393,2350.967305103393,0
1970-01-01 00:00:00.000000274,,2357.8249890008447,2357.8249890008447,2357.8249890008447,2357.8249890008447,2357.8249890008447,0
1970-01-01 00:00:00.000000275,,2324.656724411941,2324.656724411941,2324.656724411941,2324.656724411941,2324.656724411941,0
1970-01-01 00:00:00.000000276,,2319.793542979005,2319.793542979005,2319.793542979005,2319.793542979005,2319.793542979005,0
1970-01-01 00:00:00.000000277,,2303.5989391284606,2303.5989391284606,2303.5989391284606,2303.5989391284606,2303.5989391284606,0
1970-01-01 00:00:00.000000278,,2305.155158049558,2305.155158049558,2305.155158049558,2305.155158049558,2305.155158049558,0
1970-01-01 00:00:00.000000279,,2324.170366779078,2324.170366779078,2324.170366779078,2324.170366779078,2324.170366779078,0
1970-01-01 00:00:00.000000280,,2305.30090726846,2305.30090726846,2305.30090726846,2305.30090726846,2305.30090726846,0
1970-01-01 00:00:00.000000281,,2338.37157131742,2338.37157131742,2338.37157131742,2338.37157131742,2338.37157131742,0
1970-01-01 00:00:00.000000282,,2354.128434265619,2354.128434265619,2354.128434265619,2354.128434265619,2354.128434265619,0
1970-01-01 00:00:00.000000283,,2323.2467099223823,2323.2467099223823,2323.2467099223823,2323.2467099223823,2323.2467099223823,0
1970-01-01 00:00:00.000000284,,2325.726952546895,2325.726952546895,2325.726952546895,2325.726952546895,2325.726952546895,0
1970-01-01 00:00:00.000000285,,2338.322749515633,2338.322749515633,2338.322749515633,2338.322749515633,2338.322749515633,0
1970-01-01 00:00:00.000000286,,2345.180234589721,2345.180234589721,2345.180234589721,2345.180234589721,2345.180234589721,0
1970-01-01 00:00:00.000000287,,2358.6998993298203,2358.6998993298203,2358.6998993298203,2358.6998993298203,2358.6998993298203,0
1970-01-01 00:00:00.000000288,,2350.869898311013,2350.869898311013,2350.869898311013,2350.869898311013,2350.869898311013,0
1970-01-01 00:00:00.000000289,,2350.1407517720413,2350.1407517720413,2350.1407517720413,2350.1407517720413,2350.1407517720413,0
1970-01-01 00:00:00.000000290,,2339.246651453043,2339.246651453043,2339.246651453043,2339.246651453043,2339.246651453043,0
1970-01-01 00:00:00.000000291,,2338.2743293276767,2338.2743293276767,2338.2743293276767,2338.2743293276767,2338.2743293276767,0
1970-01-01 00:00:00.000000292,,2339.198241231998,2339.198241231998,2339.198241231998,2339.198241231998,2339.198241231998,0
1970-01-01 00:00:00.000000293,,2343.137571553524,2343.137571553524,2343.137571553524,2343.137571553524,2343.137571553524,0
1970-01-01 00:00:00.000000294,,2314.9303750309778,2314.9303750309778,2314.9303750309778,2314.9303750309778,2314.9303750309778,0
1970-01-01 00:00:00.000000295,,2310.066920667497,2310.066920667497,2310.066920667497,2310.066920667497,2310.066920667497,0
1970-01-01 00:00:00.000000296,,2241.834857614821,2241.834857614821,2241.834857614821,2241.834857614821,2241.834857614821,0
1970-01-01 00:00:00.000000297,,2266.345903998624,2266.345903998624,2266.345903998624,2266.345903998624,2266.345903998624,0
1970-01-01 00:00:00.000000298,,2257.3488993650367,2257.3488993650367,2257.3488993650367,2257.3488993650367,2257.3488993650367,0
1970-01-01 00:00:00.000000299,,2220.825348500397,2220.825348500397,2220.825348500397,2220.825348500397,2220.825348500397,0
1970-01-01 00:00:00.000000300,,2188.484499718884,2188.484499718884,2188.484499718884,2188.484499718884,2188.484499718884,0
1970-01-01 00:00:00.000000301,,2172.922140445826,2172.922140445826,2172.922140445826,2172.922140445826,2172.922140445826,0
1970-01-01 00:00:00.000000302,,2177.8339226411194,2177.8339226411194,2177.8339226411194,2177.8339226411194,2177.8339226411194,0
1970-01-01 00:00:00.000000303,,2171.073895558289,2171.073895558289,2171.073895558289,2171.073895558289,2171.073895558289,0
1970-01-01 00:00:00.000000304,,2188.4845076926044,2188.4845076926044,2188.4845076926044,2188.4845076926044,2188.4845076926044,0
1970-01-01 00:00:00.000000305,,2183.6213201006,2183.6213201006,2183.6213201006,2183.6213201006,2183.6213201006,0
1970-01-01 00:00:00.000000306,,2207.937636961305,2207.937636961305,2207.937636961305,2207.937636961305,2207.937636961305,0
1970-01-01 00:00:00.000000307,,2235.172255750736,2235.172255750736,2235.172255750736,2235.172255750736,2235.172255750736,0
1970-01-01 00:00:00.000000308,,2219.463726002639,2219.463726002639,2219.463726002639,2219.463726002639,2219.463726002639,0
1970-01-01 00:00:00.000000309,,2207.937858639993,2207.937858639993,2207.937858639993,2207.937858639993,2207.937858639993,0
1970-01-01 00:00:00.000000310,,2203.025627788126,2203.025627788126,2203.025627788126,2203.025627788126,2203.025627788126,0
1970-01-01 00:00:00.000000311,,2214.7464631377725,2214.7464631377725,2214.7464631377725,2214.7464631377725,2214.7464631377725,0
1970-01-01 00:00:00.000000312,,2208.910617990722,2208.910617990722,2208.910617990722,2208.910617990722,2208.910617990722,0
1970-01-01 00:00:00.000000313,,2214.6489824322657,2214.6489824322657,2214.6489824322657,2214.6489824322657,2214.6489824322657,0
1970-01-01 00:00:00.000000314,,2199.086482944834,2199.086482944834,2199.086482944834,2199.086482944834,2199.086482944834,0
1970-01-01 00:00:00.000000315,,2166.794115153093,2166.794115153093,2166.794115153093,2166.794115153093,2166.794115153093,0
1970-01-01 00:00:00.000000316,,2123.316418577597,2123.316418577597,2123.316418577597,2123.316418577597,2123.316418577597,0
1970-01-01 00:00:00.000000317,,2154.489991105354,2154.489991105354,2154.489991105354,2154.489991105354,2154.489991105354,0
1970-01-01 00:00:00.000000318,,2159.304940992058,2159.304940992058,2159.304940992058,2159.304940992058,2159.304940992058,0
1970-01-01 00:00:00.000000319,,2188.48464969224,2188.48464969224,2188.48464969224,2188.48464969224,2188.48464969224,0
1970-01-01 00:00:00.000000320,,2191.4025531752363,2191.4025531752363,2191.4025531752363,2191.4025531752363,2191.4025531752363,0
1970-01-01 00:00:00.000000321,,2204.0958201203275,2204.0958201203275,2204.0958201203275,2204.0958201203275,2204.0958201203275,0
1970-01-01 00:00:00.000000322,,2176.8612571845347,2176.8612571845347,2176.8612571845347,2176.8612571845347,2176.8612571845347,0
1970-01-01 00:00:00.000000323,,2183.621120293182,2183.621120293182,2183.621120293182,2183.621120293182,2183.621120293182,0
1970-01-01 00:00:00.000000324,,2172.9217093988595,2172.9217093988595,2172.9217093988595,2172.9217093988595,2172.9217093988595,0
1970-01-01 00:00:00.000000325,,2171.025344800279,2171.025344800279,2171.025344800279,2171.025344800279,2171.025344800279,0
1970-01-01 00:00:00.000000326,,2144.763595893872,2144.763595893872,2144.763595893872,2144.763595893872,2144.763595893872,0
1970-01-01 00:00:00.000000327,,2170.976763997328,2170.976763997328,2170.976763997328,2170.976763997328,2170.976763997328,0
1970-01-01 00:00:00.000000328,,2164.1679557036573,2164.1679557036573,2164.1679557036573,2164.1679557036573,2164.1679557036573,0
1970-01-01 00:00:00.000000329,,2204.0471511351,2204.0471511351,2204.0471511351,2204.0471511351,2204.0471511351,0
1970-01-01 00:00:00.000000330,,2301.7019483154536,2301.7019483154536,2301.7019483154536,2301.7019483154536,2301.7019483154536,0
1970-01-01 00:00:00.000000331,,2276.6076160484445,2276.6076160484445,2276.6076160484445,2276.6076160484445,2276.6076160484445,0
1970-01-01 00:00:00.000000332,,2257.5434562656524,2257.5434562656524,2257.5434562656524,2257.5434562656524,2257.5434562656524,0
1970-01-01 00:00:00.000000333,,2309.0942334347064,2309.0942334347064,2309.0942334347064,2309.0942334347064,2309.0942334347064,0
1970-01-01 00:00:00.000000334,,2296.060830118056,2296.060830118056,2296.060830118056,2296.060830118056,2296.060830118056,0
1970-01-01 00:00:00.000000335,,2285.312836839405,2285.312836839405,2285.312836839405,2285.312836839405,2285.312836839405,0
1970-01-01 00:00:00.000000336,,2273.105883881519,2273.105883881519,2273.105883881519,2273.105883881519,2273.105883881519,0
1970-01-01 00:00:00.000000337,,2287.5983577744582,2287.5983577744582,2287.5983577744582,2287.5983577744582,2287.5983577744582,0
1970-01-01 00:00:00.000000338,,2243.9261086570027,2243.9261086570027,2243.9261086570027,2243.9261086570027,2243.9261086570027,0
1970-01-01 00:00:00.000000339,,2247.816648206641,2247.816648206641,2247.816648206641,2247.816648206641,2247.816648206641,0
1970-01-01 00:00:00.000000340,,2302.188472110602,2302.188472110602,2302.188472110602,2302.188472110602,2302.188472110602,0
1970-01-01 00:00:00.000000341,,2313.471372926562,2313.471372926562,2313.471372926562,2313.471372926562,2313.471372926562,0
1970-01-01 00:00:00.000000342,,2304.2795835532693,2304.2795835532693,2304.2795835532693,2304.2795835532693,2304.2795835532693,0
1970-01-01 00:00:00.000000343,,2324.6570572838623,2324.6570572838623,2324.6570572838623,2324.6570572838623,2324.6570572838623,0
1970-01-01 00:00:00.000000344,,2316.0975363436523,2316.0975363436523,2316.0975363436523,2316.0975363436523,2316.0975363436523,0
1970-01-01 00:00:00.000000345,,2303.258553384194,2303.258553384194,2303.258553384194,2303.258553384194,2303.258553384194,0
1970-01-01 00:00:00.000000346,,2288.6684450777684,2288.6684450777684,2288.6684450777684,2288.6684450777684,2288.6684450777684,0
1970-01-01 00:00:00.000000347,,2315.902868421887,2315.902868421887,2315.902868421887,2315.902868421887,2315.902868421887,0
1970-01-01 00:00:00.000000348,,2309.0944365415808,2309.0944365415808,2309.0944365415808,2309.0944365415808,2309.0944365415808,0
1970-01-01 00:00:00.000000349,,2464.2823203652224,2464.2823203652224,2464.2823203652224,2464.2823203652224,2464.2823203652224,0
1970-01-01 00:00:00.000000350,,2528.915514285807,2528.915514285807,2528.915514285807,2528.915514285807,2528.915514285807,0
1970-01-01 00:00:00.000000351,,2485.437664005236,2485.437664005236,2485.437664005236,2485.437664005236,2485.437664005236,0
1970-01-01 00:00:00.000000352,,2508.4896017900824,2508.4896017900824,2508.4896017900824,2508.4896017900824,2508.4896017900824,0
1970-01-01 00:00:00.000000353,,2495.845056495152,2495.845056495152,2495.845056495152,2495.845056495152,2495.845056495152,0
1970-01-01 00:00:00.000000354,,2497.790273476704,2497.790273476704,2497.790273476704,2497.790273476704,2497.790273476704,0
1970-01-01 00:00:00.000000355,,2419.928809190779,2419.928809190779,2419.928809190779,2419.928809190779,2419.928809190779,0
1970-01-01 00:00:00.000000356,,2428.822485865984,2428.822485865984,2428.822485865984,2428.822485865984,2428.822485865984,0
1970-01-01 00:00:00.000000357,,2435.599033685831,2435.599033685831,2435.599033685831,2435.599033685831,2435.599033685831,0
1970-01-01 00:00:00.000000358,,2450.4293223323984,2450.4293223323984,2450.4293223323984,2450.4293223323984,2450.4293223323984,0
1970-01-01 00:00:00.000000359,,2413.108131126199,2413.108131126199,2413.108131126199,2413.108131126199,2413.108131126199,0
1970-01-01 00:00:00.000000360,,2430.7866567195674,2430.7866567195674,2430.7866567195674,2430.7866567195674,2430.7866567195674,0
1970-01-01 00:00:00.000000361,,2391.5011784668804,2391.5011784668804,2391.5011784668804,2391.5011784668804,2391.5011784668804,0
1970-01-01 00:00:00.000000362,,2395.773637233693,2395.773637233693,2395.773637233693,2395.773637233693,2395.773637233693,0
1970-01-01 00:00:00.000000363,,2393.4653998361614,2393.4653998361614,2393.4653998361614,2393.4653998361614,2393.4653998361614,0
1970-01-01 00:00:00.000000364,,2406.184004583337,2406.184004583337,2406.184004583337,2406.184004583337,2406.184004583337,0
1970-01-01 00:00:00.000000365,,2419.0010668719524,2419.0010668719524,2419.0010668719524,2419.0010668719524,2419.0010668719524,0
1970-01-01 00:00:00.000000366,,2417.085980024133,2417.085980024133,2417.085980024133,2417.085980024133,2417.085980024133,0
1970-01-01 00:00:00.000000367,,2470.0719817737668,2470.0719817737668,2470.0719817737668,2470.0719817737668,2470.0719817737668,0
1970-01-01 00:00:00.000000368,,2442.228554488172,2442.228554488172,2442.228554488172,2442.228554488172,2442.228554488172,0
1970-01-01 00:00:00.000000369,,2470.1211982255686,2470.1211982255686,2470.1211982255686,2470.1211982255686,2470.1211982255686,0
1970-01-01 00:00:00.000000370,,2451.362395595605,2451.362395595605,2451.362395595605,2451.362395595605,2451.362395595605,0
1970-01-01 00:00:00.000000371,,2514.268208466461,2514.268208466461,2514.268208466461,2514.268208466461,2514.268208466461,0
1970-01-01 00:00:00.000000372,,2540.9332304701293,2540.9332304701293,2540.9332304701293,2540.9332304701293,2540.9332304701293,0
1970-01-01 00:00:00.000000373,,2534.893278433295,2534.893278433295,2534.893278433295,2534.893278433295,2534.893278433295,0
1970-01-01 00:00:00.000000374,,2570.2499179756405,2570.2499179756405,2570.2499179756405,2570.2499179756405,2570.2499179756405,0
1970-01-01 00:00:00.000000375,,2554.535858995138,2554.535858995138,2554.535858995138,2554.535858995138,2554.535858995138,0
1970-01-01 00:00:00.000000376,,2581.053610775766,2581.053610775766,2581.053610775766,2581.053610775766,2581.053610775766,0
1970-01-01 00:00:00.000000377,,2579.0400815959115,2579.0400815959115,2579.0400815959115,2579.0400815959115,2579.0400815959115,0
1970-01-01 00:00:00.000000378,,2651.767514353426,2651.767514353426,2651.767514353426,2651.767514353426,2651.767514353426,0
1970-01-01 00:00:00.000000379,,2690.070789500825,2690.070789500825,2690.070789500825,2690.070789500825,2690.070789500825,0
1970-01-01 00:00:00.000000380,,2657.3654447805693,2657.3654447805693,2657.3654447805693,2657.3654447805693,2657.3654447805693,0
1970-01-01 00:00:00.000000381,,2696.9455645897924,2696.9455645897924,2696.9455645897924,2696.9455645897924,2696.9455645897924,0
1970-01-01 00:00:00.000000382,,2698.9100038035635,2698.9100038035635,2698.9100038035635,2698.9100038035635,2698.9100038035635,0
1970-01-01 00:00:00.000000383,,2668.513003921543,2668.513003921543,2668.513003921543,2668.513003921543,2668.513003921543,0
1970-01-01 00:00:00.000000384,,2675.3387317043125,2675.3387317043125,2675.3387317043125,2675.3387317043125,2675.3387317043125,0
1970-01-01 00:00:00.000000385,,2662.7671579702123,2662.7671579702123,2662.7671579702123,2662.7671579702123,2662.7671579702123,0
1970-01-01 00:00:00.000000386,,2667.0886844007723,2667.0886844007723,2667.0886844007723,2667.0886844007723,2667.0886844007723,0
1970-01-01 00:00:00.000000387,,2656.677869623587,2656.677869623587,2656.677869623587,2656.677869623587,2656.677869623587,0
1970-01-01 00:00:00.000000388,,2665.517191975145,2665.517191975145,2665.517191975145,2665.517191975145,2665.517191975145,0
1970-01-01 00:00:00.000000389,,2663.5529374535586,2663.5529374535586,2663.5529374535586,2663.5529374535586,2663.5529374535586,0
1970-01-01 00:00:00.000000390,,2628.1470120907406,2628.1470120907406,2628.1470120907406,2628.1470120907406,2628.1470120907406,0
1970-01-01 00:00:00.000000391,,2671.508412583874,2671.508412583874,2671.508412583874,2671.508412583874,2671.508412583874,0
1970-01-01 00:00:00.000000392,,2732.007844519948,2732.007844519948,2732.007844519948,2732.007844519948,2732.007844519948,0
1970-01-01 00:00:00.000000393,,2704.802745858555,2704.802745858555,2704.802745858555,2704.802745858555,2704.802745858555,0
1970-01-01 00:00:00.000000394,,2706.7668683605493,2706.7668683605493,2706.7668683605493,2706.7668683605493,2706.7668683605493,0
1970-01-01 00:00:00.000000395,,2689.0886039431816,2689.0886039431816,2689.0886039431816,2689.0886039431816,2689.0886039431816,0
1970-01-01 00:00:00.000000396,,2693.017111930474,2693.017111930474,2693.017111930474,2693.017111930474,2693.017111930474,0
1970-01-01 00:00:00.000000397,,2692.0347690397707,2692.0347690397707,2692.0347690397707,2692.0347690397707,2692.0347690397707,0
1970-01-01 00:00:00.000000398,,2688.9903131038814,2688.9903131038814,2688.9903131038814,2688.9903131038814,2688.9903131038814,0
1970-01-01 00:00:00.000000399,,2700.923393698525,2700.923393698525,2700.923393698525,2700.923393698525,2700.923393698525,0
1970-01-01 00:00:00.000000400,,2693.557117491009,2693.557117491009,2693.557117491009,2693.557117491009,2693.557117491009,0
1970-01-01 00:00:00.000000401,,2700.3831088394704,2700.3831088394704,2700.3831088394704,2700.3831088394704,2700.3831088394704,0
1970-01-01 00:00:00.000000402,,2752.878253181033,2752.878253181033,2752.878253181033,2752.878253181033,2752.878253181033,0
1970-01-01 00:00:00.000000403,,2749.195314378257,2749.195314378257,2749.195314378257,2749.195314378257,2749.195314378257,0
1970-01-01 00:00:00.000000404,,2765.302266614152,2765.302266614152,2765.302266614152,2765.302266614152,2765.302266614152,0
1970-01-01 00:00:00.000000405,,2758.8201919983567,2758.8201919983567,2758.8201919983567,2758.8201919983567,2758.8201919983567,0
1970-01-01 00:00:00.000000406,,2710.6956296414182,2710.6956296414182,2710.6956296414182,2710.6956296414182,2710.6956296414182,0
1970-01-01 00:00:00.000000407,,2720.46789831067,2720.46789831067,2720.46789831067,2720.46789831067,2720.46789831067,0
1970-01-01 00:00:00.000000408,,2745.7575383581343,2745.7575383581343,2745.7575383581343,2745.7575383581343,2745.7575383581343,0
1970-01-01 00:00:00.000000409,,2744.088087928264,2744.088087928264,2744.088087928264,2744.088087928264,2744.088087928264,0
1970-01-01 00:00:00.000000410,,2730.338219028989,2730.338219028989,2730.338219028989,2730.338219028989,2730.338219028989,0
1970-01-01 00:00:00.000000411,,2730.3383056533216,2730.3383056533216,2730.3383056533216,2730.3383056533216,2730.3383056533216,0
1970-01-01 00:00:00.000000412,,2789.315410004685,2789.315410004685,2789.315410004685,2789.315410004685,2789.315410004685,0
1970-01-01 00:00:00.000000413,,2777.579075084932,2777.579075084932,2777.579075084932,2777.579075084932,2777.579075084932,0
1970-01-01 00:00:00.000000414,,2802.132524383947,2802.132524383947,2802.132524383947,2802.132524383947,2802.132524383947,0
1970-01-01 00:00:00.000000415,,2881.587099477068,2881.587099477068,2881.587099477068,2881.587099477068,2881.587099477068,0
1970-01-01 00:00:00.000000416,,2859.587613706427,2859.587613706427,2859.587613706427,2859.587613706427,2859.587613706427,0
1970-01-01 00:00:00.000000417,,2858.99803343085,2858.99803343085,2858.99803343085,2858.99803343085,2858.99803343085,0
1970-01-01 00:00:00.000000418,,2903.586950846124,2903.586950846124,2903.586950846124,2903.586950846124,2903.586950846124,0
1970-01-01 00:00:00.000000419,,2858.015864243818,2858.015864243818,2858.015864243818,2858.015864243818,2858.015864243818,0
1970-01-01 00:00:00.000000420,,2815.8823938769674,2815.8823938769674,2815.8823938769674,2815.8823938769674,2815.8823938769674,0
1970-01-01 00:00:00.000000421,,2822.659026602358,2822.659026602358,2822.659026602358,2822.659026602358,2822.659026602358,0
1970-01-01 00:00:00.000000422,,2824.8687896636807,2824.8687896636807,2824.8687896636807,2824.8687896636807,2824.8687896636807,0
1970-01-01 00:00:00.000000423,,2872.551375191689,2872.551375191689,2872.551375191689,2872.551375191689,2872.551375191689,0
1970-01-01 00:00:00.000000424,,2926.765488042224,2926.765488042224,2926.765488042224,2926.765488042224,2926.765488042224,0
1970-01-01 00:00:00.000000425,,2966.0508530379457,2966.0508530379457,2966.0508530379457,2966.0508530379457,2966.0508530379457,0
1970-01-01 00:00:00.000000426,,2897.8415331028104,2897.8415331028104,2897.8415331028104,2897.8415331028104,2897.8415331028104,0
1970-01-01 00:00:00.000000427,,2898.381829613432,2898.381829613432,2898.381829613432,2898.381829613432,2898.381829613432,0
1970-01-01 00:00:00.000000428,,2932.7564823506304,2932.7564823506304,2932.7564823506304,2932.7564823506304,2932.7564823506304,0
1970-01-01 00:00:00.000000429,,2911.247631783933,2911.247631783933,2911.247631783933,2911.247631783933,2911.247631783933,0
1970-01-01 00:00:00.000000430,,2909.774414696781,2909.774414696781,2909.774414696781,2909.774414696781,2909.774414696781,0
1970-01-01 00:00:00.000000431,,2856.788374211744,2856.788374211744,2856.788374211744,2856.788374211744,2856.788374211744,0
1970-01-01 00:00:00.000000432,,2839.3553560532305,2839.3553560532305,2839.3553560532305,2839.3553560532305,2839.3553560532305,0
1970-01-01 00:00:00.000000433,,2794.177053744544,2794.177053744544,2794.177053744544,2794.177053744544,2794.177053744544,0
1970-01-01 00:00:00.000000434,,2793.1948481721283,2793.1948481721283,2793.1948481721283,2793.1948481721283,2793.1948481721283,0
1970-01-01 00:00:00.000000435,,2772.9628562205944,2772.9628562205944,2772.9628562205944,2772.9628562205944,2772.9628562205944,0
1970-01-01 00:00:00.000000436,,2720.516964481247,2720.516964481247,2720.516964481247,2720.516964481247,2720.516964481247,0
1970-01-01 00:00:00.000000437,,2715.409749949381,2715.409749949381,2715.409749949381,2715.409749949381,2715.409749949381,0
1970-01-01 00:00:00.000000438,,2741.731219144135,2741.731219144135,2741.731219144135,2741.731219144135,2741.731219144135,0
1970-01-01 00:00:00.000000439,,2743.2042356246407,2743.2042356246407,2743.2042356246407,2743.2042356246407,2743.2042356246407,0
1970-01-01 00:00:00.000000440,,2739.324696934132,2739.324696934132,2739.324696934132,2739.324696934132,2739.324696934132,0
1970-01-01 00:00:00.000000441,,2729.798005573843,2729.798005573843,2729.798005573843,2729.798005573843,2729.798005573843,0
1970-01-01 00:00:00.000000442,,2689.7268522038785,2689.7268522038785,2689.7268522038785,2689.7268522038785,2689.7268522038785,0
1970-01-01 00:00:00.000000443,,2666.4993875977416,2666.4993875977416,2666.4993875977416,2666.4993875977416,2666.4993875977416,0
1970-01-01 00:00:00.000000444,,2637.1335958807244,2637.1335958807244,2637.1335958807244,2637.1335958807244,2637.1335958807244,0
1970-01-01 00:00:00.000000445,,2574.1785750975464,2574.1785750975464,2574.1785750975464,2574.1785750975464,2574.1785750975464,0
1970-01-01 00:00:00.000000446,,2599.714131035417,2599.714131035417,2599.714131035417,2599.714131035417,2599.714131035417,0
1970-01-01 00:00:00.000000447,,2457.598914491708,2457.598914491708,2457.598914491708,2457.598914491708,2457.598914491708,0
1970-01-01 00:00:00.000000448,,2498.55391675656,2498.55391675656,2498.55391675656,2498.55391675656,2498.55391675656,0
1970-01-01 00:00:00.000000449,,2539.508994442476,2539.508994442476,2539.508994442476,2539.508994442476,2539.508994442476,0
1970-01-01 00:00:00.000000450,,2511.3217763847847,2511.3217763847847,2511.3217763847847,2511.3217763847847,2511.3217763847847,0
1970-01-01 00:00:00.000000451,,2509.30843359519,2509.30843359519,2509.30843359519,2509.30843359519,2509.30843359519,0
1970-01-01 00:00:00.000000452,,2498.505140188762,2498.505140188762,2498.505140188762,2498.505140188762,2498.505140188762,0
1970-01-01 00:00:00.000000453,,2501.500639022215,2501.500639022215,2501.500639022215,2501.500639022215,2501.500639022215,0
1970-01-01 00:00:00.000000454,,2474.982858304809,2474.982858304809,2474.982858304809,2474.982858304809,2474.982858304809,0
1970-01-01 00:00:00.000000455,,2489.0248833129285,2489.0248833129285,2489.0248833129285,2489.0248833129285,2489.0248833129285,0
1970-01-01 00:00:00.000000456,,2474.6757381471616,2474.6757381471616,2474.6757381471616,2474.6757381471616,2474.6757381471616,0
1970-01-01 00:00:00.000000457,,2458.1001868735925,2458.1001868735925,2458.1001868735925,2458.1001868735925,2458.1001868735925,0
1970-01-01 00:00:00.000000458,,2482.889616450141,2482.889616450141,2482.889616450141,2482.889616450141,2482.889616450141,0
1970-01-01 00:00:00.000000459,,2469.0351629944903,2469.0351629944903,2469.0351629944903,2469.0351629944903,2469.0351629944903,0
1970-01-01 00:00:00.000000460,,2436.477655738797,2436.477655738797,2436.477655738797,2436.477655738797,2436.477655738797,0
1970-01-01 00:00:00.000000461,,2434.795173825076,2434.795173825076,2434.795173825076,2434.795173825076,2434.795173825076,0
1970-01-01 00:00:00.000000462,,2376.1618922683506,2376.1618922683506,2376.1618922683506,2376.1618922683506,2376.1618922683506,0
1970-01-01 00:00:00.000000463,,2406.5916538817232,2406.5916538817232,2406.5916538817232,2406.5916538817232,2406.5916538817232,0
1970-01-01 00:00:00.000000464,,2399.516319706179,2399.516319706179,2399.516319706179,2399.516319706179,2399.516319706179,0
1970-01-01 00:00:00.000000465,,2366.0680148563506,2366.0680148563506,2366.0680148563506,2366.0680148563506,2366.0680148563506,0
1970-01-01 00:00:00.000000466,,2444.295362696197,2444.295362696197,2444.295362696197,2444.295362696197,2444.295362696197,0
1970-01-01 00:00:00.000000467,,2460.376339280044,2460.376339280044,2460.376339280044,2460.376339280044,2460.376339280044,0
1970-01-01 00:00:00.000000468,,2449.3915667510755,2449.3915667510755,2449.3915667510755,2449.3915667510755,2449.3915667510755,0
1970-01-01 00:00:00.000000469,,2460.12878333942,2460.12878333942,2460.12878333942,2460.12878333942,2460.12878333942,0
1970-01-01 00:00:00.000000470,,2429.550486048264,2429.550486048264,2429.550486048264,2429.550486048264,2429.550486048264,0
1970-01-01 00:00:00.000000471,,2459.1393150176896,2459.1393150176896,2459.1393150176896,2459.1393150176896,2459.1393150176896,0
1970-01-01 00:00:00.000000472,,2454.191281323029,2454.191281323029,2454.191281323029,2454.191281323029,2454.191281323029,0
1970-01-01 00:00:00.000000473,,2455.2798834802848,2455.2798834802848,2455.2798834802848,2455.2798834802848,2455.2798834802848,0
1970-01-01 00:00:00.000000474,,2439.9412002072213,2439.9412002072213,2439.9412002072213,2439.9412002072213,2439.9412002072213,0
1970-01-01 00:00:00.000000475,,2469.0353010155163,2469.0353010155163,2469.0353010155163,2469.0353010155163,2469.0353010155163,0
1970-01-01 00:00:00.000000476,,2439.347482760921,2439.347482760921,2439.347482760921,2439.347482760921,2439.347482760921,0
1970-01-01 00:00:00.000000477,,2383.6333504033364,2383.6333504033364,2383.6333504033364,2383.6333504033364,2383.6333504033364,0
1970-01-01 00:00:00.000000478,,2379.9717820277288,2379.9717820277288,2379.9717820277288,2379.9717820277288,2379.9717820277288,0
1970-01-01 00:00:00.000000479,,2360.2294166121537,2360.2294166121537,2360.2294166121537,2360.2294166121537,2360.2294166121537,0
1970-01-01 00:00:00.000000480,,2320.546768178735,2320.546768178735,2320.546768178735,2320.546768178735,2320.546768178735,0
1970-01-01 00:00:00.000000481,,2365.424946537542,2365.424946537542,2365.424946537542,2365.424946537542,2365.424946537542,0
1970-01-01 00:00:00.000000482,,2328.8593734568494,2328.8593734568494,2328.8593734568494,2328.8593734568494,2328.8593734568494,0
1970-01-01 00:00:00.000000483,,2325.5937555517817,2325.5937555517817,2325.5937555517817,2325.5937555517817,2325.5937555517817,0
1970-01-01 00:00:00.000000484,,2322.575378033356,2322.575378033356,2322.575378033356,2322.575378033356,2322.575378033356,0
1970-01-01 00:00:00.000000485,,2327.6223625608864,2327.6223625608864,2327.6223625608864,2327.6223625608864,2327.6223625608864,0
1970-01-01 00:00:00.000000486,,2312.679439765665,2312.679439765665,2312.679439765665,2312.679439765665,2312.679439765665,0
1970-01-01 00:00:00.000000487,,2306.840987138842,2306.840987138842,2306.840987138842,2306.840987138842,2306.840987138842,0
1970-01-01 00:00:00.000000488,,2307.978836192028,2307.978836192028,2307.978836192028,2307.978836192028,2307.978836192028,0
1970-01-01 00:00:00.000000489,,2318.6170421366123,2318.6170421366123,2318.6170421366123,2318.6170421366123,2318.6170421366123,0
1970-01-01 00:00:00.000000490,,2317.1326298763533,2317.1326298763533,2317.1326298763533,2317.1326298763533,2317.1326298763533,0
1970-01-01 00:00:00.000000491,,2315.6483090887227,2315.6483090887227,2315.6483090887227,2315.6483090887227,2315.6483090887227,0
1970-01-01 00:00:00.000000492,,2300.804294082358,2300.804294082358,2300.804294082358,2300.804294082358,2300.804294082358,0
1970-01-01 00:00:00.000000493,,2305.7522085970463,2305.7522085970463,2305.7522085970463,2305.7522085970463,2305.7522085970463,0
1970-01-01 00:00:00.000000494,,2357.062761752587,2357.062761752587,2357.062761752587,2357.062761752587,2357.062761752587,0
1970-01-01 00:00:00.000000495,,2392.836481773446,2392.836481773446,2392.836481773446,2392.836481773446,2392.836481773446,0
1970-01-01 00:00:00.000000496,,2352.4115844134094,2352.4115844134094,2352.4115844134094,2352.4115844134094,2352.4115844134094,0
1970-01-01 00:00:00.000000497,,2366.11749509075,2366.11749509075,2366.11749509075,2366.11749509075,2366.11749509075,0
1970-01-01 00:00:00.000000498,,2380.02140830482,2380.02140830482,2380.02140830482,2380.02140830482,2380.02140830482,0
1970-01-01 00:00:00.000000499,,2410.055290434463,2410.055290434463,2410.055290434463,2410.055290434463,2410.055290434463,0
1970-01-01 00:00:00.000000500,,2391.8965200446955,2391.8965200446955,2391.8965200446955,2391.8965200446955,2391.8965200446955,0
1970-01-01 00:00:00.000000501,,2439.3474497642724,2439.3474497642724,2439.3474497642724,2439.3474497642724,2439.3474497642724,0
1970-01-01 00:00:00.000000502,,2349.195468982312,2349.195468982312,2349.195468982312,2349.195468982312,2349.195468982312,0
1970-01-01 00:00:00.000000503,,2352.21364769839,2352.21364769839,2352.21364769839,2352.21364769839,2352.21364769839,0
1970-01-01 00:00:00.000000504,,2325.5440685236567,2325.5440685236567,2325.5440685236567,2325.5440685236567,2325.5440685236567,0
1970-01-01 00:00:00.000000505,,2331.927114224977,2331.927114224977,2331.927114224977,2331.927114224977,2331.927114224977,0
1970-01-01 00:00:00.000000506,,2329.007779016069,2329.007779016069,2329.007779016069,2329.007779016069,2329.007779016069,0
1970-01-01 00:00:00.000000507,,2318.1716421650885,2318.1716421650885,2318.1716421650885,2318.1716421650885,2318.1716421650885,0
1970-01-01 00:00:00.000000508,,2290.908347838724,2290.908347838724,2290.908347838724,2290.908347838724,2290.908347838724,0
1970-01-01 00:00:00.000000509,,2308.572649398605,2308.572649398605,2308.572649398605,2308.572649398605,2308.572649398605,0
1970-01-01 00:00:00.000000510,,2340.387974264966,2340.387974264966,2340.387974264966,2340.387974264966,2340.387974264966,0
1970-01-01 00:00:00.000000511,,2376.0134518785903,2376.0134518785903,2376.0134518785903,2376.0134518785903,2376.0134518785903,0
1970-01-01 00:00:00.000000512,,2360.3283327655017,2360.3283327655017,2360.3283327655017,2360.3283327655017,2360.3283327655017,0
1970-01-01 00:00:00.000000513,,2359.190427153607,2359.190427153607,2359.190427153607,2359.190427153607,2359.190427153607,0
1970-01-01 00:00:00.000000514,,2376.508234850856,2376.508234850856,2376.508234850856,2376.508234850856,2376.508234850856,0
1970-01-01 00:00:00.000000515,,2449.243296082011,2449.243296082011,2449.243296082011,2449.243296082011,2449.243296082011,0
1970-01-01 00:00:00.000000516,,2478.9310100640587,2478.9310100640587,2478.9310100640587,2478.9310100640587,2478.9310100640587,0
1970-01-01 00:00:00.000000517,,2424.503570057758,2424.503570057758,2424.503570057758,2424.503570057758,2424.503570057758,0
1970-01-01 00:00:00.000000518,,2427.4722457945336,2427.4722457945336,2427.4722457945336,2427.4722457945336,2427.4722457945336,0
1970-01-01 00:00:00.000000519,,2375.023756044994,2375.023756044994,2375.023756044994,2375.023756044994,2375.023756044994,0
1970-01-01 00:00:00.000000520,,2355.232079468475,2355.232079468475,2355.232079468475,2355.232079468475,2355.232079468475,0
1970-01-01 00:00:00.000000521,,2346.226608165067,2346.226608165067,2346.226608165067,2346.226608165067,2346.226608165067,0
1970-01-01 00:00:00.000000522,,2346.325585157178,2346.325585157178,2346.325585157178,2346.325585157178,2346.325585157178,0
1970-01-01 00:00:00.000000523,,2301.4970357565,2301.4970357565,2301.4970357565,2301.4970357565,2301.4970357565,0
1970-01-01 00:00:00.000000524,,2305.8514192374955,2305.8514192374955,2305.8514192374955,2305.8514192374955,2305.8514192374955,0
1970-01-01 00:00:00.000000525,,2297.8355515744483,2297.8355515744483,2297.8355515744483,2297.8355515744483,2297.8355515744483,0
1970-01-01 00:00:00.000000526,,2294.223635003292,2294.223635003292,2294.223635003292,2294.223635003292,2294.223635003292,0
1970-01-01 00:00:00.000000527,,2305.158520524562,2305.158520524562,2305.158520524562,2305.158520524562,2305.158520524562,0
1970-01-01 00:00:00.000000528,,2274.8276465999206,2274.8276465999206,2274.8276465999206,2274.8276465999206,2274.8276465999206,0
1970-01-01 00:00:00.000000529,,2226.980672739916,2226.980672739916,2226.980672739916,2226.980672739916,2226.980672739916,0
1970-01-01 00:00:00.000000530,,2224.655074737465,2224.655074737465,2224.655074737465,2224.655074737465,2224.655074737465,0
1970-01-01 00:00:00.000000531,,2206.792984713286,2206.792984713286,2206.792984713286,2206.792984713286,2206.792984713286,0
1970-01-01 00:00:00.000000532,,2219.6576675855754,2219.6576675855754,2219.6576675855754,2219.6576675855754,2219.6576675855754,0
1970-01-01 00:00:00.000000533,,2246.0303082238115,2246.0303082238115,2246.0303082238115,2246.0303082238115,2246.0303082238115,0
1970-01-01 00:00:00.000000534,,2221.6862995661827,2221.6862995661827,2221.6862995661827,2221.6862995661827,2221.6862995661827,0
1970-01-01 00:00:00.000000535,,2176.1156841937386,2176.1156841937386,2176.1156841937386,2176.1156841937386,2176.1156841937386,0
1970-01-01 00:00:00.000000536,,2157.263833201739,2157.263833201739,2157.263833201739,2157.263833201739,2157.263833201739,0
1970-01-01 00:00:00.000000537,,2129.6046023003178,2129.6046023003178,2129.6046023003178,2129.6046023003178,2129.6046023003178,0
1970-01-01 00:00:00.000000538,,2152.3653348141274,2152.3653348141274,2152.3653348141274,2152.3653348141274,2152.3653348141274,0
1970-01-01 00:00:00.000000539,,2203.527304632234,2203.527304632234,2203.527304632234,2203.527304632234,2203.527304632234,0
1970-01-01 00:00:00.000000540,,2185.021823907241,2185.021823907241,2185.021823907241,2185.021823907241,2185.021823907241,0
1970-01-01 00:00:00.000000541,,2216.6888343723404,2216.6888343723404,2216.6888343723404,2216.6888343723404,2216.6888343723404,0
1970-01-01 00:00:00.000000542,,2194.274851591979,2194.274851591979,2194.274851591979,2194.274851591979,2194.274851591979,0
1970-01-01 00:00:00.000000543,,2162.261283449078,2162.261283449078,2162.261283449078,2162.261283449078,2162.261283449078,0
1970-01-01 00:00:00.000000544,,2138.510966285262,2138.510966285262,2138.510966285262,2138.510966285262,2138.510966285262,0
1970-01-01 00:00:00.000000545,,2148.654296875,2148.654296875,2148.654296875,2148.654296875,2148.654296875,0
1970-01-01 00:00:00.000000546,,2184.0324102623285,2184.0324102623285,2184.0324102623285,2184.0324102623285,2184.0324102623285,0
1970-01-01 00:00:00.000000547,,2180.964622011462,2180.964622011462,2180.964622011462,2180.964622011462,2180.964622011462,0
1970-01-01 00:00:00.000000548,,2221.636999228841,2221.636999228841,2221.636999228841,2221.636999228841,2221.636999228841,0
1970-01-01 00:00:00.000000549,,2226.8321833987184,2226.8321833987184,2226.8321833987184,2226.8321833987184,2226.8321833987184,0
1970-01-01 00:00:00.000000550,,2227.3271392669976,2227.3271392669976,2227.3271392669976,2227.3271392669976,2227.3271392669976,0
1970-01-01 00:00:00.000000551,,2248.355856695608,2248.355856695608,2248.355856695608,2248.355856695608,2248.355856695608,0
1970-01-01 00:00:00.000000552,,2220.8452586740973,2220.8452586740973,2220.8452586740973,2220.8452586740973,2220.8452586740973,0
1970-01-01 00:00:00.000000553,,2223.615996973709,2223.615996973709,2223.615996973709,2223.615996973709,2223.615996973709,0
1970-01-01 00:00:00.000000554,,2235.4912014951065,2235.4912014951065,2235.4912014951065,2235.4912014951065,2235.4912014951065,0
1970-01-01 00:00:00.000000555,,2220.3502847646905,2220.3502847646905,2220.3502847646905,2220.3502847646905,2220.3502847646905,0
1970-01-01 00:00:00.000000556,,2202.290322056308,2202.290322056308,2202.290322056308,2202.290322056308,2202.290322056308,0
1970-01-01 00:00:00.000000557,,2206.7930198113336,2206.7930198113336,2206.7930198113336,2206.7930198113336,2206.7930198113336,0
1970-01-01 00:00:00.000000558,,2127.6254940825147,2127.6254940825147,2127.6254940825147,2127.6254940825147,2127.6254940825147,0
1970-01-01 00:00:00.000000559,,2244.6943399778315,2244.6943399778315,2244.6943399778315,2244.6943399778315,2244.6943399778315,0
1970-01-01 00:00:00.000000560,,2270.0774382315035,2270.0774382315035,2270.0774382315035,2270.0774382315035,2270.0774382315035,0
1970-01-01 00:00:00.000000561,,2369.6802461073025,2369.6802461073025,2369.6802461073025,2369.6802461073025,2369.6802461073025,0
1970-01-01 00:00:00.000000562,,2375.0239023131485,2375.0239023131485,2375.0239023131485,2375.0239023131485,2375.0239023131485,0
1970-01-01 00:00:00.000000563,,2326.533684513711,2326.533684513711,2326.533684513711,2326.533684513711,2326.533684513711,0
1970-01-01 00:00:00.000000564,,2332.570313262086,2332.570313262086,2332.570313262086,2332.570313262086,2332.570313262086,0
1970-01-01 00:00:00.000000565,,2343.4558323350475,2343.4558323350475,2343.4558323350475,2343.4558323350475,2343.4558323350475,0
1970-01-01 00:00:00.000000566,,2345.336026442546,2345.336026442546,2345.336026442546,2345.336026442546,2345.336026442546,0
1970-01-01 00:00:00.000000567,,2384.9197366810754,2384.9197366810754,2384.9197366810754,2384.9197366810754,2384.9197366810754,0
1970-01-01 00:00:00.000000568,,2398.576257119483,2398.576257119483,2398.576257119483,2398.576257119483,2398.576257119483,0
1970-01-01 00:00:00.000000569,,2307.6325170497216,2307.6325170497216,2307.6325170497216,2307.6325170497216,2307.6325170497216,0
1970-01-01 00:00:00.000000570,,2320.596111755877,2320.596111755877,2320.596111755877,2320.596111755877,2320.596111755877,0
1970-01-01 00:00:00.000000571,,2303.773059943218,2303.773059943218,2303.773059943218,2303.773059943218,2303.773059943218,0
1970-01-01 00:00:00.000000572,,2295.856453949561,2295.856453949561,2295.856453949561,2295.856453949561,2295.856453949561,0
1970-01-01 00:00:00.000000573,,2309.8096422473805,2309.8096422473805,2309.8096422473805,2309.8096422473805,2309.8096422473805,0
1970-01-01 00:00:00.000000574,,2299.913899545334,2299.913899545334,2299.913899545334,2299.913899545334,2299.913899545334,0
1970-01-01 00:00:00.000000575,,2315.846008934059,2315.846008934059,2315.846008934059,2315.846008934059,2315.846008934059,0
1970-01-01 00:00:00.000000576,,2344.346369407166,2344.346369407166,2344.346369407166,2344.346369407166,2344.346369407166,0
1970-01-01 00:00:00.000000577,,2337.122348880004,2337.122348880004,2337.122348880004,2337.122348880004,2337.122348880004,0
1970-01-01 00:00:00.000000578,,2305.7523464354463,2305.7523464354463,2305.7523464354463,2305.7523464354463,2305.7523464354463,0
1970-01-01 00:00:00.000000579,,2335.440205272823,2335.440205272823,2335.440205272823,2335.440205272823,2335.440205272823,0
1970-01-01 00:00:00.000000580,,2350.87793765063,2350.87793765063,2350.87793765063,2350.87793765063,2350.87793765063,0
1970-01-01 00:00:00.000000581,,2345.336131940013,2345.336131940013,2345.336131940013,2345.336131940013,2345.336131940013,0
1970-01-01 00:00:00.000000582,,2327.1275507161395,2327.1275507161395,2327.1275507161395,2327.1275507161395,2327.1275507161395,0
1970-01-01 00:00:00.000000583,,2335.4402312682496,2335.4402312682496,2335.4402312682496,2335.4402312682496,2335.4402312682496,0
1970-01-01 00:00:00.000000584,,2350.283988823652,2350.283988823652,2350.283988823652,2350.283988823652,2350.283988823652,0
1970-01-01 00:00:00.000000585,,2369.680054417226,2369.680054417226,2369.680054417226,2369.680054417226,2369.680054417226,0
1970-01-01 00:00:00.000000586,,2321.5856944060306,2321.5856944060306,2321.5856944060306,2321.5856944060306,2321.5856944060306,0
1970-01-01 00:00:00.000000587,,2330.492233998324,2330.492233998324,2330.492233998324,2330.492233998324,2330.492233998324,0
1970-01-01 00:00:00.000000588,,2312.5804588503333,2312.5804588503333,2312.5804588503333,2312.5804588503333,2312.5804588503333,0
1970-01-01 00:00:00.000000589,,2343.3568222010613,2343.3568222010613,2343.3568222010613,2343.3568222010613,2343.3568222010613,0
1970-01-01 00:00:00.000000590,,2369.185423513216,2369.185423513216,2369.185423513216,2369.185423513216,2369.185423513216,0
1970-01-01 00:00:00.000000591,,2363.1486132150985,2363.1486132150985,2363.1486132150985,2363.1486132150985,2363.1486132150985,0
1970-01-01 00:00:00.000000592,,2344.346425310576,2344.346425310576,2344.346425310576,2344.346425310576,2344.346425310576,0
1970-01-01 00:00:00.000000593,,2335.4400088079005,2335.4400088079005,2335.4400088079005,2335.4400088079005,2335.4400088079005,0
1970-01-01 00:00:00.000000594,,2323.465880436182,2323.465880436182,2323.465880436182,2323.465880436182,2323.465880436182,0
1970-01-01 00:00:00.000000595,,2340.487154758472,2340.487154758472,2340.487154758472,2340.487154758472,2340.487154758472,0
1970-01-01 00:00:00.000000596,,2334.9453441469027,2334.9453441469027,2334.9453441469027,2334.9453441469027,2334.9453441469027,0
1970-01-01 00:00:00.000000597,,2339.893369903061,2339.893369903061,2339.893369903061,2339.893369903061,2339.893369903061,0
1970-01-01 00:00:00.000000598,,2348.6016434680623,2348.6016434680623,2348.6016434680623,2348.6016434680623,2348.6016434680623,0
1970-01-01 00:00:00.000000599,,2369.0864007078976,2369.0864007078976,2369.0864007078976,2369.0864007078976,2369.0864007078976,0
1970-01-01 00:00:00.000000600,,2368.4923654875056,2368.4923654875056,2368.4923654875056,2368.4923654875056,2368.4923654875056,0
1970-01-01 00:00:00.000000601,,2370.2738360495687,2370.2738360495687,2370.2738360495687,2370.2738360495687,2370.2738360495687,0
1970-01-01 00:00:00.000000602,,2362.0599768481766,2362.0599768481766,2362.0599768481766,2362.0599768481766,2362.0599768481766,0
1970-01-01 00:00:00.000000603,,2281.0123940057,2281.0123940057,2281.0123940057,2281.0123940057,2281.0123940057,0
1970-01-01 00:00:00.000000604,,2295.856305917426,2295.856305917426,2295.856305917426,2295.856305917426,2295.856305917426,0
1970-01-01 00:00:00.000000605,,2295.8563447517945,2295.8563447517945,2295.8563447517945,2295.8563447517945,2295.8563447517945,0
1970-01-01 00:00:00.000000606,,2303.476115710462,2303.476115710462,2303.476115710462,2303.476115710462,2303.476115710462,0
1970-01-01 00:00:00.000000607,,2276.163451963547,2276.163451963547,2276.163451963547,2276.163451963547,2276.163451963547,0
1970-01-01 00:00:00.000000608,,2271.116554866801,2271.116554866801,2271.116554866801,2271.116554866801,2271.116554866801,0
1970-01-01 00:00:00.000000609,,2283.39990234375,2283.39990234375,2283.39990234375,2283.39990234375,2283.39990234375,0
1970-01-01 00:00:00.000000610,,2295.0,2295.0,2295.0,2295.0,2295.0,0
1970-01-01 00:00:00.000000611,,2279.0,2279.0,2279.0,2279.0,2279.0,0
1970-01-01 00:00:00.000000612,,2288.89990234375,2288.89990234375,2288.89990234375,2288.89990234375,2288.89990234375,0
1970-01-01 00:00:00.000000613,,2280.800048828125,2280.800048828125,2280.800048828125,2280.800048828125,2280.800048828125,0
1970-01-01 00:00:00.000000614,,2309.89990234375,2309.89990234375,2309.89990234375,2309.89990234375,2309.89990234375,0
1970-01-01 00:00:00.000000615,,2300.0,2300.0,2300.0,2300.0,2300.0,0
1970-01-01 00:00:00.000000616,,2295.0,2295.0,2295.0,2295.0,2295.0,0
1970-01-01 00:00:00.000000617,,2310.0,2310.0,2310.0,2310.0,2310.0,0
1970-01-01 00:00:00.000000618,,2318.0,2318.0,2318.0,2318.0,2318.0,0
1970-01-01 00:00:00.000000619,,2341.0,2341.0,2341.0,2341.0,2341.0,0
1970-01-01 00:00:00.000000620,,2405.39990234375,2405.39990234375,2405.39990234375,2405.39990234375,2405.39990234375,0
1970-01-01 00:00:00.000000621,,2399.0,2399.0,2399.0,2399.0,2399.0,0
1970-01-01 00:00:00.000000622,,2423.39990234375,2423.39990234375,2423.39990234375,2423.39990234375,2423.39990234375,0
1970-01-01 00:00:00.000000623,,2500.0,2500.0,2500.0,2500.0,2500.0,0
1970-01-01 00:00:00.000000624,,2500.0,2500.0,2500.0,2500.0,2500.0,0
1970-01-01 00:00:00.000000625,,2520.699951171875,2520.699951171875,2520.699951171875,2520.699951171875,2520.699951171875,0
1970-01-01 00:00:00.000000626,,2526.300048828125,2526.300048828125,2526.300048828125,2526.300048828125,2526.300048828125,0
1970-01-01 00:00:00.000000627,,2513.0,2513.0,2513.0,2513.0,2513.0,0
1970-01-01 00:00:00.000000628,,2514.89990234375,2514.89990234375,2514.89990234375,2514.89990234375,2514.89990234375,0
1970-01-01 00:00:00.000000629,,2490.89990234375,2490.89990234375,2490.89990234375,2490.89990234375,2490.89990234375,0
1970-01-01 00:00:00.000000630,,2470.0,2470.0,2470.0,2470.0,2470.0,0
1970-01-01 00:00:00.000000631,,2481.0,2481.0,2481.0,2481.0,2481.0,0
1970-01-01 00:00:00.000000632,,2455.89990234375,2455.89990234375,2455.89990234375,2455.89990234375,2455.89990234375,0
1970-01-01 00:00:00.000000633,,2426.10009765625,2426.10009765625,2426.10009765625,2426.10009765625,2426.10009765625,0
1970-01-01 00:00:00.000000634,,2415.39990234375,2415.39990234375,2415.39990234375,2415.39990234375,2415.39990234375,0
1970-01-01 00:00:00.000000635,,2444.800048828125,2444.800048828125,2444.800048828125,2444.800048828125,2444.800048828125,0
1970-01-01 00:00:00.000000636,,2442.0,2442.0,2442.0,2442.0,2442.0,0
1970-01-01 00:00:00.000000637,,2420.10009765625,2420.10009765625,2420.10009765625,2420.10009765625,2420.10009765625,0
1970-01-01 00:00:00.000000638,,2550.0,2550.0,2550.0,2550.0,2550.0,0
1970-01-01 00:00:00.000000639,,2547.0,2547.0,2547.0,2547.0,2547.0,0
1970-01-01 00:00:00.000000640,,2537.5,2537.5,2537.5,2537.5,2537.5,0
1970-01-01 00:00:00.000000641,,2538.699951171875,2538.699951171875,2538.699951171875,2538.699951171875,2538.699951171875,0
1970-01-01 00:00:00.000000642,,2535.699951171875,2535.699951171875,2535.699951171875,2535.699951171875,2535.699951171875,0
1970-01-01 00:00:00.000000643,,2516.0,2516.0,2516.0,2516.0,2516.0,0
1970-01-01 00:00:00.000000644,,2490.10009765625,2490.10009765625,2490.10009765625,2490.10009765625,2490.10009765625,0
1970-01-01 00:00:00.000000645,,2518.0,2518.0,2518.0,2518.0,2518.0,0
1970-01-01 00:00:00.000000646,,2485.0,2485.0,2485.0,2485.0,2485.0,0
1970-01-01 00:00:00.000000647,,2498.89990234375,2498.89990234375,2498.89990234375,2498.89990234375,2498.89990234375,0
1970-01-01 00:00:00.000000648,,2539.0,2539.0,2539.0,2539.0,2539.0,0
1970-01-01 00:00:00.000000649,,2572.199951171875,2572.199951171875,2572.199951171875,2572.199951171875,2572.199951171875,0
1970-01-01 00:00:00.000000650,,2599.0,2599.0,2599.0,2599.0,2599.0,0
1970-01-01 00:00:00.000000651,,2667.10009765625,2667.10009765625,2667.10009765625,2667.10009765625,2667.10009765625,0
1970-01-01 00:00:00.000000652,,2647.0,2647.0,2647.0,2647.0,2647.0,0
1970-01-01 00:00:00.000000653,,2643.0,2643.0,2643.0,2643.0,2643.0,0
1970-01-01 00:00:00.000000654,,2624.60009765625,2624.60009765625,2624.60009765625,2624.60009765625,2624.60009765625,0
1970-01-01 00:00:00.000000655,,2692.60009765625,2692.60009765625,2692.60009765625,2692.60009765625,2692.60009765625,0
1970-01-01 00:00:00.000000656,,2748.0,2748.0,2748.0,2748.0,2748.0,0
1970-01-01 00:00:00.000000657,,2664.800048828125,2664.800048828125,2664.800048828125,2664.800048828125,2664.800048828125,0
1970-01-01 00:00:00.000000658,,2659.800048828125,2659.800048828125,2659.800048828125,2659.800048828125,2659.800048828125,0
1970-01-01 00:00:00.000000659,,2649.0,2649.0,2649.0,2649.0,2649.0,0
1970-01-01 00:00:00.000000660,,2681.0,2681.0,2681.0,2681.0,2681.0,0
1970-01-01 00:00:00.000000661,,2750.0,2750.0,2750.0,2750.0,2750.0,0
1970-01-01 00:00:00.000000662,,2667.60009765625,2667.60009765625,2667.60009765625,2667.60009765625,2667.60009765625,0
1970-01-01 00:00:00.000000663,,2630.0,2630.0,2630.0,2630.0,2630.0,0
1970-01-01 00:00:00.000000664,,2637.0,2637.0,2637.0,2637.0,2637.0,0
1970-01-01 00:00:00.000000665,,2642.0,2642.0,2642.0,2642.0,2642.0,0
1970-01-01 00:00:00.000000666,,2643.800048828125,2643.800048828125,2643.800048828125,2643.800048828125,2643.800048828125,0
1970-01-01 00:00:00.000000667,,2625.0,2625.0,2625.0,2625.0,2625.0,0
