Date,Ticker,ICICIBANK.NS,ICICIBANK.NS.1,ICICIBANK.NS.2,ICICIBANK.NS.3,ICICIBANK.NS.4,SentimentScore
1970-01-01 00:00:00.000000000,,872.4014740958874,872.4014740958874,872.4014740958874,872.4014740958874,872.4014740958874,0
1970-01-01 00:00:00.000000001,,872.4014740958874,872.4014740958874,872.4014740958874,872.4014740958874,872.4014740958874,0
1970-01-01 00:00:00.000000002,,876.7927916486487,876.7927916486487,876.7927916486487,876.7927916486487,876.7927916486487,0
1970-01-01 00:00:00.000000003,,877.2806746302692,877.2806746302692,877.2806746302692,877.2806746302692,877.2806746302692,0
1970-01-01 00:00:00.000000004,,879.1348111478047,879.1348111478047,879.1348111478047,879.1348111478047,879.1348111478047,0
1970-01-01 00:00:00.000000005,,857.7150822158359,857.7150822158359,857.7150822158359,857.7150822158359,857.7150822158359,0
1970-01-01 00:00:00.000000006,,853.1285854792023,853.1285854792023,853.1285854792023,853.1285854792023,853.1285854792023,0
1970-01-01 00:00:00.000000007,,854.2508913830072,854.2508913830072,854.2508913830072,854.2508913830072,854.2508913830072,0
1970-01-01 00:00:00.000000008,,842.0528443311998,842.0528443311998,842.0528443311998,842.0528443311998,842.0528443311998,0
1970-01-01 00:00:00.000000009,,844.5899804905931,844.5899804905931,844.5899804905931,844.5899804905931,844.5899804905931,0
1970-01-01 00:00:00.000000010,,843.8093564017448,843.8093564017448,843.8093564017448,843.8093564017448,843.8093564017448,0
1970-01-01 00:00:00.000000011,,856.0561563998281,856.0561563998281,856.0561563998281,856.0561563998281,856.0561563998281,0
1970-01-01 00:00:00.000000012,,846.0050363579256,846.0050363579256,846.0050363579256,846.0050363579256,846.0050363579256,0
1970-01-01 00:00:00.000000013,,843.5654250474721,843.5654250474721,843.5654250474721,843.5654250474721,843.5654250474721,0
1970-01-01 00:00:00.000000014,,847.029646532359,847.029646532359,847.029646532359,847.029646532359,847.029646532359,0
1970-01-01 00:00:00.000000015,,852.3967365563113,852.3967365563113,852.3967365563113,852.3967365563113,852.3967365563113,0
1970-01-01 00:00:00.000000016,,860.6914050079915,860.6914050079915,860.6914050079915,860.6914050079915,860.6914050079915,0
1970-01-01 00:00:00.000000017,,857.7638806877826,857.7638806877826,857.7638806877826,857.7638806877826,857.7638806877826,0
1970-01-01 00:00:00.000000018,,852.2015435388557,852.2015435388557,852.2015435388557,852.2015435388557,852.2015435388557,0
1970-01-01 00:00:00.000000019,,818.876621159135,818.876621159135,818.876621159135,818.876621159135,818.876621159135,0
1970-01-01 00:00:00.000000020,,780.6724228711294,780.6724228711294,780.6724228711294,780.6724228711294,780.6724228711294,0
1970-01-01 00:00:00.000000021,,806.0443354842496,806.0443354842496,806.0443354842496,806.0443354842496,806.0443354842496,0
1970-01-01 00:00:00.000000022,,823.0727675844201,823.0727675844201,823.0727675844201,823.0727675844201,823.0727675844201,0
1970-01-01 00:00:00.000000023,,808.3863483354639,808.3863483354639,808.3863483354639,808.3863483354639,808.3863483354639,0
1970-01-01 00:00:00.000000024,,843.760652643216,843.760652643216,843.760652643216,843.760652643216,843.760652643216,0
1970-01-01 00:00:00.000000025,,840.6866790648273,840.6866790648273,840.6866790648273,840.6866790648273,840.6866790648273,0
1970-01-01 00:00:00.000000026,,834.3437126381102,834.3437126381102,834.3437126381102,834.3437126381102,834.3437126381102,0
1970-01-01 00:00:00.000000027,,831.9040805956793,831.9040805956793,831.9040805956793,831.9040805956793,831.9040805956793,0
1970-01-01 00:00:00.000000028,,837.7591795408565,837.7591795408565,837.7591795408565,837.7591795408565,837.7591795408565,0
1970-01-01 00:00:00.000000029,,834.8803764054466,834.8803764054466,834.8803764054466,834.8803764054466,834.8803764054466,0
1970-01-01 00:00:00.000000030,,832.7824387542234,832.7824387542234,832.7824387542234,832.7824387542234,832.7824387542234,0
1970-01-01 00:00:00.000000031,,833.2702896230664,833.2702896230664,833.2702896230664,833.2702896230664,833.2702896230664,0
1970-01-01 00:00:00.000000032,,845.4683000864001,845.4683000864001,845.4683000864001,845.4683000864001,845.4683000864001,0
1970-01-01 00:00:00.000000033,,854.787605159296,854.787605159296,854.787605159296,854.787605159296,854.787605159296,0
1970-01-01 00:00:00.000000034,,846.5904820244143,846.5904820244143,846.5904820244143,846.5904820244143,846.5904820244143,0
1970-01-01 00:00:00.000000035,,841.8088986592531,841.8088986592531,841.8088986592531,841.8088986592531,841.8088986592531,0
1970-01-01 00:00:00.000000036,,833.7582293477933,833.7582293477933,833.7582293477933,833.7582293477933,833.7582293477933,0
1970-01-01 00:00:00.000000037,,830.6842687366475,830.6842687366475,830.6842687366475,830.6842687366475,830.6842687366475,0
1970-01-01 00:00:00.000000038,,816.339395513742,816.339395513742,816.339395513742,816.339395513742,816.339395513742,0
1970-01-01 00:00:00.000000039,,823.5607138018664,823.5607138018664,823.5607138018664,823.5607138018664,823.5607138018664,0
1970-01-01 00:00:00.000000040,,813.4119068231814,813.4119068231814,813.4119068231814,813.4119068231814,813.4119068231814,0
1970-01-01 00:00:00.000000041,,834.2461663394178,834.2461663394178,834.2461663394178,834.2461663394178,834.2461663394178,0
1970-01-01 00:00:00.000000042,,843.1262893169088,843.1262893169088,843.1262893169088,843.1262893169088,843.1262893169088,0
1970-01-01 00:00:00.000000043,,832.3920183025423,832.3920183025423,832.3920183025423,832.3920183025423,832.3920183025423,0
1970-01-01 00:00:00.000000044,,836.0514981986004,836.0514981986004,836.0514981986004,836.0514981986004,836.0514981986004,0
1970-01-01 00:00:00.000000045,,850.6890067647562,850.6890067647562,850.6890067647562,850.6890067647562,850.6890067647562,0
1970-01-01 00:00:00.000000046,,845.7122948969003,845.7122948969003,845.7122948969003,845.7122948969003,845.7122948969003,0
1970-01-01 00:00:00.000000047,,846.2490202575223,846.2490202575223,846.2490202575223,846.2490202575223,846.2490202575223,0
1970-01-01 00:00:00.000000048,,824.2925755972103,824.2925755972103,824.2925755972103,824.2925755972103,824.2925755972103,0
1970-01-01 00:00:00.000000049,,821.1210600737454,821.1210600737454,821.1210600737454,821.1210600737454,821.1210600737454,0
1970-01-01 00:00:00.000000050,,807.0202033098866,807.0202033098866,807.0202033098866,807.0202033098866,807.0202033098866,0
1970-01-01 00:00:00.000000051,,816.2418837869195,816.2418837869195,816.2418837869195,816.2418837869195,816.2418837869195,0
1970-01-01 00:00:00.000000052,,809.6549809174596,809.6549809174596,809.6549809174596,809.6549809174596,809.6549809174596,0
1970-01-01 00:00:00.000000053,,811.7041286544949,811.7041286544949,811.7041286544949,811.7041286544949,811.7041286544949,0
1970-01-01 00:00:00.000000054,,816.778643817747,816.778643817747,816.778643817747,816.778643817747,816.778643817747,0
1970-01-01 00:00:00.000000055,,822.6336538132437,822.6336538132437,822.6336538132437,822.6336538132437,822.6336538132437,0
1970-01-01 00:00:00.000000056,,836.9297092178792,836.9297092178792,836.9297092178792,836.9297092178792,836.9297092178792,0
1970-01-01 00:00:00.000000057,,836.2953779024698,836.2953779024698,836.2953779024698,836.2953779024698,836.2953779024698,0
1970-01-01 00:00:00.000000058,,831.9041398289326,831.9041398289326,831.9041398289326,831.9041398289326,831.9041398289326,0
1970-01-01 00:00:00.000000059,,834.2948650706796,834.2948650706796,834.2948650706796,834.2948650706796,834.2948650706796,0
1970-01-01 00:00:00.000000060,,834.8803919931624,834.8803919931624,834.8803919931624,834.8803919931624,834.8803919931624,0
1970-01-01 00:00:00.000000061,,836.344192498566,836.344192498566,836.344192498566,836.344192498566,836.344192498566,0
1970-01-01 00:00:00.000000062,,841.1258033201476,841.1258033201476,841.1258033201476,841.1258033201476,841.1258033201476,0
1970-01-01 00:00:00.000000063,,858.9348737808818,858.9348737808818,858.9348737808818,858.9348737808818,858.9348737808818,0
1970-01-01 00:00:00.000000064,,865.1802578730985,865.1802578730985,865.1802578730985,865.1802578730985,865.1802578730985,0
1970-01-01 00:00:00.000000065,,860.6914189453125,860.6914189453125,860.6914189453125,860.6914189453125,860.6914189453125,0
1970-01-01 00:00:00.000000066,,858.7885385723444,858.7885385723444,858.7885385723444,858.7885385723444,858.7885385723444,0
1970-01-01 00:00:00.000000067,,852.5919670233527,852.5919670233527,852.5919670233527,852.5919670233527,852.5919670233527,0
1970-01-01 00:00:00.000000068,,862.1063873379366,862.1063873379366,862.1063873379366,862.1063873379366,862.1063873379366,0
1970-01-01 00:00:00.000000069,,869.571475609275,869.571475609275,869.571475609275,869.571475609275,869.571475609275,0
1970-01-01 00:00:00.000000070,,895.1385344204618,895.1385344204618,895.1385344204618,895.1385344204618,895.1385344204618,0
1970-01-01 00:00:00.000000071,,886.0144835702572,886.0144835702572,886.0144835702572,886.0144835702572,886.0144835702572,0
1970-01-01 00:00:00.000000072,,874.2555961921902,874.2555961921902,874.2555961921902,874.2555961921902,874.2555961921902,0
1970-01-01 00:00:00.000000073,,870.6938498585696,870.6938498585696,870.6938498585696,870.6938498585696,870.6938498585696,0
1970-01-01 00:00:00.000000074,,872.9381803026192,872.9381803026192,872.9381803026192,872.9381803026192,872.9381803026192,0
1970-01-01 00:00:00.000000075,,883.135744818471,883.135744818471,883.135744818471,883.135744818471,883.135744818471,0
1970-01-01 00:00:00.000000076,,884.4043078093315,884.4043078093315,884.4043078093315,884.4043078093315,884.4043078093315,0
1970-01-01 00:00:00.000000077,,889.4298949363513,889.4298949363513,889.4298949363513,889.4298949363513,889.4298949363513,0
1970-01-01 00:00:00.000000078,,887.5269819129636,887.5269819129636,887.5269819129636,887.5269819129636,887.5269819129636,0
1970-01-01 00:00:00.000000079,,892.9916614936355,892.9916614936355,892.9916614936355,892.9916614936355,892.9916614936355,0
1970-01-01 00:00:00.000000080,,901.6766917183744,901.6766917183744,901.6766917183744,901.6766917183744,901.6766917183744,0
1970-01-01 00:00:00.000000081,,897.3342422175527,897.3342422175527,897.3342422175527,897.3342422175527,897.3342422175527,0
1970-01-01 00:00:00.000000082,,897.773371044411,897.773371044411,897.773371044411,897.773371044411,897.773371044411,0
1970-01-01 00:00:00.000000083,,902.6525798225856,902.6525798225856,902.6525798225856,902.6525798225856,902.6525798225856,0
1970-01-01 00:00:00.000000084,,904.6042195927596,904.6042195927596,904.6042195927596,904.6042195927596,904.6042195927596,0
1970-01-01 00:00:00.000000085,,918.2660247654844,918.2660247654844,918.2660247654844,918.2660247654844,918.2660247654844,0
1970-01-01 00:00:00.000000086,,912.0205661468576,912.0205661468576,912.0205661468576,912.0205661468576,912.0205661468576,0
1970-01-01 00:00:00.000000087,,917.3389621864789,917.3389621864789,917.3389621864789,917.3389621864789,917.3389621864789,0
1970-01-01 00:00:00.000000088,,917.0461850344828,917.0461850344828,917.0461850344828,917.0461850344828,917.0461850344828,0
1970-01-01 00:00:00.000000089,,920.9496248282046,920.9496248282046,920.9496248282046,920.9496248282046,920.9496248282046,0
1970-01-01 00:00:00.000000090,,927.048597490951,927.048597490951,927.048597490951,927.048597490951,927.048597490951,0
1970-01-01 00:00:00.000000091,,924.4137672580238,924.4137672580238,924.4137672580238,924.4137672580238,924.4137672580238,0
1970-01-01 00:00:00.000000092,,925.0480984422348,925.0480984422348,925.0480984422348,925.0480984422348,925.0480984422348,0
1970-01-01 00:00:00.000000093,,928.4635680040532,928.4635680040532,928.4635680040532,928.4635680040532,928.4635680040532,0
1970-01-01 00:00:00.000000094,,928.0731149247672,928.0731149247672,928.0731149247672,928.0731149247672,928.0731149247672,0
1970-01-01 00:00:00.000000095,,929.0002544091722,929.0002544091722,929.0002544091722,929.0002544091722,929.0002544091722,0
1970-01-01 00:00:00.000000096,,923.828323327991,923.828323327991,923.828323327991,923.828323327991,923.828323327991,0
1970-01-01 00:00:00.000000097,,914.3626768370068,914.3626768370068,914.3626768370068,914.3626768370068,914.3626768370068,0
1970-01-01 00:00:00.000000098,,917.094942534292,917.094942534292,917.094942534292,917.094942534292,917.094942534292,0
1970-01-01 00:00:00.000000099,,930.8055298888272,930.8055298888272,930.8055298888272,930.8055298888272,930.8055298888272,0
1970-01-01 00:00:00.000000100,,922.5109142673764,922.5109142673764,922.5109142673764,922.5109142673764,922.5109142673764,0
1970-01-01 00:00:00.000000101,,926.5606365918726,926.5606365918726,926.5606365918726,926.5606365918726,926.5606365918726,0
1970-01-01 00:00:00.000000102,,931.1958437509088,931.1958437509088,931.1958437509088,931.1958437509088,931.1958437509088,0
1970-01-01 00:00:00.000000103,,920.2176049158624,920.2176049158624,920.2176049158624,920.2176049158624,920.2176049158624,0
1970-01-01 00:00:00.000000104,,920.2176729962288,920.2176729962288,920.2176729962288,920.2176729962288,920.2176729962288,0
1970-01-01 00:00:00.000000105,,923.6331390198328,923.6331390198328,923.6331390198328,923.6331390198328,923.6331390198328,0
1970-01-01 00:00:00.000000106,,921.5350543493884,921.5350543493884,921.5350543493884,921.5350543493884,921.5350543493884,0
1970-01-01 00:00:00.000000107,,913.9722653565424,913.9722653565424,913.9722653565424,913.9722653565424,913.9722653565424,0
1970-01-01 00:00:00.000000108,,918.6563698311433,918.6563698311433,918.6563698311433,918.6563698311433,918.6563698311433,0
1970-01-01 00:00:00.000000109,,915.3384739939504,915.3384739939504,915.3384739939504,915.3384739939504,915.3384739939504,0
1970-01-01 00:00:00.000000110,,913.2891890698932,913.2891890698932,913.2891890698932,913.2891890698932,913.2891890698932,0
1970-01-01 00:00:00.000000111,,923.1940358059712,923.1940358059712,923.1940358059712,923.1940358059712,923.1940358059712,0
1970-01-01 00:00:00.000000112,,917.9732552476846,917.9732552476846,917.9732552476846,917.9732552476846,917.9732552476846,0
1970-01-01 00:00:00.000000113,,906.848667243868,906.848667243868,906.848667243868,906.848667243868,906.848667243868,0
1970-01-01 00:00:00.000000114,,910.9472166078564,910.9472166078564,910.9472166078564,910.9472166078564,910.9472166078564,0
1970-01-01 00:00:00.000000115,,898.7004270111945,898.7004270111945,898.7004270111945,898.7004270111945,898.7004270111945,0
1970-01-01 00:00:00.000000116,,905.580064269418,905.580064269418,905.580064269418,905.580064269418,905.580064269418,0
1970-01-01 00:00:00.000000117,,902.0670994269972,902.0670994269972,902.0670994269972,902.0670994269972,902.0670994269972,0
1970-01-01 00:00:00.000000118,,903.6771633220312,903.6771633220312,903.6771633220312,903.6771633220312,903.6771633220312,0
1970-01-01 00:00:00.000000119,,904.7017550302204,904.7017550302204,904.7017550302204,904.7017550302204,904.7017550302204,0
1970-01-01 00:00:00.000000120,,907.531710441022,907.531710441022,907.531710441022,907.531710441022,907.531710441022,0
1970-01-01 00:00:00.000000121,,921.1935016587148,921.1935016587148,921.1935016587148,921.1935016587148,921.1935016587148,0
1970-01-01 00:00:00.000000122,,917.7780520093212,917.7780520093212,917.7780520093212,917.7780520093212,917.7780520093212,0
1970-01-01 00:00:00.000000123,,914.36260024857,914.36260024857,914.36260024857,914.36260024857,914.36260024857,0
1970-01-01 00:00:00.000000124,,924.3650296243724,924.3650296243724,924.3650296243724,924.3650296243724,924.3650296243724,0
1970-01-01 00:00:00.000000125,,919.2906163148466,919.2906163148466,919.2906163148466,919.2906163148466,919.2906163148466,0
1970-01-01 00:00:00.000000126,,931.6350338444386,931.6350338444386,931.6350338444386,931.6350338444386,931.6350338444386,0
1970-01-01 00:00:00.000000127,,929.976107742268,929.976107742268,929.976107742268,929.976107742268,929.976107742268,0
1970-01-01 00:00:00.000000128,,923.1452024012996,923.1452024012996,923.1452024012996,923.1452024012996,923.1452024012996,0
1970-01-01 00:00:00.000000129,,925.4872675187264,925.4872675187264,925.4872675187264,925.4872675187264,925.4872675187264,0
1970-01-01 00:00:00.000000130,,925.48722460236,925.48722460236,925.48722460236,925.48722460236,925.48722460236,0
1970-01-01 00:00:00.000000131,,924.8041153240754,924.8041153240754,924.8041153240754,924.8041153240754,924.8041153240754,0
1970-01-01 00:00:00.000000132,,936.5630336523336,936.5630336523336,936.5630336523336,936.5630336523336,936.5630336523336,0
1970-01-01 00:00:00.000000133,,939.636889650411,939.636889650411,939.636889650411,939.636889650411,939.636889650411,0
1970-01-01 00:00:00.000000134,,954.3721096526648,954.3721096526648,954.3721096526648,954.3721096526648,954.3721096526648,0
1970-01-01 00:00:00.000000135,,956.323750603878,956.323750603878,956.323750603878,956.323750603878,956.323750603878,0
1970-01-01 00:00:00.000000136,,952.46920323191,952.46920323191,952.46920323191,952.46920323191,952.46920323191,0
1970-01-01 00:00:00.000000137,,971.2541449921898,971.2541449921898,971.2541449921898,971.2541449921898,971.2541449921898,0
1970-01-01 00:00:00.000000138,,980.6710221848502,980.6710221848502,980.6710221848502,980.6710221848502,980.6710221848502,0
1970-01-01 00:00:00.000000139,,974.8647427328618,974.8647427328618,974.8647427328618,974.8647427328618,974.8647427328618,0
1970-01-01 00:00:00.000000140,,969.1073019747432,969.1073019747432,969.1073019747432,969.1073019747432,969.1073019747432,0
1970-01-01 00:00:00.000000141,,978.3289995630472,978.3289995630472,978.3289995630472,978.3289995630472,978.3289995630472,0
1970-01-01 00:00:00.000000142,,964.130541221062,964.130541221062,964.130541221062,964.130541221062,964.130541221062,0
1970-01-01 00:00:00.000000143,,971.9372191996074,971.9372191996074,971.9372191996074,971.9372191996074,971.9372191996074,0
1970-01-01 00:00:00.000000144,,977.4507205075172,977.4507205075172,977.4507205075172,977.4507205075172,977.4507205075172,0
1970-01-01 00:00:00.000000145,,961.4469550572352,961.4469550572352,961.4469550572352,961.4469550572352,961.4469550572352,0
1970-01-01 00:00:00.000000146,,952.9571657495216,952.9571657495216,952.9571657495216,952.9571657495216,952.9571657495216,0
1970-01-01 00:00:00.000000147,,945.2480024411116,945.2480024411116,945.2480024411116,945.2480024411116,945.2480024411116,0
1970-01-01 00:00:00.000000148,,947.492394919989,947.492394919989,947.492394919989,947.492394919989,947.492394919989,0
1970-01-01 00:00:00.000000149,,952.1764948847944,952.1764948847944,952.1764948847944,952.1764948847944,952.1764948847944,0
1970-01-01 00:00:00.000000150,,959.2270199754856,959.2270199754856,959.2270199754856,959.2270199754856,959.2270199754856,0
1970-01-01 00:00:00.000000151,,955.8818683285078,955.8818683285078,955.8818683285078,955.8818683285078,955.8818683285078,0
1970-01-01 00:00:00.000000152,,947.8633070091408,947.8633070091408,947.8633070091408,947.8633070091408,947.8633070091408,0
1970-01-01 00:00:00.000000153,,933.6955296923588,933.6955296923588,933.6955296923588,933.6955296923588,933.6955296923588,0
1970-01-01 00:00:00.000000154,,939.0575962871804,939.0575962871804,939.0575962871804,939.0575962871804,939.0575962871804,0
1970-01-01 00:00:00.000000155,,941.5173104722998,941.5173104722998,941.5173104722998,941.5173104722998,941.5173104722998,0
1970-01-01 00:00:00.000000156,,932.61325789159,932.61325789159,932.61325789159,932.61325789159,932.61325789159,0
1970-01-01 00:00:00.000000157,,935.368103582327,935.368103582327,935.368103582327,935.368103582327,935.368103582327,0
1970-01-01 00:00:00.000000158,,940.9762212582668,940.9762212582668,940.9762212582668,940.9762212582668,940.9762212582668,0
1970-01-01 00:00:00.000000159,,938.6148847885248,938.6148847885248,938.6148847885248,938.6148847885248,938.6148847885248,0
1970-01-01 00:00:00.000000160,,956.8165287761592,956.8165287761592,956.8165287761592,956.8165287761592,956.8165287761592,0
1970-01-01 00:00:00.000000161,,947.420561047928,947.420561047928,947.420561047928,947.420561047928,947.420561047928,0
1970-01-01 00:00:00.000000162,,954.3077104234818,954.3077104234818,954.3077104234818,954.3077104234818,954.3077104234818,0
1970-01-01 00:00:00.000000163,,957.603610762986,957.603610762986,957.603610762986,957.603610762986,957.603610762986,0
1970-01-01 00:00:00.000000164,,954.7996350612804,954.7996350612804,954.7996350612804,954.7996350612804,954.7996350612804,0
1970-01-01 00:00:00.000000165,,944.518110332464,944.518110332464,944.518110332464,944.518110332464,944.518110332464,0
1970-01-01 00:00:00.000000166,,941.4681300358887,941.4681300358887,941.4681300358887,941.4681300358887,941.4681300358887,0
1970-01-01 00:00:00.000000167,,953.0778374045047,953.0778374045047,953.0778374045047,953.0778374045047,953.0778374045047,0
1970-01-01 00:00:00.000000168,,948.551951794262,948.551951794262,948.551951794262,948.551951794262,948.551951794262,0
1970-01-01 00:00:00.000000169,,947.027018710753,947.027018710753,947.027018710753,947.027018710753,947.027018710753,0
1970-01-01 00:00:00.000000170,,941.96007377633,941.96007377633,941.96007377633,941.96007377633,941.96007377633,0
1970-01-01 00:00:00.000000171,,951.8972093560284,951.8972093560284,951.8972093560284,951.8972093560284,951.8972093560284,0
1970-01-01 00:00:00.000000172,,959.2270468470958,959.2270468470958,959.2270468470958,959.2270468470958,959.2270468470958,0
1970-01-01 00:00:00.000000173,,974.1326718812546,974.1326718812546,974.1326718812546,974.1326718812546,974.1326718812546,0
1970-01-01 00:00:00.000000174,,973.8375244140624,973.8375244140624,973.8375244140624,973.8375244140624,973.8375244140624,0
1970-01-01 00:00:00.000000175,,976.2972153487822,976.2972153487822,976.2972153487822,976.2972153487822,976.2972153487822,0
1970-01-01 00:00:00.000000176,,974.3786547753372,974.3786547753372,974.3786547753372,974.3786547753372,974.3786547753372,0
1970-01-01 00:00:00.000000177,,974.132716797775,974.132716797775,974.132716797775,974.132716797775,974.132716797775,0
1970-01-01 00:00:00.000000178,,965.7205606456862,965.7205606456862,965.7205606456862,965.7205606456862,965.7205606456862,0
1970-01-01 00:00:00.000000179,,964.1464092816628,964.1464092816628,964.1464092816628,964.1464092816628,964.1464092816628,0
1970-01-01 00:00:00.000000180,,941.0745118327472,941.0745118327472,941.0745118327472,941.0745118327472,941.0745118327472,0
1970-01-01 00:00:00.000000181,,934.974521142832,934.974521142832,934.974521142832,934.974521142832,934.974521142832,0
1970-01-01 00:00:00.000000182,,943.4850278666348,943.4850278666348,943.4850278666348,943.4850278666348,943.4850278666348,0
1970-01-01 00:00:00.000000183,,931.0390306872604,931.0390306872604,931.0390306872604,931.0390306872604,931.0390306872604,0
1970-01-01 00:00:00.000000184,,930.25193740976,930.25193740976,930.25193740976,930.25193740976,930.25193740976,0
1970-01-01 00:00:00.000000185,,931.4326152919224,931.4326152919224,931.4326152919224,931.4326152919224,931.4326152919224,0
1970-01-01 00:00:00.000000186,,936.2535565130628,936.2535565130628,936.2535565130628,936.2535565130628,936.2535565130628,0
1970-01-01 00:00:00.000000187,,919.9212698646452,919.9212698646452,919.9212698646452,919.9212698646452,919.9212698646452,0
1970-01-01 00:00:00.000000188,,920.1180941808708,920.1180941808708,920.1180941808708,920.1180941808708,920.1180941808708,0
1970-01-01 00:00:00.000000189,,930.743934599139,930.743934599139,930.743934599139,930.743934599139,930.743934599139,0
1970-01-01 00:00:00.000000190,,925.0866714522842,925.0866714522842,925.0866714522842,925.0866714522842,925.0866714522842,0
1970-01-01 00:00:00.000000191,,925.2342295793238,925.2342295793238,925.2342295793238,925.2342295793238,925.2342295793238,0
1970-01-01 00:00:00.000000192,,939.5003896293224,939.5003896293224,939.5003896293224,939.5003896293224,939.5003896293224,0
1970-01-01 00:00:00.000000193,,937.4833935799946,937.4833935799946,937.4833935799946,937.4833935799946,937.4833935799946,0
1970-01-01 00:00:00.000000194,,934.630230440708,934.630230440708,934.630230440708,934.630230440708,934.630230440708,0
1970-01-01 00:00:00.000000195,,933.2036287753874,933.2036287753874,933.2036287753874,933.2036287753874,933.2036287753874,0
1970-01-01 00:00:00.000000196,,939.9923501245348,939.9923501245348,939.9923501245348,939.9923501245348,939.9923501245348,0
1970-01-01 00:00:00.000000197,,933.892271271344,933.892271271344,933.892271271344,933.892271271344,933.892271271344,0
1970-01-01 00:00:00.000000198,,920.9051479428266,920.9051479428266,920.9051479428266,920.9051479428266,920.9051479428266,0
1970-01-01 00:00:00.000000199,,916.9696757843908,916.9696757843908,916.9696757843908,916.9696757843908,916.9696757843908,0
1970-01-01 00:00:00.000000200,,926.8084170823352,926.8084170823352,926.8084170823352,926.8084170823352,926.8084170823352,0
1970-01-01 00:00:00.000000201,,911.1155983660612,911.1155983660612,911.1155983660612,911.1155983660612,911.1155983660612,0
1970-01-01 00:00:00.000000202,,899.5551235944749,899.5551235944749,899.5551235944749,899.5551235944749,899.5551235944749,0
1970-01-01 00:00:00.000000203,,901.227738868632,901.227738868632,901.227738868632,901.227738868632,901.227738868632,0
1970-01-01 00:00:00.000000204,,894.4389499383923,894.4389499383923,894.4389499383923,894.4389499383923,894.4389499383923,0
1970-01-01 00:00:00.000000205,,914.3132372166476,914.3132372166476,914.3132372166476,914.3132372166476,914.3132372166476,0
1970-01-01 00:00:00.000000206,,899.0631748056227,899.0631748056227,899.0631748056227,899.0631748056227,899.0631748056227,0
1970-01-01 00:00:00.000000207,,905.2123769553756,905.2123769553756,905.2123769553756,905.2123769553756,905.2123769553756,0
1970-01-01 00:00:00.000000208,,913.5753279987292,913.5753279987292,913.5753279987292,913.5753279987292,913.5753279987292,0
1970-01-01 00:00:00.000000209,,925.8245725876784,925.8245725876784,925.8245725876784,925.8245725876784,925.8245725876784,0
1970-01-01 00:00:00.000000210,,928.3825689148798,928.3825689148798,928.3825689148798,928.3825689148798,928.3825689148798,0
1970-01-01 00:00:00.000000211,,933.1543790682604,933.1543790682604,933.1543790682604,933.1543790682604,933.1543790682604,0
1970-01-01 00:00:00.000000212,,918.9373868552664,918.9373868552664,918.9373868552664,918.9373868552664,918.9373868552664,0
1970-01-01 00:00:00.000000213,,919.8229744492044,919.8229744492044,919.8229744492044,919.8229744492044,919.8229744492044,0
1970-01-01 00:00:00.000000214,,925.72618120136,925.72618120136,925.72618120136,925.72618120136,925.72618120136,0
1970-01-01 00:00:00.000000215,,929.169741735814,929.169741735814,929.169741735814,929.169741735814,929.169741735814,0
1970-01-01 00:00:00.000000216,,923.8567704420824,923.8567704420824,923.8567704420824,923.8567704420824,923.8567704420824,0
1970-01-01 00:00:00.000000217,,911.6075526979567,911.6075526979567,911.6075526979567,911.6075526979567,911.6075526979567,0
1970-01-01 00:00:00.000000218,,907.1309619231906,907.1309619231906,907.1309619231906,907.1309619231906,907.1309619231906,0
1970-01-01 00:00:00.000000219,,909.4922588007952,909.4922588007952,909.4922588007952,909.4922588007952,909.4922588007952,0
1970-01-01 00:00:00.000000220,,908.3607719626024,908.3607719626024,908.3607719626024,908.3607719626024,908.3607719626024,0
1970-01-01 00:00:00.000000221,,908.1148071289062,908.1148071289062,908.1148071289062,908.1148071289062,908.1148071289062,0
1970-01-01 00:00:00.000000222,,906.639000110985,906.639000110985,906.639000110985,906.639000110985,906.639000110985,0
1970-01-01 00:00:00.000000223,,913.9197163754528,913.9197163754528,913.9197163754528,913.9197163754528,913.9197163754528,0
1970-01-01 00:00:00.000000224,,915.8874351292822,915.8874351292822,915.8874351292822,915.8874351292822,915.8874351292822,0
1970-01-01 00:00:00.000000225,,923.8076235957444,923.8076235957444,923.8076235957444,923.8076235957444,923.8076235957444,0
1970-01-01 00:00:00.000000226,,920.8559820278334,920.8559820278334,920.8559820278334,920.8559820278334,920.8559820278334,0
1970-01-01 00:00:00.000000227,,948.1584573156928,948.1584573156928,948.1584573156928,948.1584573156928,948.1584573156928,0
1970-01-01 00:00:00.000000228,,986.3327183845934,986.3327183845934,986.3327183845934,986.3327183845934,986.3327183845934,0
1970-01-01 00:00:00.000000229,,997.6472527517988,997.6472527517988,997.6472527517988,997.6472527517988,997.6472527517988,0
1970-01-01 00:00:00.000000230,,980.2818725979604,980.2818725979604,980.2818725979604,980.2818725979604,980.2818725979604,0
1970-01-01 00:00:00.000000231,,978.4617345457,978.4617345457,978.4617345457,978.4617345457,978.4617345457,0
1970-01-01 00:00:00.000000232,,990.8585350218602,990.8585350218602,990.8585350218602,990.8585350218602,990.8585350218602,0
1970-01-01 00:00:00.000000233,,1000.6972715159468,1000.6972715159468,1000.6972715159468,1000.6972715159468,1000.6972715159468,0
1970-01-01 00:00:00.000000234,,998.43433885667,998.43433885667,998.43433885667,998.43433885667,998.43433885667,0
1970-01-01 00:00:00.000000235,,1005.7642308631628,1005.7642308631628,1005.7642308631628,1005.7642308631628,1005.7642308631628,0
1970-01-01 00:00:00.000000236,,1026.819189814977,1026.819189814977,1026.819189814977,1026.819189814977,1026.819189814977,0
1970-01-01 00:00:00.000000237,,1013.3400340079712,1013.3400340079712,1013.3400340079712,1013.3400340079712,1013.3400340079712,0
1970-01-01 00:00:00.000000238,,1008.9618258446332,1008.9618258446332,1008.9618258446332,1008.9618258446332,1008.9618258446332,0
1970-01-01 00:00:00.000000239,,1005.5181978922636,1005.5181978922636,1005.5181978922636,1005.5181978922636,1005.5181978922636,0
1970-01-01 00:00:00.000000240,,980.4786481484716,980.4786481484716,980.4786481484716,980.4786481484716,980.4786481484716,0
1970-01-01 00:00:00.000000241,,986.775479446596,986.775479446596,986.775479446596,986.775479446596,986.775479446596,0
1970-01-01 00:00:00.000000242,,978.8552753930608,978.8552753930608,978.8552753930608,978.8552753930608,978.8552753930608,0
1970-01-01 00:00:00.000000243,,981.856149768816,981.856149768816,981.856149768816,981.856149768816,981.856149768816,0
1970-01-01 00:00:00.000000244,,991.7440268494004,991.7440268494004,991.7440268494004,991.7440268494004,991.7440268494004,0
1970-01-01 00:00:00.000000245,,987.8577595641297,987.8577595641297,987.8577595641297,987.8577595641297,987.8577595641297,0
1970-01-01 00:00:00.000000246,,975.5592756483812,975.5592756483812,975.5592756483812,975.5592756483812,975.5592756483812,0
1970-01-01 00:00:00.000000247,,980.9213672695224,980.9213672695224,980.9213672695224,980.9213672695224,980.9213672695224,0
1970-01-01 00:00:00.000000248,,968.8198393775264,968.8198393775264,968.8198393775264,968.8198393775264,968.8198393775264,0
1970-01-01 00:00:00.000000249,,970.492380871986,970.492380871986,970.492380871986,970.492380871986,970.492380871986,0
1970-01-01 00:00:00.000000250,,972.0665334175308,972.0665334175308,972.0665334175308,972.0665334175308,972.0665334175308,0
1970-01-01 00:00:00.000000251,,977.9697448357546,977.9697448357546,977.9697448357546,977.9697448357546,977.9697448357546,0
1970-01-01 00:00:00.000000252,,970.3447595485834,970.3447595485834,970.3447595485834,970.3447595485834,970.3447595485834,0
1970-01-01 00:00:00.000000253,,958.5874760008376,958.5874760008376,958.5874760008376,958.5874760008376,958.5874760008376,0
1970-01-01 00:00:00.000000254,,979.2488085023232,979.2488085023232,979.2488085023232,979.2488085023232,979.2488085023232,0
1970-01-01 00:00:00.000000255,,978.7568819517846,978.7568819517846,978.7568819517846,978.7568819517846,978.7568819517846,0
1970-01-01 00:00:00.000000256,,987.3165782754368,987.3165782754368,987.3165782754368,987.3165782754368,987.3165782754368,0
1970-01-01 00:00:00.000000257,,989.8746620709588,989.8746620709588,989.8746620709588,989.8746620709588,989.8746620709588,0
1970-01-01 00:00:00.000000258,,971.9682016234104,971.9682016234104,971.9682016234104,971.9682016234104,971.9682016234104,0
1970-01-01 00:00:00.000000259,,958.2431259931632,958.2431259931632,958.2431259931632,958.2431259931632,958.2431259931632,0
1970-01-01 00:00:00.000000260,,975.3133165907816,975.3133165907816,975.3133165907816,975.3133165907816,975.3133165907816,0
1970-01-01 00:00:00.000000261,,1042.0199023424595,1042.0199023424595,1042.0199023424595,1042.0199023424595,1042.0199023424595,0
1970-01-01 00:00:00.000000262,,1012.8480364224022,1012.8480364224022,1012.8480364224022,1012.8480364224022,1012.8480364224022,0
1970-01-01 00:00:00.000000263,,982.2988759526588,982.2988759526588,982.2988759526588,982.2988759526588,982.2988759526588,0
1970-01-01 00:00:00.000000264,,1003.5505249659846,1003.5505249659846,1003.5505249659846,1003.5505249659846,1003.5505249659846,0
1970-01-01 00:00:00.000000265,,998.5819848189448,998.5819848189448,998.5819848189448,998.5819848189448,998.5819848189448,0
1970-01-01 00:00:00.000000266,,1000.4020967435956,1000.4020967435956,1000.4020967435956,1000.4020967435956,1000.4020967435956,0
1970-01-01 00:00:00.000000267,,1017.275441993952,1017.275441993952,1017.275441993952,1017.275441993952,1017.275441993952,0
1970-01-01 00:00:00.000000268,,1020.3746743205556,1020.3746743205556,1020.3746743205556,1020.3746743205556,1020.3746743205556,0
1970-01-01 00:00:00.000000269,,1006.0102065272256,1006.0102065272256,1006.0102065272256,1006.0102065272256,1006.0102065272256,0
1970-01-01 00:00:00.000000270,,1007.0432159063024,1007.0432159063024,1007.0432159063024,1007.0432159063024,1007.0432159063024,0
1970-01-01 00:00:00.000000271,,1011.421527056998,1011.421527056998,1011.421527056998,1011.421527056998,1011.421527056998,0
1970-01-01 00:00:00.000000272,,1007.5844138284668,1007.5844138284668,1007.5844138284668,1007.5844138284668,1007.5844138284668,0
1970-01-01 00:00:00.000000273,,972.9028503266528,972.9028503266528,972.9028503266528,972.9028503266528,972.9028503266528,0
1970-01-01 00:00:00.000000274,,994.1053827736114,994.1053827736114,994.1053827736114,994.1053827736114,994.1053827736114,0
1970-01-01 00:00:00.000000275,,989.7762629977263,989.7762629977263,989.7762629977263,989.7762629977263,989.7762629977263,0
1970-01-01 00:00:00.000000276,,993.2690157159768,993.2690157159768,993.2690157159768,993.2690157159768,993.2690157159768,0
1970-01-01 00:00:00.000000277,,1006.3545426117516,1006.3545426117516,1006.3545426117516,1006.3545426117516,1006.3545426117516,0
1970-01-01 00:00:00.000000278,,1006.6989262673612,1006.6989262673612,1006.6989262673612,1006.6989262673612,1006.6989262673612,0
1970-01-01 00:00:00.000000279,,1006.8464465307476,1006.8464465307476,1006.8464465307476,1006.8464465307476,1006.8464465307476,0
1970-01-01 00:00:00.000000280,,1024.2611392299666,1024.2611392299666,1024.2611392299666,1024.2611392299666,1024.2611392299666,0
1970-01-01 00:00:00.000000281,,1039.7571099701715,1039.7571099701715,1039.7571099701715,1039.7571099701715,1039.7571099701715,0
1970-01-01 00:00:00.000000282,,1038.969987954932,1038.969987954932,1038.969987954932,1038.969987954932,1038.969987954932,0
1970-01-01 00:00:00.000000283,,1052.7440951810236,1052.7440951810236,1052.7440951810236,1052.7440951810236,1052.7440951810236,0
1970-01-01 00:00:00.000000284,,1036.116738219057,1036.116738219057,1036.116738219057,1036.116738219057,1036.116738219057,0
1970-01-01 00:00:00.000000285,,1033.8044994690945,1033.8044994690945,1033.8044994690945,1033.8044994690945,1033.8044994690945,0
1970-01-01 00:00:00.000000286,,1045.8569952406344,1045.8569952406344,1045.8569952406344,1045.8569952406344,1045.8569952406344,0
1970-01-01 00:00:00.000000287,,1026.22885861961,1026.22885861961,1026.22885861961,1026.22885861961,1026.22885861961,0
1970-01-01 00:00:00.000000288,,1037.986009477885,1037.986009477885,1037.986009477885,1037.986009477885,1037.986009477885,0
1970-01-01 00:00:00.000000289,,1063.5667080999103,1063.5667080999103,1063.5667080999103,1063.5667080999103,1063.5667080999103,0
1970-01-01 00:00:00.000000290,,1068.682790650156,1068.682790650156,1068.682790650156,1068.682790650156,1068.682790650156,0
1970-01-01 00:00:00.000000291,,1062.878109231162,1062.878109231162,1062.878109231162,1062.878109231162,1062.878109231162,0
1970-01-01 00:00:00.000000292,,1077.2917746056637,1077.2917746056637,1077.2917746056637,1077.2917746056637,1077.2917746056637,0
1970-01-01 00:00:00.000000293,,1070.4046589090813,1070.4046589090813,1070.4046589090813,1070.4046589090813,1070.4046589090813,0
1970-01-01 00:00:00.000000294,,1059.6804892440682,1059.6804892440682,1059.6804892440682,1059.6804892440682,1059.6804892440682,0
1970-01-01 00:00:00.000000295,,1059.77885170946,1059.77885170946,1059.77885170946,1059.77885170946,1059.77885170946,0
1970-01-01 00:00:00.000000296,,1062.5828370894135,1062.5828370894135,1062.5828370894135,1062.5828370894135,1062.5828370894135,0
1970-01-01 00:00:00.000000297,,1054.711808860948,1054.711808860948,1054.711808860948,1054.711808860948,1054.711808860948,0
1970-01-01 00:00:00.000000298,,1057.7127049329831,1057.7127049329831,1057.7127049329831,1057.7127049329831,1057.7127049329831,0
1970-01-01 00:00:00.000000299,,1061.0578145795118,1061.0578145795118,1061.0578145795118,1061.0578145795118,1061.0578145795118,0
1970-01-01 00:00:00.000000300,,1062.582825466805,1062.582825466805,1062.582825466805,1062.582825466805,1062.582825466805,0
1970-01-01 00:00:00.000000301,,1074.3893386064217,1074.3893386064217,1074.3893386064217,1074.3893386064217,1074.3893386064217,0
1970-01-01 00:00:00.000000302,,1063.7143347625467,1063.7143347625467,1063.7143347625467,1063.7143347625467,1063.7143347625467,0
1970-01-01 00:00:00.000000303,,1063.5667354159368,1063.5667354159368,1063.5667354159368,1063.5667354159368,1063.5667354159368,0
1970-01-01 00:00:00.000000304,,1066.223219242338,1066.223219242338,1066.223219242338,1066.223219242338,1066.223219242338,0
1970-01-01 00:00:00.000000305,,1067.5022626495677,1067.5022626495677,1067.5022626495677,1067.5022626495677,1067.5022626495677,0
1970-01-01 00:00:00.000000306,,1078.3740966909645,1078.3740966909645,1078.3740966909645,1078.3740966909645,1078.3740966909645,0
1970-01-01 00:00:00.000000307,,1076.7997448394613,1076.7997448394613,1076.7997448394613,1076.7997448394613,1076.7997448394613,0
1970-01-01 00:00:00.000000308,,1057.663530257279,1057.663530257279,1057.663530257279,1057.663530257279,1057.663530257279,0
1970-01-01 00:00:00.000000309,,1067.2562910312008,1067.2562910312008,1067.2562910312008,1067.2562910312008,1067.2562910312008,0
1970-01-01 00:00:00.000000310,,1052.7441775200211,1052.7441775200211,1052.7441775200211,1052.7441775200211,1052.7441775200211,0
1970-01-01 00:00:00.000000311,,1060.959423288553,1060.959423288553,1060.959423288553,1060.959423288553,1060.959423288553,0
1970-01-01 00:00:00.000000312,,1074.3401972621416,1074.3401972621416,1074.3401972621416,1074.3401972621416,1074.3401972621416,0
1970-01-01 00:00:00.000000313,,1093.0337202336968,1093.0337202336968,1093.0337202336968,1093.0337202336968,1093.0337202336968,0
1970-01-01 00:00:00.000000314,,1085.703967727192,1085.703967727192,1085.703967727192,1085.703967727192,1085.703967727192,0
1970-01-01 00:00:00.000000315,,1082.4570746408117,1082.4570746408117,1082.4570746408117,1082.4570746408117,1082.4570746408117,0
1970-01-01 00:00:00.000000316,,1053.2852301148173,1053.2852301148173,1053.2852301148173,1053.2852301148173,1053.2852301148173,0
1970-01-01 00:00:00.000000317,,1056.679603148002,1056.679603148002,1056.679603148002,1056.679603148002,1056.679603148002,0
1970-01-01 00:00:00.000000318,,1035.9690203029174,1035.9690203029174,1035.9690203029174,1035.9690203029174,1035.9690203029174,0
1970-01-01 00:00:00.000000319,,1061.4022313877736,1061.4022313877736,1061.4022313877736,1061.4022313877736,1061.4022313877736,0
1970-01-01 00:00:00.000000320,,1082.2603648639931,1082.2603648639931,1082.2603648639931,1082.2603648639931,1082.2603648639931,0
1970-01-01 00:00:00.000000321,,1074.635315511828,1074.635315511828,1074.635315511828,1074.635315511828,1074.635315511828,0
1970-01-01 00:00:00.000000322,,1072.4215900322672,1072.4215900322672,1072.4215900322672,1072.4215900322672,1072.4215900322672,0
1970-01-01 00:00:00.000000323,,1094.2144193811591,1094.2144193811591,1094.2144193811591,1094.2144193811591,1094.2144193811591,0
1970-01-01 00:00:00.000000324,,1090.1313056288498,1090.1313056288498,1090.1313056288498,1090.1313056288498,1090.1313056288498,0
1970-01-01 00:00:00.000000325,,1141.2434493596547,1141.2434493596547,1141.2434493596547,1141.2434493596547,1141.2434493596547,0
1970-01-01 00:00:00.000000326,,1124.5668940413143,1124.5668940413143,1124.5668940413143,1124.5668940413143,1124.5668940413143,0
1970-01-01 00:00:00.000000327,,1122.8942974020772,1122.8942974020772,1122.8942974020772,1122.8942974020772,1122.8942974020772,0
1970-01-01 00:00:00.000000328,,1123.1403237344898,1123.1403237344898,1123.1403237344898,1123.1403237344898,1123.1403237344898,0
1970-01-01 00:00:00.000000329,,1129.4369636309043,1129.4369636309043,1129.4369636309043,1129.4369636309043,1129.4369636309043,0
1970-01-01 00:00:00.000000330,,1108.3822015675178,1108.3822015675178,1108.3822015675178,1108.3822015675178,1108.3822015675178,0
1970-01-01 00:00:00.000000331,,1102.4790338657724,1102.4790338657724,1102.4790338657724,1102.4790338657724,1102.4790338657724,0
1970-01-01 00:00:00.000000332,,1099.9700317150034,1099.9700317150034,1099.9700317150034,1099.9700317150034,1099.9700317150034,0
1970-01-01 00:00:00.000000333,,1094.4604418124766,1094.4604418124766,1094.4604418124766,1094.4604418124766,1094.4604418124766,0
1970-01-01 00:00:00.000000334,,1107.7427007496667,1107.7427007496667,1107.7427007496667,1107.7427007496667,1107.7427007496667,0
1970-01-01 00:00:00.000000335,,1104.003936981434,1104.003936981434,1104.003936981434,1104.003936981434,1104.003936981434,0
1970-01-01 00:00:00.000000336,,1114.7280745625576,1114.7280745625576,1114.7280745625576,1114.7280745625576,1114.7280745625576,0
1970-01-01 00:00:00.000000337,,1112.8096108108375,1112.8096108108375,1112.8096108108375,1112.8096108108375,1112.8096108108375,0
1970-01-01 00:00:00.000000338,,1104.1022778238569,1104.1022778238569,1104.1022778238569,1104.1022778238569,1104.1022778238569,0
1970-01-01 00:00:00.000000339,,1106.857133236162,1106.857133236162,1106.857133236162,1106.857133236162,1106.857133236162,0
1970-01-01 00:00:00.000000340,,1097.5596331640877,1097.5596331640877,1097.5596331640877,1097.5596331640877,1097.5596331640877,0
1970-01-01 00:00:00.000000341,,1111.7764420624585,1111.7764420624585,1111.7764420624585,1111.7764420624585,1111.7764420624585,0
1970-01-01 00:00:00.000000342,,1113.6459433951586,1113.6459433951586,1113.6459433951586,1113.6459433951586,1113.6459433951586,0
1970-01-01 00:00:00.000000343,,1114.23617798317,1114.23617798317,1114.23617798317,1114.23617798317,1114.23617798317,0
1970-01-01 00:00:00.000000344,,1097.067741329381,1097.067741329381,1097.067741329381,1097.067741329381,1097.067741329381,0
1970-01-01 00:00:00.000000345,,1079.308747806472,1079.308747806472,1079.308747806472,1079.308747806472,1079.308747806472,0
1970-01-01 00:00:00.000000346,,1099.970086377496,1099.970086377496,1099.970086377496,1099.970086377496,1099.970086377496,0
1970-01-01 00:00:00.000000347,,1151.1314549939386,1151.1314549939386,1151.1314549939386,1151.1314549939386,1151.1314549939386,0
1970-01-01 00:00:00.000000348,,1139.2266772303517,1139.2266772303517,1139.2266772303517,1139.2266772303517,1139.2266772303517,0
1970-01-01 00:00:00.000000349,,1067.5022525173526,1067.5022525173526,1067.5022525173526,1067.5022525173526,1067.5022525173526,0
1970-01-01 00:00:00.000000350,,1099.9699641517404,1099.9699641517404,1099.9699641517404,1099.9699641517404,1099.9699641517404,0
1970-01-01 00:00:00.000000351,,1092.4926581643756,1092.4926581643756,1092.4926581643756,1092.4926581643756,1092.4926581643756,0
1970-01-01 00:00:00.000000352,,1098.0022563128855,1098.0022563128855,1098.0022563128855,1098.0022563128855,1098.0022563128855,0
1970-01-01 00:00:00.000000353,,1101.691799247928,1101.691799247928,1101.691799247928,1101.691799247928,1101.691799247928,0
1970-01-01 00:00:00.000000354,,1102.9216850641683,1102.9216850641683,1102.9216850641683,1102.9216850641683,1102.9216850641683,0
1970-01-01 00:00:00.000000355,,1104.1023123749185,1104.1023123749185,1104.1023123749185,1104.1023123749185,1104.1023123749185,0
1970-01-01 00:00:00.000000356,,1096.0345294527124,1096.0345294527124,1096.0345294527124,1096.0345294527124,1096.0345294527124,0
1970-01-01 00:00:00.000000357,,1095.9853271941342,1095.9853271941342,1095.9853271941342,1095.9853271941342,1095.9853271941342,0
1970-01-01 00:00:00.000000358,,1109.75950368303,1109.75950368303,1109.75950368303,1109.75950368303,1109.75950368303,0
1970-01-01 00:00:00.000000359,,1135.4387582520144,1135.4387582520144,1135.4387582520144,1135.4387582520144,1135.4387582520144,0
1970-01-01 00:00:00.000000360,,1144.785601854706,1144.785601854706,1144.785601854706,1144.785601854706,1144.785601854706,0
1970-01-01 00:00:00.000000361,,1136.0290674652065,1136.0290674652065,1136.0290674652065,1136.0290674652065,1136.0290674652065,0
1970-01-01 00:00:00.000000362,,1151.3775003551193,1151.3775003551193,1151.3775003551193,1151.3775003551193,1151.3775003551193,0
1970-01-01 00:00:00.000000363,,1182.6154524579229,1182.6154524579229,1182.6154524579229,1182.6154524579229,1182.6154524579229,0
1970-01-01 00:00:00.000000364,,1208.5404862113423,1208.5404862113423,1208.5404862113423,1208.5404862113423,1208.5404862113423,0
1970-01-01 00:00:00.000000365,,1207.2121725758393,1207.2121725758393,1207.2121725758393,1207.2121725758393,1207.2121725758393,0
1970-01-01 00:00:00.000000366,,1180.25407382428,1180.25407382428,1180.25407382428,1180.25407382428,1180.25407382428,0
1970-01-01 00:00:00.000000367,,1197.37356592243,1197.37356592243,1197.37356592243,1197.37356592243,1197.37356592243,0
1970-01-01 00:00:00.000000368,,1177.54840489326,1177.54840489326,1177.54840489326,1177.54840489326,1177.54840489326,0
1970-01-01 00:00:00.000000369,,1209.179986290108,1209.179986290108,1209.179986290108,1209.179986290108,1209.179986290108,0
1970-01-01 00:00:00.000000370,,1205.2444756355717,1205.2444756355717,1205.2444756355717,1205.2444756355717,1205.2444756355717,0
1970-01-01 00:00:00.000000371,,1209.0816030717467,1209.0816030717467,1209.0816030717467,1209.0816030717467,1209.0816030717467,0
1970-01-01 00:00:00.000000372,,1215.0339475267522,1215.0339475267522,1215.0339475267522,1215.0339475267522,1215.0339475267522,0
1970-01-01 00:00:00.000000373,,1232.5470372074883,1232.5470372074883,1232.5470372074883,1232.5470372074883,1232.5470372074883,0
1970-01-01 00:00:00.000000374,,1226.2501602309792,1226.2501602309792,1226.2501602309792,1226.2501602309792,1226.2501602309792,0
1970-01-01 00:00:00.000000375,,1215.9687089511149,1215.9687089511149,1215.9687089511149,1215.9687089511149,1215.9687089511149,0
1970-01-01 00:00:00.000000376,,1213.213848187686,1213.213848187686,1213.213848187686,1213.213848187686,1213.213848187686,0
1970-01-01 00:00:00.000000377,,1210.1638079399554,1210.1638079399554,1210.1638079399554,1210.1638079399554,1210.1638079399554,0
1970-01-01 00:00:00.000000378,,1214.984806208363,1214.984806208363,1214.984806208363,1214.984806208363,1214.984806208363,0
1970-01-01 00:00:00.000000379,,1223.9381496090357,1223.9381496090357,1223.9381496090357,1223.9381496090357,1223.9381496090357,0
1970-01-01 00:00:00.000000380,,1220.002555200142,1220.002555200142,1220.002555200142,1220.002555200142,1220.002555200142,0
1970-01-01 00:00:00.000000381,,1221.1341050565184,1221.1341050565184,1221.1341050565184,1221.1341050565184,1221.1341050565184,0
1970-01-01 00:00:00.000000382,,1205.2444794873966,1205.2444794873966,1205.2444794873966,1205.2444794873966,1205.2444794873966,0
1970-01-01 00:00:00.000000383,,1186.0589540798987,1186.0589540798987,1186.0589540798987,1186.0589540798987,1186.0589540798987,0
1970-01-01 00:00:00.000000384,,1170.808877642708,1170.808877642708,1170.808877642708,1170.808877642708,1170.808877642708,0
1970-01-01 00:00:00.000000385,,1195.5532610278044,1195.5532610278044,1195.5532610278044,1195.5532610278044,1195.5532610278044,0
1970-01-01 00:00:00.000000386,,1193.437987733722,1193.437987733722,1193.437987733722,1193.437987733722,1193.437987733722,0
1970-01-01 00:00:00.000000387,,1199.341350948273,1199.341350948273,1199.341350948273,1199.341350948273,1199.341350948273,0
1970-01-01 00:00:00.000000388,,1192.946036063854,1192.946036063854,1192.946036063854,1192.946036063854,1192.946036063854,0
1970-01-01 00:00:00.000000389,,1177.69611282763,1177.69611282763,1177.69611282763,1177.69611282763,1177.69611282763,0
1970-01-01 00:00:00.000000390,,1162.937883324056,1162.937883324056,1162.937883324056,1162.937883324056,1162.937883324056,0
1970-01-01 00:00:00.000000391,,1156.050815815944,1156.050815815944,1156.050815815944,1156.050815815944,1156.050815815944,0
1970-01-01 00:00:00.000000392,,1159.9371674712932,1159.9371674712932,1159.9371674712932,1159.9371674712932,1159.9371674712932,0
1970-01-01 00:00:00.000000393,,1148.13068131111,1148.13068131111,1148.13068131111,1148.13068131111,1148.13068131111,0
1970-01-01 00:00:00.000000394,,1157.5758097480823,1157.5758097480823,1157.5758097480823,1157.5758097480823,1157.5758097480823,0
1970-01-01 00:00:00.000000395,,1162.0336803927066,1162.0336803927066,1162.0336803927066,1162.0336803927066,1162.0336803927066,0
1970-01-01 00:00:00.000000396,,1174.1402001247322,1174.1402001247322,1174.1402001247322,1174.1402001247322,1174.1402001247322,0
1970-01-01 00:00:00.000000397,,1158.0642597488902,1158.0642597488902,1158.0642597488902,1158.0642597488902,1158.0642597488902,0
1970-01-01 00:00:00.000000398,,1161.0412636212889,1161.0412636212889,1161.0412636212889,1161.0412636212889,1161.0412636212889,0
1970-01-01 00:00:00.000000399,,1181.8804727263328,1181.8804727263328,1181.8804727263328,1181.8804727263328,1181.8804727263328,0
1970-01-01 00:00:00.000000400,,1165.209144373693,1165.209144373693,1165.209144373693,1165.209144373693,1165.209144373693,0
1970-01-01 00:00:00.000000401,,1167.9876876109618,1167.9876876109618,1167.9876876109618,1167.9876876109618,1167.9876876109618,0
1970-01-01 00:00:00.000000402,,1172.9494391539793,1172.9494391539793,1172.9494391539793,1172.9494391539793,1172.9494391539793,0
1970-01-01 00:00:00.000000403,,1183.8651886303296,1183.8651886303296,1183.8651886303296,1183.8651886303296,1183.8651886303296,0
1970-01-01 00:00:00.000000404,,1196.3191076607095,1196.3191076607095,1196.3191076607095,1196.3191076607095,1196.3191076607095,0
1970-01-01 00:00:00.000000405,,1204.0098351320562,1204.0098351320562,1204.0098351320562,1204.0098351320562,1204.0098351320562,0
1970-01-01 00:00:00.000000406,,1213.2882407138438,1213.2882407138438,1213.2882407138438,1213.2882407138438,1213.2882407138438,0
1970-01-01 00:00:00.000000407,,1209.6164607584683,1209.6164607584683,1209.6164607584683,1209.6164607584683,1209.6164607584683,0
1970-01-01 00:00:00.000000408,,1220.5818867193016,1220.5818867193016,1220.5818867193016,1220.5818867193016,1220.5818867193016,0
1970-01-01 00:00:00.000000409,,1229.5129791826912,1229.5129791826912,1229.5129791826912,1229.5129791826912,1229.5129791826912,0
1970-01-01 00:00:00.000000410,,1217.8033299887798,1217.8033299887798,1217.8033299887798,1217.8033299887798,1217.8033299887798,0
1970-01-01 00:00:00.000000411,,1230.3565014424944,1230.3565014424944,1230.3565014424944,1230.3565014424944,1230.3565014424944,0
1970-01-01 00:00:00.000000412,,1228.5206798050983,1228.5206798050983,1228.5206798050983,1228.5206798050983,1228.5206798050983,0
1970-01-01 00:00:00.000000413,,1216.5628019074484,1216.5628019074484,1216.5628019074484,1216.5628019074484,1216.5628019074484,0
1970-01-01 00:00:00.000000414,,1193.6893937018356,1193.6893937018356,1193.6893937018356,1193.6893937018356,1193.6893937018356,0
1970-01-01 00:00:00.000000415,,1227.4786328440832,1227.4786328440832,1227.4786328440832,1227.4786328440832,1227.4786328440832,0
1970-01-01 00:00:00.000000416,,1222.0704612349368,1222.0704612349368,1222.0704612349368,1222.0704612349368,1222.0704612349368,0
1970-01-01 00:00:00.000000417,,1228.520699503871,1228.520699503871,1228.520699503871,1228.520699503871,1228.520699503871,0
1970-01-01 00:00:00.000000418,,1242.4133910945052,1242.4133910945052,1242.4133910945052,1242.4133910945052,1242.4133910945052,0
1970-01-01 00:00:00.000000419,,1241.4210578615323,1241.4210578615323,1241.4210578615323,1241.4210578615323,1241.4210578615323,0
1970-01-01 00:00:00.000000420,,1250.302517024621,1250.302517024621,1250.302517024621,1250.302517024621,1250.302517024621,0
1970-01-01 00:00:00.000000421,,1252.3368930345305,1252.3368930345305,1252.3368930345305,1252.3368930345305,1252.3368930345305,0
1970-01-01 00:00:00.000000422,,1278.4851014958492,1278.4851014958492,1278.4851014958492,1278.4851014958492,1278.4851014958492,0
1970-01-01 00:00:00.000000423,,1285.0841618950908,1285.0841618950908,1285.0841618950908,1285.0841618950908,1285.0841618950908,0
1970-01-01 00:00:00.000000424,,1320.80849505564,1320.80849505564,1320.80849505564,1320.80849505564,1320.80849505564,0
1970-01-01 00:00:00.000000425,,1310.8850653274296,1310.8850653274296,1310.8850653274296,1310.8850653274296,1310.8850653274296,0
1970-01-01 00:00:00.000000426,,1300.713587757985,1300.713587757985,1300.713587757985,1300.713587757985,1300.713587757985,0
1970-01-01 00:00:00.000000427,,1309.892782398436,1309.892782398436,1309.892782398436,1309.892782398436,1309.892782398436,0
1970-01-01 00:00:00.000000428,,1322.793216287465,1322.793216287465,1322.793216287465,1322.793216287465,1322.793216287465,0
1970-01-01 00:00:00.000000429,,1282.206413318136,1282.206413318136,1282.206413318136,1282.206413318136,1282.206413318136,0
1970-01-01 00:00:00.000000430,,1260.0772141126831,1260.0772141126831,1260.0772141126831,1260.0772141126831,1260.0772141126831,0
1970-01-01 00:00:00.000000431,,1244.001159291873,1244.001159291873,1244.001159291873,1244.001159291873,1244.001159291873,0
1970-01-01 00:00:00.000000432,,1237.5508987809962,1237.5508987809962,1237.5508987809962,1237.5508987809962,1237.5508987809962,0
1970-01-01 00:00:00.000000433,,1232.0434743858432,1232.0434743858432,1232.0434743858432,1232.0434743858432,1232.0434743858432,0
1970-01-01 00:00:00.000000434,,1231.4976811477177,1231.4976811477177,1231.4976811477177,1231.4976811477177,1231.4976811477177,0
1970-01-01 00:00:00.000000435,,1233.5319821121263,1233.5319821121263,1233.5319821121263,1233.5319821121263,1233.5319821121263,0
1970-01-01 00:00:00.000000436,,1237.2036303622588,1237.2036303622588,1237.2036303622588,1237.2036303622588,1237.2036303622588,0
1970-01-01 00:00:00.000000437,,1227.528300150437,1227.528300150437,1227.528300150437,1227.528300150437,1227.528300150437,0
1970-01-01 00:00:00.000000438,,1211.6507942721546,1211.6507942721546,1211.6507942721546,1211.6507942721546,1211.6507942721546,0
1970-01-01 00:00:00.000000439,,1229.4632721003522,1229.4632721003522,1229.4632721003522,1229.4632721003522,1229.4632721003522,0
1970-01-01 00:00:00.000000440,,1238.9402364127243,1238.9402364127243,1238.9402364127243,1238.9402364127243,1238.9402364127243,0
1970-01-01 00:00:00.000000441,,1239.8829828601924,1239.8829828601924,1239.8829828601924,1239.8829828601924,1239.8829828601924,0
1970-01-01 00:00:00.000000442,,1218.547563181441,1218.547563181441,1218.547563181441,1218.547563181441,1218.547563181441,0
1970-01-01 00:00:00.000000443,,1254.8177669815936,1254.8177669815936,1254.8177669815936,1254.8177669815936,1254.8177669815936,0
1970-01-01 00:00:00.000000444,,1256.9016668439735,1256.9016668439735,1256.9016668439735,1256.9016668439735,1256.9016668439735,0
1970-01-01 00:00:00.000000445,,1251.3445279562577,1251.3445279562577,1251.3445279562577,1251.3445279562577,1251.3445279562577,0
1970-01-01 00:00:00.000000446,,1240.6768573006573,1240.6768573006573,1240.6768573006573,1240.6768573006573,1240.6768573006573,0
1970-01-01 00:00:00.000000447,,1237.6998715609657,1237.6998715609657,1237.6998715609657,1237.6998715609657,1237.6998715609657,0
1970-01-01 00:00:00.000000448,,1275.6569864282285,1275.6569864282285,1275.6569864282285,1275.6569864282285,1275.6569864282285,0
1970-01-01 00:00:00.000000449,,1291.385516560823,1291.385516560823,1291.385516560823,1291.385516560823,1291.385516560823,0
1970-01-01 00:00:00.000000450,,1313.8621457191011,1313.8621457191011,1313.8621457191011,1313.8621457191011,1313.8621457191011,0
1970-01-01 00:00:00.000000451,,1297.2403694104123,1297.2403694104123,1297.2403694104123,1297.2403694104123,1297.2403694104123,0
1970-01-01 00:00:00.000000452,,1280.0727600114117,1280.0727600114117,1280.0727600114117,1280.0727600114117,1280.0727600114117,0
1970-01-01 00:00:00.000000453,,1280.221658871375,1280.221658871375,1280.221658871375,1280.221658871375,1280.221658871375,0
1970-01-01 00:00:00.000000454,,1263.2526375453915,1263.2526375453915,1263.2526375453915,1263.2526375453915,1263.2526375453915,0
1970-01-01 00:00:00.000000455,,1290.2940335374446,1290.2940335374446,1290.2940335374446,1290.2940335374446,1290.2940335374446,0
1970-01-01 00:00:00.000000456,,1287.2177364325323,1287.2177364325323,1287.2177364325323,1287.2177364325323,1287.2177364325323,0
1970-01-01 00:00:00.000000457,,1260.2755859661174,1260.2755859661174,1260.2755859661174,1260.2755859661174,1260.2755859661174,0
1970-01-01 00:00:00.000000458,,1252.3369021242906,1252.3369021242906,1252.3369021242906,1252.3369021242906,1252.3369021242906,0
1970-01-01 00:00:00.000000459,,1266.3785236970411,1266.3785236970411,1266.3785236970411,1266.3785236970411,1266.3785236970411,0
1970-01-01 00:00:00.000000460,,1260.8709623351128,1260.8709623351128,1260.8709623351128,1260.8709623351128,1260.8709623351128,0
1970-01-01 00:00:00.000000461,,1244.149990424334,1244.149990424334,1244.149990424334,1244.149990424334,1244.149990424334,0
1970-01-01 00:00:00.000000462,,1250.3521900785158,1250.3521900785158,1250.3521900785158,1250.3521900785158,1250.3521900785158,0
1970-01-01 00:00:00.000000463,,1247.4248442373848,1247.4248442373848,1247.4248442373848,1247.4248442373848,1247.4248442373848,0
1970-01-01 00:00:00.000000464,,1238.9899233393824,1238.9899233393824,1238.9899233393824,1238.9899233393824,1238.9899233393824,0
1970-01-01 00:00:00.000000465,,1248.3675121917486,1248.3675121917486,1248.3675121917486,1248.3675121917486,1248.3675121917486,0
1970-01-01 00:00:00.000000466,,1286.076597798596,1286.076597798596,1286.076597798596,1286.076597798596,1286.076597798596,0
1970-01-01 00:00:00.000000467,,1300.56477024255,1300.56477024255,1300.56477024255,1300.56477024255,1300.56477024255,0
1970-01-01 00:00:00.000000468,,1288.5573723920809,1288.5573723920809,1288.5573723920809,1288.5573723920809,1288.5573723920809,0
1970-01-01 00:00:00.000000469,,1291.0878806767676,1291.0878806767676,1291.0878806767676,1291.0878806767676,1291.0878806767676,0
1970-01-01 00:00:00.000000470,,1273.275310189296,1273.275310189296,1273.275310189296,1273.275310189296,1273.275310189296,0
1970-01-01 00:00:00.000000471,,1289.946649219065,1289.946649219065,1289.946649219065,1289.946649219065,1289.946649219065,0
1970-01-01 00:00:00.000000472,,1293.9655928118616,1293.9655928118616,1293.9655928118616,1293.9655928118616,1293.9655928118616,0
1970-01-01 00:00:00.000000473,,1292.625936747851,1292.625936747851,1292.625936747851,1292.625936747851,1292.625936747851,0
1970-01-01 00:00:00.000000474,,1306.171532833215,1306.171532833215,1306.171532833215,1306.171532833215,1306.171532833215,0
1970-01-01 00:00:00.000000475,,1332.2205223736623,1332.2205223736623,1332.2205223736623,1332.2205223736623,1332.2205223736623,0
1970-01-01 00:00:00.000000476,,1311.9766296210685,1311.9766296210685,1311.9766296210685,1311.9766296210685,1311.9766296210685,0
1970-01-01 00:00:00.000000477,,1308.9004164217674,1308.9004164217674,1308.9004164217674,1308.9004164217674,1308.9004164217674,0
1970-01-01 00:00:00.000000478,,1314.5567183054773,1314.5567183054773,1314.5567183054773,1314.5567183054773,1314.5567183054773,0
1970-01-01 00:00:00.000000479,,1311.4309069614158,1311.4309069614158,1311.4309069614158,1311.4309069614158,1311.4309069614158,0
1970-01-01 00:00:00.000000480,,1315.201818050664,1315.201818050664,1315.201818050664,1315.201818050664,1315.201818050664,0
1970-01-01 00:00:00.000000481,,1334.6020835708346,1334.6020835708346,1334.6020835708346,1334.6020835708346,1334.6020835708346,0
1970-01-01 00:00:00.000000482,,1331.7243053318298,1331.7243053318298,1331.7243053318298,1331.7243053318298,1331.7243053318298,0
1970-01-01 00:00:00.000000483,,1315.1026301384318,1315.1026301384318,1315.1026301384318,1315.1026301384318,1315.1026301384318,0
1970-01-01 00:00:00.000000484,,1276.1531316977298,1276.1531316977298,1276.1531316977298,1276.1531316977298,1276.1531316977298,0
1970-01-01 00:00:00.000000485,,1274.1187908536028,1274.1187908536028,1274.1187908536028,1274.1187908536028,1274.1187908536028,0
1970-01-01 00:00:00.000000486,,1284.736921667357,1284.736921667357,1284.736921667357,1284.736921667357,1284.736921667357,0
1970-01-01 00:00:00.000000487,,1286.8705106850512,1286.8705106850512,1286.8705106850512,1286.8705106850512,1286.8705106850512,0
1970-01-01 00:00:00.000000488,,1296.9922716557785,1296.9922716557785,1296.9922716557785,1296.9922716557785,1296.9922716557785,0
1970-01-01 00:00:00.000000489,,1288.6071205266592,1288.6071205266592,1288.6071205266592,1288.6071205266592,1288.6071205266592,0
1970-01-01 00:00:00.000000490,,1294.957999087405,1294.957999087405,1294.957999087405,1294.957999087405,1294.957999087405,0
1970-01-01 00:00:00.000000491,,1277.0462265132433,1277.0462265132433,1277.0462265132433,1277.0462265132433,1277.0462265132433,0
1970-01-01 00:00:00.000000492,,1271.8364809130148,1271.8364809130148,1271.8364809130148,1271.8364809130148,1271.8364809130148,0
1970-01-01 00:00:00.000000493,,1275.26000882058,1275.26000882058,1275.26000882058,1275.26000882058,1275.26000882058,0
1970-01-01 00:00:00.000000494,,1276.3514823434057,1276.3514823434057,1276.3514823434057,1276.3514823434057,1276.3514823434057,0
1970-01-01 00:00:00.000000495,,1258.3406039432266,1258.3406039432266,1258.3406039432266,1258.3406039432266,1258.3406039432266,0
1970-01-01 00:00:00.000000496,,1256.8024602237333,1256.8024602237333,1256.8024602237333,1256.8024602237333,1256.8024602237333,0
1970-01-01 00:00:00.000000497,,1270.7448974492877,1270.7448974492877,1270.7448974492877,1270.7448974492877,1270.7448974492877,0
1970-01-01 00:00:00.000000498,,1248.3675530849682,1248.3675530849682,1248.3675530849682,1248.3675530849682,1248.3675530849682,0
1970-01-01 00:00:00.000000499,,1249.359870144571,1249.359870144571,1249.359870144571,1249.359870144571,1249.359870144571,0
1970-01-01 00:00:00.000000500,,1225.4444532249363,1225.4444532249363,1225.4444532249363,1225.4444532249363,1225.4444532249363,0
1970-01-01 00:00:00.000000501,,1223.9062438907645,1223.9062438907645,1223.9062438907645,1223.9062438907645,1223.9062438907645,0
1970-01-01 00:00:00.000000502,,1224.551219155373,1224.551219155373,1224.551219155373,1224.551219155373,1224.551219155373,0
1970-01-01 00:00:00.000000503,,1235.56627244332,1235.56627244332,1235.56627244332,1235.56627244332,1235.56627244332,0
1970-01-01 00:00:00.000000504,,1233.8296138721637,1233.8296138721637,1233.8296138721637,1233.8296138721637,1233.8296138721637,0
1970-01-01 00:00:00.000000505,,1214.5286456993424,1214.5286456993424,1214.5286456993424,1214.5286456993424,1214.5286456993424,0
1970-01-01 00:00:00.000000506,,1227.4786100806575,1227.4786100806575,1227.4786100806575,1227.4786100806575,1227.4786100806575,0
1970-01-01 00:00:00.000000507,,1191.8038937223043,1191.8038937223043,1191.8038937223043,1191.8038937223043,1191.8038937223043,0
1970-01-01 00:00:00.000000508,,1188.0826742078204,1188.0826742078204,1188.0826742078204,1188.0826742078204,1188.0826742078204,0
1970-01-01 00:00:00.000000509,,1193.8878937592276,1193.8878937592276,1193.8878937592276,1193.8878937592276,1193.8878937592276,0
1970-01-01 00:00:00.000000510,,1185.8499521739243,1185.8499521739243,1185.8499521739243,1185.8499521739243,1185.8499521739243,0
1970-01-01 00:00:00.000000511,,1237.7990449684048,1237.7990449684048,1237.7990449684048,1237.7990449684048,1237.7990449684048,0
1970-01-01 00:00:00.000000512,,1242.4134579383835,1242.4134579383835,1242.4134579383835,1242.4134579383835,1242.4134579383835,0
1970-01-01 00:00:00.000000513,,1240.428743300886,1240.428743300886,1240.428743300886,1240.428743300886,1240.428743300886,0
1970-01-01 00:00:00.000000514,,1244.8943321590757,1244.8943321590757,1244.8943321590757,1244.8943321590757,1244.8943321590757,0
1970-01-01 00:00:00.000000515,,1241.5699459496786,1241.5699459496786,1241.5699459496786,1241.5699459496786,1241.5699459496786,0
1970-01-01 00:00:00.000000516,,1237.3028281264465,1237.3028281264465,1237.3028281264465,1237.3028281264465,1237.3028281264465,0
1970-01-01 00:00:00.000000517,,1253.1308244391428,1253.1308244391428,1253.1308244391428,1253.1308244391428,1253.1308244391428,0
1970-01-01 00:00:00.000000518,,1260.4740215455731,1260.4740215455731,1260.4740215455731,1260.4740215455731,1260.4740215455731,0
1970-01-01 00:00:00.000000519,,1265.2372940723085,1265.2372940723085,1265.2372940723085,1265.2372940723085,1265.2372940723085,0
1970-01-01 00:00:00.000000520,,1262.2603567708522,1262.2603567708522,1262.2603567708522,1262.2603567708522,1262.2603567708522,0
1970-01-01 00:00:00.000000521,,1247.5735745348811,1247.5735745348811,1247.5735745348811,1247.5735745348811,1247.5735745348811,0
1970-01-01 00:00:00.000000522,,1246.2339539700604,1246.2339539700604,1246.2339539700604,1246.2339539700604,1246.2339539700604,0
1970-01-01 00:00:00.000000523,,1247.5735208959843,1247.5735208959843,1247.5735208959843,1247.5735208959843,1247.5735208959843,0
1970-01-01 00:00:00.000000524,,1242.9592342670746,1242.9592342670746,1242.9592342670746,1242.9592342670746,1242.9592342670746,0
1970-01-01 00:00:00.000000525,,1242.5126718509223,1242.5126718509223,1242.5126718509223,1242.5126718509223,1242.5126718509223,0
1970-01-01 00:00:00.000000526,,1241.5699462890625,1241.5699462890625,1241.5699462890625,1241.5699462890625,1241.5699462890625,0
1970-01-01 00:00:00.000000527,,1243.3065364897366,1243.3065364897366,1243.3065364897366,1243.3065364897366,1243.3065364897366,0
1970-01-01 00:00:00.000000528,,1225.3947820253827,1225.3947820253827,1225.3947820253827,1225.3947820253827,1225.3947820253827,0
1970-01-01 00:00:00.000000529,,1245.7378271028597,1245.7378271028597,1245.7378271028597,1245.7378271028597,1245.7378271028597,0
1970-01-01 00:00:00.000000530,,1231.596897179175,1231.596897179175,1231.596897179175,1231.596897179175,1231.596897179175,0
1970-01-01 00:00:00.000000531,,1217.3071583182457,1217.3071583182457,1217.3071583182457,1217.3071583182457,1217.3071583182457,0
1970-01-01 00:00:00.000000532,,1217.2079253456668,1217.2079253456668,1217.2079253456668,1217.2079253456668,1217.2079253456668,0
1970-01-01 00:00:00.000000533,,1215.769120615194,1215.769120615194,1215.769120615194,1215.769120615194,1215.769120615194,0
1970-01-01 00:00:00.000000534,,1206.6891556122284,1206.6891556122284,1206.6891556122284,1206.6891556122284,1206.6891556122284,0
1970-01-01 00:00:00.000000535,,1201.2312348006667,1201.2312348006667,1201.2312348006667,1201.2312348006667,1201.2312348006667,0
1970-01-01 00:00:00.000000536,,1197.9068433475454,1197.9068433475454,1197.9068433475454,1197.9068433475454,1197.9068433475454,0
1970-01-01 00:00:00.000000537,,1207.6814517983407,1207.6814517983407,1207.6814517983407,1207.6814517983407,1207.6814517983407,0
1970-01-01 00:00:00.000000538,,1218.5476101118768,1218.5476101118768,1218.5476101118768,1218.5476101118768,1218.5476101118768,0
1970-01-01 00:00:00.000000539,,1201.8265880949464,1201.8265880949464,1201.8265880949464,1201.8265880949464,1201.8265880949464,0
1970-01-01 00:00:00.000000540,,1198.7503263397664,1198.7503263397664,1198.7503263397664,1198.7503263397664,1198.7503263397664,0
1970-01-01 00:00:00.000000541,,1207.8798680000234,1207.8798680000234,1207.8798680000234,1207.8798680000234,1207.8798680000234,0
1970-01-01 00:00:00.000000542,,1237.4020778822246,1237.4020778822246,1237.4020778822246,1237.4020778822246,1237.4020778822246,0
1970-01-01 00:00:00.000000543,,1241.4707365370484,1241.4707365370484,1241.4707365370484,1241.4707365370484,1241.4707365370484,0
1970-01-01 00:00:00.000000544,,1247.4248742515454,1247.4248742515454,1247.4248742515454,1247.4248742515454,1247.4248742515454,0
1970-01-01 00:00:00.000000545,,1259.2833251953125,1259.2833251953125,1259.2833251953125,1259.2833251953125,1259.2833251953125,0
1970-01-01 00:00:00.000000546,,1295.6029599370163,1295.6029599370163,1295.6029599370163,1295.6029599370163,1295.6029599370163,0
1970-01-01 00:00:00.000000547,,1309.8927772461004,1309.8927772461004,1309.8927772461004,1309.8927772461004,1309.8927772461004,0
1970-01-01 00:00:00.000000548,,1305.923445707521,1305.923445707521,1305.923445707521,1305.923445707521,1305.923445707521,0
1970-01-01 00:00:00.000000549,,1345.5675050388625,1345.5675050388625,1345.5675050388625,1345.5675050388625,1345.5675050388625,0
1970-01-01 00:00:00.000000550,,1348.5941513991709,1348.5941513991709,1348.5941513991709,1348.5941513991709,1348.5941513991709,0
1970-01-01 00:00:00.000000551,,1333.7586400786652,1333.7586400786652,1333.7586400786652,1333.7586400786652,1333.7586400786652,0
1970-01-01 00:00:00.000000552,,1322.9420827344788,1322.9420827344788,1322.9420827344788,1322.9420827344788,1322.9420827344788,0
1970-01-01 00:00:00.000000553,,1325.7702231722565,1325.7702231722565,1325.7702231722565,1325.7702231722565,1325.7702231722565,0
1970-01-01 00:00:00.000000554,,1329.739654923708,1329.739654923708,1329.739654923708,1329.739654923708,1329.739654923708,0
1970-01-01 00:00:00.000000555,,1312.026343402594,1312.026343402594,1312.026343402594,1312.026343402594,1312.026343402594,0
1970-01-01 00:00:00.000000556,,1311.8278468858043,1311.8278468858043,1311.8278468858043,1311.8278468858043,1311.8278468858043,0
1970-01-01 00:00:00.000000557,,1319.3697112264526,1319.3697112264526,1319.3697112264526,1319.3697112264526,1319.3697112264526,0
1970-01-01 00:00:00.000000558,,1285.3322768617725,1285.3322768617725,1285.3322768617725,1285.3322768617725,1285.3322768617725,0
1970-01-01 00:00:00.000000559,,1289.8969896705237,1289.8969896705237,1289.8969896705237,1289.8969896705237,1289.8969896705237,0
1970-01-01 00:00:00.000000560,,1294.9579703581671,1294.9579703581671,1294.9579703581671,1294.9579703581671,1294.9579703581671,0
1970-01-01 00:00:00.000000561,,1295.1067945023049,1295.1067945023049,1295.1067945023049,1295.1067945023049,1295.1067945023049,0
1970-01-01 00:00:00.000000562,,1340.655373037739,1340.655373037739,1340.655373037739,1340.655373037739,1340.655373037739,0
1970-01-01 00:00:00.000000563,,1346.6094196449503,1346.6094196449503,1346.6094196449503,1346.6094196449503,1346.6094196449503,0
1970-01-01 00:00:00.000000564,,1351.5711498907554,1351.5711498907554,1351.5711498907554,1351.5711498907554,1351.5711498907554,0
1970-01-01 00:00:00.000000565,,1425.004587897116,1425.004587897116,1425.004587897116,1425.004587897116,1425.004587897116,0
1970-01-01 00:00:00.000000566,,1401.9823098324273,1401.9823098324273,1401.9823098324273,1401.9823098324273,1401.9823098324273,0
1970-01-01 00:00:00.000000567,,1418.0581618237188,1418.0581618237188,1418.0581618237188,1418.0581618237188,1418.0581618237188,0
1970-01-01 00:00:00.000000568,,1405.4554343163695,1405.4554343163695,1405.4554343163695,1405.4554343163695,1405.4554343163695,0
1970-01-01 00:00:00.000000569,,1399.203592036998,1399.203592036998,1399.203592036998,1399.203592036998,1399.203592036998,0
1970-01-01 00:00:00.000000570,,1394.837310696449,1394.837310696449,1394.837310696449,1394.837310696449,1394.837310696449,0
1970-01-01 00:00:00.000000571,,1417.8597077945897,1417.8597077945897,1417.8597077945897,1417.8597077945897,1417.8597077945897,0
1970-01-01 00:00:00.000000572,,1422.0275444346205,1422.0275444346205,1422.0275444346205,1422.0275444346205,1422.0275444346205,0
1970-01-01 00:00:00.000000573,,1415.9742091510598,1415.9742091510598,1415.9742091510598,1415.9742091510598,1415.9742091510598,0
1970-01-01 00:00:00.000000574,,1428.9738894731652,1428.9738894731652,1428.9738894731652,1428.9738894731652,1428.9738894731652,0
1970-01-01 00:00:00.000000575,,1418.0581160771362,1418.0581160771362,1418.0581160771362,1418.0581160771362,1418.0581160771362,0
1970-01-01 00:00:00.000000576,,1414.0887881642996,1414.0887881642996,1414.0887881642996,1414.0887881642996,1414.0887881642996,0
1970-01-01 00:00:00.000000577,,1427.5846620245352,1427.5846620245352,1427.5846620245352,1427.5846620245352,1427.5846620245352,0
1970-01-01 00:00:00.000000578,,1404.3638078003796,1404.3638078003796,1404.3638078003796,1404.3638078003796,1404.3638078003796,0
1970-01-01 00:00:00.000000579,,1398.6082269981746,1398.6082269981746,1398.6082269981746,1398.6082269981746,1398.6082269981746,0
1970-01-01 00:00:00.000000580,,1429.0731325397103,1429.0731325397103,1429.0731325397103,1429.0731325397103,1429.0731325397103,0
1970-01-01 00:00:00.000000581,,1418.9512828044426,1418.9512828044426,1418.9512828044426,1418.9512828044426,1418.9512828044426,0
1970-01-01 00:00:00.000000582,,1414.9819190581854,1414.9819190581854,1414.9819190581854,1414.9819190581854,1414.9819190581854,0
1970-01-01 00:00:00.000000583,,1442.172107583965,1442.172107583965,1442.172107583965,1442.172107583965,1442.172107583965,0
1970-01-01 00:00:00.000000584,,1435.4241717584057,1435.4241717584057,1435.4241717584057,1435.4241717584057,1435.4241717584057,0
1970-01-01 00:00:00.000000585,,1439.0957378026826,1439.0957378026826,1439.0957378026826,1439.0957378026826,1439.0957378026826,0
1970-01-01 00:00:00.000000586,,1431.8517946649677,1431.8517946649677,1431.8517946649677,1431.8517946649677,1431.8517946649677,0
1970-01-01 00:00:00.000000587,,1430.0655182967434,1430.0655182967434,1430.0655182967434,1430.0655182967434,1430.0655182967434,0
1970-01-01 00:00:00.000000588,,1431.1570706662649,1431.1570706662649,1431.1570706662649,1431.1570706662649,1431.1570706662649,0
1970-01-01 00:00:00.000000589,,1446.8360701649403,1446.8360701649403,1446.8360701649403,1446.8360701649403,1446.8360701649403,0
1970-01-01 00:00:00.000000590,,1441.3782192942826,1441.3782192942826,1441.3782192942826,1441.3782192942826,1441.3782192942826,0
1970-01-01 00:00:00.000000591,,1436.5157355383742,1436.5157355383742,1436.5157355383742,1436.5157355383742,1436.5157355383742,0
1970-01-01 00:00:00.000000592,,1445.4467442494526,1445.4467442494526,1445.4467442494526,1445.4467442494526,1445.4467442494526,0
1970-01-01 00:00:00.000000593,,1448.7216268807567,1448.7216268807567,1448.7216268807567,1448.7216268807567,1448.7216268807567,0
1970-01-01 00:00:00.000000594,,1430.9586389930196,1430.9586389930196,1430.9586389930196,1430.9586389930196,1430.9586389930196,0
1970-01-01 00:00:00.000000595,,1443.7598455387374,1443.7598455387374,1443.7598455387374,1443.7598455387374,1443.7598455387374,0
1970-01-01 00:00:00.000000596,,1426.3938661679929,1426.3938661679929,1426.3938661679929,1426.3938661679929,1426.3938661679929,0
1970-01-01 00:00:00.000000597,,1419.9436226094324,1419.9436226094324,1419.9436226094324,1419.9436226094324,1419.9436226094324,0
1970-01-01 00:00:00.000000598,,1437.5080878919146,1437.5080878919146,1437.5080878919146,1437.5080878919146,1437.5080878919146,0
1970-01-01 00:00:00.000000599,,1453.7825541382838,1453.7825541382838,1453.7825541382838,1453.7825541382838,1453.7825541382838,0
1970-01-01 00:00:00.000000600,,1427.9815809293386,1427.9815809293386,1427.9815809293386,1427.9815809293386,1427.9815809293386,0
1970-01-01 00:00:00.000000601,,1410.9133394459884,1410.9133394459884,1410.9133394459884,1410.9133394459884,1410.9133394459884,0
1970-01-01 00:00:00.000000602,,1419.5466979345515,1419.5466979345515,1419.5466979345515,1419.5466979345515,1419.5466979345515,0
1970-01-01 00:00:00.000000603,,1392.8526699787633,1392.8526699787633,1392.8526699787633,1392.8526699787633,1392.8526699787633,0
1970-01-01 00:00:00.000000604,,1405.7530618658518,1405.7530618658518,1405.7530618658518,1405.7530618658518,1405.7530618658518,0
1970-01-01 00:00:00.000000605,,1415.9742319665809,1415.9742319665809,1415.9742319665809,1415.9742319665809,1415.9742319665809,0
1970-01-01 00:00:00.000000606,,1406.150024814166,1406.150024814166,1406.150024814166,1406.150024814166,1406.150024814166,0
1970-01-01 00:00:00.000000607,,1397.2189939427594,1397.2189939427594,1397.2189939427594,1397.2189939427594,1397.2189939427594,0
1970-01-01 00:00:00.000000608,,1400.4937821267788,1400.4937821267788,1400.4937821267788,1400.4937821267788,1400.4937821267788,0
1970-01-01 00:00:00.000000609,,1406.1500791810931,1406.1500791810931,1406.1500791810931,1406.1500791810931,1406.1500791810931,0
1970-01-01 00:00:00.000000610,,1416.768089376431,1416.768089376431,1416.768089376431,1416.768089376431,1416.768089376431,0
1970-01-01 00:00:00.000000611,,1411.1117385952273,1411.1117385952273,1411.1117385952273,1411.1117385952273,1411.1117385952273,0
1970-01-01 00:00:00.000000612,,1413.890378094993,1413.890378094993,1413.890378094993,1413.890378094993,1413.890378094993,0
1970-01-01 00:00:00.000000613,,1427.882386711014,1427.882386711014,1427.882386711014,1427.882386711014,1427.882386711014,0
1970-01-01 00:00:00.000000614,,1450.6071028820047,1450.6071028820047,1450.6071028820047,1450.6071028820047,1450.6071028820047,0
1970-01-01 00:00:00.000000615,,1434.6302067068036,1434.6302067068036,1434.6302067068036,1434.6302067068036,1434.6302067068036,0
1970-01-01 00:00:00.000000616,,1421.2336440793872,1421.2336440793872,1421.2336440793872,1421.2336440793872,1421.2336440793872,0
1970-01-01 00:00:00.000000617,,1421.1344118511029,1421.1344118511029,1421.1344118511029,1421.1344118511029,1421.1344118511029,0
1970-01-01 00:00:00.000000618,,1416.0734952431667,1416.0734952431667,1416.0734952431667,1416.0734952431667,1416.0734952431667,0
1970-01-01 00:00:00.000000619,,1425.9968814549875,1425.9968814549875,1425.9968814549875,1425.9968814549875,1425.9968814549875,0
1970-01-01 00:00:00.000000620,,1421.035188079707,1421.035188079707,1421.035188079707,1421.035188079707,1421.035188079707,0
1970-01-01 00:00:00.000000621,,1425.2030375827696,1425.2030375827696,1425.2030375827696,1425.2030375827696,1425.2030375827696,0
1970-01-01 00:00:00.000000622,,1425.7985078190466,1425.7985078190466,1425.7985078190466,1425.7985078190466,1425.7985078190466,0
1970-01-01 00:00:00.000000623,,1411.111783317687,1411.111783317687,1411.111783317687,1411.111783317687,1411.111783317687,0
1970-01-01 00:00:00.000000624,,1413.9896019530586,1413.9896019530586,1413.9896019530586,1413.9896019530586,1413.9896019530586,0
1970-01-01 00:00:00.000000625,,1410.218682168871,1410.218682168871,1410.218682168871,1410.218682168871,1410.218682168871,0
1970-01-01 00:00:00.000000626,,1415.081187967311,1415.081187967311,1415.081187967311,1415.081187967311,1415.081187967311,0
1970-01-01 00:00:00.000000627,,1410.1194736013367,1410.1194736013367,1410.1194736013367,1410.1194736013367,1410.1194736013367,0
1970-01-01 00:00:00.000000628,,1404.9592604817603,1404.9592604817603,1404.9592604817603,1404.9592604817603,1404.9592604817603,0
1970-01-01 00:00:00.000000629,,1436.9126621837045,1436.9126621837045,1436.9126621837045,1436.9126621837045,1436.9126621837045,0
1970-01-01 00:00:00.000000630,,1462.8128219007424,1462.8128219007424,1462.8128219007424,1462.8128219007424,1462.8128219007424,0
1970-01-01 00:00:00.000000631,,1471.5454755170424,1471.5454755170424,1471.5454755170424,1471.5454755170424,1471.5454755170424,0
1970-01-01 00:00:00.000000632,,1476.3086281822896,1476.3086281822896,1476.3086281822896,1476.3086281822896,1476.3086281822896,0
1970-01-01 00:00:00.000000633,,1488.5144734435703,1488.5144734435703,1488.5144734435703,1488.5144734435703,1488.5144734435703,0
1970-01-01 00:00:00.000000634,,1465.7898930637602,1465.7898930637602,1465.7898930637602,1465.7898930637602,1465.7898930637602,0
1970-01-01 00:00:00.000000635,,1468.5685019046516,1468.5685019046516,1468.5685019046516,1468.5685019046516,1468.5685019046516,0
1970-01-01 00:00:00.000000636,,1476.308661728485,1476.308661728485,1476.308661728485,1476.308661728485,1476.308661728485,0
1970-01-01 00:00:00.000000637,,1458.6450618514623,1458.6450618514623,1458.6450618514623,1458.6450618514623,1458.6450618514623,0
1970-01-01 00:00:00.000000638,,1469.0645758820865,1469.0645758820865,1469.0645758820865,1469.0645758820865,1469.0645758820865,0
1970-01-01 00:00:00.000000639,,1465.492177404952,1465.492177404952,1465.492177404952,1465.492177404952,1465.492177404952,0
1970-01-01 00:00:00.000000640,,1441.8743352750153,1441.8743352750153,1441.8743352750153,1441.8743352750153,1441.8743352750153,0
1970-01-01 00:00:00.000000641,,1431.2564134495642,1431.2564134495642,1431.2564134495642,1431.2564134495642,1431.2564134495642,0
1970-01-01 00:00:00.000000642,,1430.0655302659995,1430.0655302659995,1430.0655302659995,1430.0655302659995,1430.0655302659995,0
1970-01-01 00:00:00.000000643,,1434.82882590882,1434.82882590882,1434.82882590882,1434.82882590882,1434.82882590882,0
1970-01-01 00:00:00.000000644,,1416.9666396615337,1416.9666396615337,1416.9666396615337,1416.9666396615337,1416.9666396615337,0
1970-01-01 00:00:00.000000645,,1431.0,1431.0,1431.0,1431.0,1431.0,0
1970-01-01 00:00:00.000000646,,1424.5999755859375,1424.5999755859375,1424.5999755859375,1424.5999755859375,1424.5999755859375,0
1970-01-01 00:00:00.000000647,,1412.0,1412.0,1412.0,1412.0,1412.0,0
1970-01-01 00:00:00.000000648,,1450.0,1450.0,1450.0,1450.0,1450.0,0
1970-01-01 00:00:00.000000649,,1431.0999755859375,1431.0999755859375,1431.0999755859375,1431.0999755859375,1431.0999755859375,0
1970-01-01 00:00:00.000000650,,1432.5999755859375,1432.5999755859375,1432.5999755859375,1432.5999755859375,1432.5999755859375,0
1970-01-01 00:00:00.000000651,,1440.0999755859375,1440.0999755859375,1440.0999755859375,1440.0999755859375,1440.0999755859375,0
1970-01-01 00:00:00.000000652,,1444.300048828125,1444.300048828125,1444.300048828125,1444.300048828125,1444.300048828125,0
1970-01-01 00:00:00.000000653,,1435.9000244140625,1435.9000244140625,1435.9000244140625,1435.9000244140625,1435.9000244140625,0
1970-01-01 00:00:00.000000654,,1427.9000244140625,1427.9000244140625,1427.9000244140625,1427.9000244140625,1427.9000244140625,0
1970-01-01 00:00:00.000000655,,1416.5999755859375,1416.5999755859375,1416.5999755859375,1416.5999755859375,1416.5999755859375,0
1970-01-01 00:00:00.000000656,,1408.0,1408.0,1408.0,1408.0,1408.0,0
1970-01-01 00:00:00.000000657,,1392.0999755859375,1392.0999755859375,1392.0999755859375,1392.0999755859375,1392.0999755859375,0
1970-01-01 00:00:00.000000658,,1398.0999755859375,1398.0999755859375,1398.0999755859375,1398.0999755859375,1398.0999755859375,0
1970-01-01 00:00:00.000000659,,1413.9000244140625,1413.9000244140625,1413.9000244140625,1413.9000244140625,1413.9000244140625,0
1970-01-01 00:00:00.000000660,,1389.0,1389.0,1389.0,1389.0,1389.0,0
1970-01-01 00:00:00.000000661,,1409.9000244140625,1409.9000244140625,1409.9000244140625,1409.9000244140625,1409.9000244140625,0
1970-01-01 00:00:00.000000662,,1411.0,1411.0,1411.0,1411.0,1411.0,0
1970-01-01 00:00:00.000000663,,1402.199951171875,1402.199951171875,1402.199951171875,1402.199951171875,1402.199951171875,0
1970-01-01 00:00:00.000000664,,1399.0,1399.0,1399.0,1399.0,1399.0,0
1970-01-01 00:00:00.000000665,,1410.0,1410.0,1410.0,1410.0,1410.0,0
1970-01-01 00:00:00.000000666,,1398.0,1398.0,1398.0,1398.0,1398.0,0
1970-01-01 00:00:00.000000667,,1405.0999755859375,1405.0999755859375,1405.0999755859375,1405.0999755859375,1405.0999755859375,0
