Date,Ticker,INFY.NS,INFY.NS.1,INFY.NS.2,INFY.NS.3,INFY.NS.4,SentimentScore
1970-01-01 00:00:00.000000000,,1417.846763951259,1417.846763951259,1417.846763951259,1417.846763951259,1417.846763951259,0
1970-01-01 00:00:00.000000001,,1417.846763951259,1417.846763951259,1417.846763951259,1417.846763951259,1417.846763951259,0
1970-01-01 00:00:00.000000002,,1423.32528849572,1423.32528849572,1423.32528849572,1423.32528849572,1423.32528849572,0
1970-01-01 00:00:00.000000003,,1424.4020950067627,1424.4020950067627,1424.4020950067627,1424.4020950067627,1424.4020950067627,0
1970-01-01 00:00:00.000000004,,1410.2611937869729,1410.2611937869729,1410.2611937869729,1410.2611937869729,1410.2611937869729,0
1970-01-01 00:00:00.000000005,,1376.6411390689725,1376.6411390689725,1376.6411390689725,1376.6411390689725,1376.6411390689725,0
1970-01-01 00:00:00.000000006,,1356.2255576840662,1356.2255576840662,1356.2255576840662,1356.2255576840662,1356.2255576840662,0
1970-01-01 00:00:00.000000007,,1387.8791147184363,1387.8791147184363,1387.8791147184363,1387.8791147184363,1387.8791147184363,0
1970-01-01 00:00:00.000000008,,1376.6410323850362,1376.6410323850362,1376.6410323850362,1376.6410323850362,1376.6410323850362,0
1970-01-01 00:00:00.000000009,,1387.8321104596064,1387.8321104596064,1387.8321104596064,1387.8321104596064,1387.8321104596064,0
1970-01-01 00:00:00.000000010,,1389.2837450958568,1389.2837450958568,1389.2837450958568,1389.2837450958568,1389.2837450958568,0
1970-01-01 00:00:00.000000011,,1414.100850323152,1414.100850323152,1414.100850323152,1414.100850323152,1414.100850323152,0
1970-01-01 00:00:00.000000012,,1430.021162290161,1430.021162290161,1430.021162290161,1430.021162290161,1430.021162290161,0
1970-01-01 00:00:00.000000013,,1446.6439437557135,1446.6439437557135,1446.6439437557135,1446.6439437557135,1446.6439437557135,0
1970-01-01 00:00:00.000000014,,1442.102018021819,1442.102018021819,1442.102018021819,1442.102018021819,1442.102018021819,0
1970-01-01 00:00:00.000000015,,1440.3224696586608,1440.3224696586608,1440.3224696586608,1440.3224696586608,1440.3224696586608,0
1970-01-01 00:00:00.000000016,,1437.513121770026,1437.513121770026,1437.513121770026,1437.513121770026,1437.513121770026,0
1970-01-01 00:00:00.000000017,,1460.9253950530808,1460.9253950530808,1460.9253950530808,1460.9253950530808,1460.9253950530808,0
1970-01-01 00:00:00.000000018,,1448.7508449195966,1448.7508449195966,1448.7508449195966,1448.7508449195966,1448.7508449195966,0
1970-01-01 00:00:00.000000019,,1447.81455099958,1447.81455099958,1447.81455099958,1447.81455099958,1447.81455099958,0
1970-01-01 00:00:00.000000020,,1431.7069926445863,1431.7069926445863,1431.7069926445863,1431.7069926445863,1431.7069926445863,0
1970-01-01 00:00:00.000000021,,1450.5303854571384,1450.5303854571384,1450.5303854571384,1450.5303854571384,1450.5303854571384,0
1970-01-01 00:00:00.000000022,,1444.2556654298946,1444.2556654298946,1444.2556654298946,1444.2556654298946,1444.2556654298946,0
1970-01-01 00:00:00.000000023,,1453.43341554854,1453.43341554854,1453.43341554854,1453.43341554854,1453.43341554854,0
1970-01-01 00:00:00.000000024,,1496.0437650760916,1496.0437650760916,1496.0437650760916,1496.0437650760916,1496.0437650760916,0
1970-01-01 00:00:00.000000025,,1496.5118898904536,1496.5118898904536,1496.5118898904536,1496.5118898904536,1496.5118898904536,0
1970-01-01 00:00:00.000000026,,1469.3536663009922,1469.3536663009922,1469.3536663009922,1469.3536663009922,1469.3536663009922,0
1970-01-01 00:00:00.000000027,,1466.0758963821445,1466.0758963821445,1466.0758963821445,1466.0758963821445,1466.0758963821445,0
1970-01-01 00:00:00.000000028,,1494.8263681747696,1494.8263681747696,1494.8263681747696,1494.8263681747696,1494.8263681747696,0
1970-01-01 00:00:00.000000029,,1510.5124348701506,1510.5124348701506,1510.5124348701506,1510.5124348701506,1510.5124348701506,0
1970-01-01 00:00:00.000000030,,1495.575566077777,1495.575566077777,1495.575566077777,1495.575566077777,1495.575566077777,0
1970-01-01 00:00:00.000000031,,1484.0564371278406,1484.0564371278406,1484.0564371278406,1484.0564371278406,1484.0564371278406,0
1970-01-01 00:00:00.000000032,,1483.4010667556165,1483.4010667556165,1483.4010667556165,1483.4010667556165,1483.4010667556165,0
1970-01-01 00:00:00.000000033,,1498.3849499152032,1498.3849499152032,1498.3849499152032,1498.3849499152032,1498.3849499152032,0
1970-01-01 00:00:00.000000034,,1492.7659027830766,1492.7659027830766,1492.7659027830766,1492.7659027830766,1492.7659027830766,0
1970-01-01 00:00:00.000000035,,1484.2906519276423,1484.2906519276423,1484.2906519276423,1484.2906519276423,1484.2906519276423,0
1970-01-01 00:00:00.000000036,,1497.1674632827064,1497.1674632827064,1497.1674632827064,1497.1674632827064,1497.1674632827064,0
1970-01-01 00:00:00.000000037,,1463.7347048279285,1463.7347048279285,1463.7347048279285,1463.7347048279285,1463.7347048279285,0
1970-01-01 00:00:00.000000038,,1470.1496368399694,1470.1496368399694,1470.1496368399694,1470.1496368399694,1470.1496368399694,0
1970-01-01 00:00:00.000000039,,1460.9253538063083,1460.9253538063083,1460.9253538063083,1460.9253538063083,1460.9253538063083,0
1970-01-01 00:00:00.000000040,,1442.1955282782062,1442.1955282782062,1442.1955282782062,1442.1955282782062,1442.1955282782062,0
1970-01-01 00:00:00.000000041,,1419.345153317999,1419.345153317999,1419.345153317999,1419.345153317999,1419.345153317999,0
1970-01-01 00:00:00.000000042,,1397.6184079958705,1397.6184079958705,1397.6184079958705,1397.6184079958705,1397.6184079958705,0
1970-01-01 00:00:00.000000043,,1390.688544462358,1390.688544462358,1390.688544462358,1390.688544462358,1390.688544462358,0
1970-01-01 00:00:00.000000044,,1392.3272724733397,1392.3272724733397,1392.3272724733397,1392.3272724733397,1392.3272724733397,0
1970-01-01 00:00:00.000000045,,1399.6320097355872,1399.6320097355872,1399.6320097355872,1399.6320097355872,1399.6320097355872,0
1970-01-01 00:00:00.000000046,,1395.8860508113924,1395.8860508113924,1395.8860508113924,1395.8860508113924,1395.8860508113924,0
1970-01-01 00:00:00.000000047,,1400.0534774989967,1400.0534774989967,1400.0534774989967,1400.0534774989967,1400.0534774989967,0
1970-01-01 00:00:00.000000048,,1367.2763825081472,1367.2763825081472,1367.2763825081472,1367.2763825081472,1367.2763825081472,0
1970-01-01 00:00:00.000000049,,1371.209495287346,1371.209495287346,1371.209495287346,1371.209495287346,1371.209495287346,0
1970-01-01 00:00:00.000000050,,1349.4829529668243,1349.4829529668243,1349.4829529668243,1349.4829529668243,1349.4829529668243,0
1970-01-01 00:00:00.000000051,,1346.673471098705,1346.673471098705,1346.673471098705,1346.673471098705,1346.673471098705,0
1970-01-01 00:00:00.000000052,,1327.756504312592,1327.756504312592,1327.756504312592,1327.756504312592,1327.756504312592,0
1970-01-01 00:00:00.000000053,,1339.1814535260685,1339.1814535260685,1339.1814535260685,1339.1814535260685,1339.1814535260685,0
1970-01-01 00:00:00.000000054,,1329.5356098656707,1329.5356098656707,1329.5356098656707,1329.5356098656707,1329.5356098656707,0
1970-01-01 00:00:00.000000055,,1310.1503591713015,1310.1503591713015,1310.1503591713015,1310.1503591713015,1310.1503591713015,0
1970-01-01 00:00:00.000000056,,1313.896153377075,1313.896153377075,1313.896153377075,1313.896153377075,1313.896153377075,0
1970-01-01 00:00:00.000000057,,1296.0559709301872,1296.0559709301872,1296.0559709301872,1296.0559709301872,1296.0559709301872,0
1970-01-01 00:00:00.000000058,,1299.8490036281137,1299.8490036281137,1299.8490036281137,1299.8490036281137,1299.8490036281137,0
1970-01-01 00:00:00.000000059,,1298.2100465905298,1298.2100465905298,1298.2100465905298,1298.2100465905298,1298.2100465905298,0
1970-01-01 00:00:00.000000060,,1303.688488145341,1303.688488145341,1303.688488145341,1303.688488145341,1303.688488145341,0
1970-01-01 00:00:00.000000061,,1291.420562584822,1291.420562584822,1291.420562584822,1291.420562584822,1291.420562584822,0
1970-01-01 00:00:00.000000062,,1314.83281440234,1314.83281440234,1314.83281440234,1314.83281440234,1314.83281440234,0
1970-01-01 00:00:00.000000063,,1343.863950499421,1343.863950499421,1343.863950499421,1343.863950499421,1343.863950499421,0
1970-01-01 00:00:00.000000064,,1311.0867160098653,1311.0867160098653,1311.0867160098653,1311.0867160098653,1311.0867160098653,0
1970-01-01 00:00:00.000000065,,1326.0707516737557,1326.0707516737557,1326.0707516737557,1326.0707516737557,1326.0707516737557,0
1970-01-01 00:00:00.000000066,,1333.5157464016077,1333.5157464016077,1333.5157464016077,1333.5157464016077,1333.5157464016077,0
1970-01-01 00:00:00.000000067,,1338.151351122032,1338.151351122032,1338.151351122032,1338.151351122032,1338.151351122032,0
1970-01-01 00:00:00.000000068,,1323.3079968731429,1323.3079968731429,1323.3079968731429,1323.3079968731429,1323.3079968731429,0
1970-01-01 00:00:00.000000069,,1320.2175832221326,1320.2175832221326,1320.2175832221326,1320.2175832221326,1320.2175832221326,0
1970-01-01 00:00:00.000000070,,1170.8940626812932,1170.8940626812932,1170.8940626812932,1170.8940626812932,1170.8940626812932,0
1970-01-01 00:00:00.000000071,,1189.2961620139442,1189.2961620139442,1189.2961620139442,1189.2961620139442,1189.2961620139442,0
1970-01-01 00:00:00.000000072,,1174.6868919454078,1174.6868919454078,1174.6868919454078,1174.6868919454078,1174.6868919454078,0
1970-01-01 00:00:00.000000073,,1152.5389495905642,1152.5389495905642,1152.5389495905642,1152.5389495905642,1152.5389495905642,0
1970-01-01 00:00:00.000000074,,1150.1041013596518,1150.1041013596518,1150.1041013596518,1150.1041013596518,1150.1041013596518,0
1970-01-01 00:00:00.000000075,,1150.0104453082618,1150.0104453082618,1150.0104453082618,1150.0104453082618,1150.0104453082618,0
1970-01-01 00:00:00.000000076,,1148.0905462934963,1148.0905462934963,1148.0905462934963,1148.0905462934963,1148.0905462934963,0
1970-01-01 00:00:00.000000077,,1150.0103642668273,1150.0103642668273,1150.0103642668273,1150.0103642668273,1150.0103642668273,0
1970-01-01 00:00:00.000000078,,1151.883467786171,1151.883467786171,1151.883467786171,1151.883467786171,1151.883467786171,0
1970-01-01 00:00:00.000000079,,1175.9512001745147,1175.9512001745147,1175.9512001745147,1175.9512001745147,1175.9512001745147,0
1970-01-01 00:00:00.000000080,,1174.8741618938295,1174.8741618938295,1174.8741618938295,1174.8741618938295,1174.8741618938295,0
1970-01-01 00:00:00.000000081,,1185.597028992456,1185.597028992456,1185.597028992456,1185.597028992456,1185.597028992456,0
1970-01-01 00:00:00.000000082,,1188.3596544940103,1188.3596544940103,1188.3596544940103,1188.3596544940103,1188.3596544940103,0
1970-01-01 00:00:00.000000083,,1197.7714391140978,1197.7714391140978,1197.7714391140978,1197.7714391140978,1197.7714391140978,0
1970-01-01 00:00:00.000000084,,1182.2724440260474,1182.2724440260474,1182.2724440260474,1182.2724440260474,1182.2724440260474,0
1970-01-01 00:00:00.000000085,,1185.597075154084,1185.597075154084,1185.597075154084,1185.597075154084,1185.597075154084,0
1970-01-01 00:00:00.000000086,,1195.3366025408352,1195.3366025408352,1195.3366025408352,1195.3366025408352,1195.3366025408352,0
1970-01-01 00:00:00.000000087,,1189.5771703584005,1189.5771703584005,1189.5771703584005,1189.5771703584005,1189.5771703584005,0
1970-01-01 00:00:00.000000088,,1173.75058606657,1173.75058606657,1173.75058606657,1173.75058606657,1173.75058606657,0
1970-01-01 00:00:00.000000089,,1170.519683154277,1170.519683154277,1170.519683154277,1170.519683154277,1170.519683154277,0
1970-01-01 00:00:00.000000090,,1184.660746792601,1184.660746792601,1184.660746792601,1184.660746792601,1184.660746792601,0
1970-01-01 00:00:00.000000091,,1180.5400811541865,1180.5400811541865,1180.5400811541865,1180.5400811541865,1180.5400811541865,0
1970-01-01 00:00:00.000000092,,1178.666945184215,1178.666945184215,1178.666945184215,1178.666945184215,1178.666945184215,0
1970-01-01 00:00:00.000000093,,1176.278985664425,1176.278985664425,1176.278985664425,1176.278985664425,1176.278985664425,0
1970-01-01 00:00:00.000000094,,1192.1056388798058,1192.1056388798058,1192.1056388798058,1192.1056388798058,1192.1056388798058,0
1970-01-01 00:00:00.000000095,,1216.6885106968118,1216.6885106968118,1216.6885106968118,1216.6885106968118,1216.6885106968118,0
1970-01-01 00:00:00.000000096,,1213.9727320099048,1213.9727320099048,1213.9727320099048,1213.9727320099048,1213.9727320099048,0
1970-01-01 00:00:00.000000097,,1212.287065188552,1212.287065188552,1212.287065188552,1212.287065188552,1212.287065188552,0
1970-01-01 00:00:00.000000098,,1223.0567689748948,1223.0567689748948,1223.0567689748948,1223.0567689748948,1223.0567689748948,0
1970-01-01 00:00:00.000000099,,1248.0609264704428,1248.0609264704428,1248.0609264704428,1248.0609264704428,1248.0609264704428,0
1970-01-01 00:00:00.000000100,,1231.4851522534068,1231.4851522534068,1231.4851522534068,1231.4851522534068,1231.4851522534068,0
1970-01-01 00:00:00.000000101,,1236.027053313222,1236.027053313222,1236.027053313222,1236.027053313222,1236.027053313222,0
1970-01-01 00:00:00.000000102,,1238.5555605113211,1238.5555605113211,1238.5555605113211,1238.5555605113211,1238.5555605113211,0
1970-01-01 00:00:00.000000103,,1242.3429517033835,1242.3429517033835,1242.3429517033835,1242.3429517033835,1242.3429517033835,0
1970-01-01 00:00:00.000000104,,1237.59760459587,1237.59760459587,1237.59760459587,1237.59760459587,1237.59760459587,0
1970-01-01 00:00:00.000000105,,1222.981729923001,1222.981729923001,1222.981729923001,1222.981729923001,1222.981729923001,0
1970-01-01 00:00:00.000000106,,1224.784959775844,1224.784959775844,1224.784959775844,1224.784959775844,1224.784959775844,0
1970-01-01 00:00:00.000000107,,1220.7039450186055,1220.7039450186055,1220.7039450186055,1220.7039450186055,1220.7039450186055,0
1970-01-01 00:00:00.000000108,,1217.1922691627592,1217.1922691627592,1217.1922691627592,1217.1922691627592,1217.1922691627592,0
1970-01-01 00:00:00.000000109,,1208.6505717685027,1208.6505717685027,1208.6505717685027,1208.6505717685027,1208.6505717685027,0
1970-01-01 00:00:00.000000110,,1233.7064075273615,1233.7064075273615,1233.7064075273615,1233.7064075273615,1233.7064075273615,0
1970-01-01 00:00:00.000000111,,1239.8277526637962,1239.8277526637962,1239.8277526637962,1239.8277526637962,1239.8277526637962,0
1970-01-01 00:00:00.000000112,,1228.0592515206731,1228.0592515206731,1228.0592515206731,1228.0592515206731,1228.0592515206731,0
1970-01-01 00:00:00.000000113,,1221.4632295382082,1221.4632295382082,1221.4632295382082,1221.4632295382082,1221.4632295382082,0
1970-01-01 00:00:00.000000114,,1228.1068115234375,1228.1068115234375,1228.1068115234375,1228.1068115234375,1228.1068115234375,0
1970-01-01 00:00:00.000000115,,1228.1067213313888,1228.1067213313888,1228.1067213313888,1228.1067213313888,1228.1067213313888,0
1970-01-01 00:00:00.000000116,,1233.7536276051042,1233.7536276051042,1233.7536276051042,1233.7536276051042,1233.7536276051042,0
1970-01-01 00:00:00.000000117,,1223.741009475692,1223.741009475692,1223.741009475692,1223.741009475692,1223.741009475692,0
1970-01-01 00:00:00.000000118,,1211.4503912779653,1211.4503912779653,1211.4503912779653,1211.4503912779653,1211.4503912779653,0
1970-01-01 00:00:00.000000119,,1205.5661261290436,1205.5661261290436,1205.5661261290436,1205.5661261290436,1205.5661261290436,0
1970-01-01 00:00:00.000000120,,1214.819510293023,1214.819510293023,1214.819510293023,1214.819510293023,1214.819510293023,0
1970-01-01 00:00:00.000000121,,1224.3104803974434,1224.3104803974434,1224.3104803974434,1224.3104803974434,1224.3104803974434,0
1970-01-01 00:00:00.000000122,,1241.5836573675615,1241.5836573675615,1241.5836573675615,1241.5836573675615,1241.5836573675615,0
1970-01-01 00:00:00.000000123,,1262.2734926096066,1262.2734926096066,1262.2734926096066,1262.2734926096066,1262.2734926096066,0
1970-01-01 00:00:00.000000124,,1275.8454066036068,1275.8454066036068,1275.8454066036068,1275.8454066036068,1275.8454066036068,0
1970-01-01 00:00:00.000000125,,1288.7053287056738,1288.7053287056738,1288.7053287056738,1288.7053287056738,1288.7053287056738,0
1970-01-01 00:00:00.000000126,,1274.184466363292,1274.184466363292,1274.184466363292,1274.184466363292,1274.184466363292,0
1970-01-01 00:00:00.000000127,,1266.069921275566,1266.069921275566,1266.069921275566,1266.069921275566,1266.069921275566,0
1970-01-01 00:00:00.000000128,,1268.489995854001,1268.489995854001,1268.489995854001,1268.489995854001,1268.489995854001,0
1970-01-01 00:00:00.000000129,,1265.5478387081876,1265.5478387081876,1265.5478387081876,1265.5478387081876,1265.5478387081876,0
1970-01-01 00:00:00.000000130,,1282.204025143206,1282.204025143206,1282.204025143206,1282.204025143206,1282.204025143206,0
1970-01-01 00:00:00.000000131,,1266.9240762093295,1266.9240762093295,1266.9240762093295,1266.9240762093295,1266.9240762093295,0
1970-01-01 00:00:00.000000132,,1310.344366986501,1310.344366986501,1310.344366986501,1310.344366986501,1310.344366986501,0
1970-01-01 00:00:00.000000133,,1353.3373455004703,1353.3373455004703,1353.3373455004703,1353.3373455004703,1353.3373455004703,0
1970-01-01 00:00:00.000000134,,1360.9777476537129,1360.9777476537129,1360.9777476537129,1360.9777476537129,1360.9777476537129,0
1970-01-01 00:00:00.000000135,,1410.3296414156002,1410.3296414156002,1410.3296414156002,1410.3296414156002,1410.3296414156002,0
1970-01-01 00:00:00.000000136,,1396.0935284291188,1396.0935284291188,1396.0935284291188,1396.0935284291188,1396.0935284291188,0
1970-01-01 00:00:00.000000137,,1252.9724819521573,1252.9724819521573,1252.9724819521573,1252.9724819521573,1252.9724819521573,0
1970-01-01 00:00:00.000000138,,1272.713318970938,1272.713318970938,1272.713318970938,1272.713318970938,1272.713318970938,0
1970-01-01 00:00:00.000000139,,1268.9170922496144,1268.9170922496144,1268.9170922496144,1268.9170922496144,1268.9170922496144,0
1970-01-01 00:00:00.000000140,,1274.6113706889523,1274.6113706889523,1274.6113706889523,1274.6113706889523,1274.6113706889523,0
1970-01-01 00:00:00.000000141,,1289.4171790586518,1289.4171790586518,1289.4171790586518,1289.4171790586518,1289.4171790586518,0
1970-01-01 00:00:00.000000142,,1284.9090580635998,1284.9090580635998,1284.9090580635998,1284.9090580635998,1284.9090580635998,0
1970-01-01 00:00:00.000000143,,1280.0687502059716,1280.0687502059716,1280.0687502059716,1280.0687502059716,1280.0687502059716,0
1970-01-01 00:00:00.000000144,,1292.644149289172,1292.644149289172,1292.644149289172,1292.644149289172,1292.644149289172,0
1970-01-01 00:00:00.000000145,,1299.572314037208,1299.572314037208,1299.572314037208,1299.572314037208,1299.572314037208,0
1970-01-01 00:00:00.000000146,,1281.2550452536098,1281.2550452536098,1281.2550452536098,1281.2550452536098,1281.2550452536098,0
1970-01-01 00:00:00.000000147,,1299.192637985444,1299.192637985444,1299.192637985444,1299.192637985444,1299.192637985444,0
1970-01-01 00:00:00.000000148,,1317.2252775029856,1317.2252775029856,1317.2252775029856,1317.2252775029856,1317.2252775029856,0
1970-01-01 00:00:00.000000149,,1321.9230384162722,1321.9230384162722,1321.9230384162722,1321.9230384162722,1321.9230384162722,0
1970-01-01 00:00:00.000000150,,1313.523732318999,1313.523732318999,1313.523732318999,1313.523732318999,1313.523732318999,0
1970-01-01 00:00:00.000000151,,1320.7365859986046,1320.7365859986046,1320.7365859986046,1320.7365859986046,1320.7365859986046,0
1970-01-01 00:00:00.000000152,,1321.1163735813448,1321.1163735813448,1321.1163735813448,1321.1163735813448,1321.1163735813448,0
1970-01-01 00:00:00.000000153,,1301.9924649304628,1301.9924649304628,1301.9924649304628,1301.9924649304628,1301.9924649304628,0
1970-01-01 00:00:00.000000154,,1338.9591144663077,1338.9591144663077,1338.9591144663077,1338.9591144663077,1338.9591144663077,0
1970-01-01 00:00:00.000000155,,1347.6905600057007,1347.6905600057007,1347.6905600057007,1347.6905600057007,1347.6905600057007,0
1970-01-01 00:00:00.000000156,,1332.2205127839168,1332.2205127839168,1332.2205127839168,1332.2205127839168,1332.2205127839168,0
1970-01-01 00:00:00.000000157,,1318.9810141103517,1318.9810141103517,1318.9810141103517,1318.9810141103517,1318.9810141103517,0
1970-01-01 00:00:00.000000158,,1333.1696440453838,1333.1696440453838,1333.1696440453838,1333.1696440453838,1333.1696440453838,0
1970-01-01 00:00:00.000000159,,1343.894273641083,1343.894273641083,1343.894273641083,1343.894273641083,1343.894273641083,0
1970-01-01 00:00:00.000000160,,1349.1141374590973,1349.1141374590973,1349.1141374590973,1349.1141374590973,1349.1141374590973,0
1970-01-01 00:00:00.000000161,,1341.046970982577,1341.046970982577,1341.046970982577,1341.046970982577,1341.046970982577,0
1970-01-01 00:00:00.000000162,,1347.7854840441626,1347.7854840441626,1347.7854840441626,1347.7854840441626,1347.7854840441626,0
1970-01-01 00:00:00.000000163,,1351.4868261107931,1351.4868261107931,1351.4868261107931,1351.4868261107931,1351.4868261107931,0
1970-01-01 00:00:00.000000164,,1354.3340841928325,1354.3340841928325,1354.3340841928325,1354.3340841928325,1354.3340841928325,0
1970-01-01 00:00:00.000000165,,1362.0689838770345,1362.0689838770345,1362.0689838770345,1362.0689838770345,1362.0689838770345,0
1970-01-01 00:00:00.000000166,,1358.0828012171462,1358.0828012171462,1358.0828012171462,1358.0828012171462,1358.0828012171462,0
1970-01-01 00:00:00.000000167,,1369.5192997491522,1369.5192997491522,1369.5192997491522,1369.5192997491522,1369.5192997491522,0
1970-01-01 00:00:00.000000168,,1390.3991028092184,1390.3991028092184,1390.3991028092184,1390.3991028092184,1390.3991028092184,0
1970-01-01 00:00:00.000000169,,1406.4384315927011,1406.4384315927011,1406.4384315927011,1406.4384315927011,1406.4384315927011,0
1970-01-01 00:00:00.000000170,,1395.7138073410729,1395.7138073410729,1395.7138073410729,1395.7138073410729,1395.7138073410729,0
1970-01-01 00:00:00.000000171,,1388.9755404182238,1388.9755404182238,1388.9755404182238,1388.9755404182238,1388.9755404182238,0
1970-01-01 00:00:00.000000172,,1394.764952400206,1394.764952400206,1394.764952400206,1394.764952400206,1394.764952400206,0
1970-01-01 00:00:00.000000173,,1407.007820843618,1407.007820843618,1407.007820843618,1407.007820843618,1407.007820843618,0
1970-01-01 00:00:00.000000174,,1428.3621721582897,1428.3621721582897,1428.3621721582897,1428.3621721582897,1428.3621721582897,0
1970-01-01 00:00:00.000000175,,1428.3622350674373,1428.3622350674373,1428.3622350674373,1428.3622350674373,1428.3622350674373,0
1970-01-01 00:00:00.000000176,,1440.7002202288666,1440.7002202288666,1440.7002202288666,1440.7002202288666,1440.7002202288666,0
1970-01-01 00:00:00.000000177,,1428.267370107953,1428.267370107953,1428.267370107953,1428.267370107953,1428.267370107953,0
1970-01-01 00:00:00.000000178,,1401.028690971678,1401.028690971678,1401.028690971678,1401.028690971678,1401.028690971678,0
1970-01-01 00:00:00.000000179,,1410.8516516546968,1410.8516516546968,1410.8516516546968,1410.8516516546968,1410.8516516546968,0
1970-01-01 00:00:00.000000180,,1415.9291879191353,1415.9291879191353,1415.9291879191353,1415.9291879191353,1415.9291879191353,0
1970-01-01 00:00:00.000000181,,1413.9836057236516,1413.9836057236516,1413.9836057236516,1413.9836057236516,1413.9836057236516,0
1970-01-01 00:00:00.000000182,,1403.8284470627452,1403.8284470627452,1403.8284470627452,1403.8284470627452,1403.8284470627452,0
1970-01-01 00:00:00.000000183,,1381.857384596541,1381.857384596541,1381.857384596541,1381.857384596541,1381.857384596541,0
1970-01-01 00:00:00.000000184,,1393.151233477107,1393.151233477107,1393.151233477107,1393.151233477107,1393.151233477107,0
1970-01-01 00:00:00.000000185,,1359.174250338779,1359.174250338779,1359.174250338779,1359.174250338779,1359.174250338779,0
1970-01-01 00:00:00.000000186,,1362.9233171016476,1362.9233171016476,1362.9233171016476,1362.9233171016476,1362.9233171016476,0
1970-01-01 00:00:00.000000187,,1352.4359043163458,1352.4359043163458,1352.4359043163458,1352.4359043163458,1352.4359043163458,0
1970-01-01 00:00:00.000000188,,1378.0610831205893,1378.0610831205893,1378.0610831205893,1378.0610831205893,1378.0610831205893,0
1970-01-01 00:00:00.000000189,,1394.6698973295106,1394.6698973295106,1394.6698973295106,1394.6698973295106,1394.6698973295106,0
1970-01-01 00:00:00.000000190,,1390.3040713351108,1390.3040713351108,1390.3040713351108,1390.3040713351108,1390.3040713351108,0
1970-01-01 00:00:00.000000191,,1408.3365468053269,1408.3365468053269,1408.3365468053269,1408.3365468053269,1408.3365468053269,0
1970-01-01 00:00:00.000000192,,1420.769458978731,1420.769458978731,1420.769458978731,1420.769458978731,1420.769458978731,0
1970-01-01 00:00:00.000000193,,1415.929336863313,1415.929336863313,1415.929336863313,1415.929336863313,1415.929336863313,0
1970-01-01 00:00:00.000000194,,1333.4542976485548,1333.4542976485548,1333.4542976485548,1333.4542976485548,1333.4542976485548,0
1970-01-01 00:00:00.000000195,,1359.1743392210635,1359.1743392210635,1359.1743392210635,1359.1743392210635,1359.1743392210635,0
1970-01-01 00:00:00.000000196,,1366.909389500319,1366.909389500319,1366.909389500319,1366.909389500319,1366.909389500319,0
1970-01-01 00:00:00.000000197,,1368.5702082859857,1368.5702082859857,1368.5702082859857,1368.5702082859857,1368.5702082859857,0
1970-01-01 00:00:00.000000198,,1353.479923571707,1353.479923571707,1353.479923571707,1353.479923571707,1353.479923571707,0
1970-01-01 00:00:00.000000199,,1357.1813753161127,1357.1813753161127,1357.1813753161127,1357.1813753161127,1357.1813753161127,0
1970-01-01 00:00:00.000000200,,1353.0054028291024,1353.0054028291024,1353.0054028291024,1353.0054028291024,1353.0054028291024,0
1970-01-01 00:00:00.000000201,,1344.9457697053938,1344.9457697053938,1344.9457697053938,1344.9457697053938,1344.9457697053938,0
1970-01-01 00:00:00.000000202,,1302.6940498987915,1302.6940498987915,1302.6940498987915,1302.6940498987915,1302.6940498987915,0
1970-01-01 00:00:00.000000203,,1310.9617753926811,1310.9617753926811,1310.9617753926811,1310.9617753926811,1310.9617753926811,0
1970-01-01 00:00:00.000000204,,1327.0165416619768,1327.0165416619768,1327.0165416619768,1327.0165416619768,1327.0165416619768,0
1970-01-01 00:00:00.000000205,,1326.6317393233992,1326.6317393233992,1326.6317393233992,1326.6317393233992,1326.6317393233992,0
1970-01-01 00:00:00.000000206,,1319.9985056410244,1319.9985056410244,1319.9985056410244,1319.9985056410244,1319.9985056410244,0
1970-01-01 00:00:00.000000207,,1317.066221417181,1317.066221417181,1317.066221417181,1317.066221417181,1317.066221417181,0
1970-01-01 00:00:00.000000208,,1326.7281102555007,1326.7281102555007,1326.7281102555007,1326.7281102555007,1326.7281102555007,0
1970-01-01 00:00:00.000000209,,1340.0430044149878,1340.0430044149878,1340.0430044149878,1340.0430044149878,1340.0430044149878,0
1970-01-01 00:00:00.000000210,,1345.9072328244042,1345.9072328244042,1345.9072328244042,1345.9072328244042,1345.9072328244042,0
1970-01-01 00:00:00.000000211,,1350.713954242676,1350.713954242676,1350.713954242676,1350.713954242676,1350.713954242676,0
1970-01-01 00:00:00.000000212,,1341.9656288206843,1341.9656288206843,1341.9656288206843,1341.9656288206843,1341.9656288206843,0
1970-01-01 00:00:00.000000213,,1317.0181683643543,1317.0181683643543,1317.0181683643543,1317.0181683643543,1317.0181683643543,0
1970-01-01 00:00:00.000000214,,1326.5356375583356,1326.5356375583356,1326.5356375583356,1326.5356375583356,1326.5356375583356,0
1970-01-01 00:00:00.000000215,,1344.945798877282,1344.945798877282,1344.945798877282,1344.945798877282,1344.945798877282,0
1970-01-01 00:00:00.000000216,,1361.3851069731406,1361.3851069731406,1361.3851069731406,1361.3851069731406,1361.3851069731406,0
1970-01-01 00:00:00.000000217,,1385.371115526934,1385.371115526934,1385.371115526934,1385.371115526934,1385.371115526934,0
1970-01-01 00:00:00.000000218,,1386.2843973217946,1386.2843973217946,1386.2843973217946,1386.2843973217946,1386.2843973217946,0
1970-01-01 00:00:00.000000219,,1386.2844776103195,1386.2844776103195,1386.2844776103195,1386.2844776103195,1386.2844776103195,0
1970-01-01 00:00:00.000000220,,1380.7084795916498,1380.7084795916498,1380.7084795916498,1380.7084795916498,1380.7084795916498,0
1970-01-01 00:00:00.000000221,,1411.1837023014712,1411.1837023014712,1411.1837023014712,1411.1837023014712,1411.1837023014712,0
1970-01-01 00:00:00.000000222,,1389.6973087712938,1389.6973087712938,1389.6973087712938,1389.6973087712938,1389.6973087712938,0
1970-01-01 00:00:00.000000223,,1388.2070932609774,1388.2070932609774,1388.2070932609774,1388.2070932609774,1388.2070932609774,0
1970-01-01 00:00:00.000000224,,1395.032766408813,1395.032766408813,1395.032766408813,1395.032766408813,1395.032766408813,0
1970-01-01 00:00:00.000000225,,1397.0996578273105,1397.0996578273105,1397.0996578273105,1397.0996578273105,1397.0996578273105,0
1970-01-01 00:00:00.000000226,,1403.492730780569,1403.492730780569,1403.492730780569,1403.492730780569,1403.492730780569,0
1970-01-01 00:00:00.000000227,,1404.0214158015517,1404.0214158015517,1404.0214158015517,1404.0214158015517,1404.0214158015517,0
1970-01-01 00:00:00.000000228,,1409.16481944382,1409.16481944382,1409.16481944382,1409.16481944382,1409.16481944382,0
1970-01-01 00:00:00.000000229,,1400.4644711895692,1400.4644711895692,1400.4644711895692,1400.4644711895692,1400.4644711895692,0
1970-01-01 00:00:00.000000230,,1415.942284567455,1415.942284567455,1415.942284567455,1415.942284567455,1415.942284567455,0
1970-01-01 00:00:00.000000231,,1413.5870125267115,1413.5870125267115,1413.5870125267115,1413.5870125267115,1413.5870125267115,0
1970-01-01 00:00:00.000000232,,1432.4297142349155,1432.4297142349155,1432.4297142349155,1432.4297142349155,1432.4297142349155,0
1970-01-01 00:00:00.000000233,,1420.412727151834,1420.412727151834,1420.412727151834,1420.412727151834,1420.412727151834,0
1970-01-01 00:00:00.000000234,,1418.9706970593943,1418.9706970593943,1418.9706970593943,1418.9706970593943,1418.9706970593943,0
1970-01-01 00:00:00.000000235,,1406.857612838719,1406.857612838719,1406.857612838719,1406.857612838719,1406.857612838719,0
1970-01-01 00:00:00.000000236,,1464.202808005046,1464.202808005046,1464.202808005046,1464.202808005046,1464.202808005046,0
1970-01-01 00:00:00.000000237,,1507.367985333549,1507.367985333549,1507.367985333549,1507.367985333549,1507.367985333549,0
1970-01-01 00:00:00.000000238,,1509.4349472873578,1509.4349472873578,1509.4349472873578,1509.4349472873578,1509.4349472873578,0
1970-01-01 00:00:00.000000239,,1504.580163639275,1504.580163639275,1504.580163639275,1504.580163639275,1504.580163639275,0
1970-01-01 00:00:00.000000240,,1462.4723721543946,1462.4723721543946,1462.4723721543946,1462.4723721543946,1462.4723721543946,0
1970-01-01 00:00:00.000000241,,1475.6430365128183,1475.6430365128183,1475.6430365128183,1475.6430365128183,1475.6430365128183,0
1970-01-01 00:00:00.000000242,,1475.691142373228,1475.691142373228,1475.691142373228,1475.691142373228,1475.691142373228,0
1970-01-01 00:00:00.000000243,,1484.343336410472,1484.343336410472,1484.343336410472,1484.343336410472,1484.343336410472,0
1970-01-01 00:00:00.000000244,,1508.3294618111136,1508.3294618111136,1508.3294618111136,1508.3294618111136,1508.3294618111136,0
1970-01-01 00:00:00.000000245,,1481.5075138445177,1481.5075138445177,1481.5075138445177,1481.5075138445177,1481.5075138445177,0
1970-01-01 00:00:00.000000246,,1479.5366225500268,1479.5366225500268,1479.5366225500268,1479.5366225500268,1479.5366225500268,0
1970-01-01 00:00:00.000000247,,1486.2661594193387,1486.2661594193387,1486.2661594193387,1486.2661594193387,1486.2661594193387,0
1970-01-01 00:00:00.000000248,,1461.222563163446,1461.222563163446,1461.222563163446,1461.222563163446,1461.222563163446,0
1970-01-01 00:00:00.000000249,,1446.8021278177912,1446.8021278177912,1446.8021278177912,1446.8021278177912,1446.8021278177912,0
1970-01-01 00:00:00.000000250,,1448.532621558546,1448.532621558546,1448.532621558546,1448.532621558546,1448.532621558546,0
1970-01-01 00:00:00.000000251,,1469.8748085428847,1469.8748085428847,1469.8748085428847,1469.8748085428847,1469.8748085428847,0
1970-01-01 00:00:00.000000252,,1482.3245674013035,1482.3245674013035,1482.3245674013035,1482.3245674013035,1482.3245674013035,0
1970-01-01 00:00:00.000000253,,1466.029369674196,1466.029369674196,1466.029369674196,1466.029369674196,1466.029369674196,0
1970-01-01 00:00:00.000000254,,1465.981298307394,1465.981298307394,1465.981298307394,1465.981298307394,1465.981298307394,0
1970-01-01 00:00:00.000000255,,1501.647876177143,1501.647876177143,1501.647876177143,1501.647876177143,1501.647876177143,0
1970-01-01 00:00:00.000000256,,1581.3929593220355,1581.3929593220355,1581.3929593220355,1581.3929593220355,1581.3929593220355,0
1970-01-01 00:00:00.000000257,,1581.248669882489,1581.248669882489,1581.248669882489,1581.248669882489,1581.248669882489,0
1970-01-01 00:00:00.000000258,,1557.6472848471606,1557.6472848471606,1557.6472848471606,1557.6472848471606,1557.6472848471606,0
1970-01-01 00:00:00.000000259,,1579.1817820479896,1579.1817820479896,1579.1817820479896,1579.1817820479896,1579.1817820479896,0
1970-01-01 00:00:00.000000260,,1587.7859551289723,1587.7859551289723,1587.7859551289723,1587.7859551289723,1587.7859551289723,0
1970-01-01 00:00:00.000000261,,1586.343832786963,1586.343832786963,1586.343832786963,1586.343832786963,1586.343832786963,0
1970-01-01 00:00:00.000000262,,1595.765266547254,1595.765266547254,1595.765266547254,1595.765266547254,1595.765266547254,0
1970-01-01 00:00:00.000000263,,1608.311084831157,1608.311084831157,1608.311084831157,1608.311084831157,1608.311084831157,0
1970-01-01 00:00:00.000000264,,1600.8124680993892,1600.8124680993892,1600.8124680993892,1600.8124680993892,1600.8124680993892,0
1970-01-01 00:00:00.000000265,,1598.2167089344066,1598.2167089344066,1598.2167089344066,1598.2167089344066,1598.2167089344066,0
1970-01-01 00:00:00.000000266,,1584.5654278748498,1584.5654278748498,1584.5654278748498,1584.5654278748498,1584.5654278748498,0
1970-01-01 00:00:00.000000267,,1595.4289185456998,1595.4289185456998,1595.4289185456998,1595.4289185456998,1595.4289185456998,0
1970-01-01 00:00:00.000000268,,1601.6777307925615,1601.6777307925615,1601.6777307925615,1601.6777307925615,1601.6777307925615,0
1970-01-01 00:00:00.000000269,,1629.2687080609385,1629.2687080609385,1629.2687080609385,1629.2687080609385,1629.2687080609385,0
1970-01-01 00:00:00.000000270,,1621.5779267866085,1621.5779267866085,1621.5779267866085,1621.5779267866085,1621.5779267866085,0
1970-01-01 00:00:00.000000271,,1662.195269041167,1662.195269041167,1662.195269041167,1662.195269041167,1662.195269041167,0
1970-01-01 00:00:00.000000272,,1632.393130184841,1632.393130184841,1632.393130184841,1632.393130184841,1632.393130184841,0
1970-01-01 00:00:00.000000273,,1619.606985174379,1619.606985174379,1619.606985174379,1619.606985174379,1619.606985174379,0
1970-01-01 00:00:00.000000274,,1605.811531809379,1605.811531809379,1605.811531809379,1605.811531809379,1605.811531809379,0
1970-01-01 00:00:00.000000275,,1617.9727321357634,1617.9727321357634,1617.9727321357634,1617.9727321357634,1617.9727321357634,0
1970-01-01 00:00:00.000000276,,1596.0536036876997,1596.0536036876997,1596.0536036876997,1596.0536036876997,1596.0536036876997,0
1970-01-01 00:00:00.000000277,,1612.204620896798,1612.204620896798,1612.204620896798,1612.204620896798,1612.204620896798,0
1970-01-01 00:00:00.000000278,,1623.740843650647,1623.740843650647,1623.740843650647,1623.740843650647,1623.740843650647,0
1970-01-01 00:00:00.000000279,,1639.1228360213818,1639.1228360213818,1639.1228360213818,1639.1228360213818,1639.1228360213818,0
1970-01-01 00:00:00.000000280,,1619.8954016234609,1619.8954016234609,1619.8954016234609,1619.8954016234609,1619.8954016234609,0
1970-01-01 00:00:00.000000281,,1609.320461197266,1609.320461197266,1609.320461197266,1609.320461197266,1609.320461197266,0
1970-01-01 00:00:00.000000282,,1600.6682245239977,1600.6682245239977,1600.6682245239977,1600.6682245239977,1600.6682245239977,0
1970-01-01 00:00:00.000000283,,1631.4317759907635,1631.4317759907635,1631.4317759907635,1631.4317759907635,1631.4317759907635,0
1970-01-01 00:00:00.000000284,,1610.2338297480162,1610.2338297480162,1610.2338297480162,1610.2338297480162,1610.2338297480162,0
1970-01-01 00:00:00.000000285,,1596.8227471676216,1596.8227471676216,1596.8227471676216,1596.8227471676216,1596.8227471676216,0
1970-01-01 00:00:00.000000286,,1605.4750549270757,1605.4750549270757,1605.4750549270757,1605.4750549270757,1605.4750549270757,0
1970-01-01 00:00:00.000000287,,1600.6682173585164,1600.6682173585164,1600.6682173585164,1600.6682173585164,1600.6682173585164,0
1970-01-01 00:00:00.000000288,,1604.5136407879363,1604.5136407879363,1604.5136407879363,1604.5136407879363,1604.5136407879363,0
1970-01-01 00:00:00.000000289,,1593.7945386888434,1593.7945386888434,1593.7945386888434,1593.7945386888434,1593.7945386888434,0
1970-01-01 00:00:00.000000290,,1570.8660530401396,1570.8660530401396,1570.8660530401396,1570.8660530401396,1570.8660530401396,0
1970-01-01 00:00:00.000000291,,1540.8714208560284,1540.8714208560284,1540.8714208560284,1540.8714208560284,1540.8714208560284,0
1970-01-01 00:00:00.000000292,,1554.138246368188,1554.138246368188,1554.138246368188,1554.138246368188,1554.138246368188,0
1970-01-01 00:00:00.000000293,,1546.0148020133513,1546.0148020133513,1546.0148020133513,1546.0148020133513,1546.0148020133513,0
1970-01-01 00:00:00.000000294,,1538.179677636585,1538.179677636585,1538.179677636585,1538.179677636585,1538.179677636585,0
1970-01-01 00:00:00.000000295,,1550.5813257217428,1550.5813257217428,1550.5813257217428,1550.5813257217428,1550.5813257217428,0
1970-01-01 00:00:00.000000296,,1552.023391506724,1552.023391506724,1552.023391506724,1552.023391506724,1552.023391506724,0
1970-01-01 00:00:00.000000297,,1577.6916155196643,1577.6916155196643,1577.6916155196643,1577.6916155196643,1577.6916155196643,0
1970-01-01 00:00:00.000000298,,1567.0205300379491,1567.0205300379491,1567.0205300379491,1567.0205300379491,1567.0205300379491,0
1970-01-01 00:00:00.000000299,,1530.8252596452844,1530.8252596452844,1530.8252596452844,1530.8252596452844,1530.8252596452844,0
1970-01-01 00:00:00.000000300,,1502.6092525994748,1502.6092525994748,1502.6092525994748,1502.6092525994748,1502.6092525994748,0
1970-01-01 00:00:00.000000301,,1503.570598916372,1503.570598916372,1503.570598916372,1503.570598916372,1503.570598916372,0
1970-01-01 00:00:00.000000302,,1462.232089335552,1462.232089335552,1462.232089335552,1462.232089335552,1462.232089335552,0
1970-01-01 00:00:00.000000303,,1434.3525080454035,1434.3525080454035,1434.3525080454035,1434.3525080454035,1434.3525080454035,0
1970-01-01 00:00:00.000000304,,1438.197908651736,1438.197908651736,1438.197908651736,1438.197908651736,1438.197908651736,0
1970-01-01 00:00:00.000000305,,1429.6899508266822,1429.6899508266822,1429.6899508266822,1429.6899508266822,1429.6899508266822,0
1970-01-01 00:00:00.000000306,,1466.0774920604706,1466.0774920604706,1466.0774920604706,1466.0774920604706,1466.0774920604706,0
1970-01-01 00:00:00.000000307,,1427.4787548291838,1427.4787548291838,1427.4787548291838,1427.4787548291838,1427.4787548291838,0
1970-01-01 00:00:00.000000308,,1421.854768854572,1421.854768854572,1421.854768854572,1421.854768854572,1421.854768854572,0
1970-01-01 00:00:00.000000309,,1432.9585406732908,1432.9585406732908,1432.9585406732908,1432.9585406732908,1432.9585406732908,0
1970-01-01 00:00:00.000000310,,1422.8642923144866,1422.8642923144866,1422.8642923144866,1422.8642923144866,1422.8642923144866,0
1970-01-01 00:00:00.000000311,,1425.70030625456,1425.70030625456,1425.70030625456,1425.70030625456,1425.70030625456,0
1970-01-01 00:00:00.000000312,,1432.42982355354,1432.42982355354,1432.42982355354,1432.42982355354,1432.42982355354,0
1970-01-01 00:00:00.000000313,,1442.3798315379402,1442.3798315379402,1442.3798315379402,1442.3798315379402,1442.3798315379402,0
1970-01-01 00:00:00.000000314,,1445.888914905708,1445.888914905708,1445.888914905708,1445.888914905708,1445.888914905708,0
1970-01-01 00:00:00.000000315,,1422.8161919534118,1422.8161919534118,1422.8161919534118,1422.8161919534118,1422.8161919534118,0
1970-01-01 00:00:00.000000316,,1394.9366663519509,1394.9366663519509,1394.9366663519509,1394.9366663519509,1394.9366663519509,0
1970-01-01 00:00:00.000000317,,1366.1919489429413,1366.1919489429413,1366.1919489429413,1366.1919489429413,1366.1919489429413,0
1970-01-01 00:00:00.000000318,,1331.4867740222269,1331.4867740222269,1331.4867740222269,1331.4867740222269,1331.4867740222269,0
1970-01-01 00:00:00.000000319,,1365.0383635258054,1365.0383635258054,1365.0383635258054,1365.0383635258054,1365.0383635258054,0
1970-01-01 00:00:00.000000320,,1387.2457391969172,1387.2457391969172,1387.2457391969172,1387.2457391969172,1387.2457391969172,0
1970-01-01 00:00:00.000000321,,1388.4956223694112,1388.4956223694112,1388.4956223694112,1388.4956223694112,1388.4956223694112,0
1970-01-01 00:00:00.000000322,,1365.1344941717352,1365.1344941717352,1365.1344941717352,1365.1344941717352,1365.1344941717352,0
1970-01-01 00:00:00.000000323,,1384.073229940324,1384.073229940324,1384.073229940324,1384.073229940324,1384.073229940324,0
1970-01-01 00:00:00.000000324,,1374.6999891627063,1374.6999891627063,1374.6999891627063,1374.6999891627063,1374.6999891627063,0
1970-01-01 00:00:00.000000325,,1379.2663901299095,1379.2663901299095,1379.2663901299095,1379.2663901299095,1379.2663901299095,0
1970-01-01 00:00:00.000000326,,1358.4048997624443,1358.4048997624443,1358.4048997624443,1358.4048997624443,1358.4048997624443,0
1970-01-01 00:00:00.000000327,,1367.1532231788374,1367.1532231788374,1367.1532231788374,1367.1532231788374,1367.1532231788374,0
1970-01-01 00:00:00.000000328,,1365.1345791142571,1365.1345791142571,1365.1345791142571,1365.1345791142571,1365.1345791142571,0
1970-01-01 00:00:00.000000329,,1369.8931061755525,1369.8931061755525,1369.8931061755525,1369.8931061755525,1369.8931061755525,0
1970-01-01 00:00:00.000000330,,1379.795249208848,1379.795249208848,1379.795249208848,1379.795249208848,1379.795249208848,0
1970-01-01 00:00:00.000000331,,1372.3927301216006,1372.3927301216006,1372.3927301216006,1372.3927301216006,1372.3927301216006,0
1970-01-01 00:00:00.000000332,,1379.6029430765502,1379.6029430765502,1379.6029430765502,1379.6029430765502,1379.6029430765502,0
1970-01-01 00:00:00.000000333,,1369.9413304391032,1369.9413304391032,1369.9413304391032,1369.9413304391032,1369.9413304391032,0
1970-01-01 00:00:00.000000334,,1371.287218365655,1371.287218365655,1371.287218365655,1371.287218365655,1371.287218365655,0
1970-01-01 00:00:00.000000335,,1370.9027149566334,1370.9027149566334,1370.9027149566334,1370.9027149566334,1370.9027149566334,0
1970-01-01 00:00:00.000000336,,1378.545470125184,1378.545470125184,1378.545470125184,1378.545470125184,1378.545470125184,0
1970-01-01 00:00:00.000000337,,1400.7049827810124,1400.7049827810124,1400.7049827810124,1400.7049827810124,1400.7049827810124,0
1970-01-01 00:00:00.000000338,,1374.7481158749963,1374.7481158749963,1374.7481158749963,1374.7481158749963,1374.7481158749963,0
1970-01-01 00:00:00.000000339,,1373.5463102764102,1373.5463102764102,1373.5463102764102,1373.5463102764102,1373.5463102764102,0
1970-01-01 00:00:00.000000340,,1398.493583805413,1398.493583805413,1398.493583805413,1398.493583805413,1398.493583805413,0
1970-01-01 00:00:00.000000341,,1411.5201358737334,1411.5201358737334,1411.5201358737334,1411.5201358737334,1411.5201358737334,0
1970-01-01 00:00:00.000000342,,1414.9810473505988,1414.9810473505988,1414.9810473505988,1414.9810473505988,1414.9810473505988,0
1970-01-01 00:00:00.000000343,,1418.490041457558,1418.490041457558,1418.490041457558,1418.490041457558,1418.490041457558,0
1970-01-01 00:00:00.000000344,,1408.780305128906,1408.780305128906,1408.780305128906,1408.780305128906,1408.780305128906,0
1970-01-01 00:00:00.000000345,,1387.0536367212903,1387.0536367212903,1387.0536367212903,1387.0536367212903,1387.0536367212903,0
1970-01-01 00:00:00.000000346,,1374.5880898199573,1374.5880898199573,1374.5880898199573,1374.5880898199573,1374.5880898199573,0
1970-01-01 00:00:00.000000347,,1404.033674005501,1404.033674005501,1404.033674005501,1404.033674005501,1404.033674005501,0
1970-01-01 00:00:00.000000348,,1373.807893135552,1373.807893135552,1373.807893135552,1373.807893135552,1373.807893135552,0
1970-01-01 00:00:00.000000349,,1365.1789578532776,1365.1789578532776,1365.1789578532776,1365.1789578532776,1365.1789578532776,0
1970-01-01 00:00:00.000000350,,1408.85996393557,1408.85996393557,1408.85996393557,1408.85996393557,1408.85996393557,0
1970-01-01 00:00:00.000000351,,1444.00969016698,1444.00969016698,1444.00969016698,1444.00969016698,1444.00969016698,0
1970-01-01 00:00:00.000000352,,1487.2031538066,1487.2031538066,1487.2031538066,1487.2031538066,1487.2031538066,0
1970-01-01 00:00:00.000000353,,1462.583761115188,1462.583761115188,1462.583761115188,1462.583761115188,1462.583761115188,0
1970-01-01 00:00:00.000000354,,1469.3601706387192,1469.3601706387192,1469.3601706387192,1469.3601706387192,1469.3601706387192,0
1970-01-01 00:00:00.000000355,,1457.6599305401555,1457.6599305401555,1457.6599305401555,1457.6599305401555,1457.6599305401555,0
1970-01-01 00:00:00.000000356,,1466.142554347695,1466.142554347695,1466.142554347695,1466.142554347695,1466.142554347695,0
1970-01-01 00:00:00.000000357,,1459.6099268376586,1459.6099268376586,1459.6099268376586,1459.6099268376586,1459.6099268376586,0
1970-01-01 00:00:00.000000358,,1467.410187837327,1467.410187837327,1467.410187837327,1467.410187837327,1467.410187837327,0
1970-01-01 00:00:00.000000359,,1478.42795986229,1478.42795986229,1478.42795986229,1478.42795986229,1478.42795986229,0
1970-01-01 00:00:00.000000360,,1506.4111705290543,1506.4111705290543,1506.4111705290543,1506.4111705290543,1506.4111705290543,0
1970-01-01 00:00:00.000000361,,1486.4719210591036,1486.4719210591036,1486.4719210591036,1486.4719210591036,1486.4719210591036,0
1970-01-01 00:00:00.000000362,,1487.8856805292482,1487.8856805292482,1487.8856805292482,1487.8856805292482,1487.8856805292482,0
1970-01-01 00:00:00.000000363,,1502.511060488151,1502.511060488151,1502.511060488151,1502.511060488151,1502.511060488151,0
1970-01-01 00:00:00.000000364,,1500.0246394725443,1500.0246394725443,1500.0246394725443,1500.0246394725443,1500.0246394725443,0
1970-01-01 00:00:00.000000365,,1533.2729807577389,1533.2729807577389,1533.2729807577389,1533.2729807577389,1533.2729807577389,0
1970-01-01 00:00:00.000000366,,1520.5488612730949,1520.5488612730949,1520.5488612730949,1520.5488612730949,1520.5488612730949,0
1970-01-01 00:00:00.000000367,,1556.3323402976748,1556.3323402976748,1556.3323402976748,1556.3323402976748,1556.3323402976748,0
1970-01-01 00:00:00.000000368,,1584.4129718719971,1584.4129718719971,1584.4129718719971,1584.4129718719971,1584.4129718719971,0
1970-01-01 00:00:00.000000369,,1587.5330170243992,1587.5330170243992,1587.5330170243992,1587.5330170243992,1587.5330170243992,0
1970-01-01 00:00:00.000000370,,1610.202339677658,1610.202339677658,1610.202339677658,1610.202339677658,1610.202339677658,0
1970-01-01 00:00:00.000000371,,1602.0608521487309,1602.0608521487309,1602.0608521487309,1602.0608521487309,1602.0608521487309,0
1970-01-01 00:00:00.000000372,,1618.441324047008,1618.441324047008,1618.441324047008,1618.441324047008,1618.441324047008,0
1970-01-01 00:00:00.000000373,,1615.613729908852,1615.613729908852,1615.613729908852,1615.613729908852,1615.613729908852,0
1970-01-01 00:00:00.000000374,,1614.6387674406476,1614.6387674406476,1614.6387674406476,1614.6387674406476,1614.6387674406476,0
1970-01-01 00:00:00.000000375,,1638.0393443296334,1638.0393443296334,1638.0393443296334,1638.0393443296334,1638.0393443296334,0
1970-01-01 00:00:00.000000376,,1683.085298662652,1683.085298662652,1683.085298662652,1683.085298662652,1683.085298662652,0
1970-01-01 00:00:00.000000377,,1675.6750916039832,1675.6750916039832,1675.6750916039832,1675.6750916039832,1675.6750916039832,0
1970-01-01 00:00:00.000000378,,1676.0651821635772,1676.0651821635772,1676.0651821635772,1676.0651821635772,1676.0651821635772,0
1970-01-01 00:00:00.000000379,,1797.943081102566,1797.943081102566,1797.943081102566,1797.943081102566,1797.943081102566,0
1970-01-01 00:00:00.000000380,,1755.1882696669777,1755.1882696669777,1755.1882696669777,1755.1882696669777,1755.1882696669777,0
1970-01-01 00:00:00.000000381,,1764.7923545401895,1764.7923545401895,1764.7923545401895,1764.7923545401895,1764.7923545401895,0
1970-01-01 00:00:00.000000382,,1791.605423504355,1791.605423504355,1791.605423504355,1791.605423504355,1791.605423504355,0
1970-01-01 00:00:00.000000383,,1774.5425227927356,1774.5425227927356,1774.5425227927356,1774.5425227927356,1774.5425227927356,0
1970-01-01 00:00:00.000000384,,1779.7588864220972,1779.7588864220972,1779.7588864220972,1779.7588864220972,1779.7588864220972,0
1970-01-01 00:00:00.000000385,,1846.304236848296,1846.304236848296,1846.304236848296,1846.304236848296,1846.304236848296,0
1970-01-01 00:00:00.000000386,,1824.366197741286,1824.366197741286,1824.366197741286,1824.366197741286,1824.366197741286,0
1970-01-01 00:00:00.000000387,,1830.1188567906963,1830.1188567906963,1830.1188567906963,1830.1188567906963,1830.1188567906963,0
1970-01-01 00:00:00.000000388,,1809.740828819239,1809.740828819239,1809.740828819239,1809.740828819239,1809.740828819239,0
1970-01-01 00:00:00.000000389,,1796.9680816152534,1796.9680816152534,1796.9680816152534,1796.9680816152534,1796.9680816152534,0
1970-01-01 00:00:00.000000390,,1740.3678829585922,1740.3678829585922,1740.3678829585922,1740.3678829585922,1740.3678829585922,0
1970-01-01 00:00:00.000000391,,1716.2360922033895,1716.2360922033895,1716.2360922033895,1716.2360922033895,1716.2360922033895,0
1970-01-01 00:00:00.000000392,,1751.1419625968092,1751.1419625968092,1751.1419625968092,1751.1419625968092,1751.1419625968092,0
1970-01-01 00:00:00.000000393,,1735.492850191383,1735.492850191383,1735.492850191383,1735.492850191383,1735.492850191383,0
1970-01-01 00:00:00.000000394,,1727.010094678858,1727.010094678858,1727.010094678858,1727.010094678858,1727.010094678858,0
1970-01-01 00:00:00.000000395,,1728.7652841315069,1728.7652841315069,1728.7652841315069,1728.7652841315069,1728.7652841315069,0
1970-01-01 00:00:00.000000396,,1764.7922546522138,1764.7922546522138,1764.7922546522138,1764.7922546522138,1764.7922546522138,0
1970-01-01 00:00:00.000000397,,1756.9921783945222,1756.9921783945222,1756.9921783945222,1756.9921783945222,1756.9921783945222,0
1970-01-01 00:00:00.000000398,,1803.7932417323864,1803.7932417323864,1803.7932417323864,1803.7932417323864,1803.7932417323864,0
1970-01-01 00:00:00.000000399,,1813.5434730155096,1813.5434730155096,1813.5434730155096,1813.5434730155096,1813.5434730155096,0
1970-01-01 00:00:00.000000400,,1833.043950660172,1833.043950660172,1833.043950660172,1833.043950660172,1833.043950660172,0
1970-01-01 00:00:00.000000401,,1828.2662272635985,1828.2662272635985,1828.2662272635985,1828.2662272635985,1828.2662272635985,0
1970-01-01 00:00:00.000000402,,1836.9440574204723,1836.9440574204723,1836.9440574204723,1836.9440574204723,1836.9440574204723,0
1970-01-01 00:00:00.000000403,,1831.28891751955,1831.28891751955,1831.28891751955,1831.28891751955,1831.28891751955,0
1970-01-01 00:00:00.000000404,,1823.2937434663284,1823.2937434663284,1823.2937434663284,1823.2937434663284,1823.2937434663284,0
1970-01-01 00:00:00.000000405,,1829.2900840518048,1829.2900840518048,1829.2900840518048,1829.2900840518048,1829.2900840518048,0
1970-01-01 00:00:00.000000406,,1859.272020838988,1859.272020838988,1859.272020838988,1859.272020838988,1859.272020838988,0
1970-01-01 00:00:00.000000407,,1884.720166993276,1884.720166993276,1884.720166993276,1884.720166993276,1884.720166993276,0
1970-01-01 00:00:00.000000408,,1889.5952465616888,1889.5952465616888,1889.5952465616888,1889.5952465616888,1889.5952465616888,0
1970-01-01 00:00:00.000000409,,1894.8117029397847,1894.8117029397847,1894.8117029397847,1894.8117029397847,1894.8117029397847,0
1970-01-01 00:00:00.000000410,,1917.8710125060368,1917.8710125060368,1917.8710125060368,1917.8710125060368,1917.8710125060368,0
1970-01-01 00:00:00.000000411,,1873.1173360302705,1873.1173360302705,1873.1173360302705,1873.1173360302705,1873.1173360302705,0
1970-01-01 00:00:00.000000412,,1878.1387700081425,1878.1387700081425,1878.1387700081425,1878.1387700081425,1878.1387700081425,0
1970-01-01 00:00:00.000000413,,1873.994888945443,1873.994888945443,1873.994888945443,1873.994888945443,1873.994888945443,0
1970-01-01 00:00:00.000000414,,1842.7942423455024,1842.7942423455024,1842.7942423455024,1842.7942423455024,1842.7942423455024,0
1970-01-01 00:00:00.000000415,,1857.3220347286265,1857.3220347286265,1857.3220347286265,1857.3220347286265,1857.3220347286265,0
1970-01-01 00:00:00.000000416,,1866.877202898836,1866.877202898836,1866.877202898836,1866.877202898836,1866.877202898836,0
1970-01-01 00:00:00.000000417,,1876.920076659996,1876.920076659996,1876.920076659996,1876.920076659996,1876.920076659996,0
1970-01-01 00:00:00.000000418,,1901.734221068696,1901.734221068696,1901.734221068696,1901.734221068696,1901.734221068696,0
1970-01-01 00:00:00.000000419,,1897.1517015233924,1897.1517015233924,1897.1517015233924,1897.1517015233924,1897.1517015233924,0
1970-01-01 00:00:00.000000420,,1899.1018225052496,1899.1018225052496,1899.1018225052496,1899.1018225052496,1899.1018225052496,0
1970-01-01 00:00:00.000000421,,1890.3265684033404,1890.3265684033404,1890.3265684033404,1890.3265684033404,1890.3265684033404,0
1970-01-01 00:00:00.000000422,,1862.8795667117413,1862.8795667117413,1862.8795667117413,1862.8795667117413,1862.8795667117413,0
1970-01-01 00:00:00.000000423,,1857.4194893204567,1857.4194893204567,1857.4194893204567,1857.4194893204567,1857.4194893204567,0
1970-01-01 00:00:00.000000424,,1861.3195986178432,1861.3195986178432,1861.3195986178432,1861.3195986178432,1861.3195986178432,0
1970-01-01 00:00:00.000000425,,1840.844097511973,1840.844097511973,1840.844097511973,1840.844097511973,1840.844097511973,0
1970-01-01 00:00:00.000000426,,1839.235383142048,1839.235383142048,1839.235383142048,1839.235383142048,1839.235383142048,0
1970-01-01 00:00:00.000000427,,1850.399326383558,1850.399326383558,1850.399326383558,1850.399326383558,1850.399326383558,0
1970-01-01 00:00:00.000000428,,1883.8426736989857,1883.8426736989857,1883.8426736989857,1883.8426736989857,1883.8426736989857,0
1970-01-01 00:00:00.000000429,,1833.044033110499,1833.044033110499,1833.044033110499,1833.044033110499,1833.044033110499,0
1970-01-01 00:00:00.000000430,,1828.1688539454187,1828.1688539454187,1828.1688539454187,1828.1688539454187,1828.1688539454187,0
1970-01-01 00:00:00.000000431,,1842.3066380228447,1842.3066380228447,1842.3066380228447,1842.3066380228447,1842.3066380228447,0
1970-01-01 00:00:00.000000432,,1842.355444469921,1842.355444469921,1842.355444469921,1842.355444469921,1842.355444469921,0
1970-01-01 00:00:00.000000433,,1875.164938110668,1875.164938110668,1875.164938110668,1875.164938110668,1875.164938110668,0
1970-01-01 00:00:00.000000434,,1889.497813238808,1889.497813238808,1889.497813238808,1889.497813238808,1889.497813238808,0
1970-01-01 00:00:00.000000435,,1903.7818495832903,1903.7818495832903,1903.7818495832903,1903.7818495832903,1903.7818495832903,0
1970-01-01 00:00:00.000000436,,1908.998256653625,1908.998256653625,1908.998256653625,1908.998256653625,1908.998256653625,0
1970-01-01 00:00:00.000000437,,1870.094824366297,1870.094824366297,1870.094824366297,1870.094824366297,1870.094824366297,0
1970-01-01 00:00:00.000000438,,1883.891391955165,1883.891391955165,1883.891391955165,1883.891391955165,1883.891391955165,0
1970-01-01 00:00:00.000000439,,1911.045749980717,1911.045749980717,1911.045749980717,1911.045749980717,1911.045749980717,0
1970-01-01 00:00:00.000000440,,1906.1706731299528,1906.1706731299528,1906.1706731299528,1906.1706731299528,1906.1706731299528,0
1970-01-01 00:00:00.000000441,,1886.865188588284,1886.865188588284,1886.865188588284,1886.865188588284,1886.865188588284,0
1970-01-01 00:00:00.000000442,,1846.4993341440768,1846.4993341440768,1846.4993341440768,1846.4993341440768,1846.4993341440768,0
1970-01-01 00:00:00.000000443,,1843.86673306473,1843.86673306473,1843.86673306473,1843.86673306473,1843.86673306473,0
1970-01-01 00:00:00.000000444,,1811.7884020054903,1811.7884020054903,1811.7884020054903,1811.7884020054903,1811.7884020054903,0
1970-01-01 00:00:00.000000445,,1799.161833587424,1799.161833587424,1799.161833587424,1799.161833587424,1799.161833587424,0
1970-01-01 00:00:00.000000446,,1814.90844450391,1814.90844450391,1814.90844450391,1814.90844450391,1814.90844450391,0
1970-01-01 00:00:00.000000447,,1816.9071737708173,1816.9071737708173,1816.9071737708173,1816.9071737708173,1816.9071737708173,0
1970-01-01 00:00:00.000000448,,1813.250859943176,1813.250859943176,1813.250859943176,1813.250859943176,1813.250859943176,0
1970-01-01 00:00:00.000000449,,1820.3868971098543,1820.3868971098543,1820.3868971098543,1820.3868971098543,1820.3868971098543,0
1970-01-01 00:00:00.000000450,,1806.5812347424808,1806.5812347424808,1806.5812347424808,1806.5812347424808,1806.5812347424808,0
1970-01-01 00:00:00.000000451,,1763.0931679230189,1763.0931679230189,1763.0931679230189,1763.0931679230189,1763.0931679230189,0
1970-01-01 00:00:00.000000452,,1740.017715602962,1740.017715602962,1740.017715602962,1740.017715602962,1740.017715602962,0
1970-01-01 00:00:00.000000453,,1700.5727434953685,1700.5727434953685,1700.5727434953685,1700.5727434953685,1700.5727434953685,0
1970-01-01 00:00:00.000000454,,1735.580169412054,1735.580169412054,1735.580169412054,1735.580169412054,1735.580169412054,0
1970-01-01 00:00:00.000000455,,1739.5247398383508,1739.5247398383508,1739.5247398383508,1739.5247398383508,1739.5247398383508,0
1970-01-01 00:00:00.000000456,,1787.7955014436675,1787.7955014436675,1787.7955014436675,1787.7955014436675,1787.7955014436675,0
1970-01-01 00:00:00.000000457,,1792.775423572222,1792.775423572222,1792.775423572222,1792.775423572222,1792.775423572222,0
1970-01-01 00:00:00.000000458,,1803.6227934762044,1803.6227934762044,1803.6227934762044,1803.6227934762044,1803.6227934762044,0
1970-01-01 00:00:00.000000459,,1845.1386209364089,1845.1386209364089,1845.1386209364089,1845.1386209364089,1845.1386209364089,0
1970-01-01 00:00:00.000000460,,1835.2774347702136,1835.2774347702136,1835.2774347702136,1835.2774347702136,1835.2774347702136,0
1970-01-01 00:00:00.000000461,,1839.714924537372,1839.714924537372,1839.714924537372,1839.714924537372,1839.714924537372,0
1970-01-01 00:00:00.000000462,,1823.5425071201328,1823.5425071201328,1823.5425071201328,1823.5425071201328,1823.5425071201328,0
1970-01-01 00:00:00.000000463,,1800.1713565147516,1800.1713565147516,1800.1713565147516,1800.1713565147516,1800.1713565147516,0
1970-01-01 00:00:00.000000464,,1816.442429577535,1816.442429577535,1816.442429577535,1816.442429577535,1816.442429577535,0
1970-01-01 00:00:00.000000465,,1828.374498334409,1828.374498334409,1828.374498334409,1828.374498334409,1828.374498334409,0
1970-01-01 00:00:00.000000466,,1889.4157296228743,1889.4157296228743,1889.4157296228743,1889.4157296228743,1889.4157296228743,0
1970-01-01 00:00:00.000000467,,1878.518962558038,1878.518962558038,1878.518962558038,1878.518962558038,1878.518962558038,0
1970-01-01 00:00:00.000000468,,1903.3200059027893,1903.3200059027893,1903.3200059027893,1903.3200059027893,1903.3200059027893,0
1970-01-01 00:00:00.000000469,,1888.3309462638708,1888.3309462638708,1888.3309462638708,1888.3309462638708,1888.3309462638708,0
1970-01-01 00:00:00.000000470,,1825.416165279565,1825.416165279565,1825.416165279565,1825.416165279565,1825.416165279565,0
1970-01-01 00:00:00.000000471,,1833.206567276144,1833.206567276144,1833.206567276144,1833.206567276144,1833.206567276144,0
1970-01-01 00:00:00.000000472,,1860.818076070948,1860.818076070948,1860.818076070948,1860.818076070948,1860.818076070948,0
1970-01-01 00:00:00.000000473,,1857.8597084036323,1857.8597084036323,1857.8597084036323,1857.8597084036323,1857.8597084036323,0
1970-01-01 00:00:00.000000474,,1873.6377142854976,1873.6377142854976,1873.6377142854976,1873.6377142854976,1873.6377142854976,0
1970-01-01 00:00:00.000000475,,1905.9826538933169,1905.9826538933169,1905.9826538933169,1905.9826538933169,1905.9826538933169,0
1970-01-01 00:00:00.000000476,,1897.501891311903,1897.501891311903,1897.501891311903,1897.501891311903,1897.501891311903,0
1970-01-01 00:00:00.000000477,,1912.096617063394,1912.096617063394,1912.096617063394,1912.096617063394,1912.096617063394,0
1970-01-01 00:00:00.000000478,,1927.8745911898272,1927.8745911898272,1927.8745911898272,1927.8745911898272,1927.8745911898272,0
1970-01-01 00:00:00.000000479,,1947.7942178498488,1947.7942178498488,1947.7942178498488,1947.7942178498488,1947.7942178498488,0
1970-01-01 00:00:00.000000480,,1942.419946638723,1942.419946638723,1942.419946638723,1942.419946638723,1942.419946638723,0
1970-01-01 00:00:00.000000481,,1967.7632564033927,1967.7632564033927,1967.7632564033927,1967.7632564033927,1967.7632564033927,0
1970-01-01 00:00:00.000000482,,1940.6942746330087,1940.6942746330087,1940.6942746330087,1940.6942746330087,1940.6942746330087,0
1970-01-01 00:00:00.000000483,,1939.5109539146308,1939.5109539146308,1939.5109539146308,1939.5109539146308,1939.5109539146308,0
1970-01-01 00:00:00.000000484,,1907.165976992173,1907.165976992173,1907.165976992173,1907.165976992173,1907.165976992173,0
1970-01-01 00:00:00.000000485,,1947.7449759219587,1947.7449759219587,1947.7449759219587,1947.7449759219587,1947.7449759219587,0
1970-01-01 00:00:00.000000486,,1903.270805285977,1903.270805285977,1903.270805285977,1903.270805285977,1903.270805285977,0
1970-01-01 00:00:00.000000487,,1900.312385244756,1900.312385244756,1900.312385244756,1900.312385244756,1900.312385244756,0
1970-01-01 00:00:00.000000488,,1882.5621891003143,1882.5621891003143,1882.5621891003143,1882.5621891003143,1882.5621891003143,0
1970-01-01 00:00:00.000000489,,1882.907278073787,1882.907278073787,1882.907278073787,1882.907278073787,1882.907278073787,0
1970-01-01 00:00:00.000000490,,1889.1198086927784,1889.1198086927784,1889.1198086927784,1889.1198086927784,1889.1198086927784,0
1970-01-01 00:00:00.000000491,,1866.044547837672,1866.044547837672,1866.044547837672,1866.044547837672,1866.044547837672,0
1970-01-01 00:00:00.000000492,,1847.998429848315,1847.998429848315,1847.998429848315,1847.998429848315,1847.998429848315,0
1970-01-01 00:00:00.000000493,,1860.818117320804,1860.818117320804,1860.818117320804,1860.818117320804,1860.818117320804,0
1970-01-01 00:00:00.000000494,,1925.8530263652965,1925.8530263652965,1925.8530263652965,1925.8530263652965,1925.8530263652965,0
1970-01-01 00:00:00.000000495,,1924.9162188256444,1924.9162188256444,1924.9162188256444,1924.9162188256444,1924.9162188256444,0
1970-01-01 00:00:00.000000496,,1918.013387115037,1918.013387115037,1918.013387115037,1918.013387115037,1918.013387115037,0
1970-01-01 00:00:00.000000497,,1903.221440652574,1903.221440652574,1903.221440652574,1903.221440652574,1903.221440652574,0
1970-01-01 00:00:00.000000498,,1907.2153497813904,1907.2153497813904,1907.2153497813904,1907.2153497813904,1907.2153497813904,0
1970-01-01 00:00:00.000000499,,1910.1242932060773,1910.1242932060773,1910.1242932060773,1910.1242932060773,1910.1242932060773,0
1970-01-01 00:00:00.000000500,,1928.8606819489096,1928.8606819489096,1928.8606819489096,1928.8606819489096,1928.8606819489096,0
1970-01-01 00:00:00.000000501,,1941.5324112023416,1941.5324112023416,1941.5324112023416,1941.5324112023416,1941.5324112023416,0
1970-01-01 00:00:00.000000502,,1919.985621292584,1919.985621292584,1919.985621292584,1919.985621292584,1919.985621292584,0
1970-01-01 00:00:00.000000503,,1938.6725617632849,1938.6725617632849,1938.6725617632849,1938.6725617632849,1938.6725617632849,0
1970-01-01 00:00:00.000000504,,1825.3175372033904,1825.3175372033904,1825.3175372033904,1825.3175372033904,1825.3175372033904,0
1970-01-01 00:00:00.000000505,,1797.656758277206,1797.656758277206,1797.656758277206,1797.656758277206,1797.656758277206,0
1970-01-01 00:00:00.000000506,,1793.810946341272,1793.810946341272,1793.810946341272,1793.810946341272,1793.810946341272,0
1970-01-01 00:00:00.000000507,,1782.3225305814187,1782.3225305814187,1782.3225305814187,1782.3225305814187,1782.3225305814187,0
1970-01-01 00:00:00.000000508,,1832.220432769354,1832.220432769354,1832.220432769354,1832.220432769354,1832.220432769354,0
1970-01-01 00:00:00.000000509,,1839.616447739169,1839.616447739169,1839.616447739169,1839.616447739169,1839.616447739169,0
1970-01-01 00:00:00.000000510,,1823.0988176934152,1823.0988176934152,1823.0988176934152,1823.0988176934152,1823.0988176934152,0
1970-01-01 00:00:00.000000511,,1804.6089580362327,1804.6089580362327,1804.6089580362327,1804.6089580362327,1804.6089580362327,0
1970-01-01 00:00:00.000000512,,1819.400792605377,1819.400792605377,1819.400792605377,1819.400792605377,1819.400792605377,0
1970-01-01 00:00:00.000000513,,1847.1602339434603,1847.1602339434603,1847.1602339434603,1847.1602339434603,1847.1602339434603,0
1970-01-01 00:00:00.000000514,,1845.0400685173024,1845.0400685173024,1845.0400685173024,1845.0400685173024,1845.0400685173024,0
1970-01-01 00:00:00.000000515,,1854.2111142217127,1854.2111142217127,1854.2111142217127,1854.2111142217127,1854.2111142217127,0
1970-01-01 00:00:00.000000516,,1810.525757012148,1810.525757012148,1810.525757012148,1810.525757012148,1810.525757012148,0
1970-01-01 00:00:00.000000517,,1862.7903932312308,1862.7903932312308,1862.7903932312308,1862.7903932312308,1862.7903932312308,0
1970-01-01 00:00:00.000000518,,1879.5544090414844,1879.5544090414844,1879.5544090414844,1879.5544090414844,1879.5544090414844,0
1970-01-01 00:00:00.000000519,,1890.4018014395583,1890.4018014395583,1890.4018014395583,1890.4018014395583,1890.4018014395583,0
1970-01-01 00:00:00.000000520,,1892.6699423538048,1892.6699423538048,1892.6699423538048,1892.6699423538048,1892.6699423538048,0
1970-01-01 00:00:00.000000521,,1878.568301204317,1878.568301204317,1878.568301204317,1878.568301204317,1878.568301204317,0
1970-01-01 00:00:00.000000522,,1856.972194364576,1856.972194364576,1856.972194364576,1856.972194364576,1856.972194364576,0
1970-01-01 00:00:00.000000523,,1858.8458824242405,1858.8458824242405,1858.8458824242405,1858.8458824242405,1858.8458824242405,0
1970-01-01 00:00:00.000000524,,1842.5748307737583,1842.5748307737583,1842.5748307737583,1842.5748307737583,1842.5748307737583,0
1970-01-01 00:00:00.000000525,,1828.2759758276584,1828.2759758276584,1828.2759758276584,1828.2759758276584,1828.2759758276584,0
1970-01-01 00:00:00.000000526,,1813.0403122036323,1813.0403122036323,1813.0403122036323,1813.0403122036323,1813.0403122036323,0
1970-01-01 00:00:00.000000527,,1816.7383832854173,1816.7383832854173,1816.7383832854173,1816.7383832854173,1816.7383832854173,0
1970-01-01 00:00:00.000000528,,1821.7675703475045,1821.7675703475045,1821.7675703475045,1821.7675703475045,1821.7675703475045,0
1970-01-01 00:00:00.000000529,,1780.4982655923657,1780.4982655923657,1780.4982655923657,1780.4982655923657,1780.4982655923657,0
1970-01-01 00:00:00.000000530,,1796.5227152827192,1796.5227152827192,1796.5227152827192,1796.5227152827192,1796.5227152827192,0
1970-01-01 00:00:00.000000531,,1775.0745611201182,1775.0745611201182,1775.0745611201182,1775.0745611201182,1775.0745611201182,0
1970-01-01 00:00:00.000000532,,1720.9362904431496,1720.9362904431496,1720.9362904431496,1720.9362904431496,1720.9362904431496,0
1970-01-01 00:00:00.000000533,,1730.846721957405,1730.846721957405,1730.846721957405,1730.846721957405,1730.846721957405,0
1970-01-01 00:00:00.000000534,,1730.6989486606933,1730.6989486606933,1730.6989486606933,1730.6989486606933,1730.6989486606933,0
1970-01-01 00:00:00.000000535,,1668.8195437500424,1668.8195437500424,1668.8195437500424,1668.8195437500424,1668.8195437500424,0
1970-01-01 00:00:00.000000536,,1671.4821123578995,1671.4821123578995,1671.4821123578995,1671.4821123578995,1671.4821123578995,0
1970-01-01 00:00:00.000000537,,1668.9674417970127,1668.9674417970127,1668.9674417970127,1668.9674417970127,1668.9674417970127,0
1970-01-01 00:00:00.000000538,,1691.204542351751,1691.204542351751,1691.204542351751,1691.204542351751,1691.204542351751,0
1970-01-01 00:00:00.000000539,,1679.4696488805018,1679.4696488805018,1679.4696488805018,1679.4696488805018,1679.4696488805018,0
1970-01-01 00:00:00.000000540,,1662.606944415946,1662.606944415946,1662.606944415946,1662.606944415946,1662.606944415946,0
1970-01-01 00:00:00.000000541,,1656.6901357180045,1656.6901357180045,1656.6901357180045,1656.6901357180045,1656.6901357180045,0
1970-01-01 00:00:00.000000542,,1614.1882088567118,1614.1882088567118,1614.1882088567118,1614.1882088567118,1614.1882088567118,0
1970-01-01 00:00:00.000000543,,1577.0605381756682,1577.0605381756682,1577.0605381756682,1577.0605381756682,1577.0605381756682,0
1970-01-01 00:00:00.000000544,,1523.711239680789,1523.711239680789,1523.711239680789,1523.711239680789,1523.711239680789,0
1970-01-01 00:00:00.000000545,,1567.98828125,1567.98828125,1567.98828125,1567.98828125,1567.98828125,0
1970-01-01 00:00:00.000000546,,1580.7585753901394,1580.7585753901394,1580.7585753901394,1580.7585753901394,1580.7585753901394,0
1970-01-01 00:00:00.000000547,,1569.9112262370732,1569.9112262370732,1569.9112262370732,1569.9112262370732,1569.9112262370732,0
1970-01-01 00:00:00.000000548,,1556.0560901796125,1556.0560901796125,1556.0560901796125,1556.0560901796125,1556.0560901796125,0
1970-01-01 00:00:00.000000549,,1575.7785592177397,1575.7785592177397,1575.7785592177397,1575.7785592177397,1575.7785592177397,0
1970-01-01 00:00:00.000000550,,1582.7307615847424,1582.7307615847424,1582.7307615847424,1582.7307615847424,1582.7307615847424,0
1970-01-01 00:00:00.000000551,,1603.4394832085677,1603.4394832085677,1603.4394832085677,1603.4394832085677,1603.4394832085677,0
1970-01-01 00:00:00.000000552,,1573.4120242257595,1573.4120242257595,1573.4120242257595,1573.4120242257595,1573.4120242257595,0
1970-01-01 00:00:00.000000553,,1567.938918601529,1567.938918601529,1567.938918601529,1567.938918601529,1567.938918601529,0
1970-01-01 00:00:00.000000554,,1517.8930411565275,1517.8930411565275,1517.8930411565275,1517.8930411565275,1517.8930411565275,0
1970-01-01 00:00:00.000000555,,1513.8992032527772,1513.8992032527772,1513.8992032527772,1513.8992032527772,1513.8992032527772,0
1970-01-01 00:00:00.000000556,,1513.3569025396205,1513.3569025396205,1513.3569025396205,1513.3569025396205,1513.3569025396205,0
1970-01-01 00:00:00.000000557,,1440.2357281000195,1440.2357281000195,1440.2357281000195,1440.2357281000195,1440.2357281000195,0
1970-01-01 00:00:00.000000558,,1333.241140845937,1333.241140845937,1333.241140845937,1333.241140845937,1333.241140845937,0
1970-01-01 00:00:00.000000559,,1411.1450129990185,1411.1450129990185,1411.1450129990185,1411.1450129990185,1411.1450129990185,0
1970-01-01 00:00:00.000000560,,1385.5551200692491,1385.5551200692491,1385.5551200692491,1385.5551200692491,1385.5551200692491,0
1970-01-01 00:00:00.000000561,,1391.669116387415,1391.669116387415,1391.669116387415,1391.669116387415,1391.669116387415,0
1970-01-01 00:00:00.000000562,,1425.5423828430714,1425.5423828430714,1425.5423828430714,1425.5423828430714,1425.5423828430714,0
1970-01-01 00:00:00.000000563,,1405.2283214187144,1405.2283214187144,1405.2283214187144,1405.2283214187144,1405.2283214187144,0
1970-01-01 00:00:00.000000564,,1378.6028759920416,1378.6028759920416,1378.6028759920416,1378.6028759920416,1378.6028759920416,0
1970-01-01 00:00:00.000000565,,1390.436423661214,1390.436423661214,1390.436423661214,1390.436423661214,1390.436423661214,0
1970-01-01 00:00:00.000000566,,1420.0201414292796,1420.0201414292796,1420.0201414292796,1420.0201414292796,1420.0201414292796,0
1970-01-01 00:00:00.000000567,,1425.9368740316995,1425.9368740316995,1425.9368740316995,1425.9368740316995,1425.9368740316995,0
1970-01-01 00:00:00.000000568,,1449.505309419441,1449.505309419441,1449.505309419441,1449.505309419441,1449.505309419441,0
1970-01-01 00:00:00.000000569,,1455.027613605307,1455.027613605307,1455.027613605307,1455.027613605307,1455.027613605307,0
1970-01-01 00:00:00.000000570,,1459.6623489459623,1459.6623489459623,1459.6623489459623,1459.6623489459623,1459.6623489459623,0
1970-01-01 00:00:00.000000571,,1461.4374722845366,1461.4374722845366,1461.4374722845366,1461.4374722845366,1461.4374722845366,0
1970-01-01 00:00:00.000000572,,1476.0321142425894,1476.0321142425894,1476.0321142425894,1476.0321142425894,1476.0321142425894,0
1970-01-01 00:00:00.000000573,,1478.8917703842976,1478.8917703842976,1478.8917703842976,1478.8917703842976,1478.8917703842976,0
1970-01-01 00:00:00.000000574,,1493.979559817003,1493.979559817003,1493.979559817003,1493.979559817003,1493.979559817003,0
1970-01-01 00:00:00.000000575,,1485.10438816728,1485.10438816728,1485.10438816728,1485.10438816728,1485.10438816728,0
1970-01-01 00:00:00.000000576,,1479.1876719914237,1479.1876719914237,1479.1876719914237,1479.1876719914237,1479.1876719914237,0
1970-01-01 00:00:00.000000577,,1487.0767158676624,1487.0767158676624,1487.0767158676624,1487.0767158676624,1487.0767158676624,0
1970-01-01 00:00:00.000000578,,1479.8779633712215,1479.8779633712215,1479.8779633712215,1479.8779633712215,1479.8779633712215,0
1970-01-01 00:00:00.000000579,,1515.6743515413357,1515.6743515413357,1515.6743515413357,1515.6743515413357,1515.6743515413357,0
1970-01-01 00:00:00.000000580,,1586.675293741908,1586.675293741908,1586.675293741908,1586.675293741908,1586.675293741908,0
1970-01-01 00:00:00.000000581,,1552.1609377918994,1552.1609377918994,1552.1609377918994,1552.1609377918994,1552.1609377918994,0
1970-01-01 00:00:00.000000582,,1567.7416973152629,1567.7416973152629,1567.7416973152629,1567.7416973152629,1567.7416973152629,0
1970-01-01 00:00:00.000000583,,1590.2253238143162,1590.2253238143162,1590.2253238143162,1590.2253238143162,1590.2253238143162,0
1970-01-01 00:00:00.000000584,,1554.62619978804,1554.62619978804,1554.62619978804,1554.62619978804,1554.62619978804,0
1970-01-01 00:00:00.000000585,,1548.2163771805324,1548.2163771805324,1548.2163771805324,1548.2163771805324,1548.2163771805324,0
1970-01-01 00:00:00.000000586,,1546.145531646558,1546.145531646558,1546.145531646558,1546.145531646558,1546.145531646558,0
1970-01-01 00:00:00.000000587,,1533.9175651094254,1533.9175651094254,1533.9175651094254,1533.9175651094254,1533.9175651094254,0
1970-01-01 00:00:00.000000588,,1528.4939232420525,1528.4939232420525,1528.4939232420525,1528.4939232420525,1528.4939232420525,0
1970-01-01 00:00:00.000000589,,1544.86351611358,1544.86351611358,1544.86351611358,1544.86351611358,1544.86351611358,0
1970-01-01 00:00:00.000000590,,1557.9791380318973,1557.9791380318973,1557.9791380318973,1557.9791380318973,1557.9791380318973,0
1970-01-01 00:00:00.000000591,,1559.0637576996792,1559.0637576996792,1559.0637576996792,1559.0637576996792,1559.0637576996792,0
1970-01-01 00:00:00.000000592,,1566.9528250893914,1566.9528250893914,1566.9528250893914,1566.9528250893914,1566.9528250893914,0
1970-01-01 00:00:00.000000593,,1571.0,1571.0,1571.0,1571.0,1571.0,0
1970-01-01 00:00:00.000000594,,1560.0,1560.0,1560.0,1560.0,1560.0,0
1970-01-01 00:00:00.000000595,,1559.0,1559.0,1559.0,1559.0,1559.0,0
1970-01-01 00:00:00.000000596,,1543.0,1543.0,1543.0,1543.0,1543.0,0
1970-01-01 00:00:00.000000597,,1547.9000244140625,1547.9000244140625,1547.9000244140625,1547.9000244140625,1547.9000244140625,0
1970-01-01 00:00:00.000000598,,1554.699951171875,1554.699951171875,1554.699951171875,1554.699951171875,1554.699951171875,0
1970-01-01 00:00:00.000000599,,1578.0,1578.0,1578.0,1578.0,1578.0,0
1970-01-01 00:00:00.000000600,,1584.0,1584.0,1584.0,1584.0,1584.0,0
1970-01-01 00:00:00.000000601,,1590.0999755859375,1590.0999755859375,1590.0999755859375,1590.0999755859375,1590.0999755859375,0
1970-01-01 00:00:00.000000602,,1617.0,1617.0,1617.0,1617.0,1617.0,0
1970-01-01 00:00:00.000000603,,1576.0,1576.0,1576.0,1576.0,1576.0,0
1970-01-01 00:00:00.000000604,,1600.0,1600.0,1600.0,1600.0,1600.0,0
1970-01-01 00:00:00.000000605,,1620.699951171875,1620.699951171875,1620.699951171875,1620.699951171875,1620.699951171875,0
1970-01-01 00:00:00.000000606,,1621.0,1621.0,1621.0,1621.0,1621.0,0
1970-01-01 00:00:00.000000607,,1623.9000244140625,1623.9000244140625,1623.9000244140625,1623.9000244140625,1623.9000244140625,0
1970-01-01 00:00:00.000000608,,1619.0,1619.0,1619.0,1619.0,1619.0,0
1970-01-01 00:00:00.000000609,,1601.0,1601.0,1601.0,1601.0,1601.0,0
1970-01-01 00:00:00.000000610,,1601.0,1601.0,1601.0,1601.0,1601.0,0
1970-01-01 00:00:00.000000611,,1590.0,1590.0,1590.0,1590.0,1590.0,0
1970-01-01 00:00:00.000000612,,1608.800048828125,1608.800048828125,1608.800048828125,1608.800048828125,1608.800048828125,0
1970-01-01 00:00:00.000000613,,1619.0,1619.0,1619.0,1619.0,1619.0,0
1970-01-01 00:00:00.000000614,,1615.0,1615.0,1615.0,1615.0,1615.0,0
1970-01-01 00:00:00.000000615,,1609.0,1609.0,1609.0,1609.0,1609.0,0
1970-01-01 00:00:00.000000616,,1618.0,1618.0,1618.0,1618.0,1618.0,0
1970-01-01 00:00:00.000000617,,1618.5,1618.5,1618.5,1618.5,1618.5,0
1970-01-01 00:00:00.000000618,,1625.0,1625.0,1625.0,1625.0,1625.0,0
1970-01-01 00:00:00.000000619,,1640.0,1640.0,1640.0,1640.0,1640.0,0
1970-01-01 00:00:00.000000620,,1628.0,1628.0,1628.0,1628.0,1628.0,0
1970-01-01 00:00:00.000000621,,1637.800048828125,1637.800048828125,1637.800048828125,1637.800048828125,1637.800048828125,0
1970-01-01 00:00:00.000000622,,1638.9000244140625,1638.9000244140625,1638.9000244140625,1638.9000244140625,1638.9000244140625,0
1970-01-01 00:00:00.000000623,,1579.0999755859375,1579.0999755859375,1579.0999755859375,1579.0999755859375,1579.0999755859375,0
1970-01-01 00:00:00.000000624,,1591.800048828125,1591.800048828125,1591.800048828125,1591.800048828125,1591.800048828125,0
1970-01-01 00:00:00.000000625,,1565.0999755859375,1565.0999755859375,1565.0999755859375,1565.0999755859375,1565.0999755859375,0
1970-01-01 00:00:00.000000626,,1579.0,1579.0,1579.0,1579.0,1579.0,0
1970-01-01 00:00:00.000000627,,1598.0,1598.0,1598.0,1598.0,1598.0,0
1970-01-01 00:00:00.000000628,,1592.0999755859375,1592.0999755859375,1592.0999755859375,1592.0999755859375,1592.0999755859375,0
1970-01-01 00:00:00.000000629,,1580.0,1580.0,1580.0,1580.0,1580.0,0
1970-01-01 00:00:00.000000630,,1565.0,1565.0,1565.0,1565.0,1565.0,0
1970-01-01 00:00:00.000000631,,1576.300048828125,1576.300048828125,1576.300048828125,1576.300048828125,1576.300048828125,0
1970-01-01 00:00:00.000000632,,1580.0,1580.0,1580.0,1580.0,1580.0,0
1970-01-01 00:00:00.000000633,,1543.4000244140625,1543.4000244140625,1543.4000244140625,1543.4000244140625,1543.4000244140625,0
1970-01-01 00:00:00.000000634,,1513.9000244140625,1513.9000244140625,1513.9000244140625,1513.9000244140625,1513.9000244140625,0
1970-01-01 00:00:00.000000635,,1512.9000244140625,1512.9000244140625,1512.9000244140625,1512.9000244140625,1512.9000244140625,0
1970-01-01 00:00:00.000000636,,1519.9000244140625,1519.9000244140625,1519.9000244140625,1519.9000244140625,1519.9000244140625,0
1970-01-01 00:00:00.000000637,,1509.699951171875,1509.699951171875,1509.699951171875,1509.699951171875,1509.699951171875,0
1970-01-01 00:00:00.000000638,,1493.9000244140625,1493.9000244140625,1493.9000244140625,1493.9000244140625,1493.9000244140625,0
1970-01-01 00:00:00.000000639,,1461.5,1461.5,1461.5,1461.5,1461.5,0
1970-01-01 00:00:00.000000640,,1478.699951171875,1478.699951171875,1478.699951171875,1478.699951171875,1478.699951171875,0
1970-01-01 00:00:00.000000641,,1452.0,1452.0,1452.0,1452.0,1452.0,0
1970-01-01 00:00:00.000000642,,1430.0,1430.0,1430.0,1430.0,1430.0,0
1970-01-01 00:00:00.000000643,,1425.0,1425.0,1425.0,1425.0,1425.0,0
1970-01-01 00:00:00.000000644,,1419.9000244140625,1419.9000244140625,1419.9000244140625,1419.9000244140625,1419.9000244140625,0
1970-01-01 00:00:00.000000645,,1428.199951171875,1428.199951171875,1428.199951171875,1428.199951171875,1428.199951171875,0
1970-01-01 00:00:00.000000646,,1425.0,1425.0,1425.0,1425.0,1425.0,0
1970-01-01 00:00:00.000000647,,1426.199951171875,1426.199951171875,1426.199951171875,1426.199951171875,1426.199951171875,0
1970-01-01 00:00:00.000000648,,1464.699951171875,1464.699951171875,1464.699951171875,1464.699951171875,1464.699951171875,0
1970-01-01 00:00:00.000000649,,1432.699951171875,1432.699951171875,1432.699951171875,1432.699951171875,1432.699951171875,0
1970-01-01 00:00:00.000000650,,1440.699951171875,1440.699951171875,1440.699951171875,1440.699951171875,1440.699951171875,0
1970-01-01 00:00:00.000000651,,1508.0,1508.0,1508.0,1508.0,1508.0,0
1970-01-01 00:00:00.000000652,,1498.0999755859375,1498.0999755859375,1498.0999755859375,1498.0999755859375,1498.0999755859375,0
1970-01-01 00:00:00.000000653,,1506.699951171875,1506.699951171875,1506.699951171875,1506.699951171875,1506.699951171875,0
1970-01-01 00:00:00.000000654,,1523.0,1523.0,1523.0,1523.0,1523.0,0
1970-01-01 00:00:00.000000655,,1529.5999755859375,1529.5999755859375,1529.5999755859375,1529.5999755859375,1529.5999755859375,0
1970-01-01 00:00:00.000000656,,1529.5999755859375,1529.5999755859375,1529.5999755859375,1529.5999755859375,1529.5999755859375,0
1970-01-01 00:00:00.000000657,,1501.9000244140625,1501.9000244140625,1501.9000244140625,1501.9000244140625,1501.9000244140625,0
1970-01-01 00:00:00.000000658,,1476.699951171875,1476.699951171875,1476.699951171875,1476.699951171875,1476.699951171875,0
1970-01-01 00:00:00.000000659,,1499.4000244140625,1499.4000244140625,1499.4000244140625,1499.4000244140625,1499.4000244140625,0
1970-01-01 00:00:00.000000660,,1500.0,1500.0,1500.0,1500.0,1500.0,0
1970-01-01 00:00:00.000000661,,1484.0,1484.0,1484.0,1484.0,1484.0,0
1970-01-01 00:00:00.000000662,,1470.0,1470.0,1470.0,1470.0,1470.0,0
1970-01-01 00:00:00.000000663,,1451.0,1451.0,1451.0,1451.0,1451.0,0
1970-01-01 00:00:00.000000664,,1481.0,1481.0,1481.0,1481.0,1481.0,0
1970-01-01 00:00:00.000000665,,1510.0999755859375,1510.0999755859375,1510.0999755859375,1510.0999755859375,1510.0999755859375,0
1970-01-01 00:00:00.000000666,,1523.9000244140625,1523.9000244140625,1523.9000244140625,1523.9000244140625,1523.9000244140625,0
1970-01-01 00:00:00.000000667,,1537.0,1537.0,1537.0,1537.0,1537.0,0
