Date,Ticker,LT.NS,LT.NS.1,LT.NS.2,LT.NS.3,LT.NS.4,SentimentScore
1970-01-01 00:00:00.000000000,,2038.8716327732905,2038.8716327732905,2038.8716327732905,2038.8716327732905,2038.8716327732905,0
1970-01-01 00:00:00.000000001,,2038.8716327732905,2038.8716327732905,2038.8716327732905,2038.8716327732905,2038.8716327732905,0
1970-01-01 00:00:00.000000002,,2034.0982534703217,2034.0982534703217,2034.0982534703217,2034.0982534703217,2034.0982534703217,0
1970-01-01 00:00:00.000000003,,2036.972156582768,2036.972156582768,2036.972156582768,2036.972156582768,2036.972156582768,0
1970-01-01 00:00:00.000000004,,2026.304854881748,2026.304854881748,2026.304854881748,2026.304854881748,2026.304854881748,0
1970-01-01 00:00:00.000000005,,2036.241471185819,2036.241471185819,2036.241471185819,2036.241471185819,2036.241471185819,0
1970-01-01 00:00:00.000000006,,2053.5819360097707,2053.5819360097707,2053.5819360097707,2053.5819360097707,2053.5819360097707,0
1970-01-01 00:00:00.000000007,,2076.8650182786214,2076.8650182786214,2076.8650182786214,2076.8650182786214,2076.8650182786214,0
1970-01-01 00:00:00.000000008,,2051.731070098705,2051.731070098705,2051.731070098705,2051.731070098705,2051.731070098705,0
1970-01-01 00:00:00.000000009,,2063.421143431398,2063.421143431398,2063.421143431398,2063.421143431398,2063.421143431398,0
1970-01-01 00:00:00.000000010,,2106.0903866791405,2106.0903866791405,2106.0903866791405,2106.0903866791405,2106.0903866791405,0
1970-01-01 00:00:00.000000011,,2091.5751364723506,2091.5751364723506,2091.5751364723506,2091.5751364723506,2091.5751364723506,0
1970-01-01 00:00:00.000000012,,2084.658459372712,2084.658459372712,2084.658459372712,2084.658459372712,2084.658459372712,0
1970-01-01 00:00:00.000000013,,2163.6648182426097,2163.6648182426097,2163.6648182426097,2163.6648182426097,2163.6648182426097,0
1970-01-01 00:00:00.000000014,,2201.5122139065384,2201.5122139065384,2201.5122139065384,2201.5122139065384,2201.5122139065384,0
1970-01-01 00:00:00.000000015,,2223.528443251669,2223.528443251669,2223.528443251669,2223.528443251669,2223.528443251669,0
1970-01-01 00:00:00.000000016,,2196.7872635000417,2196.7872635000417,2196.7872635000417,2196.7872635000417,2196.7872635000417,0
1970-01-01 00:00:00.000000017,,2186.7530628447626,2186.7530628447626,2186.7530628447626,2186.7530628447626,2186.7530628447626,0
1970-01-01 00:00:00.000000018,,2144.1811715000645,2144.1811715000645,2144.1811715000645,2144.1811715000645,2144.1811715000645,0
1970-01-01 00:00:00.000000019,,2118.5600099834787,2118.5600099834787,2118.5600099834787,2118.5600099834787,2118.5600099834787,0
1970-01-01 00:00:00.000000020,,2074.429767901476,2074.429767901476,2074.429767901476,2074.429767901476,2074.429767901476,0
1970-01-01 00:00:00.000000021,,2065.2237615399927,2065.2237615399927,2065.2237615399927,2065.2237615399927,2065.2237615399927,0
1970-01-01 00:00:00.000000022,,2077.9365287870414,2077.9365287870414,2077.9365287870414,2077.9365287870414,2077.9365287870414,0
1970-01-01 00:00:00.000000023,,2080.4698097904184,2080.4698097904184,2080.4698097904184,2080.4698097904184,2080.4698097904184,0
1970-01-01 00:00:00.000000024,,2120.7520345550315,2120.7520345550315,2120.7520345550315,2120.7520345550315,2120.7520345550315,0
1970-01-01 00:00:00.000000025,,2108.37994251412,2108.37994251412,2108.37994251412,2108.37994251412,2108.37994251412,0
1970-01-01 00:00:00.000000026,,2106.43152020804,2106.43152020804,2106.43152020804,2106.43152020804,2106.43152020804,0
1970-01-01 00:00:00.000000027,,2104.775533242292,2104.775533242292,2104.775533242292,2104.775533242292,2104.775533242292,0
1970-01-01 00:00:00.000000028,,2094.497819969872,2094.497819969872,2094.497819969872,2094.497819969872,2094.497819969872,0
1970-01-01 00:00:00.000000029,,2084.9506172200963,2084.9506172200963,2084.9506172200963,2084.9506172200963,2084.9506172200963,0
1970-01-01 00:00:00.000000030,,2116.9040216995168,2116.9040216995168,2116.9040216995168,2116.9040216995168,2116.9040216995168,0
1970-01-01 00:00:00.000000031,,2157.819578438137,2157.819578438137,2157.819578438137,2157.819578438137,2157.819578438137,0
1970-01-01 00:00:00.000000032,,2129.568401185093,2129.568401185093,2129.568401185093,2129.568401185093,2129.568401185093,0
1970-01-01 00:00:00.000000033,,2130.347955896824,2130.347955896824,2130.347955896824,2130.347955896824,2130.347955896824,0
1970-01-01 00:00:00.000000034,,2113.786741693056,2113.786741693056,2113.786741693056,2113.786741693056,2113.786741693056,0
1970-01-01 00:00:00.000000035,,2176.037097964976,2176.037097964976,2176.037097964976,2176.037097964976,2176.037097964976,0
1970-01-01 00:00:00.000000036,,2181.200242952478,2181.200242952478,2181.200242952478,2181.200242952478,2181.200242952478,0
1970-01-01 00:00:00.000000037,,2171.4583655554093,2171.4583655554093,2171.4583655554093,2171.4583655554093,2171.4583655554093,0
1970-01-01 00:00:00.000000038,,2147.103667870588,2147.103667870588,2147.103667870588,2147.103667870588,2147.103667870588,0
1970-01-01 00:00:00.000000039,,2104.239524936824,2104.239524936824,2104.239524936824,2104.239524936824,2104.239524936824,0
1970-01-01 00:00:00.000000040,,2078.9595253051125,2078.9595253051125,2078.9595253051125,2078.9595253051125,2078.9595253051125,0
1970-01-01 00:00:00.000000041,,2060.401225686352,2060.401225686352,2060.401225686352,2060.401225686352,2060.401225686352,0
1970-01-01 00:00:00.000000042,,2045.788525263932,2045.788525263932,2045.788525263932,2045.788525263932,2045.788525263932,0
1970-01-01 00:00:00.000000043,,2074.965356984738,2074.965356984738,2074.965356984738,2074.965356984738,2074.965356984738,0
1970-01-01 00:00:00.000000044,,2084.7558962503617,2084.7558962503617,2084.7558962503617,2084.7558962503617,2084.7558962503617,0
1970-01-01 00:00:00.000000045,,2102.534634071253,2102.534634071253,2102.534634071253,2102.534634071253,2102.534634071253,0
1970-01-01 00:00:00.000000046,,2096.4462595414525,2096.4462595414525,2096.4462595414525,2096.4462595414525,2096.4462595414525,0
1970-01-01 00:00:00.000000047,,2118.8034009633097,2118.8034009633097,2118.8034009633097,2118.8034009633097,2118.8034009633097,0
1970-01-01 00:00:00.000000048,,2115.44279420593,2115.44279420593,2115.44279420593,2115.44279420593,2115.44279420593,0
1970-01-01 00:00:00.000000049,,2108.184986327957,2108.184986327957,2108.184986327957,2108.184986327957,2108.184986327957,0
1970-01-01 00:00:00.000000050,,2088.993926718764,2088.993926718764,2088.993926718764,2088.993926718764,2088.993926718764,0
1970-01-01 00:00:00.000000051,,2108.330918189092,2108.330918189092,2108.330918189092,2108.330918189092,2108.330918189092,0
1970-01-01 00:00:00.000000052,,2128.496870584189,2128.496870584189,2128.496870584189,2128.496870584189,2128.496870584189,0
1970-01-01 00:00:00.000000053,,2130.2502288341416,2130.2502288341416,2130.2502288341416,2130.2502288341416,2130.2502288341416,0
1970-01-01 00:00:00.000000054,,2134.536924709958,2134.536924709958,2134.536924709958,2134.536924709958,2134.536924709958,0
1970-01-01 00:00:00.000000055,,2126.353699354564,2126.353699354564,2126.353699354564,2126.353699354564,2126.353699354564,0
1970-01-01 00:00:00.000000056,,2162.203404669808,2162.203404669808,2162.203404669808,2162.203404669808,2162.203404669808,0
1970-01-01 00:00:00.000000057,,2156.845657844862,2156.845657844862,2156.845657844862,2156.845657844862,2156.845657844862,0
1970-01-01 00:00:00.000000058,,2149.052079729052,2149.052079729052,2149.052079729052,2149.052079729052,2149.052079729052,0
1970-01-01 00:00:00.000000059,,2118.9009269442454,2118.9009269442454,2118.9009269442454,2118.9009269442454,2118.9009269442454,0
1970-01-01 00:00:00.000000060,,2111.7893152665924,2111.7893152665924,2111.7893152665924,2111.7893152665924,2111.7893152665924,0
1970-01-01 00:00:00.000000061,,2082.4666106630298,2082.4666106630298,2082.4666106630298,2082.4666106630298,2082.4666106630298,0
1970-01-01 00:00:00.000000062,,2100.82987802106,2100.82987802106,2100.82987802106,2100.82987802106,2100.82987802106,0
1970-01-01 00:00:00.000000063,,2123.723258604463,2123.723258604463,2123.723258604463,2123.723258604463,2123.723258604463,0
1970-01-01 00:00:00.000000064,,2113.981569991557,2113.981569991557,2113.981569991557,2113.981569991557,2113.981569991557,0
1970-01-01 00:00:00.000000065,,2199.465987993123,2199.465987993123,2199.465987993123,2199.465987993123,2199.465987993123,0
1970-01-01 00:00:00.000000066,,2225.9153581516643,2225.9153581516643,2225.9153581516643,2225.9153581516643,2225.9153581516643,0
1970-01-01 00:00:00.000000067,,2260.1093376602216,2260.1093376602216,2260.1093376602216,2260.1093376602216,2260.1093376602216,0
1970-01-01 00:00:00.000000068,,2244.5222307188114,2244.5222307188114,2244.5222307188114,2244.5222307188114,2244.5222307188114,0
1970-01-01 00:00:00.000000069,,2235.5598474777003,2235.5598474777003,2235.5598474777003,2235.5598474777003,2235.5598474777003,0
1970-01-01 00:00:00.000000070,,2200.440484161514,2200.440484161514,2200.440484161514,2200.440484161514,2200.440484161514,0
1970-01-01 00:00:00.000000071,,2162.6907961213296,2162.6907961213296,2162.6907961213296,2162.6907961213296,2162.6907961213296,0
1970-01-01 00:00:00.000000072,,2151.0981412623933,2151.0981412623933,2151.0981412623933,2151.0981412623933,2151.0981412623933,0
1970-01-01 00:00:00.000000073,,2167.561395175512,2167.561395175512,2167.561395175512,2167.561395175512,2167.561395175512,0
1970-01-01 00:00:00.000000074,,2182.3202706756306,2182.3202706756306,2182.3202706756306,2182.3202706756306,2182.3202706756306,0
1970-01-01 00:00:00.000000075,,2162.690688525007,2162.690688525007,2162.690688525007,2162.690688525007,2162.690688525007,0
1970-01-01 00:00:00.000000076,,2173.455557590161,2173.455557590161,2173.455557590161,2173.455557590161,2173.455557590161,0
1970-01-01 00:00:00.000000077,,2189.821626689629,2189.821626689629,2189.821626689629,2189.821626689629,2189.821626689629,0
1970-01-01 00:00:00.000000078,,2217.0015369973203,2217.0015369973203,2217.0015369973203,2217.0015369973203,2217.0015369973203,0
1970-01-01 00:00:00.000000079,,2252.607899945765,2252.607899945765,2252.607899945765,2252.607899945765,2252.607899945765,0
1970-01-01 00:00:00.000000080,,2311.935925939101,2311.935925939101,2311.935925939101,2311.935925939101,2311.935925939101,0
1970-01-01 00:00:00.000000081,,2322.5545585942014,2322.5545585942014,2322.5545585942014,2322.5545585942014,2322.5545585942014,0
1970-01-01 00:00:00.000000082,,2300.83029005504,2300.83029005504,2300.83029005504,2300.83029005504,2300.83029005504,0
1970-01-01 00:00:00.000000083,,2296.154206098844,2296.154206098844,2296.154206098844,2296.154206098844,2296.154206098844,0
1970-01-01 00:00:00.000000084,,2316.076135297568,2316.076135297568,2316.076135297568,2316.076135297568,2316.076135297568,0
1970-01-01 00:00:00.000000085,,2306.528922848496,2306.528922848496,2306.528922848496,2306.528922848496,2306.528922848496,0
1970-01-01 00:00:00.000000086,,2325.3795398907587,2325.3795398907587,2325.3795398907587,2325.3795398907587,2325.3795398907587,0
1970-01-01 00:00:00.000000087,,2240.625746555419,2240.625746555419,2240.625746555419,2240.625746555419,2240.625746555419,0
1970-01-01 00:00:00.000000088,,2165.2722476880253,2165.2722476880253,2165.2722476880253,2165.2722476880253,2165.2722476880253,0
1970-01-01 00:00:00.000000089,,2163.567606621253,2163.567606621253,2163.567606621253,2163.567606621253,2163.567606621253,0
1970-01-01 00:00:00.000000090,,2196.39764629687,2196.39764629687,2196.39764629687,2196.39764629687,2196.39764629687,0
1970-01-01 00:00:00.000000091,,2166.928648598821,2166.928648598821,2166.928648598821,2166.928648598821,2166.928648598821,0
1970-01-01 00:00:00.000000092,,2172.4326524091007,2172.4326524091007,2172.4326524091007,2172.4326524091007,2172.4326524091007,0
1970-01-01 00:00:00.000000093,,2135.413284848188,2135.413284848188,2135.413284848188,2135.413284848188,2135.413284848188,0
1970-01-01 00:00:00.000000094,,2133.465244822393,2133.465244822393,2133.465244822393,2133.465244822393,2133.465244822393,0
1970-01-01 00:00:00.000000095,,2168.14638759478,2168.14638759478,2168.14638759478,2168.14638759478,2168.14638759478,0
1970-01-01 00:00:00.000000096,,2143.2069766023187,2143.2069766023187,2143.2069766023187,2143.2069766023187,2143.2069766023187,0
1970-01-01 00:00:00.000000097,,2133.464929935393,2133.464929935393,2133.464929935393,2133.464929935393,2133.464929935393,0
1970-01-01 00:00:00.000000098,,2151.9746633870272,2151.9746633870272,2151.9746633870272,2151.9746633870272,2151.9746633870272,0
1970-01-01 00:00:00.000000099,,2167.561870888348,2167.561870888348,2167.561870888348,2167.561870888348,2167.561870888348,0
1970-01-01 00:00:00.000000100,,2172.432329880932,2172.432329880932,2172.432329880932,2172.432329880932,2172.432329880932,0
1970-01-01 00:00:00.000000101,,2144.278586252809,2144.278586252809,2144.278586252809,2144.278586252809,2144.278586252809,0
1970-01-01 00:00:00.000000102,,2159.7681183844256,2159.7681183844256,2159.7681183844256,2159.7681183844256,2159.7681183844256,0
1970-01-01 00:00:00.000000103,,2163.6647368207714,2163.6647368207714,2163.6647368207714,2163.6647368207714,2163.6647368207714,0
1970-01-01 00:00:00.000000104,,2187.0453382789306,2187.0453382789306,2187.0453382789306,2187.0453382789306,2187.0453382789306,0
1970-01-01 00:00:00.000000105,,2210.425623625272,2210.425623625272,2210.425623625272,2210.425623625272,2210.425623625272,0
1970-01-01 00:00:00.000000106,,2219.1934047131426,2219.1934047131426,2219.1934047131426,2219.1934047131426,2219.1934047131426,0
1970-01-01 00:00:00.000000107,,2257.13793851376,2257.13793851376,2257.13793851376,2257.13793851376,2257.13793851376,0
1970-01-01 00:00:00.000000108,,2284.463936720568,2284.463936720568,2284.463936720568,2284.463936720568,2284.463936720568,0
1970-01-01 00:00:00.000000109,,2303.947325011856,2303.947325011856,2303.947325011856,2303.947325011856,2303.947325011856,0
1970-01-01 00:00:00.000000110,,2285.292002180139,2285.292002180139,2285.292002180139,2285.292002180139,2285.292002180139,0
1970-01-01 00:00:00.000000111,,2292.1597541124115,2292.1597541124115,2292.1597541124115,2292.1597541124115,2292.1597541124115,0
1970-01-01 00:00:00.000000112,,2294.20536120932,2294.20536120932,2294.20536120932,2294.20536120932,2294.20536120932,0
1970-01-01 00:00:00.000000113,,2302.729859971924,2302.729859971924,2302.729859971924,2302.729859971924,2302.729859971924,0
1970-01-01 00:00:00.000000114,,2317.586040028599,2317.586040028599,2317.586040028599,2317.586040028599,2317.586040028599,0
1970-01-01 00:00:00.000000115,,2303.898643999541,2303.898643999541,2303.898643999541,2303.898643999541,2303.898643999541,0
1970-01-01 00:00:00.000000116,,2320.508651445853,2320.508651445853,2320.508651445853,2320.508651445853,2320.508651445853,0
1970-01-01 00:00:00.000000117,,2332.783501555003,2332.783501555003,2332.783501555003,2332.783501555003,2332.783501555003,0
1970-01-01 00:00:00.000000118,,2356.504712844965,2356.504712844965,2356.504712844965,2356.504712844965,2356.504712844965,0
1970-01-01 00:00:00.000000119,,2336.193133212688,2336.193133212688,2336.193133212688,2336.193133212688,2336.193133212688,0
1970-01-01 00:00:00.000000120,,2325.8179817425366,2325.8179817425366,2325.8179817425366,2325.8179817425366,2325.8179817425366,0
1970-01-01 00:00:00.000000121,,2338.043965175744,2338.043965175744,2338.043965175744,2338.043965175744,2338.043965175744,0
1970-01-01 00:00:00.000000122,,2357.5277728385217,2357.5277728385217,2357.5277728385217,2357.5277728385217,2357.5277728385217,0
1970-01-01 00:00:00.000000123,,2414.225202922609,2414.225202922609,2414.225202922609,2414.225202922609,2414.225202922609,0
1970-01-01 00:00:00.000000124,,2394.7416892168835,2394.7416892168835,2394.7416892168835,2394.7416892168835,2394.7416892168835,0
1970-01-01 00:00:00.000000125,,2397.46929680723,2397.46929680723,2397.46929680723,2397.46929680723,2397.46929680723,0
1970-01-01 00:00:00.000000126,,2404.386140702808,2404.386140702808,2404.386140702808,2404.386140702808,2404.386140702808,0
1970-01-01 00:00:00.000000127,,2418.6580484170604,2418.6580484170604,2418.6580484170604,2418.6580484170604,2418.6580484170604,0
1970-01-01 00:00:00.000000128,,2386.7530373045875,2386.7530373045875,2386.7530373045875,2386.7530373045875,2386.7530373045875,0
1970-01-01 00:00:00.000000129,,2384.0256213192624,2384.0256213192624,2384.0256213192624,2384.0256213192624,2384.0256213192624,0
1970-01-01 00:00:00.000000130,,2416.271124558023,2416.271124558023,2416.271124558023,2416.271124558023,2416.271124558023,0
1970-01-01 00:00:00.000000131,,2402.340096578115,2402.340096578115,2402.340096578115,2402.340096578115,2402.340096578115,0
1970-01-01 00:00:00.000000132,,2386.996642319591,2386.996642319591,2386.996642319591,2386.996642319591,2386.996642319591,0
1970-01-01 00:00:00.000000133,,2411.108015017496,2411.108015017496,2411.108015017496,2411.108015017496,2411.108015017496,0
1970-01-01 00:00:00.000000134,,2405.262623082758,2405.262623082758,2405.262623082758,2405.262623082758,2405.262623082758,0
1970-01-01 00:00:00.000000135,,2410.718058987767,2410.718058987767,2410.718058987767,2410.718058987767,2410.718058987767,0
1970-01-01 00:00:00.000000136,,2429.6172655092355,2429.6172655092355,2429.6172655092355,2429.6172655092355,2429.6172655092355,0
1970-01-01 00:00:00.000000137,,2456.8946945610805,2456.8946945610805,2456.8946945610805,2456.8946945610805,2456.8946945610805,0
1970-01-01 00:00:00.000000138,,2569.55885882584,2569.55885882584,2569.55885882584,2569.55885882584,2569.55885882584,0
1970-01-01 00:00:00.000000139,,2548.467722699559,2548.467722699559,2548.467722699559,2548.467722699559,2548.467722699559,0
1970-01-01 00:00:00.000000140,,2524.1132913985,2524.1132913985,2524.1132913985,2524.1132913985,2524.1132913985,0
1970-01-01 00:00:00.000000141,,2600.050974107036,2600.050974107036,2600.050974107036,2600.050974107036,2600.050974107036,0
1970-01-01 00:00:00.000000142,,2591.478073530437,2591.478073530437,2591.478073530437,2591.478073530437,2591.478073530437,0
1970-01-01 00:00:00.000000143,,2586.4612330542,2586.4612330542,2586.4612330542,2586.4612330542,2586.4612330542,0
1970-01-01 00:00:00.000000144,,2612.1310123263825,2612.1310123263825,2612.1310123263825,2612.1310123263825,2612.1310123263825,0
1970-01-01 00:00:00.000000145,,2593.2393620081925,2593.2393620081925,2593.2393620081925,2593.2393620081925,2593.2393620081925,0
1970-01-01 00:00:00.000000146,,2570.629507570981,2570.629507570981,2570.629507570981,2570.629507570981,2570.629507570981,0
1970-01-01 00:00:00.000000147,,2560.79908171002,2560.79908171002,2560.79908171002,2560.79908171002,2560.79908171002,0
1970-01-01 00:00:00.000000148,,2583.4089453335787,2583.4089453335787,2583.4089453335787,2583.4089453335787,2583.4089453335787,0
1970-01-01 00:00:00.000000149,,2594.2714649771096,2594.2714649771096,2594.2714649771096,2594.2714649771096,2594.2714649771096,0
1970-01-01 00:00:00.000000150,,2590.290209773469,2590.290209773469,2590.290209773469,2590.290209773469,2590.290209773469,0
1970-01-01 00:00:00.000000151,,2595.3037821301805,2595.3037821301805,2595.3037821301805,2595.3037821301805,2595.3037821301805,0
1970-01-01 00:00:00.000000152,,2597.2207700100184,2597.2207700100184,2597.2207700100184,2597.2207700100184,2597.2207700100184,0
1970-01-01 00:00:00.000000153,,2592.256233943249,2592.256233943249,2592.256233943249,2592.256233943249,2592.256233943249,0
1970-01-01 00:00:00.000000154,,2623.7132496036984,2623.7132496036984,2623.7132496036984,2623.7132496036984,2623.7132496036984,0
1970-01-01 00:00:00.000000155,,2645.389354746101,2645.389354746101,2645.389354746101,2645.389354746101,2645.389354746101,0
1970-01-01 00:00:00.000000156,,2605.035773008495,2605.035773008495,2605.035773008495,2605.035773008495,2605.035773008495,0
1970-01-01 00:00:00.000000157,,2597.0241168644384,2597.0241168644384,2597.0241168644384,2597.0241168644384,2597.0241168644384,0
1970-01-01 00:00:00.000000158,,2622.730127187712,2622.730127187712,2622.730127187712,2622.730127187712,2622.730127187712,0
1970-01-01 00:00:00.000000159,,2643.914664535535,2643.914664535535,2643.914664535535,2643.914664535535,2643.914664535535,0
1970-01-01 00:00:00.000000160,,2700.8813963683565,2700.8813963683565,2700.8813963683565,2700.8813963683565,2700.8813963683565,0
1970-01-01 00:00:00.000000161,,2632.0200312859306,2632.0200312859306,2632.0200312859306,2632.0200312859306,2632.0200312859306,0
1970-01-01 00:00:00.000000162,,2608.52565307271,2608.52565307271,2608.52565307271,2608.52565307271,2608.52565307271,0
1970-01-01 00:00:00.000000163,,2664.017825916,2664.017825916,2664.017825916,2664.017825916,2664.017825916,0
1970-01-01 00:00:00.000000164,,2676.7479214154737,2676.7479214154737,2676.7479214154737,2676.7479214154737,2676.7479214154737,0
1970-01-01 00:00:00.000000165,,2673.848060826761,2673.848060826761,2673.848060826761,2673.848060826761,2673.848060826761,0
1970-01-01 00:00:00.000000166,,2664.017568257907,2664.017568257907,2664.017568257907,2664.017568257907,2664.017568257907,0
1970-01-01 00:00:00.000000167,,2686.627433729209,2686.627433729209,2686.627433729209,2686.627433729209,2686.627433729209,0
1970-01-01 00:00:00.000000168,,2674.3394206427047,2674.3394206427047,2674.3394206427047,2674.3394206427047,2674.3394206427047,0
1970-01-01 00:00:00.000000169,,2693.508612317878,2693.508612317878,2693.508612317878,2693.508612317878,2693.508612317878,0
1970-01-01 00:00:00.000000170,,2686.6274955497342,2686.6274955497342,2686.6274955497342,2686.6274955497342,2686.6274955497342,0
1970-01-01 00:00:00.000000171,,2838.9976065536307,2838.9976065536307,2838.9976065536307,2838.9976065536307,2838.9976065536307,0
1970-01-01 00:00:00.000000172,,2855.709082930629,2855.709082930629,2855.709082930629,2855.709082930629,2855.709082930629,0
1970-01-01 00:00:00.000000173,,2901.5184948693486,2901.5184948693486,2901.5184948693486,2901.5184948693486,2901.5184948693486,0
1970-01-01 00:00:00.000000174,,2893.5556370174218,2893.5556370174218,2893.5556370174218,2893.5556370174218,2893.5556370174218,0
1970-01-01 00:00:00.000000175,,2875.271036401324,2875.271036401324,2875.271036401324,2875.271036401324,2875.271036401324,0
1970-01-01 00:00:00.000000176,,2883.233822929619,2883.233822929619,2883.233822929619,2883.233822929619,2883.233822929619,0
1970-01-01 00:00:00.000000177,,2860.62392085558,2860.62392085558,2860.62392085558,2860.62392085558,2860.62392085558,0
1970-01-01 00:00:00.000000178,,2877.2863747995616,2877.2863747995616,2877.2863747995616,2877.2863747995616,2877.2863747995616,0
1970-01-01 00:00:00.000000179,,2836.097375315198,2836.097375315198,2836.097375315198,2836.097375315198,2836.097375315198,0
1970-01-01 00:00:00.000000180,,2859.3462152141647,2859.3462152141647,2859.3462152141647,2859.3462152141647,2859.3462152141647,0
1970-01-01 00:00:00.000000181,,2868.439267018743,2868.439267018743,2868.439267018743,2868.439267018743,2868.439267018743,0
1970-01-01 00:00:00.000000182,,2865.5394849287145,2865.5394849287145,2865.5394849287145,2865.5394849287145,2865.5394849287145,0
1970-01-01 00:00:00.000000183,,2872.42040141311,2872.42040141311,2872.42040141311,2872.42040141311,2872.42040141311,0
1970-01-01 00:00:00.000000184,,2938.283567632631,2938.283567632631,2938.283567632631,2938.283567632631,2938.283567632631,0
1970-01-01 00:00:00.000000185,,2988.418393016862,2988.418393016862,2988.418393016862,2988.418393016862,2988.418393016862,0
1970-01-01 00:00:00.000000186,,2988.909937748808,2988.909937748808,2988.909937748808,2988.909937748808,2988.909937748808,0
1970-01-01 00:00:00.000000187,,3012.109542900896,3012.109542900896,3012.109542900896,3012.109542900896,3012.109542900896,0
1970-01-01 00:00:00.000000188,,2981.0947801948587,2981.0947801948587,2981.0947801948587,2981.0947801948587,2981.0947801948587,0
1970-01-01 00:00:00.000000189,,3062.0967138048354,3062.0967138048354,3062.0967138048354,3062.0967138048354,3062.0967138048354,0
1970-01-01 00:00:00.000000190,,3022.8242545579947,3022.8242545579947,3022.8242545579947,3022.8242545579947,3022.8242545579947,0
1970-01-01 00:00:00.000000191,,3021.694193558358,3021.694193558358,3021.694193558358,3021.694193558358,3021.694193558358,0
1970-01-01 00:00:00.000000192,,3037.5699822508573,3037.5699822508573,3037.5699822508573,3037.5699822508573,3037.5699822508573,0
1970-01-01 00:00:00.000000193,,3041.502107289892,3041.502107289892,3041.502107289892,3041.502107289892,3041.502107289892,0
1970-01-01 00:00:00.000000194,,3015.6974055792325,3015.6974055792325,3015.6974055792325,3015.6974055792325,3015.6974055792325,0
1970-01-01 00:00:00.000000195,,3046.3681688631154,3046.3681688631154,3046.3681688631154,3046.3681688631154,3046.3681688631154,0
1970-01-01 00:00:00.000000196,,3057.1322843100943,3057.1322843100943,3057.1322843100943,3057.1322843100943,3057.1322843100943,0
1970-01-01 00:00:00.000000197,,3016.5820428973298,3016.5820428973298,3016.5820428973298,3016.5820428973298,3016.5820428973298,0
1970-01-01 00:00:00.000000198,,2974.262834354896,2974.262834354896,2974.262834354896,2974.262834354896,2974.262834354896,0
1970-01-01 00:00:00.000000199,,2988.369097261428,2988.369097261428,2988.369097261428,2988.369097261428,2988.369097261428,0
1970-01-01 00:00:00.000000200,,2952.046235692957,2952.046235692957,2952.046235692957,2952.046235692957,2952.046235692957,0
1970-01-01 00:00:00.000000201,,2908.7925954254843,2908.7925954254843,2908.7925954254843,2908.7925954254843,2908.7925954254843,0
1970-01-01 00:00:00.000000202,,2856.6920731088903,2856.6920731088903,2856.6920731088903,2856.6920731088903,2856.6920731088903,0
1970-01-01 00:00:00.000000203,,2816.0436642510904,2816.0436642510904,2816.0436642510904,2816.0436642510904,2816.0436642510904,0
1970-01-01 00:00:00.000000204,,2850.007305377096,2850.007305377096,2850.007305377096,2850.007305377096,2850.007305377096,0
1970-01-01 00:00:00.000000205,,2880.235707371812,2880.235707371812,2880.235707371812,2880.235707371812,2880.235707371812,0
1970-01-01 00:00:00.000000206,,2897.438624551836,2897.438624551836,2897.438624551836,2897.438624551836,2897.438624551836,0
1970-01-01 00:00:00.000000207,,2885.1998199043587,2885.1998199043587,2885.1998199043587,2885.1998199043587,2885.1998199043587,0
1970-01-01 00:00:00.000000208,,2884.2167680267817,2884.2167680267817,2884.2167680267817,2884.2167680267817,2884.2167680267817,0
1970-01-01 00:00:00.000000209,,2883.233946858254,2883.233946858254,2883.233946858254,2883.233946858254,2883.233946858254,0
1970-01-01 00:00:00.000000210,,2919.6060442797034,2919.6060442797034,2919.6060442797034,2919.6060442797034,2919.6060442797034,0
1970-01-01 00:00:00.000000211,,2924.226224553206,2924.226224553206,2924.226224553206,2924.226224553206,2924.226224553206,0
1970-01-01 00:00:00.000000212,,2952.0460385675747,2952.0460385675747,2952.0460385675747,2952.0460385675747,2952.0460385675747,0
1970-01-01 00:00:00.000000213,,2969.790011978774,2969.790011978774,2969.790011978774,2969.790011978774,2969.790011978774,0
1970-01-01 00:00:00.000000214,,2998.248718471943,2998.248718471943,2998.248718471943,2998.248718471943,2998.248718471943,0
1970-01-01 00:00:00.000000215,,3010.389328150513,3010.389328150513,3010.389328150513,3010.389328150513,3010.389328150513,0
1970-01-01 00:00:00.000000216,,3006.0638185745934,3006.0638185745934,3006.0638185745934,3006.0638185745934,3006.0638185745934,0
1970-01-01 00:00:00.000000217,,2998.248650276918,2998.248650276918,2998.248650276918,2998.248650276918,2998.248650276918,0
1970-01-01 00:00:00.000000218,,3042.5835326847646,3042.5835326847646,3042.5835326847646,3042.5835326847646,3042.5835326847646,0
1970-01-01 00:00:00.000000219,,3036.09554224331,3036.09554224331,3036.09554224331,3036.09554224331,3036.09554224331,0
1970-01-01 00:00:00.000000220,,3022.677189239935,3022.677189239935,3022.677189239935,3022.677189239935,3022.677189239935,0
1970-01-01 00:00:00.000000221,,3027.739669684493,3027.739669684493,3027.739669684493,3027.739669684493,3027.739669684493,0
1970-01-01 00:00:00.000000222,,2998.248626241866,2998.248626241866,2998.248626241866,2998.248626241866,2998.248626241866,0
1970-01-01 00:00:00.000000223,,3002.180908843494,3002.180908843494,3002.180908843494,3002.180908843494,3002.180908843494,0
1970-01-01 00:00:00.000000224,,2998.2486834021583,2998.2486834021583,2998.2486834021583,2998.2486834021583,2998.2486834021583,0
1970-01-01 00:00:00.000000225,,3024.1024239342632,3024.1024239342632,3024.1024239342632,3024.1024239342632,3024.1024239342632,0
1970-01-01 00:00:00.000000226,,3076.8419493120086,3076.8419493120086,3076.8419493120086,3076.8419493120086,3076.8419493120086,0
1970-01-01 00:00:00.000000227,,3229.2612825931287,3229.2612825931287,3229.2612825931287,3229.2612825931287,3229.2612825931287,0
1970-01-01 00:00:00.000000228,,3262.733592562646,3262.733592562646,3262.733592562646,3262.733592562646,3262.733592562646,0
1970-01-01 00:00:00.000000229,,3273.4977586317705,3273.4977586317705,3273.4977586317705,3273.4977586317705,3273.4977586317705,0
1970-01-01 00:00:00.000000230,,3334.7408148264217,3334.7408148264217,3334.7408148264217,3334.7408148264217,3334.7408148264217,0
1970-01-01 00:00:00.000000231,,3319.7003834549623,3319.7003834549623,3319.7003834549623,3319.7003834549623,3319.7003834549623,0
1970-01-01 00:00:00.000000232,,3320.6341740503703,3320.6341740503703,3320.6341740503703,3320.6341740503703,3320.6341740503703,0
1970-01-01 00:00:00.000000233,,3317.734206714598,3317.734206714598,3317.734206714598,3317.734206714598,3317.734206714598,0
1970-01-01 00:00:00.000000234,,3296.058362500444,3296.058362500444,3296.058362500444,3296.058362500444,3296.058362500444,0
1970-01-01 00:00:00.000000235,,3367.819807144505,3367.819807144505,3367.819807144505,3367.819807144505,3367.819807144505,0
1970-01-01 00:00:00.000000236,,3376.8635379597545,3376.8635379597545,3376.8635379597545,3376.8635379597545,3376.8635379597545,0
1970-01-01 00:00:00.000000237,,3436.681203507805,3436.681203507805,3436.681203507805,3436.681203507805,3436.681203507805,0
1970-01-01 00:00:00.000000238,,3429.750731011291,3429.750731011291,3429.750731011291,3429.750731011291,3429.750731011291,0
1970-01-01 00:00:00.000000239,,3445.528392158476,3445.528392158476,3445.528392158476,3445.528392158476,3445.528392158476,0
1970-01-01 00:00:00.000000240,,3332.529032162412,3332.529032162412,3332.529032162412,3332.529032162412,3332.529032162412,0
1970-01-01 00:00:00.000000241,,3365.90270947346,3365.90270947346,3365.90270947346,3365.90270947346,3365.90270947346,0
1970-01-01 00:00:00.000000242,,3418.937244057978,3418.937244057978,3418.937244057978,3418.937244057978,3418.937244057978,0
1970-01-01 00:00:00.000000243,,3450.443598831212,3450.443598831212,3450.443598831212,3450.443598831212,3450.443598831212,0
1970-01-01 00:00:00.000000244,,3484.8498528757905,3484.8498528757905,3484.8498528757905,3484.8498528757905,3484.8498528757905,0
1970-01-01 00:00:00.000000245,,3471.0872809658385,3471.0872809658385,3471.0872809658385,3471.0872809658385,3471.0872809658385,0
1970-01-01 00:00:00.000000246,,3477.968451638937,3477.968451638937,3477.968451638937,3477.968451638937,3477.968451638937,0
1970-01-01 00:00:00.000000247,,3465.2382880568675,3465.2382880568675,3465.2382880568675,3465.2382880568675,3465.2382880568675,0
1970-01-01 00:00:00.000000248,,3374.749958237751,3374.749958237751,3374.749958237751,3374.749958237751,3374.749958237751,0
1970-01-01 00:00:00.000000249,,3382.663491164596,3382.663491164596,3382.663491164596,3382.663491164596,3382.663491164596,0
1970-01-01 00:00:00.000000250,,3406.1579561931667,3406.1579561931667,3406.1579561931667,3406.1579561931667,3406.1579561931667,0
1970-01-01 00:00:00.000000251,,3479.9344416438303,3479.9344416438303,3479.9344416438303,3479.9344416438303,3479.9344416438303,0
1970-01-01 00:00:00.000000252,,3467.597348096857,3467.597348096857,3467.597348096857,3467.597348096857,3467.597348096857,0
1970-01-01 00:00:00.000000253,,3489.715754691779,3489.715754691779,3489.715754691779,3489.715754691779,3489.715754691779,0
1970-01-01 00:00:00.000000254,,3485.3410264487006,3485.3410264487006,3485.3410264487006,3485.3410264487006,3485.3410264487006,0
1970-01-01 00:00:00.000000255,,3445.5775381734243,3445.5775381734243,3445.5775381734243,3445.5775381734243,3445.5775381734243,0
1970-01-01 00:00:00.000000256,,3515.4221289211832,3515.4221289211832,3515.4221289211832,3515.4221289211832,3515.4221289211832,0
1970-01-01 00:00:00.000000257,,3487.798642841839,3487.798642841839,3487.798642841839,3487.798642841839,3487.798642841839,0
1970-01-01 00:00:00.000000258,,3494.680056781437,3494.680056781437,3494.680056781437,3494.680056781437,3494.680056781437,0
1970-01-01 00:00:00.000000259,,3510.2120074684813,3510.2120074684813,3510.2120074684813,3510.2120074684813,3510.2120074684813,0
1970-01-01 00:00:00.000000260,,3541.865594827272,3541.865594827272,3541.865594827272,3541.865594827272,3541.865594827272,0
1970-01-01 00:00:00.000000261,,3575.8784984849062,3575.8784984849062,3575.8784984849062,3575.8784984849062,3575.8784984849062,0
1970-01-01 00:00:00.000000262,,3509.425630807157,3509.425630807157,3509.425630807157,3509.425630807157,3509.425630807157,0
1970-01-01 00:00:00.000000263,,3538.818049700548,3538.818049700548,3538.818049700548,3538.818049700548,3538.818049700548,0
1970-01-01 00:00:00.000000264,,3542.8483818243494,3542.8483818243494,3542.8483818243494,3542.8483818243494,3542.8483818243494,0
1970-01-01 00:00:00.000000265,,3652.8991419242775,3652.8991419242775,3652.8991419242775,3652.8991419242775,3652.8991419242775,0
1970-01-01 00:00:00.000000266,,3460.273838817444,3460.273838817444,3460.273838817444,3460.273838817444,3460.273838817444,0
1970-01-01 00:00:00.000000267,,3420.952648501876,3420.952648501876,3420.952648501876,3420.952648501876,3420.952648501876,0
1970-01-01 00:00:00.000000268,,3344.9640731096847,3344.9640731096847,3344.9640731096847,3344.9640731096847,3344.9640731096847,0
1970-01-01 00:00:00.000000269,,3318.2256814969937,3318.2256814969937,3318.2256814969937,3318.2256814969937,3318.2256814969937,0
1970-01-01 00:00:00.000000270,,3289.226158100314,3289.226158100314,3289.226158100314,3289.226158100314,3289.226158100314,0
1970-01-01 00:00:00.000000271,,3386.546428467918,3386.546428467918,3386.546428467918,3386.546428467918,3386.546428467918,0
1970-01-01 00:00:00.000000272,,3355.089551337529,3355.089551337529,3355.089551337529,3355.089551337529,3355.089551337529,0
1970-01-01 00:00:00.000000273,,3279.641811825158,3279.641811825158,3279.641811825158,3279.641811825158,3279.641811825158,0
1970-01-01 00:00:00.000000274,,3273.497740318375,3273.497740318375,3273.497740318375,3273.497740318375,3273.497740318375,0
1970-01-01 00:00:00.000000275,,3255.803282120277,3255.803282120277,3255.803282120277,3255.803282120277,3255.803282120277,0
1970-01-01 00:00:00.000000276,,3234.2255891152977,3234.2255891152977,3234.2255891152977,3234.2255891152977,3234.2255891152977,0
1970-01-01 00:00:00.000000277,,3252.854091376783,3252.854091376783,3252.854091376783,3252.854091376783,3252.854091376783,0
1970-01-01 00:00:00.000000278,,3248.872577202508,3248.872577202508,3248.872577202508,3248.872577202508,3248.872577202508,0
1970-01-01 00:00:00.000000279,,3342.8506792338067,3342.8506792338067,3342.8506792338067,3342.8506792338067,3342.8506792338067,0
1970-01-01 00:00:00.000000280,,3283.1807940708886,3283.1807940708886,3283.1807940708886,3283.1807940708886,3283.1807940708886,0
1970-01-01 00:00:00.000000281,,3299.941231179559,3299.941231179559,3299.941231179559,3299.941231179559,3299.941231179559,0
1970-01-01 00:00:00.000000282,,3253.83706031099,3253.83706031099,3253.83706031099,3253.83706031099,3253.83706031099,0
1970-01-01 00:00:00.000000283,,3306.675020932053,3306.675020932053,3306.675020932053,3306.675020932053,3306.675020932053,0
1970-01-01 00:00:00.000000284,,3342.3099095564894,3342.3099095564894,3342.3099095564894,3342.3099095564894,3342.3099095564894,0
1970-01-01 00:00:00.000000285,,3416.0372949709936,3416.0372949709936,3416.0372949709936,3416.0372949709936,3416.0372949709936,0
1970-01-01 00:00:00.000000286,,3445.528175194786,3445.528175194786,3445.528175194786,3445.528175194786,3445.528175194786,0
1970-01-01 00:00:00.000000287,,3425.867732445384,3425.867732445384,3425.867732445384,3425.867732445384,3425.867732445384,0
1970-01-01 00:00:00.000000288,,3442.2349942450974,3442.2349942450974,3442.2349942450974,3442.2349942450974,3442.2349942450974,0
1970-01-01 00:00:00.000000289,,3607.728829963852,3607.728829963852,3607.728829963852,3607.728829963852,3607.728829963852,0
1970-01-01 00:00:00.000000290,,3569.586991935605,3569.586991935605,3569.586991935605,3569.586991935605,3569.586991935605,0
1970-01-01 00:00:00.000000291,,3556.6110556652293,3556.6110556652293,3556.6110556652293,3556.6110556652293,3556.6110556652293,0
1970-01-01 00:00:00.000000292,,3598.6354717054296,3598.6354717054296,3598.6354717054296,3598.6354717054296,3598.6354717054296,0
1970-01-01 00:00:00.000000293,,3637.219909900135,3637.219909900135,3637.219909900135,3637.219909900135,3637.219909900135,0
1970-01-01 00:00:00.000000294,,3577.3038813071857,3577.3038813071857,3577.3038813071857,3577.3038813071857,3577.3038813071857,0
1970-01-01 00:00:00.000000295,,3573.2243031876847,3573.2243031876847,3573.2243031876847,3573.2243031876847,3573.2243031876847,0
1970-01-01 00:00:00.000000296,,3467.204315321638,3467.204315321638,3467.204315321638,3467.204315321638,3467.204315321638,0
1970-01-01 00:00:00.000000297,,3536.950427542037,3536.950427542037,3536.950427542037,3536.950427542037,3536.950427542037,0
1970-01-01 00:00:00.000000298,,3477.132682851996,3477.132682851996,3477.132682851996,3477.132682851996,3477.132682851996,0
1970-01-01 00:00:00.000000299,,3480.9176442134026,3480.9176442134026,3480.9176442134026,3480.9176442134026,3480.9176442134026,0
1970-01-01 00:00:00.000000300,,3443.3166546278585,3443.3166546278585,3443.3166546278585,3443.3166546278585,3443.3166546278585,0
1970-01-01 00:00:00.000000301,,3465.3364409688484,3465.3364409688484,3465.3364409688484,3465.3364409688484,3465.3364409688484,0
1970-01-01 00:00:00.000000302,,3486.0293371969537,3486.0293371969537,3486.0293371969537,3486.0293371969537,3486.0293371969537,0
1970-01-01 00:00:00.000000303,,3543.831646015062,3543.831646015062,3543.831646015062,3543.831646015062,3543.831646015062,0
1970-01-01 00:00:00.000000304,,3620.508368061104,3620.508368061104,3620.508368061104,3620.508368061104,3620.508368061104,0
1970-01-01 00:00:00.000000305,,3643.658638595526,3643.658638595526,3643.658638595526,3643.658638595526,3643.658638595526,0
1970-01-01 00:00:00.000000306,,3716.697970808546,3716.697970808546,3716.697970808546,3716.697970808546,3716.697970808546,0
1970-01-01 00:00:00.000000307,,3784.478079921172,3784.478079921172,3784.478079921172,3784.478079921172,3784.478079921172,0
1970-01-01 00:00:00.000000308,,3735.2280603905615,3735.2280603905615,3735.2280603905615,3735.2280603905615,3735.2280603905615,0
1970-01-01 00:00:00.000000309,,3740.339609743757,3740.339609743757,3740.339609743757,3740.339609743757,3740.339609743757,0
1970-01-01 00:00:00.000000310,,3706.130251588917,3706.130251588917,3706.130251588917,3706.130251588917,3706.130251588917,0
1970-01-01 00:00:00.000000311,,3681.45630839201,3681.45630839201,3681.45630839201,3681.45630839201,3681.45630839201,0
1970-01-01 00:00:00.000000312,,3755.1838138167886,3755.1838138167886,3755.1838138167886,3755.1838138167886,3755.1838138167886,0
1970-01-01 00:00:00.000000313,,3735.522806157532,3735.522806157532,3735.522806157532,3735.522806157532,3735.522806157532,0
1970-01-01 00:00:00.000000314,,3686.322116558421,3686.322116558421,3686.322116558421,3686.322116558421,3686.322116558421,0
1970-01-01 00:00:00.000000315,,3564.52444732508,3564.52444732508,3564.52444732508,3564.52444732508,3564.52444732508,0
1970-01-01 00:00:00.000000316,,3519.3050076932896,3519.3050076932896,3519.3050076932896,3519.3050076932896,3519.3050076932896,0
1970-01-01 00:00:00.000000317,,3501.5120864898577,3501.5120864898577,3501.5120864898577,3501.5120864898577,3501.5120864898577,0
1970-01-01 00:00:00.000000318,,3465.188924390691,3465.188924390691,3465.188924390691,3465.188924390691,3465.188924390691,0
1970-01-01 00:00:00.000000319,,3508.1966556579137,3508.1966556579137,3508.1966556579137,3508.1966556579137,3508.1966556579137,0
1970-01-01 00:00:00.000000320,,3571.1106694558407,3571.1106694558407,3571.1106694558407,3571.1106694558407,3571.1106694558407,0
1970-01-01 00:00:00.000000321,,3555.1855097527296,3555.1855097527296,3555.1855097527296,3555.1855097527296,3555.1855097527296,0
1970-01-01 00:00:00.000000322,,3554.7433784756945,3554.7433784756945,3554.7433784756945,3554.7433784756945,3554.7433784756945,0
1970-01-01 00:00:00.000000323,,3590.0342841106994,3590.0342841106994,3590.0342841106994,3590.0342841106994,3590.0342841106994,0
1970-01-01 00:00:00.000000324,,3544.913057183897,3544.913057183897,3544.913057183897,3544.913057183897,3544.913057183897,0
1970-01-01 00:00:00.000000325,,3577.254730576903,3577.254730576903,3577.254730576903,3577.254730576903,3577.254730576903,0
1970-01-01 00:00:00.000000326,,3529.1354408445814,3529.1354408445814,3529.1354408445814,3529.1354408445814,3529.1354408445814,0
1970-01-01 00:00:00.000000327,,3548.7468675840228,3548.7468675840228,3548.7468675840228,3548.7468675840228,3548.7468675840228,0
1970-01-01 00:00:00.000000328,,3463.026560163976,3463.026560163976,3463.026560163976,3463.026560163976,3463.026560163976,0
1970-01-01 00:00:00.000000329,,3420.362883628184,3420.362883628184,3420.362883628184,3420.362883628184,3420.362883628184,0
1970-01-01 00:00:00.000000330,,3370.818004699296,3370.818004699296,3370.818004699296,3370.818004699296,3370.818004699296,0
1970-01-01 00:00:00.000000331,,3256.5404459914744,3256.5404459914744,3256.5404459914744,3256.5404459914744,3256.5404459914744,0
1970-01-01 00:00:00.000000332,,3225.919084549805,3225.919084549805,3225.919084549805,3225.919084549805,3225.919084549805,0
1970-01-01 00:00:00.000000333,,3211.615866827031,3211.615866827031,3211.615866827031,3211.615866827031,3211.615866827031,0
1970-01-01 00:00:00.000000334,,3244.006770008901,3244.006770008901,3244.006770008901,3244.006770008901,3244.006770008901,0
1970-01-01 00:00:00.000000335,,3332.479576402101,3332.479576402101,3332.479576402101,3332.479576402101,3332.479576402101,0
1970-01-01 00:00:00.000000336,,3370.768718156894,3370.768718156894,3370.768718156894,3370.768718156894,3370.768718156894,0
1970-01-01 00:00:00.000000337,,3416.9713425077857,3416.9713425077857,3416.9713425077857,3416.9713425077857,3416.9713425077857,0
1970-01-01 00:00:00.000000338,,3399.3259354549778,3399.3259354549778,3399.3259354549778,3399.3259354549778,3399.3259354549778,0
1970-01-01 00:00:00.000000339,,3391.510887914321,3391.510887914321,3391.510887914321,3391.510887914321,3391.510887914321,0
1970-01-01 00:00:00.000000340,,3402.1764416734054,3402.1764416734054,3402.1764416734054,3402.1764416734054,3402.1764416734054,0
1970-01-01 00:00:00.000000341,,3525.1540577951887,3525.1540577951887,3525.1540577951887,3525.1540577951887,3525.1540577951887,0
1970-01-01 00:00:00.000000342,,3583.05431026439,3583.05431026439,3583.05431026439,3583.05431026439,3583.05431026439,0
1970-01-01 00:00:00.000000343,,3590.0341536601704,3590.0341536601704,3590.0341536601704,3590.0341536601704,3590.0341536601704,0
1970-01-01 00:00:00.000000344,,3549.7297590075214,3549.7297590075214,3549.7297590075214,3549.7297590075214,3549.7297590075214,0
1970-01-01 00:00:00.000000345,,3564.524454173408,3564.524454173408,3564.524454173408,3564.524454173408,3564.524454173408,0
1970-01-01 00:00:00.000000346,,3574.6988620799234,3574.6988620799234,3574.6988620799234,3574.6988620799234,3574.6988620799234,0
1970-01-01 00:00:00.000000347,,3789.9828135864914,3789.9828135864914,3789.9828135864914,3789.9828135864914,3789.9828135864914,0
1970-01-01 00:00:00.000000348,,3786.6405226526304,3786.6405226526304,3786.6405226526304,3786.6405226526304,3786.6405226526304,0
1970-01-01 00:00:00.000000349,,3383.106023885246,3383.106023885246,3383.106023885246,3383.106023885246,3383.106023885246,0
1970-01-01 00:00:00.000000350,,3379.6653320036944,3379.6653320036944,3379.6653320036944,3379.6653320036944,3379.6653320036944,0
1970-01-01 00:00:00.000000351,,3406.25628373822,3406.25628373822,3406.25628373822,3406.25628373822,3406.25628373822,0
1970-01-01 00:00:00.000000352,,3461.3060635247307,3461.3060635247307,3461.3060635247307,3461.3060635247307,3461.3060635247307,0
1970-01-01 00:00:00.000000353,,3509.4254476256383,3509.4254476256383,3509.4254476256383,3509.4254476256383,3509.4254476256383,0
1970-01-01 00:00:00.000000354,,3553.661949605066,3553.661949605066,3553.661949605066,3553.661949605066,3553.661949605066,0
1970-01-01 00:00:00.000000355,,3603.305029548159,3603.305029548159,3603.305029548159,3603.305029548159,3603.305029548159,0
1970-01-01 00:00:00.000000356,,3654.914336088517,3654.914336088517,3654.914336088517,3654.914336088517,3654.914336088517,0
1970-01-01 00:00:00.000000357,,3645.083838799685,3645.083838799685,3645.083838799685,3645.083838799685,3645.083838799685,0
1970-01-01 00:00:00.000000358,,3627.3895487993927,3627.3895487993927,3627.3895487993927,3627.3895487993927,3627.3895487993927,0
1970-01-01 00:00:00.000000359,,3551.8243540135686,3551.8243540135686,3551.8243540135686,3551.8243540135686,3551.8243540135686,0
1970-01-01 00:00:00.000000360,,3570.7481998456587,3570.7481998456587,3570.7481998456587,3570.7481998456587,3570.7481998456587,0
1970-01-01 00:00:00.000000361,,3487.821481155492,3487.821481155492,3487.821481155492,3487.821481155492,3487.821481155492,0
1970-01-01 00:00:00.000000362,,3523.6373620686804,3523.6373620686804,3523.6373620686804,3523.6373620686804,3523.6373620686804,0
1970-01-01 00:00:00.000000363,,3567.7262697674155,3567.7262697674155,3567.7262697674155,3567.7262697674155,3567.7262697674155,0
1970-01-01 00:00:00.000000364,,3564.209017285815,3564.209017285815,3564.209017285815,3564.209017285815,3564.209017285815,0
1970-01-01 00:00:00.000000365,,3507.289749024576,3507.289749024576,3507.289749024576,3507.289749024576,3507.289749024576,0
1970-01-01 00:00:00.000000366,,3502.5340870656305,3502.5340870656305,3502.5340870656305,3502.5340870656305,3502.5340870656305,0
1970-01-01 00:00:00.000000367,,3502.385541573321,3502.385541573321,3502.385541573321,3502.385541573321,3502.385541573321,0
1970-01-01 00:00:00.000000368,,3616.6202346651207,3616.6202346651207,3616.6202346651207,3616.6202346651207,3616.6202346651207,0
1970-01-01 00:00:00.000000369,,3582.686796593475,3582.686796593475,3582.686796593475,3582.686796593475,3582.686796593475,0
1970-01-01 00:00:00.000000370,,3540.2822482724014,3540.2822482724014,3540.2822482724014,3540.2822482724014,3540.2822482724014,0
1970-01-01 00:00:00.000000371,,3606.464948630707,3606.464948630707,3606.464948630707,3606.464948630707,3606.464948630707,0
1970-01-01 00:00:00.000000372,,3616.273522866348,3616.273522866348,3616.273522866348,3616.273522866348,3616.273522866348,0
1970-01-01 00:00:00.000000373,,3650.999592405431,3650.999592405431,3650.999592405431,3650.999592405431,3650.999592405431,0
1970-01-01 00:00:00.000000374,,3626.181086791514,3626.181086791514,3626.181086791514,3626.181086791514,3626.181086791514,0
1970-01-01 00:00:00.000000375,,3596.45833837869,3596.45833837869,3596.45833837869,3596.45833837869,3596.45833837869,0
1970-01-01 00:00:00.000000376,,3636.0885264472968,3636.0885264472968,3636.0885264472968,3636.0885264472968,3636.0885264472968,0
1970-01-01 00:00:00.000000377,,3612.4095587798215,3612.4095587798215,3612.4095587798215,3612.4095587798215,3612.4095587798215,0
1970-01-01 00:00:00.000000378,,3606.3657548731135,3606.3657548731135,3606.3657548731135,3606.3657548731135,3606.3657548731135,0
1970-01-01 00:00:00.000000379,,3617.264147674278,3617.264147674278,3617.264147674278,3617.264147674278,3617.264147674278,0
1970-01-01 00:00:00.000000380,,3584.469920006228,3584.469920006228,3584.469920006228,3584.469920006228,3584.469920006228,0
1970-01-01 00:00:00.000000381,,3635.692415852077,3635.692415852077,3635.692415852077,3635.692415852077,3635.692415852077,0
1970-01-01 00:00:00.000000382,,3516.206689291588,3516.206689291588,3516.206689291588,3516.206689291588,3516.206689291588,0
1970-01-01 00:00:00.000000383,,3506.2991890603626,3506.2991890603626,3506.2991890603626,3506.2991890603626,3506.2991890603626,0
1970-01-01 00:00:00.000000384,,3595.4673944643587,3595.4673944643587,3595.4673944643587,3595.4673944643587,3595.4673944643587,0
1970-01-01 00:00:00.000000385,,3666.802205120295,3666.802205120295,3666.802205120295,3666.802205120295,3666.802205120295,0
1970-01-01 00:00:00.000000386,,3739.969946119707,3739.969946119707,3739.969946119707,3739.969946119707,3739.969946119707,0
1970-01-01 00:00:00.000000387,,3742.1494918483113,3742.1494918483113,3742.1494918483113,3742.1494918483113,3742.1494918483113,0
1970-01-01 00:00:00.000000388,,3774.7949404176857,3774.7949404176857,3774.7949404176857,3774.7949404176857,3774.7949404176857,0
1970-01-01 00:00:00.000000389,,3695.881139197811,3695.881139197811,3695.881139197811,3695.881139197811,3695.881139197811,0
1970-01-01 00:00:00.000000390,,3563.7630621462454,3563.7630621462454,3563.7630621462454,3563.7630621462454,3563.7630621462454,0
1970-01-01 00:00:00.000000391,,3515.215894468333,3515.215894468333,3515.215894468333,3515.215894468333,3515.215894468333,0
1970-01-01 00:00:00.000000392,,3596.458311189059,3596.458311189059,3596.458311189059,3596.458311189059,3596.458311189059,0
1970-01-01 00:00:00.000000393,,3587.5413009561235,3587.5413009561235,3587.5413009561235,3587.5413009561235,3587.5413009561235,0
1970-01-01 00:00:00.000000394,,3566.7353789703648,3566.7353789703648,3566.7353789703648,3566.7353789703648,3566.7353789703648,0
1970-01-01 00:00:00.000000395,,3545.9294853625324,3545.9294853625324,3545.9294853625324,3545.9294853625324,3545.9294853625324,0
1970-01-01 00:00:00.000000396,,3546.920337007265,3546.920337007265,3546.920337007265,3546.920337007265,3546.920337007265,0
1970-01-01 00:00:00.000000397,,3526.0645978570737,3526.0645978570737,3526.0645978570737,3526.0645978570737,3526.0645978570737,0
1970-01-01 00:00:00.000000398,,3544.938665275676,3544.938665275676,3544.938665275676,3544.938665275676,3544.938665275676,0
1970-01-01 00:00:00.000000399,,3566.587018331604,3566.587018331604,3566.587018331604,3566.587018331604,3566.587018331604,0
1970-01-01 00:00:00.000000400,,3529.086661893691,3529.086661893691,3529.086661893691,3529.086661893691,3529.086661893691,0
1970-01-01 00:00:00.000000401,,3556.827875990509,3556.827875990509,3556.827875990509,3556.827875990509,3556.827875990509,0
1970-01-01 00:00:00.000000402,,3573.7202592470203,3573.7202592470203,3573.7202592470203,3573.7202592470203,3573.7202592470203,0
1970-01-01 00:00:00.000000403,,3573.1753203821986,3573.1753203821986,3573.1753203821986,3573.1753203821986,3573.1753203821986,0
1970-01-01 00:00:00.000000404,,3577.633907640444,3577.633907640444,3577.633907640444,3577.633907640444,3577.633907640444,0
1970-01-01 00:00:00.000000405,,3608.991152703212,3608.991152703212,3608.991152703212,3608.991152703212,3608.991152703212,0
1970-01-01 00:00:00.000000406,,3670.7652176002025,3670.7652176002025,3670.7652176002025,3670.7652176002025,3670.7652176002025,0
1970-01-01 00:00:00.000000407,,3656.399211932385,3656.399211932385,3656.399211932385,3656.399211932385,3656.399211932385,0
1970-01-01 00:00:00.000000408,,3683.992060763176,3683.992060763176,3683.992060763176,3683.992060763176,3683.992060763176,0
1970-01-01 00:00:00.000000409,,3671.755930308264,3671.755930308264,3671.755930308264,3671.755930308264,3671.755930308264,0
1970-01-01 00:00:00.000000410,,3659.8171817795615,3659.8171817795615,3659.8171817795615,3659.8171817795615,3659.8171817795615,0
1970-01-01 00:00:00.000000411,,3616.2735058407375,3616.2735058407375,3616.2735058407375,3616.2735058407375,3616.2735058407375,0
1970-01-01 00:00:00.000000412,,3634.107024290044,3634.107024290044,3634.107024290044,3634.107024290044,3634.107024290044,0
1970-01-01 00:00:00.000000413,,3581.6960064328896,3581.6960064328896,3581.6960064328896,3581.6960064328896,3581.6960064328896,0
1970-01-01 00:00:00.000000414,,3550.883366854938,3550.883366854938,3550.883366854938,3550.883366854938,3550.883366854938,0
1970-01-01 00:00:00.000000415,,3551.8740229860086,3551.8740229860086,3551.8740229860086,3551.8740229860086,3551.8740229860086,0
1970-01-01 00:00:00.000000416,,3561.7817251150263,3561.7817251150263,3561.7817251150263,3561.7817251150263,3561.7817251150263,0
1970-01-01 00:00:00.000000417,,3525.12359528144,3525.12359528144,3525.12359528144,3525.12359528144,3525.12359528144,0
1970-01-01 00:00:00.000000418,,3588.5320727667454,3588.5320727667454,3588.5320727667454,3588.5320727667454,3588.5320727667454,0
1970-01-01 00:00:00.000000419,,3585.708311189913,3585.708311189913,3585.708311189913,3585.708311189913,3585.708311189913,0
1970-01-01 00:00:00.000000420,,3634.1070451471865,3634.1070451471865,3634.1070451471865,3634.1070451471865,3634.1070451471865,0
1970-01-01 00:00:00.000000421,,3654.913033658612,3654.913033658612,3654.913033658612,3654.913033658612,3654.913033658612,0
1970-01-01 00:00:00.000000422,,3715.349537576296,3715.349537576296,3715.349537576296,3715.349537576296,3715.349537576296,0
1970-01-01 00:00:00.000000423,,3665.811495555866,3665.811495555866,3665.811495555866,3665.811495555866,3665.811495555866,0
1970-01-01 00:00:00.000000424,,3764.8873219164702,3764.8873219164702,3764.8873219164702,3764.8873219164702,3764.8873219164702,0
1970-01-01 00:00:00.000000425,,3752.701076958316,3752.701076958316,3752.701076958316,3752.701076958316,3752.701076958316,0
1970-01-01 00:00:00.000000426,,3752.5525980290936,3752.5525980290936,3752.5525980290936,3752.5525980290936,3752.5525980290936,0
1970-01-01 00:00:00.000000427,,3765.878078680753,3765.878078680753,3765.878078680753,3765.878078680753,3765.878078680753,0
1970-01-01 00:00:00.000000428,,3703.460357923151,3703.460357923151,3703.460357923151,3703.460357923151,3703.460357923151,0
1970-01-01 00:00:00.000000429,,3664.820672368274,3664.820672368274,3664.820672368274,3664.820672368274,3664.820672368274,0
1970-01-01 00:00:00.000000430,,3633.116469278175,3633.116469278175,3633.116469278175,3633.116469278175,3633.116469278175,0
1970-01-01 00:00:00.000000431,,3549.397123794199,3549.397123794199,3549.397123794199,3549.397123794199,3549.397123794199,0
1970-01-01 00:00:00.000000432,,3482.5208261434614,3482.5208261434614,3482.5208261434614,3482.5208261434614,3482.5208261434614,0
1970-01-01 00:00:00.000000433,,3472.6132534846006,3472.6132534846006,3472.6132534846006,3472.6132534846006,3472.6132534846006,0
1970-01-01 00:00:00.000000434,,3460.6745819218163,3460.6745819218163,3460.6745819218163,3460.6745819218163,3460.6745819218163,0
1970-01-01 00:00:00.000000435,,3509.3208657946843,3509.3208657946843,3509.3208657946843,3509.3208657946843,3509.3208657946843,0
1970-01-01 00:00:00.000000436,,3482.5209061300893,3482.5209061300893,3482.5209061300893,3482.5209061300893,3482.5209061300893,0
1970-01-01 00:00:00.000000437,,3437.3422121277545,3437.3422121277545,3437.3422121277545,3437.3422121277545,3437.3422121277545,0
1970-01-01 00:00:00.000000438,,3477.5671471693995,3477.5671471693995,3477.5671471693995,3477.5671471693995,3477.5671471693995,0
1970-01-01 00:00:00.000000439,,3537.012684122755,3537.012684122755,3537.012684122755,3537.012684122755,3537.012684122755,0
1970-01-01 00:00:00.000000440,,3517.19737614145,3517.19737614145,3517.19737614145,3517.19737614145,3517.19737614145,0
1970-01-01 00:00:00.000000441,,3517.09841185004,3517.09841185004,3517.09841185004,3517.09841185004,3517.09841185004,0
1970-01-01 00:00:00.000000442,,3536.9631608978584,3536.9631608978584,3536.9631608978584,3536.9631608978584,3536.9631608978584,0
1970-01-01 00:00:00.000000443,,3546.920154115808,3546.920154115808,3546.920154115808,3546.920154115808,3546.920154115808,0
1970-01-01 00:00:00.000000444,,3551.874105562686,3551.874105562686,3551.874105562686,3551.874105562686,3551.874105562686,0
1970-01-01 00:00:00.000000445,,3468.699767124874,3468.699767124874,3468.699767124874,3468.699767124874,3468.699767124874,0
1970-01-01 00:00:00.000000446,,3412.1769780415616,3412.1769780415616,3412.1769780415616,3412.1769780415616,3412.1769780415616,0
1970-01-01 00:00:00.000000447,,3393.3525953226635,3393.3525953226635,3393.3525953226635,3393.3525953226635,3393.3525953226635,0
1970-01-01 00:00:00.000000448,,3285.3597705978486,3285.3597705978486,3285.3597705978486,3285.3597705978486,3285.3597705978486,0
1970-01-01 00:00:00.000000449,,3285.3596939840263,3285.3596939840263,3285.3596939840263,3285.3596939840263,3285.3596939840263,0
1970-01-01 00:00:00.000000450,,3348.7187203265817,3348.7187203265817,3348.7187203265817,3348.7187203265817,3348.7187203265817,0
1970-01-01 00:00:00.000000451,,3497.382165906032,3497.382165906032,3497.382165906032,3497.382165906032,3497.382165906032,0
1970-01-01 00:00:00.000000452,,3591.4548321093766,3591.4548321093766,3591.4548321093766,3591.4548321093766,3591.4548321093766,0
1970-01-01 00:00:00.000000453,,3591.454757579255,3591.454757579255,3591.454757579255,3591.454757579255,3591.454757579255,0
1970-01-01 00:00:00.000000454,,3523.141977250831,3523.141977250831,3523.141977250831,3523.141977250831,3523.141977250831,0
1970-01-01 00:00:00.000000455,,3560.7908358845502,3560.7908358845502,3560.7908358845502,3560.7908358845502,3560.7908358845502,0
1970-01-01 00:00:00.000000456,,3613.64812502655,3613.64812502655,3613.64812502655,3613.64812502655,3613.64812502655,0
1970-01-01 00:00:00.000000457,,3606.762005642167,3606.762005642167,3606.762005642167,3606.762005642167,3606.762005642167,0
1970-01-01 00:00:00.000000458,,3612.310527006271,3612.310527006271,3612.310527006271,3612.310527006271,3612.310527006271,0
1970-01-01 00:00:00.000000459,,3616.2734964993606,3616.2734964993606,3616.2734964993606,3616.2734964993606,3616.2734964993606,0
1970-01-01 00:00:00.000000460,,3551.8739595234183,3551.8739595234183,3551.8739595234183,3551.8739595234183,3551.8739595234183,0
1970-01-01 00:00:00.000000461,,3525.1236180654023,3525.1236180654023,3525.1236180654023,3525.1236180654023,3525.1236180654023,0
1970-01-01 00:00:00.000000462,,3488.5646204454893,3488.5646204454893,3488.5646204454893,3488.5646204454893,3488.5646204454893,0
1970-01-01 00:00:00.000000463,,3527.0059150429074,3527.0059150429074,3527.0059150429074,3527.0059150429074,3527.0059150429074,0
1970-01-01 00:00:00.000000464,,3497.3823457348035,3497.3823457348035,3497.3823457348035,3497.3823457348035,3497.3823457348035,0
1970-01-01 00:00:00.000000465,,3467.65948036631,3467.65948036631,3467.65948036631,3467.65948036631,3467.65948036631,0
1970-01-01 00:00:00.000000466,,3626.18110979966,3626.18110979966,3626.18110979966,3626.18110979966,3626.18110979966,0
1970-01-01 00:00:00.000000467,,3720.203996884119,3720.203996884119,3720.203996884119,3720.203996884119,3720.203996884119,0
1970-01-01 00:00:00.000000468,,3669.774513123046,3669.774513123046,3669.774513123046,3669.774513123046,3669.774513123046,0
1970-01-01 00:00:00.000000469,,3665.811542392949,3665.811542392949,3665.811542392949,3665.811542392949,3665.811542392949,0
1970-01-01 00:00:00.000000470,,3601.511214374312,3601.511214374312,3601.511214374312,3601.511214374312,3601.511214374312,0
1970-01-01 00:00:00.000000471,,3672.598150493629,3672.598150493629,3672.598150493629,3672.598150493629,3672.598150493629,0
1970-01-01 00:00:00.000000472,,3686.61739260098,3686.61739260098,3686.61739260098,3686.61739260098,3686.61739260098,0
1970-01-01 00:00:00.000000473,,3740.118390394391,3740.118390394391,3740.118390394391,3740.118390394391,3740.118390394391,0
1970-01-01 00:00:00.000000474,,3774.795072699305,3774.795072699305,3774.795072699305,3774.795072699305,3774.795072699305,0
1970-01-01 00:00:00.000000475,,3796.591629891723,3796.591629891723,3796.591629891723,3796.591629891723,3796.591629891723,0
1970-01-01 00:00:00.000000476,,3831.7637313714654,3831.7637313714654,3831.7637313714654,3831.7637313714654,3831.7637313714654,0
1970-01-01 00:00:00.000000477,,3918.455212081829,3918.455212081829,3918.455212081829,3918.455212081829,3918.455212081829,0
1970-01-01 00:00:00.000000478,,3886.899359956472,3886.899359956472,3886.899359956472,3886.899359956472,3886.899359956472,0
1970-01-01 00:00:00.000000479,,3893.686249656076,3893.686249656076,3893.686249656076,3893.686249656076,3893.686249656076,0
1970-01-01 00:00:00.000000480,,3823.342220588058,3823.342220588058,3823.342220588058,3823.342220588058,3823.342220588058,0
1970-01-01 00:00:00.000000481,,3846.129622907144,3846.129622907144,3846.129622907144,3846.129622907144,3846.129622907144,0
1970-01-01 00:00:00.000000482,,3827.354784853903,3827.354784853903,3827.354784853903,3827.354784853903,3827.354784853903,0
1970-01-01 00:00:00.000000483,,3772.020891790718,3772.020891790718,3772.020891790718,3772.020891790718,3772.020891790718,0
1970-01-01 00:00:00.000000484,,3667.941514543971,3667.941514543971,3667.941514543971,3667.941514543971,3667.941514543971,0
1970-01-01 00:00:00.000000485,,3682.010543293431,3682.010543293431,3682.010543293431,3682.010543293431,3682.010543293431,0
1970-01-01 00:00:00.000000486,,3636.0887444633295,3636.0887444633295,3636.0887444633295,3636.0887444633295,3636.0887444633295,0
1970-01-01 00:00:00.000000487,,3614.2423464556105,3614.2423464556105,3614.2423464556105,3614.2423464556105,3614.2423464556105,0
1970-01-01 00:00:00.000000488,,3624.199546468177,3624.199546468177,3624.199546468177,3624.199546468177,3624.199546468177,0
1970-01-01 00:00:00.000000489,,3598.836013241129,3598.836013241129,3598.836013241129,3598.836013241129,3598.836013241129,0
1970-01-01 00:00:00.000000490,,3574.562331818288,3574.562331818288,3574.562331818288,3574.562331818288,3574.562331818288,0
1970-01-01 00:00:00.000000491,,3529.6315728968502,3529.6315728968502,3529.6315728968502,3529.6315728968502,3529.6315728968502,0
1970-01-01 00:00:00.000000492,,3566.7355253067485,3566.7355253067485,3566.7355253067485,3566.7355253067485,3566.7355253067485,0
1970-01-01 00:00:00.000000493,,3642.627825225075,3642.627825225075,3642.627825225075,3642.627825225075,3642.627825225075,0
1970-01-01 00:00:00.000000494,,3673.7374314503086,3673.7374314503086,3673.7374314503086,3673.7374314503086,3673.7374314503086,0
1970-01-01 00:00:00.000000495,,3650.702274020346,3650.702274020346,3650.702274020346,3650.702274020346,3650.702274020346,0
1970-01-01 00:00:00.000000496,,3573.770038977811,3573.770038977811,3573.770038977811,3573.770038977811,3573.770038977811,0
1970-01-01 00:00:00.000000497,,3628.1626740164215,3628.1626740164215,3628.1626740164215,3628.1626740164215,3628.1626740164215,0
1970-01-01 00:00:00.000000498,,3566.6362215577715,3566.6362215577715,3566.6362215577715,3566.6362215577715,3566.6362215577715,0
1970-01-01 00:00:00.000000499,,3467.60988365528,3467.60988365528,3467.60988365528,3467.60988365528,3467.60988365528,0
1970-01-01 00:00:00.000000500,,3473.158149380393,3473.158149380393,3473.158149380393,3473.158149380393,3473.158149380393,0
1970-01-01 00:00:00.000000501,,3433.825194188746,3433.825194188746,3433.825194188746,3433.825194188746,3433.825194188746,0
1970-01-01 00:00:00.000000502,,3439.224660840124,3439.224660840124,3439.224660840124,3439.224660840124,3439.224660840124,0
1970-01-01 00:00:00.000000503,,3502.336016404937,3502.336016404937,3502.336016404937,3502.336016404937,3502.336016404937,0
1970-01-01 00:00:00.000000504,,3491.437718193442,3491.437718193442,3491.437718193442,3491.437718193442,3491.437718193442,0
1970-01-01 00:00:00.000000505,,3541.86719925381,3541.86719925381,3541.86719925381,3541.86719925381,3541.86719925381,0
1970-01-01 00:00:00.000000506,,3579.3677309545706,3579.3677309545706,3579.3677309545706,3579.3677309545706,3579.3677309545706,0
1970-01-01 00:00:00.000000507,,3530.0772505720984,3530.0772505720984,3530.0772505720984,3530.0772505720984,3530.0772505720984,0
1970-01-01 00:00:00.000000508,,3459.7333463792547,3459.7333463792547,3459.7333463792547,3459.7333463792547,3459.7333463792547,0
1970-01-01 00:00:00.000000509,,3482.025432433258,3482.025432433258,3482.025432433258,3482.025432433258,3482.025432433258,0
1970-01-01 00:00:00.000000510,,3415.3472915835446,3415.3472915835446,3415.3472915835446,3415.3472915835446,3415.3472915835446,0
1970-01-01 00:00:00.000000511,,3432.933319566636,3432.933319566636,3432.933319566636,3432.933319566636,3432.933319566636,0
1970-01-01 00:00:00.000000512,,3399.2970578637423,3399.2970578637423,3399.2970578637423,3399.2970578637423,3399.2970578637423,0
1970-01-01 00:00:00.000000513,,3423.07526485292,3423.07526485292,3423.07526485292,3423.07526485292,3423.07526485292,0
1970-01-01 00:00:00.000000514,,3468.6997537985585,3468.6997537985585,3468.6997537985585,3468.6997537985585,3468.6997537985585,0
1970-01-01 00:00:00.000000515,,3544.938689720812,3544.938689720812,3544.938689720812,3544.938689720812,3544.938689720812,0
1970-01-01 00:00:00.000000516,,3388.3985608380526,3388.3985608380526,3388.3985608380526,3388.3985608380526,3388.3985608380526,0
1970-01-01 00:00:00.000000517,,3285.359605382587,3285.359605382587,3285.359605382587,3285.359605382587,3285.359605382587,0
1970-01-01 00:00:00.000000518,,3412.8208659180355,3412.8208659180355,3412.8208659180355,3412.8208659180355,3412.8208659180355,0
1970-01-01 00:00:00.000000519,,3372.546460811088,3372.546460811088,3372.546460811088,3372.546460811088,3372.546460811088,0
1970-01-01 00:00:00.000000520,,3335.8883741239174,3335.8883741239174,3335.8883741239174,3335.8883741239174,3335.8883741239174,0
1970-01-01 00:00:00.000000521,,3316.86577380904,3316.86577380904,3316.86577380904,3316.86577380904,3316.86577380904,0
1970-01-01 00:00:00.000000522,,3329.894307442661,3329.894307442661,3329.894307442661,3329.894307442661,3329.894307442661,0
1970-01-01 00:00:00.000000523,,3228.8862381020726,3228.8862381020726,3228.8862381020726,3228.8862381020726,3228.8862381020726,0
1970-01-01 00:00:00.000000524,,3259.253165263129,3259.253165263129,3259.253165263129,3259.253165263129,3259.253165263129,0
1970-01-01 00:00:00.000000525,,3244.7882073809574,3244.7882073809574,3244.7882073809574,3244.7882073809574,3244.7882073809574,0
1970-01-01 00:00:00.000000526,,3183.8564785574367,3183.8564785574367,3183.8564785574367,3183.8564785574367,3183.8564785574367,0
1970-01-01 00:00:00.000000527,,3197.1820654609105,3197.1820654609105,3197.1820654609105,3197.1820654609105,3197.1820654609105,0
1970-01-01 00:00:00.000000528,,3190.395264786494,3190.395264786494,3190.395264786494,3190.395264786494,3190.395264786494,0
1970-01-01 00:00:00.000000529,,3229.9267819538545,3229.9267819538545,3229.9267819538545,3229.9267819538545,3229.9267819538545,0
1970-01-01 00:00:00.000000530,,3245.531107782703,3245.531107782703,3245.531107782703,3245.531107782703,3245.531107782703,0
1970-01-01 00:00:00.000000531,,3259.302704595859,3259.302704595859,3259.302704595859,3259.302704595859,3259.302704595859,0
1970-01-01 00:00:00.000000532,,3203.1265325672966,3203.1265325672966,3203.1265325672966,3203.1265325672966,3203.1265325672966,0
1970-01-01 00:00:00.000000533,,3208.0804058264525,3208.0804058264525,3208.0804058264525,3208.0804058264525,3208.0804058264525,0
1970-01-01 00:00:00.000000534,,3170.233491733098,3170.233491733098,3170.233491733098,3170.233491733098,3170.233491733098,0
1970-01-01 00:00:00.000000535,,3136.696173009949,3136.696173009949,3136.696173009949,3136.696173009949,3136.696173009949,0
1970-01-01 00:00:00.000000536,,3141.7489535167992,3141.7489535167992,3141.7489535167992,3141.7489535167992,3141.7489535167992,0
1970-01-01 00:00:00.000000537,,3183.3114343410048,3183.3114343410048,3183.3114343410048,3183.3114343410048,3183.3114343410048,0
1970-01-01 00:00:00.000000538,,3220.068579328378,3220.068579328378,3220.068579328378,3220.068579328378,3220.068579328378,0
1970-01-01 00:00:00.000000539,,3229.778007525388,3229.778007525388,3229.778007525388,3229.778007525388,3229.778007525388,0
1970-01-01 00:00:00.000000540,,3216.0065951851507,3216.0065951851507,3216.0065951851507,3216.0065951851507,3216.0065951851507,0
1970-01-01 00:00:00.000000541,,3141.006069962357,3141.006069962357,3141.006069962357,3141.006069962357,3141.006069962357,0
1970-01-01 00:00:00.000000542,,3175.3853579070405,3175.3853579070405,3175.3853579070405,3175.3853579070405,3175.3853579070405,0
1970-01-01 00:00:00.000000543,,3172.6606881398275,3172.6606881398275,3172.6606881398275,3172.6606881398275,3172.6606881398275,0
1970-01-01 00:00:00.000000544,,3160.523832416647,3160.523832416647,3160.523832416647,3160.523832416647,3160.523832416647,0
1970-01-01 00:00:00.000000545,,3144.126708984375,3144.126708984375,3144.126708984375,3144.126708984375,3144.126708984375,0
1970-01-01 00:00:00.000000546,,3244.7385528309187,3244.7385528309187,3244.7385528309187,3244.7385528309187,3244.7385528309187,0
1970-01-01 00:00:00.000000547,,3304.4318830508832,3304.4318830508832,3304.4318830508832,3304.4318830508832,3304.4318830508832,0
1970-01-01 00:00:00.000000548,,3325.980742840182,3325.980742840182,3325.980742840182,3325.980742840182,3325.980742840182,0
1970-01-01 00:00:00.000000549,,3417.130688591747,3417.130688591747,3417.130688591747,3417.130688591747,3417.130688591747,0
1970-01-01 00:00:00.000000550,,3472.613329841321,3472.613329841321,3472.613329841321,3472.613329841321,3472.613329841321,0
1970-01-01 00:00:00.000000551,,3440.90886101894,3440.90886101894,3440.90886101894,3440.90886101894,3440.90886101894,0
1970-01-01 00:00:00.000000552,,3428.029165516825,3428.029165516825,3428.029165516825,3428.029165516825,3428.029165516825,0
1970-01-01 00:00:00.000000553,,3477.46799039738,3477.46799039738,3477.46799039738,3477.46799039738,3477.46799039738,0
1970-01-01 00:00:00.000000554,,3447.8442336234234,3447.8442336234234,3447.8442336234234,3447.8442336234234,3447.8442336234234,0
1970-01-01 00:00:00.000000555,,3401.2786115130666,3401.2786115130666,3401.2786115130666,3401.2786115130666,3401.2786115130666,0
1970-01-01 00:00:00.000000556,,3368.583405418285,3368.583405418285,3368.583405418285,3368.583405418285,3368.583405418285,0
1970-01-01 00:00:00.000000557,,3368.583496822648,3368.583496822648,3368.583496822648,3368.583496822648,3368.583496822648,0
1970-01-01 00:00:00.000000558,,3020.8762544006017,3020.8762544006017,3020.8762544006017,3020.8762544006017,3020.8762544006017,0
1970-01-01 00:00:00.000000559,,3096.0749989474543,3096.0749989474543,3096.0749989474543,3096.0749989474543,3096.0749989474543,0
1970-01-01 00:00:00.000000560,,3129.612366081837,3129.612366081837,3129.612366081837,3129.612366081837,3129.612366081837,0
1970-01-01 00:00:00.000000561,,3085.2262697338097,3085.2262697338097,3085.2262697338097,3085.2262697338097,3085.2262697338097,0
1970-01-01 00:00:00.000000562,,3150.616209240261,3150.616209240261,3150.616209240261,3150.616209240261,3150.616209240261,0
1970-01-01 00:00:00.000000563,,3239.7846779044826,3239.7846779044826,3239.7846779044826,3239.7846779044826,3239.7846779044826,0
1970-01-01 00:00:00.000000564,,3184.401255724522,3184.401255724522,3184.401255724522,3184.401255724522,3184.401255724522,0
1970-01-01 00:00:00.000000565,,3219.4741882594,3219.4741882594,3219.4741882594,3219.4741882594,3219.4741882594,0
1970-01-01 00:00:00.000000566,,3249.692330208996,3249.692330208996,3249.692330208996,3249.692330208996,3249.692330208996,0
1970-01-01 00:00:00.000000567,,3245.134741898812,3245.134741898812,3245.134741898812,3245.134741898812,3245.134741898812,0
1970-01-01 00:00:00.000000568,,3276.442817054013,3276.442817054013,3276.442817054013,3276.442817054013,3276.442817054013,0
1970-01-01 00:00:00.000000569,,3279.415180963702,3279.415180963702,3279.415180963702,3279.415180963702,3279.415180963702,0
1970-01-01 00:00:00.000000570,,3229.876991956853,3229.876991956853,3229.876991956853,3229.876991956853,3229.876991956853,0
1970-01-01 00:00:00.000000571,,3304.1841644644924,3304.1841644644924,3304.1841644644924,3304.1841644644924,3304.1841644644924,0
1970-01-01 00:00:00.000000572,,3293.28574464279,3293.28574464279,3293.28574464279,3293.28574464279,3293.28574464279,0
1970-01-01 00:00:00.000000573,,3294.2765350756786,3294.2765350756786,3294.2765350756786,3294.2765350756786,3294.2765350756786,0
1970-01-01 00:00:00.000000574,,3319.045560576633,3319.045560576633,3319.045560576633,3319.045560576633,3319.045560576633,0
1970-01-01 00:00:00.000000575,,3315.082477645096,3315.082477645096,3315.082477645096,3315.082477645096,3315.082477645096,0
1970-01-01 00:00:00.000000576,,3301.211868113193,3301.211868113193,3301.211868113193,3301.211868113193,3301.211868113193,0
1970-01-01 00:00:00.000000577,,3279.514231203037,3279.514231203037,3279.514231203037,3279.514231203037,3279.514231203037,0
1970-01-01 00:00:00.000000578,,3300.220950142965,3300.220950142965,3300.220950142965,3300.220950142965,3300.220950142965,0
1970-01-01 00:00:00.000000579,,3480.539377919171,3480.539377919171,3480.539377919171,3480.539377919171,3480.539377919171,0
1970-01-01 00:00:00.000000580,,3554.0535832199857,3554.0535832199857,3554.0535832199857,3554.0535832199857,3554.0535832199857,0
1970-01-01 00:00:00.000000581,,3553.8556941113675,3553.8556941113675,3553.8556941113675,3553.8556941113675,3553.8556941113675,0
1970-01-01 00:00:00.000000582,,3560.7909933686897,3560.7909933686897,3560.7909933686897,3560.7909933686897,3560.7909933686897,0
1970-01-01 00:00:00.000000583,,3608.3474817321217,3608.3474817321217,3608.3474817321217,3608.3474817321217,3608.3474817321217,0
1970-01-01 00:00:00.000000584,,3571.3920131126943,3571.3920131126943,3571.3920131126943,3571.3920131126943,3571.3920131126943,0
1970-01-01 00:00:00.000000585,,3596.458221523366,3596.458221523366,3596.458221523366,3596.458221523366,3596.458221523366,0
1970-01-01 00:00:00.000000586,,3532.7524049540325,3532.7524049540325,3532.7524049540325,3532.7524049540325,3532.7524049540325,0
1970-01-01 00:00:00.000000587,,3551.8741007307995,3551.8741007307995,3551.8741007307995,3551.8741007307995,3551.8741007307995,0
1970-01-01 00:00:00.000000588,,3537.012608179345,3537.012608179345,3537.012608179345,3537.012608179345,3537.012608179345,0
1970-01-01 00:00:00.000000589,,3582.389449835285,3582.389449835285,3582.389449835285,3582.389449835285,3582.389449835285,0
1970-01-01 00:00:00.000000590,,3614.985529384525,3614.985529384525,3614.985529384525,3614.985529384525,3614.985529384525,0
1970-01-01 00:00:00.000000591,,3626.181027495699,3626.181027495699,3626.181027495699,3626.181027495699,3626.181027495699,0
1970-01-01 00:00:00.000000592,,3630.044803373408,3630.044803373408,3630.044803373408,3630.044803373408,3630.044803373408,0
1970-01-01 00:00:00.000000593,,3621.52450826291,3621.52450826291,3621.52450826291,3621.52450826291,3621.52450826291,0
1970-01-01 00:00:00.000000594,,3641.1416782617343,3641.1416782617343,3641.1416782617343,3641.1416782617343,3641.1416782617343,0
1970-01-01 00:00:00.000000595,,3655.0,3655.0,3655.0,3655.0,3655.0,0
1970-01-01 00:00:00.000000596,,3645.0,3645.0,3645.0,3645.0,3645.0,0
1970-01-01 00:00:00.000000597,,3629.89990234375,3629.89990234375,3629.89990234375,3629.89990234375,3629.89990234375,0
1970-01-01 00:00:00.000000598,,3645.0,3645.0,3645.0,3645.0,3645.0,0
1970-01-01 00:00:00.000000599,,3664.0,3664.0,3664.0,3664.0,3664.0,0
1970-01-01 00:00:00.000000600,,3704.0,3704.0,3704.0,3704.0,3704.0,0
1970-01-01 00:00:00.000000601,,3689.89990234375,3689.89990234375,3689.89990234375,3689.89990234375,3689.89990234375,0
1970-01-01 00:00:00.000000602,,3684.800048828125,3684.800048828125,3684.800048828125,3684.800048828125,3684.800048828125,0
1970-01-01 00:00:00.000000603,,3501.199951171875,3501.199951171875,3501.199951171875,3501.199951171875,3501.199951171875,0
1970-01-01 00:00:00.000000604,,3575.5,3575.5,3575.5,3575.5,3575.5,0
1970-01-01 00:00:00.000000605,,3622.0,3622.0,3622.0,3622.0,3622.0,0
1970-01-01 00:00:00.000000606,,3622.0,3622.0,3622.0,3622.0,3622.0,0
1970-01-01 00:00:00.000000607,,3607.0,3607.0,3607.0,3607.0,3607.0,0
1970-01-01 00:00:00.000000608,,3614.0,3614.0,3614.0,3614.0,3614.0,0
1970-01-01 00:00:00.000000609,,3645.0,3645.0,3645.0,3645.0,3645.0,0
1970-01-01 00:00:00.000000610,,3637.10009765625,3637.10009765625,3637.10009765625,3637.10009765625,3637.10009765625,0
1970-01-01 00:00:00.000000611,,3640.0,3640.0,3640.0,3640.0,3640.0,0
1970-01-01 00:00:00.000000612,,3620.10009765625,3620.10009765625,3620.10009765625,3620.10009765625,3620.10009765625,0
1970-01-01 00:00:00.000000613,,3665.0,3665.0,3665.0,3665.0,3665.0,0
1970-01-01 00:00:00.000000614,,3682.0,3682.0,3682.0,3682.0,3682.0,0
1970-01-01 00:00:00.000000615,,3669.800048828125,3669.800048828125,3669.800048828125,3669.800048828125,3669.800048828125,0
1970-01-01 00:00:00.000000616,,3666.60009765625,3666.60009765625,3666.60009765625,3666.60009765625,3666.60009765625,0
1970-01-01 00:00:00.000000617,,3605.0,3605.0,3605.0,3605.0,3605.0,0
1970-01-01 00:00:00.000000618,,3590.0,3590.0,3590.0,3590.0,3590.0,0
1970-01-01 00:00:00.000000619,,3599.89990234375,3599.89990234375,3599.89990234375,3599.89990234375,3599.89990234375,0
1970-01-01 00:00:00.000000620,,3580.0,3580.0,3580.0,3580.0,3580.0,0
1970-01-01 00:00:00.000000621,,3605.0,3605.0,3605.0,3605.0,3605.0,0
1970-01-01 00:00:00.000000622,,3575.0,3575.0,3575.0,3575.0,3575.0,0
1970-01-01 00:00:00.000000623,,3575.0,3575.0,3575.0,3575.0,3575.0,0
1970-01-01 00:00:00.000000624,,3540.60009765625,3540.60009765625,3540.60009765625,3540.60009765625,3540.60009765625,0
1970-01-01 00:00:00.000000625,,3519.0,3519.0,3519.0,3519.0,3519.0,0
1970-01-01 00:00:00.000000626,,3504.0,3504.0,3504.0,3504.0,3504.0,0
1970-01-01 00:00:00.000000627,,3515.0,3515.0,3515.0,3515.0,3515.0,0
1970-01-01 00:00:00.000000628,,3489.0,3489.0,3489.0,3489.0,3489.0,0
1970-01-01 00:00:00.000000629,,3467.60009765625,3467.60009765625,3467.60009765625,3467.60009765625,3467.60009765625,0
1970-01-01 00:00:00.000000630,,3502.0,3502.0,3502.0,3502.0,3502.0,0
1970-01-01 00:00:00.000000631,,3476.199951171875,3476.199951171875,3476.199951171875,3476.199951171875,3476.199951171875,0
1970-01-01 00:00:00.000000632,,3484.89990234375,3484.89990234375,3484.89990234375,3484.89990234375,3484.89990234375,0
1970-01-01 00:00:00.000000633,,3470.0,3470.0,3470.0,3470.0,3470.0,0
1970-01-01 00:00:00.000000634,,3430.10009765625,3430.10009765625,3430.10009765625,3430.10009765625,3430.10009765625,0
1970-01-01 00:00:00.000000635,,3418.0,3418.0,3418.0,3418.0,3418.0,0
1970-01-01 00:00:00.000000636,,3622.0,3622.0,3622.0,3622.0,3622.0,0
1970-01-01 00:00:00.000000637,,3625.0,3625.0,3625.0,3625.0,3625.0,0
1970-01-01 00:00:00.000000638,,3636.0,3636.0,3636.0,3636.0,3636.0,0
1970-01-01 00:00:00.000000639,,3595.199951171875,3595.199951171875,3595.199951171875,3595.199951171875,3595.199951171875,0
1970-01-01 00:00:00.000000640,,3630.0,3630.0,3630.0,3630.0,3630.0,0
1970-01-01 00:00:00.000000641,,3650.0,3650.0,3650.0,3650.0,3650.0,0
1970-01-01 00:00:00.000000642,,3610.300048828125,3610.300048828125,3610.300048828125,3610.300048828125,3610.300048828125,0
1970-01-01 00:00:00.000000643,,3641.60009765625,3641.60009765625,3641.60009765625,3641.60009765625,3641.60009765625,0
1970-01-01 00:00:00.000000644,,3610.0,3610.0,3610.0,3610.0,3610.0,0
1970-01-01 00:00:00.000000645,,3680.0,3680.0,3680.0,3680.0,3680.0,0
1970-01-01 00:00:00.000000646,,3696.0,3696.0,3696.0,3696.0,3696.0,0
1970-01-01 00:00:00.000000647,,3700.0,3700.0,3700.0,3700.0,3700.0,0
1970-01-01 00:00:00.000000648,,3699.0,3699.0,3699.0,3699.0,3699.0,0
1970-01-01 00:00:00.000000649,,3648.89990234375,3648.89990234375,3648.89990234375,3648.89990234375,3648.89990234375,0
1970-01-01 00:00:00.000000650,,3613.5,3613.5,3613.5,3613.5,3613.5,0
1970-01-01 00:00:00.000000651,,3599.0,3599.0,3599.0,3599.0,3599.0,0
1970-01-01 00:00:00.000000652,,3610.0,3610.0,3610.0,3610.0,3610.0,0
1970-01-01 00:00:00.000000653,,3616.0,3616.0,3616.0,3616.0,3616.0,0
1970-01-01 00:00:00.000000654,,3599.0,3599.0,3599.0,3599.0,3599.0,0
1970-01-01 00:00:00.000000655,,3541.300048828125,3541.300048828125,3541.300048828125,3541.300048828125,3541.300048828125,0
1970-01-01 00:00:00.000000656,,3540.0,3540.0,3540.0,3540.0,3540.0,0
1970-01-01 00:00:00.000000657,,3575.60009765625,3575.60009765625,3575.60009765625,3575.60009765625,3575.60009765625,0
1970-01-01 00:00:00.000000658,,3601.0,3601.0,3601.0,3601.0,3601.0,0
1970-01-01 00:00:00.000000659,,3598.39990234375,3598.39990234375,3598.39990234375,3598.39990234375,3598.39990234375,0
1970-01-01 00:00:00.000000660,,3594.0,3594.0,3594.0,3594.0,3594.0,0
1970-01-01 00:00:00.000000661,,3622.89990234375,3622.89990234375,3622.89990234375,3622.89990234375,3622.89990234375,0
1970-01-01 00:00:00.000000662,,3592.800048828125,3592.800048828125,3592.800048828125,3592.800048828125,3592.800048828125,0
1970-01-01 00:00:00.000000663,,3570.0,3570.0,3570.0,3570.0,3570.0,0
1970-01-01 00:00:00.000000664,,3547.199951171875,3547.199951171875,3547.199951171875,3547.199951171875,3547.199951171875,0
1970-01-01 00:00:00.000000665,,3559.0,3559.0,3559.0,3559.0,3559.0,0
1970-01-01 00:00:00.000000666,,3548.0,3548.0,3548.0,3548.0,3548.0,0
1970-01-01 00:00:00.000000667,,3556.39990234375,3556.39990234375,3556.39990234375,3556.39990234375,3556.39990234375,0
