Date,Ticker,RELIANCE.NS,RELIANCE.NS.1,RELIANCE.NS.2,RELIANCE.NS.3,RELIANCE.NS.4,SentimentScore
1970-01-01 00:00:00.000000000,,1164.066351583663,1164.066351583663,1164.066351583663,1164.066351583663,1164.066351583663,0
1970-01-01 00:00:00.000000001,,1164.066351583663,1164.066351583663,1164.066351583663,1164.066351583663,1164.066351583663,0
1970-01-01 00:00:00.000000002,,1170.9366586985077,1170.9366586985077,1170.9366586985077,1170.9366586985077,1170.9366586985077,0
1970-01-01 00:00:00.000000003,,1167.26185070999,1167.26185070999,1167.26185070999,1167.26185070999,1167.26185070999,0
1970-01-01 00:00:00.000000004,,1151.969076089896,1151.969076089896,1151.969076089896,1151.969076089896,1151.969076089896,0
1970-01-01 00:00:00.000000005,,1153.4072395784428,1153.4072395784428,1153.4072395784428,1153.4072395784428,1153.4072395784428,0
1970-01-01 00:00:00.000000006,,1161.9207528429104,1161.9207528429104,1161.9207528429104,1161.9207528429104,1161.9207528429104,0
1970-01-01 00:00:00.000000007,,1189.6302560157692,1189.6302560157692,1189.6302560157692,1189.6302560157692,1189.6302560157692,0
1970-01-01 00:00:00.000000008,,1165.207642347734,1165.207642347734,1165.207642347734,1165.207642347734,1165.207642347734,0
1970-01-01 00:00:00.000000009,,1152.5855061360771,1152.5855061360771,1152.5855061360771,1152.5855061360771,1152.5855061360771,0
1970-01-01 00:00:00.000000010,,1122.2512303793665,1122.2512303793665,1122.2512303793665,1122.2512303793665,1122.2512303793665,0
1970-01-01 00:00:00.000000011,,1128.77902581248,1128.77902581248,1128.77902581248,1128.77902581248,1128.77902581248,0
1970-01-01 00:00:00.000000012,,1122.0686670526488,1122.0686670526488,1122.0686670526488,1122.0686670526488,1122.0686670526488,0
1970-01-01 00:00:00.000000013,,1129.144430635729,1129.144430635729,1129.144430635729,1129.144430635729,1129.144430635729,0
1970-01-01 00:00:00.000000014,,1128.8703817084497,1128.8703817084497,1128.8703817084497,1128.8703817084497,1128.8703817084497,0
1970-01-01 00:00:00.000000015,,1129.8291140692525,1129.8291140692525,1129.8291140692525,1129.8291140692525,1129.8291140692525,0
1970-01-01 00:00:00.000000016,,1117.960272105855,1117.960272105855,1117.960272105855,1117.960272105855,1117.960272105855,0
1970-01-01 00:00:00.000000017,,1113.851719292168,1113.851719292168,1113.851719292168,1113.851719292168,1113.851719292168,0
1970-01-01 00:00:00.000000018,,1101.275205877952,1101.275205877952,1101.275205877952,1101.275205877952,1101.275205877952,0
1970-01-01 00:00:00.000000019,,1088.4706538388857,1088.4706538388857,1088.4706538388857,1088.4706538388857,1088.4706538388857,0
1970-01-01 00:00:00.000000020,,1064.4132886312711,1064.4132886312711,1064.4132886312711,1064.4132886312711,1064.4132886312711,0
1970-01-01 00:00:00.000000021,,1087.37502974843,1087.37502974843,1087.37502974843,1087.37502974843,1087.37502974843,0
1970-01-01 00:00:00.000000022,,1086.439272024598,1086.439272024598,1086.439272024598,1086.439272024598,1086.439272024598,0
1970-01-01 00:00:00.000000023,,1058.1591593362568,1058.1591593362568,1058.1591593362568,1058.1591593362568,1058.1591593362568,0
1970-01-01 00:00:00.000000024,,1072.3104574781505,1072.3104574781505,1072.3104574781505,1072.3104574781505,1072.3104574781505,0
1970-01-01 00:00:00.000000025,,1056.7896118119152,1056.7896118119152,1056.7896118119152,1056.7896118119152,1056.7896118119152,0
1970-01-01 00:00:00.000000026,,1055.4202857843334,1055.4202857843334,1055.4202857843334,1055.4202857843334,1055.4202857843334,0
1970-01-01 00:00:00.000000027,,1055.8766387784026,1055.8766387784026,1055.8766387784026,1055.8766387784026,1055.8766387784026,0
1970-01-01 00:00:00.000000028,,1074.3421090421186,1074.3421090421186,1074.3421090421186,1074.3421090421186,1074.3421090421186,0
1970-01-01 00:00:00.000000029,,1075.0039060071294,1075.0039060071294,1075.0039060071294,1075.0039060071294,1075.0039060071294,0
1970-01-01 00:00:00.000000030,,1068.293381324993,1068.293381324993,1068.293381324993,1068.293381324993,1068.293381324993,0
1970-01-01 00:00:00.000000031,,1063.6143185684562,1063.6143185684562,1063.6143185684562,1063.6143185684562,1063.6143185684562,0
1970-01-01 00:00:00.000000032,,1084.6358877756606,1084.6358877756606,1084.6358877756606,1084.6358877756606,1084.6358877756606,0
1970-01-01 00:00:00.000000033,,1118.1656324865594,1118.1656324865594,1118.1656324865594,1118.1656324865594,1118.1656324865594,0
1970-01-01 00:00:00.000000034,,1104.7217922905263,1104.7217922905263,1104.7217922905263,1104.7217922905263,1104.7217922905263,0
1970-01-01 00:00:00.000000035,,1116.13425652598,1116.13425652598,1116.13425652598,1116.13425652598,1116.13425652598,0
1970-01-01 00:00:00.000000036,,1106.5479683974272,1106.5479683974272,1106.5479683974272,1106.5479683974272,1106.5479683974272,0
1970-01-01 00:00:00.000000037,,1107.4380609994969,1107.4380609994969,1107.4380609994969,1107.4380609994969,1107.4380609994969,0
1970-01-01 00:00:00.000000038,,1085.5489053785018,1085.5489053785018,1085.5489053785018,1085.5489053785018,1085.5489053785018,0
1970-01-01 00:00:00.000000039,,1082.810002251087,1082.810002251087,1082.810002251087,1082.810002251087,1082.810002251087,0
1970-01-01 00:00:00.000000040,,1087.3750050988056,1087.3750050988056,1087.3750050988056,1087.3750050988056,1087.3750050988056,0
1970-01-01 00:00:00.000000041,,1075.5516247048563,1075.5516247048563,1075.5516247048563,1075.5516247048563,1075.5516247048563,0
1970-01-01 00:00:00.000000042,,1070.0280642112666,1070.0280642112666,1070.0280642112666,1070.0280642112666,1070.0280642112666,0
1970-01-01 00:00:00.000000043,,1066.8326656493814,1066.8326656493814,1066.8326656493814,1066.8326656493814,1066.8326656493814,0
1970-01-01 00:00:00.000000044,,1072.3789987479977,1072.3789987479977,1072.3789987479977,1072.3789987479977,1072.3789987479977,0
1970-01-01 00:00:00.000000045,,1095.5918675399987,1095.5918675399987,1095.5918675399987,1095.5918675399987,1095.5918675399987,0
1970-01-01 00:00:00.000000046,,1099.563420263857,1099.563420263857,1099.563420263857,1099.563420263857,1099.563420263857,0
1970-01-01 00:00:00.000000047,,1102.8958764013148,1102.8958764013148,1102.8958764013148,1102.8958764013148,1102.8958764013148,0
1970-01-01 00:00:00.000000048,,1068.8868957671646,1068.8868957671646,1068.8868957671646,1068.8868957671646,1068.8868957671646,0
1970-01-01 00:00:00.000000049,,1063.1806779260546,1063.1806779260546,1063.1806779260546,1063.1806779260546,1063.1806779260546,0
1970-01-01 00:00:00.000000050,,1040.812257084253,1040.812257084253,1040.812257084253,1040.812257084253,1040.812257084253,0
1970-01-01 00:00:00.000000051,,1042.6839706485125,1042.6839706485125,1042.6839706485125,1042.6839706485125,1042.6839706485125,0
1970-01-01 00:00:00.000000052,,1023.921951504309,1023.921951504309,1023.921951504309,1023.921951504309,1023.921951504309,0
1970-01-01 00:00:00.000000053,,1024.7208434439497,1024.7208434439497,1024.7208434439497,1024.7208434439497,1024.7208434439497,0
1970-01-01 00:00:00.000000054,,1011.1400066065016,1011.1400066065016,1011.1400066065016,1011.1400066065016,1011.1400066065016,0
1970-01-01 00:00:00.000000055,,1012.9431232711898,1012.9431232711898,1012.9431232711898,1012.9431232711898,1012.9431232711898,0
1970-01-01 00:00:00.000000056,,1043.0948141638405,1043.0948141638405,1043.0948141638405,1043.0948141638405,1043.0948141638405,0
1970-01-01 00:00:00.000000057,,1035.3344834675563,1035.3344834675563,1035.3344834675563,1035.3344834675563,1035.3344834675563,0
1970-01-01 00:00:00.000000058,,1024.949051064462,1024.949051064462,1024.949051064462,1024.949051064462,1024.949051064462,0
1970-01-01 00:00:00.000000059,,1012.2812828490338,1012.2812828490338,1012.2812828490338,1012.2812828490338,1012.2812828490338,0
1970-01-01 00:00:00.000000060,,1024.8349561252708,1024.8349561252708,1024.8349561252708,1024.8349561252708,1024.8349561252708,0
1970-01-01 00:00:00.000000061,,1022.0959186617868,1022.0959186617868,1022.0959186617868,1022.0959186617868,1022.0959186617868,0
1970-01-01 00:00:00.000000062,,1029.3999027039445,1029.3999027039445,1029.3999027039445,1029.3999027039445,1029.3999027039445,0
1970-01-01 00:00:00.000000063,,1070.4846960590223,1070.4846960590223,1070.4846960590223,1070.4846960590223,1070.4846960590223,0
1970-01-01 00:00:00.000000064,,1071.8541464339423,1071.8541464339423,1071.8541464339423,1071.8541464339423,1071.8541464339423,0
1970-01-01 00:00:00.000000065,,1058.2275373074351,1058.2275373074351,1058.2275373074351,1058.2275373074351,1058.2275373074351,0
1970-01-01 00:00:00.000000066,,1072.7671126043012,1072.7671126043012,1072.7671126043012,1072.7671126043012,1072.7671126043012,0
1970-01-01 00:00:00.000000067,,1065.4631729553812,1065.4631729553812,1065.4631729553812,1065.4631729553812,1065.4631729553812,0
1970-01-01 00:00:00.000000068,,1066.5359087914262,1066.5359087914262,1066.5359087914262,1066.5359087914262,1066.5359087914262,0
1970-01-01 00:00:00.000000069,,1074.1365320735108,1074.1365320735108,1074.1365320735108,1074.1365320735108,1074.1365320735108,0
1970-01-01 00:00:00.000000070,,1106.9814803229494,1106.9814803229494,1106.9814803229494,1106.9814803229494,1106.9814803229494,0
1970-01-01 00:00:00.000000071,,1085.0925121063174,1085.0925121063174,1085.0925121063174,1085.0925121063174,1085.0925121063174,0
1970-01-01 00:00:00.000000072,,1067.768405195298,1067.768405195298,1067.768405195298,1067.768405195298,1067.768405195298,0
1970-01-01 00:00:00.000000073,,1074.638679040759,1074.638679040759,1074.638679040759,1074.638679040759,1074.638679040759,0
1970-01-01 00:00:00.000000074,,1073.0638883289137,1073.0638883289137,1073.0638883289137,1073.0638883289137,1073.0638883289137,0
1970-01-01 00:00:00.000000075,,1084.1794719407253,1084.1794719407253,1084.1794719407253,1084.1794719407253,1084.1794719407253,0
1970-01-01 00:00:00.000000076,,1080.0709122812248,1080.0709122812248,1080.0709122812248,1080.0709122812248,1080.0709122812248,0
1970-01-01 00:00:00.000000077,,1086.005534613959,1086.005534613959,1086.005534613959,1086.005534613959,1086.005534613959,0
1970-01-01 00:00:00.000000078,,1084.1794457664448,1084.1794457664448,1084.1794457664448,1084.1794457664448,1084.1794457664448,0
1970-01-01 00:00:00.000000079,,1087.3748753991613,1087.3748753991613,1087.3748753991613,1087.3748753991613,1087.3748753991613,0
1970-01-01 00:00:00.000000080,,1112.1170391794085,1112.1170391794085,1112.1170391794085,1112.1170391794085,1112.1170391794085,0
1970-01-01 00:00:00.000000081,,1116.1340858641377,1116.1340858641377,1116.1340858641377,1116.1340858641377,1116.1340858641377,0
1970-01-01 00:00:00.000000082,,1105.246884028871,1105.246884028871,1105.246884028871,1105.246884028871,1105.246884028871,0
1970-01-01 00:00:00.000000083,,1114.30819519152,1114.30819519152,1114.30819519152,1114.30819519152,1114.30819519152,0
1970-01-01 00:00:00.000000084,,1118.4165791288924,1118.4165791288924,1118.4165791288924,1118.4165791288924,1118.4165791288924,0
1970-01-01 00:00:00.000000085,,1129.8290394334551,1129.8290394334551,1129.8290394334551,1129.8290394334551,1129.8290394334551,0
1970-01-01 00:00:00.000000086,,1136.6766978121202,1136.6766978121202,1136.6766978121202,1136.6766978121202,1136.6766978121202,0
1970-01-01 00:00:00.000000087,,1140.762158669685,1140.762158669685,1140.762158669685,1140.762158669685,1140.762158669685,0
1970-01-01 00:00:00.000000088,,1127.4553650769165,1127.4553650769165,1127.4553650769165,1127.4553650769165,1127.4553650769165,0
1970-01-01 00:00:00.000000089,,1136.6309023578756,1136.6309023578756,1136.6309023578756,1136.6309023578756,1136.6309023578756,0
1970-01-01 00:00:00.000000090,,1138.5026071786638,1138.5026071786638,1138.5026071786638,1138.5026071786638,1138.5026071786638,0
1970-01-01 00:00:00.000000091,,1124.35127409302,1124.35127409302,1124.35127409302,1124.35127409302,1124.35127409302,0
1970-01-01 00:00:00.000000092,,1118.2112689036005,1118.2112689036005,1118.2112689036005,1118.2112689036005,1118.2112689036005,0
1970-01-01 00:00:00.000000093,,1111.1357155261294,1111.1357155261294,1111.1357155261294,1111.1357155261294,1111.1357155261294,0
1970-01-01 00:00:00.000000094,,1111.5693019532655,1111.5693019532655,1111.5693019532655,1111.5693019532655,1111.5693019532655,0
1970-01-01 00:00:00.000000095,,1123.2783175836105,1123.2783175836105,1123.2783175836105,1123.2783175836105,1123.2783175836105,0
1970-01-01 00:00:00.000000096,,1116.544972955841,1116.544972955841,1116.544972955841,1116.544972955841,1116.544972955841,0
1970-01-01 00:00:00.000000097,,1111.0671339157268,1111.0671339157268,1111.0671339157268,1111.0671339157268,1111.0671339157268,0
1970-01-01 00:00:00.000000098,,1122.0687058844728,1122.0687058844728,1122.0687058844728,1122.0687058844728,1122.0687058844728,0
1970-01-01 00:00:00.000000099,,1150.8279550929285,1150.8279550929285,1150.8279550929285,1150.8279550929285,1150.8279550929285,0
1970-01-01 00:00:00.000000100,,1150.645307987406,1150.645307987406,1150.645307987406,1150.645307987406,1150.645307987406,0
1970-01-01 00:00:00.000000101,,1141.241614387353,1141.241614387353,1141.241614387353,1141.241614387353,1141.241614387353,0
1970-01-01 00:00:00.000000102,,1132.1799698648445,1132.1799698648445,1132.1799698648445,1132.1799698648445,1132.1799698648445,0
1970-01-01 00:00:00.000000103,,1128.003101699598,1128.003101699598,1128.003101699598,1128.003101699598,1128.003101699598,0
1970-01-01 00:00:00.000000104,,1126.268543700321,1126.268543700321,1126.268543700321,1126.268543700321,1126.268543700321,0
1970-01-01 00:00:00.000000105,,1133.6865172838243,1133.6865172838243,1133.6865172838243,1133.6865172838243,1133.6865172838243,0
1970-01-01 00:00:00.000000106,,1135.3071289198083,1135.3071289198083,1135.3071289198083,1135.3071289198083,1135.3071289198083,0
1970-01-01 00:00:00.000000107,,1143.9805586437908,1143.9805586437908,1143.9805586437908,1143.9805586437908,1143.9805586437908,0
1970-01-01 00:00:00.000000108,,1144.4369244051345,1144.4369244051345,1144.4369244051345,1144.4369244051345,1144.4369244051345,0
1970-01-01 00:00:00.000000109,,1130.057315904061,1130.057315904061,1130.057315904061,1130.057315904061,1130.057315904061,0
1970-01-01 00:00:00.000000110,,1138.959165682283,1138.959165682283,1138.959165682283,1138.959165682283,1138.959165682283,0
1970-01-01 00:00:00.000000111,,1150.827933567815,1150.827933567815,1150.827933567815,1150.827933567815,1150.827933567815,0
1970-01-01 00:00:00.000000112,,1164.888030487722,1164.888030487722,1164.888030487722,1164.888030487722,1164.888030487722,0
1970-01-01 00:00:00.000000113,,1168.7227738269123,1168.7227738269123,1168.7227738269123,1168.7227738269123,1168.7227738269123,0
1970-01-01 00:00:00.000000114,,1179.5874324568545,1179.5874324568545,1179.5874324568545,1179.5874324568545,1179.5874324568545,0
1970-01-01 00:00:00.000000115,,1162.9480481347905,1162.9480481347905,1162.9480481347905,1162.9480481347905,1162.9480481347905,0
1970-01-01 00:00:00.000000116,,1167.2618659292657,1167.2618659292657,1167.2618659292657,1167.2618659292657,1167.2618659292657,0
1970-01-01 00:00:00.000000117,,1166.8053921892115,1166.8053921892115,1166.8053921892115,1166.8053921892115,1166.8053921892115,0
1970-01-01 00:00:00.000000118,,1154.4343325060674,1154.4343325060674,1154.4343325060674,1154.4343325060674,1154.4343325060674,0
1970-01-01 00:00:00.000000119,,1144.437098137329,1144.437098137329,1144.437098137329,1144.437098137329,1144.437098137329,0
1970-01-01 00:00:00.000000120,,1139.666736088607,1139.666736088607,1139.666736088607,1139.666736088607,1139.666736088607,0
1970-01-01 00:00:00.000000121,,1147.1760589375283,1147.1760589375283,1147.1760589375283,1147.1760589375283,1147.1760589375283,0
1970-01-01 00:00:00.000000122,,1162.4229485666156,1162.4229485666156,1162.4229485666156,1162.4229485666156,1162.4229485666156,0
1970-01-01 00:00:00.000000123,,1167.7413136446191,1167.7413136446191,1167.7413136446191,1167.7413136446191,1167.7413136446191,0
1970-01-01 00:00:00.000000124,,1198.3037415268395,1198.3037415268395,1198.3037415268395,1198.3037415268395,1198.3037415268395,0
1970-01-01 00:00:00.000000125,,1190.9997357239995,1190.9997357239995,1190.9997357239995,1190.9997357239995,1190.9997357239995,0
1970-01-01 00:00:00.000000126,,1175.958111582341,1175.958111582341,1175.958111582341,1175.958111582341,1175.958111582341,0
1970-01-01 00:00:00.000000127,,1202.8686056265724,1202.8686056265724,1202.8686056265724,1202.8686056265724,1202.8686056265724,0
1970-01-01 00:00:00.000000128,,1227.4738168988026,1227.4738168988026,1227.4738168988026,1227.4738168988026,1227.4738168988026,0
1970-01-01 00:00:00.000000129,,1256.6895309307056,1256.6895309307056,1256.6895309307056,1256.6895309307056,1256.6895309307056,0
1970-01-01 00:00:00.000000130,,1262.806571231475,1262.806571231475,1262.806571231475,1262.806571231475,1262.806571231475,0
1970-01-01 00:00:00.000000131,,1270.8408996155135,1270.8408996155135,1270.8408996155135,1270.8408996155135,1270.8408996155135,0
1970-01-01 00:00:00.000000132,,1255.3657025022662,1255.3657025022662,1255.3657025022662,1255.3657025022662,1255.3657025022662,0
1970-01-01 00:00:00.000000133,,1253.9963391795925,1253.9963391795925,1253.9963391795925,1253.9963391795925,1253.9963391795925,0
1970-01-01 00:00:00.000000134,,1285.9509768018002,1285.9509768018002,1285.9509768018002,1285.9509768018002,1285.9509768018002,0
1970-01-01 00:00:00.000000135,,1291.8854597114334,1291.8854597114334,1291.8854597114334,1291.8854597114334,1291.8854597114334,0
1970-01-01 00:00:00.000000136,,1276.014839753512,1276.014839753512,1276.014839753512,1276.014839753512,1276.014839753512,0
1970-01-01 00:00:00.000000137,,1290.3576048302098,1290.3576048302098,1290.3576048302098,1290.3576048302098,1290.3576048302098,0
1970-01-01 00:00:00.000000138,,1227.0514151401742,1227.0514151401742,1227.0514151401742,1227.0514151401742,1227.0514151401742,0
1970-01-01 00:00:00.000000139,,1233.4810641733905,1233.4810641733905,1233.4810641733905,1233.4810641733905,1233.4810641733905,0
1970-01-01 00:00:00.000000140,,1229.029726310642,1229.029726310642,1229.029726310642,1229.029726310642,1229.029726310642,0
1970-01-01 00:00:00.000000141,,1253.2889256301971,1253.2889256301971,1253.2889256301971,1253.2889256301971,1253.2889256301971,0
1970-01-01 00:00:00.000000142,,1242.4081558253793,1242.4081558253793,1242.4081558253793,1242.4081558253793,1242.4081558253793,0
1970-01-01 00:00:00.000000143,,1250.222567835286,1250.222567835286,1250.222567835286,1250.222567835286,1250.222567835286,0
1970-01-01 00:00:00.000000144,,1263.6503718598296,1263.6503718598296,1263.6503718598296,1263.6503718598296,1263.6503718598296,0
1970-01-01 00:00:00.000000145,,1240.998576334311,1240.998576334311,1240.998576334311,1240.998576334311,1240.998576334311,0
1970-01-01 00:00:00.000000146,,1224.23249959185,1224.23249959185,1224.23249959185,1224.23249959185,1224.23249959185,0
1970-01-01 00:00:00.000000147,,1235.8550243989196,1235.8550243989196,1235.8550243989196,1235.8550243989196,1235.8550243989196,0
1970-01-01 00:00:00.000000148,,1246.834785043854,1246.834785043854,1246.834785043854,1246.834785043854,1246.834785043854,0
1970-01-01 00:00:00.000000149,,1250.2967221809697,1250.2967221809697,1250.2967221809697,1250.2967221809697,1250.2967221809697,0
1970-01-01 00:00:00.000000150,,1238.8472469851745,1238.8472469851745,1238.8472469851745,1238.8472469851745,1238.8472469851745,0
1970-01-01 00:00:00.000000151,,1248.788167272386,1248.788167272386,1248.788167272386,1248.788167272386,1248.788167272386,0
1970-01-01 00:00:00.000000152,,1252.4975295128647,1252.4975295128647,1252.4975295128647,1252.4975295128647,1252.4975295128647,0
1970-01-01 00:00:00.000000153,,1255.737002454242,1255.737002454242,1255.737002454242,1255.737002454242,1255.737002454242,0
1970-01-01 00:00:00.000000154,,1261.672044700447,1261.672044700447,1261.672044700447,1261.672044700447,1261.672044700447,0
1970-01-01 00:00:00.000000155,,1269.6348629683328,1269.6348629683328,1269.6348629683328,1269.6348629683328,1269.6348629683328,0
1970-01-01 00:00:00.000000156,,1251.9041214413387,1251.9041214413387,1251.9041214413387,1251.9041214413387,1251.9041214413387,0
1970-01-01 00:00:00.000000157,,1260.6443643964944,1260.6443643964944,1260.6443643964944,1260.6443643964944,1260.6443643964944,0
1970-01-01 00:00:00.000000158,,1249.204008079304,1249.204008079304,1249.204008079304,1249.204008079304,1249.204008079304,0
1970-01-01 00:00:00.000000159,,1252.8272476636505,1252.8272476636505,1252.8272476636505,1252.8272476636505,1252.8272476636505,0
1970-01-01 00:00:00.000000160,,1260.6195534341234,1260.6195534341234,1260.6195534341234,1260.6195534341234,1260.6195534341234,0
1970-01-01 00:00:00.000000161,,1218.9778633049934,1218.9778633049934,1218.9778633049934,1218.9778633049934,1218.9778633049934,0
1970-01-01 00:00:00.000000162,,1226.9190501118926,1226.9190501118926,1226.9190501118926,1226.9190501118926,1226.9190501118926,0
1970-01-01 00:00:00.000000163,,1217.0173382536789,1217.0173382536789,1217.0173382536789,1217.0173382536789,1217.0173382536789,0
1970-01-01 00:00:00.000000164,,1207.0659417448908,1207.0659417448908,1207.0659417448908,1207.0659417448908,1207.0659417448908,0
1970-01-01 00:00:00.000000165,,1202.5989377093504,1202.5989377093504,1202.5989377093504,1202.5989377093504,1202.5989377093504,0
1970-01-01 00:00:00.000000166,,1194.4343955405525,1194.4343955405525,1194.4343955405525,1194.4343955405525,1194.4343955405525,0
1970-01-01 00:00:00.000000167,,1197.4619529612137,1197.4619529612137,1197.4619529612137,1197.4619529612137,1197.4619529612137,0
1970-01-01 00:00:00.000000168,,1201.1100268699734,1201.1100268699734,1201.1100268699734,1201.1100268699734,1201.1100268699734,0
1970-01-01 00:00:00.000000169,,1201.6560920331103,1201.6560920331103,1201.6560920331103,1201.6560920331103,1201.6560920331103,0
1970-01-01 00:00:00.000000170,,1201.9537313347682,1201.9537313347682,1201.9537313347682,1201.9537313347682,1201.9537313347682,0
1970-01-01 00:00:00.000000171,,1211.0365924741222,1211.0365924741222,1211.0365924741222,1211.0365924741222,1211.0365924741222,0
1970-01-01 00:00:00.000000172,,1216.9924464989117,1216.9924464989117,1216.9924464989117,1216.9924464989117,1216.9924464989117,0
1970-01-01 00:00:00.000000173,,1232.3787090583842,1232.3787090583842,1232.3787090583842,1232.3787090583842,1232.3787090583842,0
1970-01-01 00:00:00.000000174,,1211.0365644667,1211.0365644667,1211.0365644667,1211.0365644667,1211.0365644667,0
1970-01-01 00:00:00.000000175,,1220.9630582690309,1220.9630582690309,1220.9630582690309,1220.9630582690309,1220.9630582690309,0
1970-01-01 00:00:00.000000176,,1224.9337835939812,1224.9337835939812,1224.9337835939812,1224.9337835939812,1224.9337835939812,0
1970-01-01 00:00:00.000000177,,1211.061482045193,1211.061482045193,1211.061482045193,1211.061482045193,1211.061482045193,0
1970-01-01 00:00:00.000000178,,1202.623798606989,1202.623798606989,1202.623798606989,1202.623798606989,1202.623798606989,0
1970-01-01 00:00:00.000000179,,1178.750555955457,1178.750555955457,1178.750555955457,1178.750555955457,1178.750555955457,0
1970-01-01 00:00:00.000000180,,1179.2717940052096,1179.2717940052096,1179.2717940052096,1179.2717940052096,1179.2717940052096,0
1970-01-01 00:00:00.000000181,,1166.5657437194718,1166.5657437194718,1166.5657437194718,1166.5657437194718,1166.5657437194718,0
1970-01-01 00:00:00.000000182,,1160.684188171601,1160.684188171601,1160.684188171601,1160.684188171601,1160.684188171601,0
1970-01-01 00:00:00.000000183,,1163.1410372849095,1163.1410372849095,1163.1410372849095,1163.1410372849095,1163.1410372849095,0
1970-01-01 00:00:00.000000184,,1182.7459002555731,1182.7459002555731,1182.7459002555731,1182.7459002555731,1182.7459002555731,0
1970-01-01 00:00:00.000000185,,1162.2973995824232,1162.2973995824232,1162.2973995824232,1162.2973995824232,1162.2973995824232,0
1970-01-01 00:00:00.000000186,,1156.415758225436,1156.415758225436,1156.415758225436,1156.415758225436,1156.415758225436,0
1970-01-01 00:00:00.000000187,,1146.0178196869251,1146.0178196869251,1146.0178196869251,1146.0178196869251,1146.0178196869251,0
1970-01-01 00:00:00.000000188,,1151.105104982258,1151.105104982258,1151.105104982258,1151.105104982258,1151.105104982258,0
1970-01-01 00:00:00.000000189,,1150.0132553057874,1150.0132553057874,1150.0132553057874,1150.0132553057874,1150.0132553057874,0
1970-01-01 00:00:00.000000190,,1145.5711149238573,1145.5711149238573,1145.5711149238573,1145.5711149238573,1145.5711149238573,0
1970-01-01 00:00:00.000000191,,1144.8018394410435,1144.8018394410435,1144.8018394410435,1144.8018394410435,1144.8018394410435,0
1970-01-01 00:00:00.000000192,,1148.722762099973,1148.722762099973,1148.722762099973,1148.722762099973,1148.722762099973,0
1970-01-01 00:00:00.000000193,,1163.3148210249558,1163.3148210249558,1163.3148210249558,1163.3148210249558,1163.3148210249558,0
1970-01-01 00:00:00.000000194,,1161.4040366702477,1161.4040366702477,1161.4040366702477,1161.4040366702477,1161.4040366702477,0
1970-01-01 00:00:00.000000195,,1163.885548402189,1163.885548402189,1163.885548402189,1163.885548402189,1163.885548402189,0
1970-01-01 00:00:00.000000196,,1169.3451452373686,1169.3451452373686,1169.3451452373686,1169.3451452373686,1169.3451452373686,0
1970-01-01 00:00:00.000000197,,1168.9729714451066,1168.9729714451066,1168.9729714451066,1168.9729714451066,1168.9729714451066,0
1970-01-01 00:00:00.000000198,,1147.5068298823098,1147.5068298823098,1147.5068298823098,1147.5068298823098,1147.5068298823098,0
1970-01-01 00:00:00.000000199,,1141.5508934053469,1141.5508934053469,1141.5508934053469,1141.5508934053469,1141.5508934053469,0
1970-01-01 00:00:00.000000200,,1136.5877075106362,1136.5877075106362,1136.5877075106362,1136.5877075106362,1136.5877075106362,0
1970-01-01 00:00:00.000000201,,1116.7593673158804,1116.7593673158804,1116.7593673158804,1116.7593673158804,1116.7593673158804,0
1970-01-01 00:00:00.000000202,,1117.230921778067,1117.230921778067,1117.230921778067,1117.230921778067,1117.230921778067,0
1970-01-01 00:00:00.000000203,,1111.7712909465938,1111.7712909465938,1111.7712909465938,1111.7712909465938,1111.7712909465938,0
1970-01-01 00:00:00.000000204,,1128.6463150337838,1128.6463150337838,1128.6463150337838,1128.6463150337838,1128.6463150337838,0
1970-01-01 00:00:00.000000205,,1155.448028104718,1155.448028104718,1155.448028104718,1155.448028104718,1155.448028104718,0
1970-01-01 00:00:00.000000206,,1136.1656826268284,1136.1656826268284,1136.1656826268284,1136.1656826268284,1136.1656826268284,0
1970-01-01 00:00:00.000000207,,1148.4746196953226,1148.4746196953226,1148.4746196953226,1148.4746196953226,1148.4746196953226,0
1970-01-01 00:00:00.000000208,,1155.0509397455935,1155.0509397455935,1155.0509397455935,1155.0509397455935,1155.0509397455935,0
1970-01-01 00:00:00.000000209,,1157.5822297180116,1157.5822297180116,1157.5822297180116,1157.5822297180116,1157.5822297180116,0
1970-01-01 00:00:00.000000210,,1158.4507493206686,1158.4507493206686,1158.4507493206686,1158.4507493206686,1158.4507493206686,0
1970-01-01 00:00:00.000000211,,1157.4332718147846,1157.4332718147846,1157.4332718147846,1157.4332718147846,1157.4332718147846,0
1970-01-01 00:00:00.000000212,,1159.344192861405,1159.344192861405,1159.344192861405,1159.344192861405,1159.344192861405,0
1970-01-01 00:00:00.000000213,,1144.3054653415224,1144.3054653415224,1144.3054653415224,1144.3054653415224,1144.3054653415224,0
1970-01-01 00:00:00.000000214,,1152.9166537769547,1152.9166537769547,1152.9166537769547,1152.9166537769547,1152.9166537769547,0
1970-01-01 00:00:00.000000215,,1161.4039352802763,1161.4039352802763,1161.4039352802763,1161.4039352802763,1161.4039352802763,0
1970-01-01 00:00:00.000000216,,1166.9131951067154,1166.9131951067154,1166.9131951067154,1166.9131951067154,1166.9131951067154,0
1970-01-01 00:00:00.000000217,,1167.8064883385834,1167.8064883385834,1167.8064883385834,1167.8064883385834,1167.8064883385834,0
1970-01-01 00:00:00.000000218,,1165.647592311094,1165.647592311094,1165.647592311094,1165.647592311094,1165.647592311094,0
1970-01-01 00:00:00.000000219,,1174.3083747965666,1174.3083747965666,1174.3083747965666,1174.3083747965666,1174.3083747965666,0
1970-01-01 00:00:00.000000220,,1178.7754188353035,1178.7754188353035,1178.7754188353035,1178.7754188353035,1178.7754188353035,0
1970-01-01 00:00:00.000000221,,1185.3268657327444,1185.3268657327444,1185.3268657327444,1185.3268657327444,1185.3268657327444,0
1970-01-01 00:00:00.000000222,,1187.0144298509326,1187.0144298509326,1187.0144298509326,1187.0144298509326,1187.0144298509326,0
1970-01-01 00:00:00.000000223,,1188.155889499075,1188.155889499075,1188.155889499075,1188.155889499075,1188.155889499075,0
1970-01-01 00:00:00.000000224,,1195.1540911072586,1195.1540911072586,1195.1540911072586,1195.1540911072586,1195.1540911072586,0
1970-01-01 00:00:00.000000225,,1188.5529645510346,1188.5529645510346,1188.5529645510346,1188.5529645510346,1188.5529645510346,0
1970-01-01 00:00:00.000000226,,1180.2643464861462,1180.2643464861462,1180.2643464861462,1180.2643464861462,1180.2643464861462,0
1970-01-01 00:00:00.000000227,,1215.9997806950958,1215.9997806950958,1215.9997806950958,1215.9997806950958,1215.9997806950958,0
1970-01-01 00:00:00.000000228,,1210.540207865299,1210.540207865299,1210.540207865299,1210.540207865299,1210.540207865299,0
1970-01-01 00:00:00.000000229,,1214.560584514323,1214.560584514323,1214.560584514323,1214.560584514323,1214.560584514323,0
1970-01-01 00:00:00.000000230,,1220.9631623446442,1220.9631623446442,1220.9631623446442,1220.9631623446442,1220.9631623446442,0
1970-01-01 00:00:00.000000231,,1222.874052744466,1222.874052744466,1222.874052744466,1222.874052744466,1222.874052744466,0
1970-01-01 00:00:00.000000232,,1218.9777608532804,1218.9777608532804,1218.9777608532804,1218.9777608532804,1218.9777608532804,0
1970-01-01 00:00:00.000000233,,1220.9631521449137,1220.9631521449137,1220.9631521449137,1220.9631521449137,1220.9631521449137,0
1970-01-01 00:00:00.000000234,,1202.102614795848,1202.102614795848,1202.102614795848,1202.102614795848,1202.102614795848,0
1970-01-01 00:00:00.000000235,,1217.9851619285064,1217.9851619285064,1217.9851619285064,1217.9851619285064,1217.9851619285064,0
1970-01-01 00:00:00.000000236,,1229.8970515295573,1229.8970515295573,1229.8970515295573,1229.8970515295573,1229.8970515295573,0
1970-01-01 00:00:00.000000237,,1238.6323699765337,1238.6323699765337,1238.6323699765337,1238.6323699765337,1238.6323699765337,0
1970-01-01 00:00:00.000000238,,1268.1140495332209,1268.1140495332209,1268.1140495332209,1268.1140495332209,1268.1140495332209,0
1970-01-01 00:00:00.000000239,,1276.080186427869,1276.080186427869,1276.080186427869,1276.080186427869,1276.080186427869,0
1970-01-01 00:00:00.000000240,,1254.2170195322976,1254.2170195322976,1254.2170195322976,1254.2170195322976,1254.2170195322976,0
1970-01-01 00:00:00.000000241,,1270.3972179591544,1270.3972179591544,1270.3972179591544,1270.3972179591544,1270.3972179591544,0
1970-01-01 00:00:00.000000242,,1274.5663382448713,1274.5663382448713,1274.5663382448713,1274.5663382448713,1274.5663382448713,0
1970-01-01 00:00:00.000000243,,1281.514887400953,1281.514887400953,1281.514887400953,1281.514887400953,1281.514887400953,0
1970-01-01 00:00:00.000000244,,1285.3862277761266,1285.3862277761266,1285.3862277761266,1285.3862277761266,1285.3862277761266,0
1970-01-01 00:00:00.000000245,,1295.9581362918193,1295.9581362918193,1295.9581362918193,1295.9581362918193,1295.9581362918193,0
1970-01-01 00:00:00.000000246,,1280.795398303561,1280.795398303561,1280.795398303561,1280.795398303561,1280.795398303561,0
1970-01-01 00:00:00.000000247,,1283.0039664322292,1283.0039664322292,1283.0039664322292,1283.0039664322292,1283.0039664322292,0
1970-01-01 00:00:00.000000248,,1295.412048372221,1295.412048372221,1295.412048372221,1295.412048372221,1295.412048372221,0
1970-01-01 00:00:00.000000249,,1284.4928354763,1284.4928354763,1284.4928354763,1284.4928354763,1284.4928354763,0
1970-01-01 00:00:00.000000250,,1291.888116528752,1291.888116528752,1291.888116528752,1291.888116528752,1291.888116528752,0
1970-01-01 00:00:00.000000251,,1295.412156841061,1295.412156841061,1295.412156841061,1295.412156841061,1295.412156841061,0
1970-01-01 00:00:00.000000252,,1290.4487513775189,1290.4487513775189,1290.4487513775189,1290.4487513775189,1290.4487513775189,0
1970-01-01 00:00:00.000000253,,1279.0333061103788,1279.0333061103788,1279.0333061103788,1279.0333061103788,1279.0333061103788,0
1970-01-01 00:00:00.000000254,,1319.7321386109766,1319.7321386109766,1319.7321386109766,1319.7321386109766,1319.7321386109766,0
1970-01-01 00:00:00.000000255,,1349.9087552154865,1349.9087552154865,1349.9087552154865,1349.9087552154865,1349.9087552154865,0
1970-01-01 00:00:00.000000256,,1364.897715738619,1364.897715738619,1364.897715738619,1364.897715738619,1364.897715738619,0
1970-01-01 00:00:00.000000257,,1379.7627106993225,1379.7627106993225,1379.7627106993225,1379.7627106993225,1379.7627106993225,0
1970-01-01 00:00:00.000000258,,1349.5117047016763,1349.5117047016763,1349.5117047016763,1349.5117047016763,1349.5117047016763,0
1970-01-01 00:00:00.000000259,,1341.4712027363942,1341.4712027363942,1341.4712027363942,1341.4712027363942,1341.4712027363942,0
1970-01-01 00:00:00.000000260,,1365.890429247957,1365.890429247957,1365.890429247957,1365.890429247957,1365.890429247957,0
1970-01-01 00:00:00.000000261,,1361.671682300463,1361.671682300463,1361.671682300463,1361.671682300463,1361.671682300463,0
1970-01-01 00:00:00.000000262,,1325.4149927095905,1325.4149927095905,1325.4149927095905,1325.4149927095905,1325.4149927095905,0
1970-01-01 00:00:00.000000263,,1333.0831783387705,1333.0831783387705,1333.0831783387705,1333.0831783387705,1333.0831783387705,0
1970-01-01 00:00:00.000000264,,1354.474931519067,1354.474931519067,1354.474931519067,1354.474931519067,1354.474931519067,0
1970-01-01 00:00:00.000000265,,1449.223597164783,1449.223597164783,1449.223597164783,1449.223597164783,1449.223597164783,0
1970-01-01 00:00:00.000000266,,1393.6846609266845,1393.6846609266845,1393.6846609266845,1393.6846609266845,1393.6846609266845,0
1970-01-01 00:00:00.000000267,,1424.4569627393994,1424.4569627393994,1424.4569627393994,1424.4569627393994,1424.4569627393994,0
1970-01-01 00:00:00.000000268,,1422.6455164089482,1422.6455164089482,1422.6455164089482,1422.6455164089482,1422.6455164089482,0
1970-01-01 00:00:00.000000269,,1450.0177530325548,1450.0177530325548,1450.0177530325548,1450.0177530325548,1450.0177530325548,0
1970-01-01 00:00:00.000000270,,1431.256637826339,1431.256637826339,1431.256637826339,1431.256637826339,1431.256637826339,0
1970-01-01 00:00:00.000000271,,1425.3752031215413,1425.3752031215413,1425.3752031215413,1425.3752031215413,1425.3752031215413,0
1970-01-01 00:00:00.000000272,,1439.3467435794869,1439.3467435794869,1439.3467435794869,1439.3467435794869,1439.3467435794869,0
1970-01-01 00:00:00.000000273,,1443.31729322881,1443.31729322881,1443.31729322881,1443.31729322881,1443.31729322881,0
1970-01-01 00:00:00.000000274,,1450.017752117624,1450.017752117624,1450.017752117624,1450.017752117624,1450.017752117624,0
1970-01-01 00:00:00.000000275,,1444.806250056761,1444.806250056761,1444.806250056761,1444.806250056761,1444.806250056761,0
1970-01-01 00:00:00.000000276,,1446.7916226083244,1446.7916226083244,1446.7916226083244,1446.7916226083244,1446.7916226083244,0
1970-01-01 00:00:00.000000277,,1472.4517353218182,1472.4517353218182,1472.4517353218182,1472.4517353218182,1472.4517353218182,0
1970-01-01 00:00:00.000000278,,1465.6271998466532,1465.6271998466532,1465.6271998466532,1465.6271998466532,1465.6271998466532,0
1970-01-01 00:00:00.000000279,,1451.30825618237,1451.30825618237,1451.30825618237,1451.30825618237,1451.30825618237,0
1970-01-01 00:00:00.000000280,,1464.1878968342885,1464.1878968342885,1464.1878968342885,1464.1878968342885,1464.1878968342885,0
1970-01-01 00:00:00.000000281,,1463.170510366537,1463.170510366537,1463.170510366537,1463.170510366537,1463.170510366537,0
1970-01-01 00:00:00.000000282,,1457.36346935178,1457.36346935178,1457.36346935178,1457.36346935178,1457.36346935178,0
1970-01-01 00:00:00.000000283,,1478.556551746289,1478.556551746289,1478.556551746289,1478.556551746289,1478.556551746289,0
1970-01-01 00:00:00.000000284,,1482.5768223248915,1482.5768223248915,1482.5768223248915,1482.5768223248915,1482.5768223248915,0
1970-01-01 00:00:00.000000285,,1472.1291493159845,1472.1291493159845,1472.1291493159845,1472.1291493159845,1472.1291493159845,0
1970-01-01 00:00:00.000000286,,1472.1042938560004,1472.1042938560004,1472.1042938560004,1472.1042938560004,1472.1042938560004,0
1970-01-01 00:00:00.000000287,,1454.2365988812116,1454.2365988812116,1454.2365988812116,1454.2365988812116,1454.2365988812116,0
1970-01-01 00:00:00.000000288,,1452.7475417409498,1452.7475417409498,1452.7475417409498,1452.7475417409498,1452.7475417409498,0
1970-01-01 00:00:00.000000289,,1479.524373681886,1479.524373681886,1479.524373681886,1479.524373681886,1479.524373681886,0
1970-01-01 00:00:00.000000290,,1494.712091681268,1494.712091681268,1494.712091681268,1494.712091681268,1494.712091681268,0
1970-01-01 00:00:00.000000291,,1482.477391937893,1482.477391937893,1482.477391937893,1482.477391937893,1482.477391937893,0
1970-01-01 00:00:00.000000292,,1491.9325571368477,1491.9325571368477,1491.9325571368477,1491.9325571368477,1491.9325571368477,0
1970-01-01 00:00:00.000000293,,1478.060279979328,1478.060279979328,1478.060279979328,1478.060279979328,1478.060279979328,0
1970-01-01 00:00:00.000000294,,1455.8247263461558,1455.8247263461558,1455.8247263461558,1455.8247263461558,1455.8247263461558,0
1970-01-01 00:00:00.000000295,,1468.9029635812572,1468.9029635812572,1468.9029635812572,1468.9029635812572,1468.9029635812572,0
1970-01-01 00:00:00.000000296,,1429.1223094125826,1429.1223094125826,1429.1223094125826,1429.1223094125826,1429.1223094125826,0
1970-01-01 00:00:00.000000297,,1415.4733954219128,1415.4733954219128,1415.4733954219128,1415.4733954219128,1415.4733954219128,0
1970-01-01 00:00:00.000000298,,1409.56727675182,1409.56727675182,1409.56727675182,1409.56727675182,1409.56727675182,0
1970-01-01 00:00:00.000000299,,1418.252849649116,1418.252849649116,1418.252849649116,1418.252849649116,1418.252849649116,0
1970-01-01 00:00:00.000000300,,1417.4587350761735,1417.4587350761735,1417.4587350761735,1417.4587350761735,1417.4587350761735,0
1970-01-01 00:00:00.000000301,,1441.8532357214951,1441.8532357214951,1441.8532357214951,1441.8532357214951,1441.8532357214951,0
1970-01-01 00:00:00.000000302,,1439.321893152815,1439.321893152815,1439.321893152815,1439.321893152815,1439.321893152815,0
1970-01-01 00:00:00.000000303,,1434.3835274360674,1434.3835274360674,1434.3835274360674,1434.3835274360674,1434.3835274360674,0
1970-01-01 00:00:00.000000304,,1437.3613782559069,1437.3613782559069,1437.3613782559069,1437.3613782559069,1437.3613782559069,0
1970-01-01 00:00:00.000000305,,1481.90676076149,1481.90676076149,1481.90676076149,1481.90676076149,1481.90676076149,0
1970-01-01 00:00:00.000000306,,1481.5095896793896,1481.5095896793896,1481.5095896793896,1481.5095896793896,1481.5095896793896,0
1970-01-01 00:00:00.000000307,,1473.0968689675983,1473.0968689675983,1473.0968689675983,1473.0968689675983,1473.0968689675983,0
1970-01-01 00:00:00.000000308,,1471.186101560143,1471.186101560143,1471.186101560143,1471.186101560143,1471.186101560143,0
1970-01-01 00:00:00.000000309,,1468.8780939901114,1468.8780939901114,1468.8780939901114,1468.8780939901114,1468.8780939901114,0
1970-01-01 00:00:00.000000310,,1450.1417667351743,1450.1417667351743,1450.1417667351743,1450.1417667351743,1450.1417667351743,0
1970-01-01 00:00:00.000000311,,1452.226356281804,1452.226356281804,1452.226356281804,1452.226356281804,1452.226356281804,0
1970-01-01 00:00:00.000000312,,1478.060211901015,1478.060211901015,1478.060211901015,1478.060211901015,1478.060211901015,0
1970-01-01 00:00:00.000000313,,1455.5766564963697,1455.5766564963697,1455.5766564963697,1455.5766564963697,1455.5766564963697,0
1970-01-01 00:00:00.000000314,,1465.0317226594827,1465.0317226594827,1465.0317226594827,1465.0317226594827,1465.0317226594827,0
1970-01-01 00:00:00.000000315,,1450.2658952456557,1450.2658952456557,1450.2658952456557,1450.2658952456557,1450.2658952456557,0
1970-01-01 00:00:00.000000316,,1442.6720371000315,1442.6720371000315,1442.6720371000315,1442.6720371000315,1442.6720371000315,0
1970-01-01 00:00:00.000000317,,1452.7476380801534,1452.7476380801534,1452.7476380801534,1452.7476380801534,1452.7476380801534,0
1970-01-01 00:00:00.000000318,,1446.0720814485835,1446.0720814485835,1446.0720814485835,1446.0720814485835,1446.0720814485835,0
1970-01-01 00:00:00.000000319,,1461.6317610616636,1461.6317610616636,1461.6317610616636,1461.6317610616636,1461.6317610616636,0
1970-01-01 00:00:00.000000320,,1468.1337674689391,1468.1337674689391,1468.1337674689391,1468.1337674689391,1468.1337674689391,0
1970-01-01 00:00:00.000000321,,1452.7475596039474,1452.7475596039474,1452.7475596039474,1452.7475596039474,1452.7475596039474,0
1970-01-01 00:00:00.000000322,,1431.9018276580116,1431.9018276580116,1431.9018276580116,1431.9018276580116,1431.9018276580116,0
1970-01-01 00:00:00.000000323,,1453.194198141131,1453.194198141131,1453.194198141131,1453.194198141131,1453.194198141131,0
1970-01-01 00:00:00.000000324,,1439.3467183436048,1439.3467183436048,1439.3467183436048,1439.3467183436048,1439.3467183436048,0
1970-01-01 00:00:00.000000325,,1457.214576809603,1457.214576809603,1457.214576809603,1457.214576809603,1457.214576809603,0
1970-01-01 00:00:00.000000326,,1461.1850562736174,1461.1850562736174,1461.1850562736174,1461.1850562736174,1461.1850562736174,0
1970-01-01 00:00:00.000000327,,1460.1925152681529,1460.1925152681529,1460.1925152681529,1460.1925152681529,1460.1925152681529,0
1970-01-01 00:00:00.000000328,,1424.9533097670264,1424.9533097670264,1424.9533097670264,1424.9533097670264,1424.9533097670264,0
1970-01-01 00:00:00.000000329,,1405.571689953147,1405.571689953147,1405.571689953147,1405.571689953147,1405.571689953147,0
1970-01-01 00:00:00.000000330,,1387.2324157830617,1387.2324157830617,1387.2324157830617,1387.2324157830617,1387.2324157830617,0
1970-01-01 00:00:00.000000331,,1402.6185253372132,1402.6185253372132,1402.6185253372132,1402.6185253372132,1402.6185253372132,0
1970-01-01 00:00:00.000000332,,1386.4879762578594,1386.4879762578594,1386.4879762578594,1386.4879762578594,1386.4879762578594,0
1970-01-01 00:00:00.000000333,,1389.614931468387,1389.614931468387,1389.614931468387,1389.614931468387,1389.614931468387,0
1970-01-01 00:00:00.000000334,,1390.681954289976,1390.681954289976,1390.681954289976,1390.681954289976,1390.681954289976,0
1970-01-01 00:00:00.000000335,,1410.063563528233,1410.063563528233,1410.063563528233,1410.063563528233,1410.063563528233,0
1970-01-01 00:00:00.000000336,,1408.1278405018506,1408.1278405018506,1408.1278405018506,1408.1278405018506,1408.1278405018506,0
1970-01-01 00:00:00.000000337,,1412.5948920294334,1412.5948920294334,1412.5948920294334,1412.5948920294334,1412.5948920294334,0
1970-01-01 00:00:00.000000338,,1415.1260338425998,1415.1260338425998,1415.1260338425998,1415.1260338425998,1415.1260338425998,0
1970-01-01 00:00:00.000000339,,1425.722543020764,1425.722543020764,1425.722543020764,1425.722543020764,1425.722543020764,0
1970-01-01 00:00:00.000000340,,1447.8340020088174,1447.8340020088174,1447.8340020088174,1447.8340020088174,1447.8340020088174,0
1970-01-01 00:00:00.000000341,,1472.724715385057,1472.724715385057,1472.724715385057,1472.724715385057,1472.724715385057,0
1970-01-01 00:00:00.000000342,,1469.3497180106694,1469.3497180106694,1469.3497180106694,1469.3497180106694,1469.3497180106694,0
1970-01-01 00:00:00.000000343,,1457.2145743340495,1457.2145743340495,1457.2145743340495,1457.2145743340495,1457.2145743340495,0
1970-01-01 00:00:00.000000344,,1435.87248908715,1435.87248908715,1435.87248908715,1435.87248908715,1435.87248908715,0
1970-01-01 00:00:00.000000345,,1424.9532474164846,1424.9532474164846,1424.9532474164846,1424.9532474164846,1424.9532474164846,0
1970-01-01 00:00:00.000000346,,1420.7841589242364,1420.7841589242364,1420.7841589242364,1420.7841589242364,1420.7841589242364,0
1970-01-01 00:00:00.000000347,,1472.1043222829317,1472.1043222829317,1472.1043222829317,1472.1043222829317,1472.1043222829317,0
1970-01-01 00:00:00.000000348,,1487.0437791255476,1487.0437791255476,1487.0437791255476,1487.0437791255476,1487.0437791255476,0
1970-01-01 00:00:00.000000349,,1411.5524616660985,1411.5524616660985,1411.5524616660985,1411.5524616660985,1411.5524616660985,0
1970-01-01 00:00:00.000000350,,1424.4569533735907,1424.4569533735907,1424.4569533735907,1424.4569533735907,1424.4569533735907,0
1970-01-01 00:00:00.000000351,,1418.004611799037,1418.004611799037,1418.004611799037,1418.004611799037,1418.004611799037,0
1970-01-01 00:00:00.000000352,,1459.150058153404,1459.150058153404,1459.150058153404,1459.150058153404,1459.150058153404,0
1970-01-01 00:00:00.000000353,,1458.20717740815,1458.20717740815,1458.20717740815,1458.20717740815,1458.20717740815,0
1970-01-01 00:00:00.000000354,,1446.7915758989443,1446.7915758989443,1446.7915758989443,1446.7915758989443,1446.7915758989443,0
1970-01-01 00:00:00.000000355,,1461.1851486521073,1461.1851486521073,1461.1851486521073,1461.1851486521073,1461.1851486521073,0
1970-01-01 00:00:00.000000356,,1459.199879544848,1459.199879544848,1459.199879544848,1459.199879544848,1459.199879544848,0
1970-01-01 00:00:00.000000357,,1476.4224025999808,1476.4224025999808,1476.4224025999808,1476.4224025999808,1476.4224025999808,0
1970-01-01 00:00:00.000000358,,1476.571240472528,1476.571240472528,1476.571240472528,1476.571240472528,1476.571240472528,0
1970-01-01 00:00:00.000000359,,1448.2806091505108,1448.2806091505108,1448.2806091505108,1448.2806091505108,1448.2806091505108,0
1970-01-01 00:00:00.000000360,,1462.7982011333013,1462.7982011333013,1462.7982011333013,1462.7982011333013,1462.7982011333013,0
1970-01-01 00:00:00.000000361,,1434.9045699529108,1434.9045699529108,1434.9045699529108,1434.9045699529108,1434.9045699529108,0
1970-01-01 00:00:00.000000362,,1432.3982039886682,1432.3982039886682,1432.3982039886682,1432.3982039886682,1432.3982039886682,0
1970-01-01 00:00:00.000000363,,1435.425808927042,1435.425808927042,1435.425808927042,1435.425808927042,1435.425808927042,0
1970-01-01 00:00:00.000000364,,1502.6284353235128,1502.6284353235128,1502.6284353235128,1502.6284353235128,1502.6284353235128,0
1970-01-01 00:00:00.000000365,,1519.7764812043604,1519.7764812043604,1519.7764812043604,1519.7764812043604,1519.7764812043604,0
1970-01-01 00:00:00.000000366,,1551.0450507194453,1551.0450507194453,1551.0450507194453,1551.0450507194453,1551.0450507194453,0
1970-01-01 00:00:00.000000367,,1557.968712393485,1557.968712393485,1557.968712393485,1557.968712393485,1557.968712393485,0
1970-01-01 00:00:00.000000368,,1554.8170660210362,1554.8170660210362,1554.8170660210362,1554.8170660210362,1554.8170660210362,0
1970-01-01 00:00:00.000000369,,1545.5606622734106,1545.5606622734106,1545.5606622734106,1545.5606622734106,1545.5606622734106,0
1970-01-01 00:00:00.000000370,,1542.4088769403463,1542.4088769403463,1542.4088769403463,1542.4088769403463,1542.4088769403463,0
1970-01-01 00:00:00.000000371,,1577.325467706802,1577.325467706802,1577.325467706802,1577.325467706802,1577.325467706802,0
1970-01-01 00:00:00.000000372,,1585.8623208770043,1585.8623208770043,1585.8623208770043,1585.8623208770043,1585.8623208770043,0
1970-01-01 00:00:00.000000373,,1583.281430895477,1583.281430895477,1583.281430895477,1583.281430895477,1583.281430895477,0
1970-01-01 00:00:00.000000374,,1575.8365135146928,1575.8365135146928,1575.8365135146928,1575.8365135146928,1575.8365135146928,0
1970-01-01 00:00:00.000000375,,1572.8586162043875,1572.8586162043875,1572.8586162043875,1572.8586162043875,1572.8586162043875,0
1970-01-01 00:00:00.000000376,,1592.6620057625546,1592.6620057625546,1592.6620057625546,1592.6620057625546,1592.6620057625546,0
1970-01-01 00:00:00.000000377,,1581.792452589091,1581.792452589091,1581.792452589091,1581.792452589091,1581.792452589091,0
1970-01-01 00:00:00.000000378,,1564.4210812674708,1564.4210812674708,1564.4210812674708,1564.4210812674708,1564.4210812674708,0
1970-01-01 00:00:00.000000379,,1574.3475621142547,1574.3475621142547,1574.3475621142547,1574.3475621142547,1574.3475621142547,0
1970-01-01 00:00:00.000000380,,1525.9557698439748,1525.9557698439748,1525.9557698439748,1525.9557698439748,1525.9557698439748,0
1970-01-01 00:00:00.000000381,,1489.9719903646578,1489.9719903646578,1489.9719903646578,1489.9719903646578,1489.9719903646578,0
1970-01-01 00:00:00.000000382,,1474.0895996286229,1474.0895996286229,1474.0895996286229,1474.0895996286229,1474.0895996286229,0
1970-01-01 00:00:00.000000383,,1470.119034748078,1470.119034748078,1470.119034748078,1470.119034748078,1470.119034748078,0
1970-01-01 00:00:00.000000384,,1481.4352554076795,1481.4352554076795,1481.4352554076795,1481.4352554076795,1481.4352554076795,0
1970-01-01 00:00:00.000000385,,1500.8414953005092,1500.8414953005092,1500.8414953005092,1500.8414953005092,1500.8414953005092,0
1970-01-01 00:00:00.000000386,,1505.879367098864,1505.879367098864,1505.879367098864,1505.879367098864,1505.879367098864,0
1970-01-01 00:00:00.000000387,,1492.9499231376883,1492.9499231376883,1492.9499231376883,1492.9499231376883,1492.9499231376883,0
1970-01-01 00:00:00.000000388,,1500.8913109431162,1500.8913109431162,1500.8913109431162,1500.8913109431162,1500.8913109431162,0
1970-01-01 00:00:00.000000389,,1493.9426800961044,1493.9426800961044,1493.9426800961044,1493.9426800961044,1493.9426800961044,0
1970-01-01 00:00:00.000000390,,1469.126390399314,1469.126390399314,1469.126390399314,1469.126390399314,1469.126390399314,0
1970-01-01 00:00:00.000000391,,1444.4588830824964,1444.4588830824964,1444.4588830824964,1444.4588830824964,1444.4588830824964,0
1970-01-01 00:00:00.000000392,,1458.207118491354,1458.207118491354,1458.207118491354,1458.207118491354,1458.207118491354,0
1970-01-01 00:00:00.000000393,,1446.8164580997684,1446.8164580997684,1446.8164580997684,1446.8164580997684,1446.8164580997684,0
1970-01-01 00:00:00.000000394,,1449.2732763644294,1449.2732763644294,1449.2732763644294,1449.2732763644294,1449.2732763644294,0
1970-01-01 00:00:00.000000395,,1459.199797918004,1459.199797918004,1459.199797918004,1459.199797918004,1459.199797918004,0
1970-01-01 00:00:00.000000396,,1450.0178268110735,1450.0178268110735,1450.0178268110735,1450.0178268110735,1450.0178268110735,0
1970-01-01 00:00:00.000000397,,1452.7972017764512,1452.7972017764512,1452.7972017764512,1452.7972017764512,1452.7972017764512,0
1970-01-01 00:00:00.000000398,,1457.8598362701878,1457.8598362701878,1457.8598362701878,1457.8598362701878,1457.8598362701878,0
1970-01-01 00:00:00.000000399,,1476.6025720306277,1476.6025720306277,1476.6025720306277,1476.6025720306277,1476.6025720306277,0
1970-01-01 00:00:00.000000400,,1491.268975771349,1491.268975771349,1491.268975771349,1491.268975771349,1491.268975771349,0
1970-01-01 00:00:00.000000401,,1487.30978907883,1487.30978907883,1487.30978907883,1487.30978907883,1487.30978907883,0
1970-01-01 00:00:00.000000402,,1497.0210123494212,1497.0210123494212,1497.0210123494212,1497.0210123494212,1497.0210123494212,0
1970-01-01 00:00:00.000000403,,1497.768063961028,1497.768063961028,1497.768063961028,1497.768063961028,1497.768063961028,0
1970-01-01 00:00:00.000000404,,1500.9802618699923,1500.9802618699923,1500.9802618699923,1500.9802618699923,1500.9802618699923,0
1970-01-01 00:00:00.000000405,,1504.4912711730517,1504.4912711730517,1504.4912711730517,1504.4912711730517,1504.4912711730517,0
1970-01-01 00:00:00.000000406,,1499.0131426615155,1499.0131426615155,1499.0131426615155,1499.0131426615155,1499.0131426615155,0
1970-01-01 00:00:00.000000407,,1497.1205913811584,1497.1205913811584,1497.1205913811584,1497.1205913811584,1497.1205913811584,0
1970-01-01 00:00:00.000000408,,1527.89778785993,1527.89778785993,1527.89778785993,1527.89778785993,1527.89778785993,0
1970-01-01 00:00:00.000000409,,1504.8647654458696,1504.8647654458696,1504.8647654458696,1504.8647654458696,1504.8647654458696,0
1970-01-01 00:00:00.000000410,,1515.1984708784903,1515.1984708784903,1515.1984708784903,1515.1984708784903,1515.1984708784903,0
1970-01-01 00:00:00.000000411,,1494.7301447200666,1494.7301447200666,1494.7301447200666,1494.7301447200666,1494.7301447200666,0
1970-01-01 00:00:00.000000412,,1513.0072347057646,1513.0072347057646,1513.0072347057646,1513.0072347057646,1513.0072347057646,0
1970-01-01 00:00:00.000000413,,1486.5627588054049,1486.5627588054049,1486.5627588054049,1486.5627588054049,1486.5627588054049,0
1970-01-01 00:00:00.000000414,,1460.666261949736,1460.666261949736,1460.666261949736,1460.666261949736,1460.666261949736,0
1970-01-01 00:00:00.000000415,,1454.6901127162012,1454.6901127162012,1454.6901127162012,1454.6901127162012,1454.6901127162012,0
1970-01-01 00:00:00.000000416,,1457.2300550346945,1457.2300550346945,1457.2300550346945,1457.2300550346945,1457.2300550346945,0
1970-01-01 00:00:00.000000417,,1451.2039809867947,1451.2039809867947,1451.2039809867947,1451.2039809867947,1451.2039809867947,0
1970-01-01 00:00:00.000000418,,1470.526852936648,1470.526852936648,1470.526852936648,1470.526852936648,1470.526852936648,0
1970-01-01 00:00:00.000000419,,1471.6723576050656,1471.6723576050656,1471.6723576050656,1471.6723576050656,1471.6723576050656,0
1970-01-01 00:00:00.000000420,,1468.1364260685732,1468.1364260685732,1468.1364260685732,1468.1364260685732,1468.1364260685732,0
1970-01-01 00:00:00.000000421,,1464.1522884024148,1464.1522884024148,1464.1522884024148,1464.1522884024148,1464.1522884024148,0
1970-01-01 00:00:00.000000422,,1460.4171894563085,1460.4171894563085,1460.4171894563085,1460.4171894563085,1460.4171894563085,0
1970-01-01 00:00:00.000000423,,1468.136427109257,1468.136427109257,1468.136427109257,1468.136427109257,1468.136427109257,0
1970-01-01 00:00:00.000000424,,1485.0687739665293,1485.0687739665293,1485.0687739665293,1485.0687739665293,1485.0687739665293,0
1970-01-01 00:00:00.000000425,,1482.5786761041754,1482.5786761041754,1482.5786761041754,1482.5786761041754,1482.5786761041754,0
1970-01-01 00:00:00.000000426,,1477.9970102640052,1477.9970102640052,1477.9970102640052,1477.9970102640052,1477.9970102640052,0
1970-01-01 00:00:00.000000427,,1484.7202013028073,1484.7202013028073,1484.7202013028073,1484.7202013028073,1484.7202013028073,0
1970-01-01 00:00:00.000000428,,1493.0369361114394,1493.0369361114394,1493.0369361114394,1493.0369361114394,1493.0369361114394,0
1970-01-01 00:00:00.000000429,,1513.3558880158446,1513.3558880158446,1513.3558880158446,1513.3558880158446,1513.3558880158446,0
1970-01-01 00:00:00.000000430,,1474.7599230273088,1474.7599230273088,1474.7599230273088,1474.7599230273088,1474.7599230273088,0
1970-01-01 00:00:00.000000431,,1430.8602791168494,1430.8602791168494,1430.8602791168494,1430.8602791168494,1430.8602791168494,0
1970-01-01 00:00:00.000000432,,1398.34020617394,1398.34020617394,1398.34020617394,1398.34020617394,1398.34020617394,0
1970-01-01 00:00:00.000000433,,1387.9566419173104,1387.9566419173104,1387.9566419173104,1387.9566419173104,1387.9566419173104,0
1970-01-01 00:00:00.000000434,,1367.513224520688,1367.513224520688,1367.513224520688,1367.513224520688,1367.513224520688,0
1970-01-01 00:00:00.000000435,,1391.9656892391697,1391.9656892391697,1391.9656892391697,1391.9656892391697,1391.9656892391697,0
1970-01-01 00:00:00.000000436,,1374.5352199766685,1374.5352199766685,1374.5352199766685,1374.5352199766685,1374.5352199766685,0
1970-01-01 00:00:00.000000437,,1364.5501018082973,1364.5501018082973,1364.5501018082973,1364.5501018082973,1364.5501018082973,0
1970-01-01 00:00:00.000000438,,1373.962442591221,1373.962442591221,1373.962442591221,1373.962442591221,1373.962442591221,0
1970-01-01 00:00:00.000000439,,1353.1207855156183,1353.1207855156183,1353.1207855156183,1353.1207855156183,1353.1207855156183,0
1970-01-01 00:00:00.000000440,,1334.6695151768993,1334.6695151768993,1334.6695151768993,1334.6695151768993,1334.6695151768993,0
1970-01-01 00:00:00.000000441,,1360.2671814831224,1360.2671814831224,1360.2671814831224,1360.2671814831224,1360.2671814831224,0
1970-01-01 00:00:00.000000442,,1346.796043723323,1346.796043723323,1346.796043723323,1346.796043723323,1346.796043723323,0
1970-01-01 00:00:00.000000443,,1361.686598848784,1361.686598848784,1361.686598848784,1361.686598848784,1361.686598848784,0
1970-01-01 00:00:00.000000444,,1363.7532474009167,1363.7532474009167,1363.7532474009167,1363.7532474009167,1363.7532474009167,0
1970-01-01 00:00:00.000000445,,1332.1793705575924,1332.1793705575924,1332.1793705575924,1332.1793705575924,1332.1793705575924,0
1970-01-01 00:00:00.000000446,,1329.9633130042932,1329.9633130042932,1329.9633130042932,1329.9633130042932,1329.9633130042932,0
1970-01-01 00:00:00.000000447,,1338.1555171764887,1338.1555171764887,1338.1555171764887,1338.1555171764887,1338.1555171764887,0
1970-01-01 00:00:00.000000448,,1331.6813526124563,1331.6813526124563,1331.6813526124563,1331.6813526124563,1331.6813526124563,0
1970-01-01 00:00:00.000000449,,1322.8167478889227,1322.8167478889227,1322.8167478889227,1322.8167478889227,1322.8167478889227,0
1970-01-01 00:00:00.000000450,,1329.6893351932274,1329.6893351932274,1329.6893351932274,1329.6893351932274,1329.6893351932274,0
1970-01-01 00:00:00.000000451,,1334.6694245700712,1334.6694245700712,1334.6694245700712,1334.6694245700712,1334.6694245700712,0
1970-01-01 00:00:00.000000452,,1327.7471304089104,1327.7471304089104,1327.7471304089104,1327.7471304089104,1327.7471304089104,0
1970-01-01 00:00:00.000000453,,1332.5280301195803,1332.5280301195803,1332.5280301195803,1332.5280301195803,1332.5280301195803,0
1970-01-01 00:00:00.000000454,,1287.8564249120311,1287.8564249120311,1287.8564249120311,1287.8564249120311,1287.8564249120311,0
1970-01-01 00:00:00.000000455,,1304.7888451117578,1304.7888451117578,1304.7888451117578,1304.7888451117578,1304.7888451117578,0
1970-01-01 00:00:00.000000456,,1318.7331565363688,1318.7331565363688,1318.7331565363688,1318.7331565363688,1318.7331565363688,0
1970-01-01 00:00:00.000000457,,1292.4879180085577,1292.4879180085577,1292.4879180085577,1292.4879180085577,1292.4879180085577,0
1970-01-01 00:00:00.000000458,,1273.8622221377802,1273.8622221377802,1273.8622221377802,1273.8622221377802,1273.8622221377802,0
1970-01-01 00:00:00.000000459,,1270.4759075040322,1270.4759075040322,1270.4759075040322,1270.4759075040322,1270.4759075040322,0
1970-01-01 00:00:00.000000460,,1265.196886863478,1265.196886863478,1265.196886863478,1265.196886863478,1265.196886863478,0
1970-01-01 00:00:00.000000461,,1248.613186761178,1248.613186761178,1248.613186761178,1248.613186761178,1248.613186761178,0
1970-01-01 00:00:00.000000462,,1262.55746761959,1262.55746761959,1262.55746761959,1262.55746761959,1262.55746761959,0
1970-01-01 00:00:00.000000463,,1255.734688515481,1255.734688515481,1255.734688515481,1255.734688515481,1255.734688515481,0
1970-01-01 00:00:00.000000464,,1236.7107220331202,1236.7107220331202,1236.7107220331202,1236.7107220331202,1236.7107220331202,0
1970-01-01 00:00:00.000000465,,1224.509420421979,1224.509420421979,1224.509420421979,1224.509420421979,1224.509420421979,0
1970-01-01 00:00:00.000000466,,1284.868314871977,1284.868314871977,1284.868314871977,1284.868314871977,1284.868314871977,0
1970-01-01 00:00:00.000000467,,1289.7986377983043,1289.7986377983043,1289.7986377983043,1289.7986377983043,1289.7986377983043,0
1970-01-01 00:00:00.000000468,,1288.3543972122054,1288.3543972122054,1288.3543972122054,1288.3543972122054,1288.3543972122054,0
1970-01-01 00:00:00.000000469,,1284.818474176107,1284.818474176107,1284.818474176107,1284.818474176107,1284.818474176107,0
1970-01-01 00:00:00.000000470,,1274.9081506356404,1274.9081506356404,1274.9081506356404,1274.9081506356404,1274.9081506356404,0
1970-01-01 00:00:00.000000471,,1282.876370557777,1282.876370557777,1282.876370557777,1282.876370557777,1282.876370557777,0
1970-01-01 00:00:00.000000472,,1311.760901783446,1311.760901783446,1311.760901783446,1311.760901783446,1311.760901783446,0
1970-01-01 00:00:00.000000473,,1320.7251432865569,1320.7251432865569,1320.7251432865569,1320.7251432865569,1320.7251432865569,0
1970-01-01 00:00:00.000000474,,1309.1214514378748,1309.1214514378748,1309.1214514378748,1309.1214514378748,1309.1214514378748,0
1970-01-01 00:00:00.000000475,,1318.6334884089777,1318.6334884089777,1318.6334884089777,1318.6334884089777,1318.6334884089777,0
1970-01-01 00:00:00.000000476,,1297.816673231309,1297.816673231309,1297.816673231309,1297.816673231309,1297.816673231309,0
1970-01-01 00:00:00.000000477,,1284.121290398709,1284.121290398709,1284.121290398709,1284.121290398709,1284.121290398709,0
1970-01-01 00:00:00.000000478,,1279.8882324099652,1279.8882324099652,1279.8882324099652,1279.8882324099652,1279.8882324099652,0
1970-01-01 00:00:00.000000479,,1264.9479526569407,1264.9479526569407,1264.9479526569407,1264.9479526569407,1264.9479526569407,0
1970-01-01 00:00:00.000000480,,1254.9877622795104,1254.9877622795104,1254.9877622795104,1254.9877622795104,1254.9877622795104,0
1970-01-01 00:00:00.000000481,,1269.9280595585296,1269.9280595585296,1269.9280595585296,1269.9280595585296,1269.9280595585296,0
1970-01-01 00:00:00.000000482,,1256.033537225462,1256.033537225462,1256.033537225462,1256.033537225462,1256.033537225462,0
1970-01-01 00:00:00.000000483,,1235.714673937889,1235.714673937889,1235.714673937889,1235.714673937889,1235.714673937889,0
1970-01-01 00:00:00.000000484,,1234.0712121990753,1234.0712121990753,1234.0712121990753,1234.0712121990753,1234.0712121990753,0
1970-01-01 00:00:00.000000485,,1219.1309339507775,1219.1309339507775,1219.1309339507775,1219.1309339507775,1219.1309339507775,0
1970-01-01 00:00:00.000000486,,1210.166734877433,1210.166734877433,1210.166734877433,1210.166734877433,1210.166734877433,0
1970-01-01 00:00:00.000000487,,1217.4377030050357,1217.4377030050357,1217.4377030050357,1217.4377030050357,1217.4377030050357,0
1970-01-01 00:00:00.000000488,,1219.3798917928575,1219.3798917928575,1219.3798917928575,1219.3798917928575,1219.3798917928575,0
1970-01-01 00:00:00.000000489,,1213.4536884394554,1213.4536884394554,1213.4536884394554,1213.4536884394554,1213.4536884394554,0
1970-01-01 00:00:00.000000490,,1211.5611874241415,1211.5611874241415,1211.5611874241415,1211.5611874241415,1211.5611874241415,0
1970-01-01 00:00:00.000000491,,1203.1945530395503,1203.1945530395503,1203.1945530395503,1203.1945530395503,1203.1945530395503,0
1970-01-01 00:00:00.000000492,,1210.0172807004092,1210.0172807004092,1210.0172807004092,1210.0172807004092,1210.0172807004092,0
1970-01-01 00:00:00.000000493,,1216.3918076943417,1216.3918076943417,1216.3918076943417,1216.3918076943417,1216.3918076943417,0
1970-01-01 00:00:00.000000494,,1238.9518139936486,1238.9518139936486,1238.9518139936486,1238.9518139936486,1238.9518139936486,0
1970-01-01 00:00:00.000000495,,1248.961727102304,1248.961727102304,1248.961727102304,1248.961727102304,1248.961727102304,0
1970-01-01 00:00:00.000000496,,1217.1388288273845,1217.1388288273845,1217.1388288273845,1217.1388288273845,1217.1388288273845,0
1970-01-01 00:00:00.000000497,,1244.0314575822304,1244.0314575822304,1244.0314575822304,1244.0314575822304,1244.0314575822304,0
1970-01-01 00:00:00.000000498,,1261.9598138402198,1261.9598138402198,1261.9598138402198,1261.9598138402198,1261.9598138402198,0
1970-01-01 00:00:00.000000499,,1248.8621307808614,1248.8621307808614,1248.8621307808614,1248.8621307808614,1248.8621307808614,0
1970-01-01 00:00:00.000000500,,1225.1070543419412,1225.1070543419412,1225.1070543419412,1225.1070543419412,1225.1070543419412,0
1970-01-01 00:00:00.000000501,,1239.1509590647415,1239.1509590647415,1239.1509590647415,1239.1509590647415,1239.1509590647415,0
1970-01-01 00:00:00.000000502,,1239.9974688456068,1239.9974688456068,1239.9974688456068,1239.9974688456068,1239.9974688456068,0
1970-01-01 00:00:00.000000503,,1253.8920943102864,1253.8920943102864,1253.8920943102864,1253.8920943102864,1253.8920943102864,0
1970-01-01 00:00:00.000000504,,1316.9900509904955,1316.9900509904955,1316.9900509904955,1316.9900509904955,1316.9900509904955,0
1970-01-01 00:00:00.000000505,,1310.764916385877,1310.764916385877,1310.764916385877,1310.764916385877,1310.764916385877,0
1970-01-01 00:00:00.000000506,,1305.2868371165837,1305.2868371165837,1305.2868371165837,1305.2868371165837,1305.2868371165837,0
1970-01-01 00:00:00.000000507,,1273.2149526536994,1273.2149526536994,1273.2149526536994,1273.2149526536994,1273.2149526536994,0
1970-01-01 00:00:00.000000508,,1264.947884048613,1264.947884048613,1264.947884048613,1264.947884048613,1264.947884048613,0
1970-01-01 00:00:00.000000509,,1260.9638702056577,1260.9638702056577,1260.9638702056577,1260.9638702056577,1260.9638702056577,0
1970-01-01 00:00:00.000000510,,1234.1708090151494,1234.1708090151494,1234.1708090151494,1234.1708090151494,1234.1708090151494,0
1970-01-01 00:00:00.000000511,,1233.0752790316255,1233.0752790316255,1233.0752790316255,1233.0752790316255,1233.0752790316255,0
1970-01-01 00:00:00.000000512,,1231.0832160878692,1231.0832160878692,1231.0832160878692,1231.0832160878692,1231.0832160878692,0
1970-01-01 00:00:00.000000513,,1230.635044492625,1230.635044492625,1230.635044492625,1230.635044492625,1230.635044492625,0
1970-01-01 00:00:00.000000514,,1250.8541794958078,1250.8541794958078,1250.8541794958078,1250.8541794958078,1250.8541794958078,0
1970-01-01 00:00:00.000000515,,1260.0673469134033,1260.0673469134033,1260.0673469134033,1260.0673469134033,1260.0673469134033,0
1970-01-01 00:00:00.000000516,,1246.0235355947286,1246.0235355947286,1246.0235355947286,1246.0235355947286,1246.0235355947286,0
1970-01-01 00:00:00.000000517,,1243.085282988569,1243.085282988569,1243.085282988569,1243.085282988569,1243.085282988569,0
1970-01-01 00:00:00.000000518,,1277.5476050956522,1277.5476050956522,1277.5476050956522,1277.5476050956522,1277.5476050956522,0
1970-01-01 00:00:00.000000519,,1268.6331564996678,1268.6331564996678,1268.6331564996678,1268.6331564996678,1268.6331564996678,0
1970-01-01 00:00:00.000000520,,1271.073491533156,1271.073491533156,1271.073491533156,1271.073491533156,1271.073491533156,0
1970-01-01 00:00:00.000000521,,1259.469777897567,1259.469777897567,1259.469777897567,1259.469777897567,1259.469777897567,0
1970-01-01 00:00:00.000000522,,1259.519670533727,1259.519670533727,1259.519670533727,1259.519670533727,1259.519670533727,0
1970-01-01 00:00:00.000000523,,1214.5989377224969,1214.5989377224969,1214.5989377224969,1214.5989377224969,1214.5989377224969,0
1970-01-01 00:00:00.000000524,,1212.2086229517822,1212.2086229517822,1212.2086229517822,1212.2086229517822,1212.2086229517822,0
1970-01-01 00:00:00.000000525,,1214.1507532507958,1214.1507532507958,1214.1507532507958,1214.1507532507958,1214.1507532507958,0
1970-01-01 00:00:00.000000526,,1206.2821918357026,1206.2821918357026,1206.2821918357026,1206.2821918357026,1206.2821918357026,0
1970-01-01 00:00:00.000000527,,1219.9775298877432,1219.9775298877432,1219.9775298877432,1219.9775298877432,1219.9775298877432,0
1970-01-01 00:00:00.000000528,,1214.6488125132394,1214.6488125132394,1214.6488125132394,1214.6488125132394,1214.6488125132394,0
1970-01-01 00:00:00.000000529,,1219.0810452834291,1219.0810452834291,1219.0810452834291,1219.0810452834291,1219.0810452834291,0
1970-01-01 00:00:00.000000530,,1223.8121434284387,1223.8121434284387,1223.8121434284387,1223.8121434284387,1223.8121434284387,0
1970-01-01 00:00:00.000000531,,1211.7105497558396,1211.7105497558396,1211.7105497558396,1211.7105497558396,1211.7105497558396,0
1970-01-01 00:00:00.000000532,,1206.1826029932777,1206.1826029932777,1206.1826029932777,1206.1826029932777,1206.1826029932777,0
1970-01-01 00:00:00.000000533,,1207.975493883109,1207.975493883109,1207.975493883109,1207.975493883109,1207.975493883109,0
1970-01-01 00:00:00.000000534,,1197.218393771922,1197.218393771922,1197.218393771922,1197.218393771922,1197.218393771922,0
1970-01-01 00:00:00.000000535,,1199.2104168056296,1199.2104168056296,1199.2104168056296,1199.2104168056296,1199.2104168056296,0
1970-01-01 00:00:00.000000536,,1157.576687742468,1157.576687742468,1157.576687742468,1157.576687742468,1157.576687742468,0
1970-01-01 00:00:00.000000537,,1156.38156474498,1156.38156474498,1156.38156474498,1156.38156474498,1156.38156474498,0
1970-01-01 00:00:00.000000538,,1192.2383549047067,1192.2383549047067,1192.2383549047067,1192.2383549047067,1192.2383549047067,0
1970-01-01 00:00:00.000000539,,1211.1627762331514,1211.1627762331514,1211.1627762331514,1211.1627762331514,1211.1627762331514,0
1970-01-01 00:00:00.000000540,,1240.0473535020744,1240.0473535020744,1240.0473535020744,1240.0473535020744,1240.0473535020744,0
1970-01-01 00:00:00.000000541,,1235.0672477916655,1235.0672477916655,1235.0672477916655,1235.0672477916655,1235.0672477916655,0
1970-01-01 00:00:00.000000542,,1252.995610693361,1252.995610693361,1252.995610693361,1252.995610693361,1252.995610693361,0
1970-01-01 00:00:00.000000543,,1255.0376050433522,1255.0376050433522,1255.0376050433522,1255.0376050433522,1255.0376050433522,0
1970-01-01 00:00:00.000000544,,1237.208673957254,1237.208673957254,1237.208673957254,1237.208673957254,1237.208673957254,0
1970-01-01 00:00:00.000000545,,1233.9217529296875,1233.9217529296875,1233.9217529296875,1233.9217529296875,1233.9217529296875,0
1970-01-01 00:00:00.000000546,,1236.113132982547,1236.113132982547,1236.113132982547,1236.113132982547,1236.113132982547,0
1970-01-01 00:00:00.000000547,,1246.8700894970418,1246.8700894970418,1246.8700894970418,1246.8700894970418,1246.8700894970418,0
1970-01-01 00:00:00.000000548,,1269.927977701306,1269.927977701306,1269.927977701306,1269.927977701306,1269.927977701306,0
1970-01-01 00:00:00.000000549,,1285.86434660882,1285.86434660882,1285.86434660882,1285.86434660882,1285.86434660882,0
1970-01-01 00:00:00.000000550,,1302.497915186312,1302.497915186312,1302.497915186312,1302.497915186312,1302.497915186312,0
1970-01-01 00:00:00.000000551,,1285.8643858858131,1285.8643858858131,1285.8643858858131,1285.8643858858131,1285.8643858858131,0
1970-01-01 00:00:00.000000552,,1273.0655062272906,1273.0655062272906,1273.0655062272906,1273.0655062272906,1273.0655062272906,0
1970-01-01 00:00:00.000000553,,1274.9081198538831,1274.9081198538831,1274.9081198538831,1274.9081198538831,1274.9081198538831,0
1970-01-01 00:00:00.000000554,,1259.5693287834792,1259.5693287834792,1259.5693287834792,1259.5693287834792,1259.5693287834792,0
1970-01-01 00:00:00.000000555,,1242.5873186806543,1242.5873186806543,1242.5873186806543,1242.5873186806543,1242.5873186806543,0
1970-01-01 00:00:00.000000556,,1228.145018441354,1228.145018441354,1228.145018441354,1228.145018441354,1228.145018441354,0
1970-01-01 00:00:00.000000557,,1236.162816017271,1236.162816017271,1236.162816017271,1236.162816017271,1236.162816017271,0
1970-01-01 00:00:00.000000558,,1127.6960086529814,1127.6960086529814,1127.6960086529814,1127.6960086529814,1127.6960086529814,0
1970-01-01 00:00:00.000000559,,1167.3378163352843,1167.3378163352843,1167.3378163352843,1167.3378163352843,1167.3378163352843,0
1970-01-01 00:00:00.000000560,,1164.8477193030517,1164.8477193030517,1164.8477193030517,1164.8477193030517,1164.8477193030517,0
1970-01-01 00:00:00.000000561,,1190.3957018139645,1190.3957018139645,1190.3957018139645,1190.3957018139645,1190.3957018139645,0
1970-01-01 00:00:00.000000562,,1246.0235343416643,1246.0235343416643,1246.0235343416643,1246.0235343416643,1246.0235343416643,0
1970-01-01 00:00:00.000000563,,1229.1907298200806,1229.1907298200806,1229.1907298200806,1229.1907298200806,1229.1907298200806,0
1970-01-01 00:00:00.000000564,,1235.266450081142,1235.266450081142,1235.266450081142,1235.266450081142,1235.266450081142,0
1970-01-01 00:00:00.000000565,,1264.947875835223,1264.947875835223,1264.947875835223,1264.947875835223,1264.947875835223,0
1970-01-01 00:00:00.000000566,,1294.8286411452225,1294.8286411452225,1294.8286411452225,1294.8286411452225,1294.8286411452225,0
1970-01-01 00:00:00.000000567,,1291.840547250601,1291.840547250601,1291.840547250601,1291.840547250601,1291.840547250601,0
1970-01-01 00:00:00.000000568,,1287.2588872304611,1287.2588872304611,1287.2588872304611,1287.2588872304611,1287.2588872304611,0
1970-01-01 00:00:00.000000569,,1298.3146947064158,1298.3146947064158,1298.3146947064158,1298.3146947064158,1298.3146947064158,0
1970-01-01 00:00:00.000000570,,1334.669497851195,1334.669497851195,1334.669497851195,1334.669497851195,1334.669497851195,0
1970-01-01 00:00:00.000000571,,1365.5461749701867,1365.5461749701867,1365.5461749701867,1365.5461749701867,1365.5461749701867,0
1970-01-01 00:00:00.000000572,,1396.4228227174156,1396.4228227174156,1396.4228227174156,1396.4228227174156,1396.4228227174156,0
1970-01-01 00:00:00.000000573,,1408.3751233126775,1408.3751233126775,1408.3751233126775,1408.3751233126775,1408.3751233126775,0
1970-01-01 00:00:00.000000574,,1425.3074680112338,1425.3074680112338,1425.3074680112338,1425.3074680112338,1425.3074680112338,0
1970-01-01 00:00:00.000000575,,1425.3074785225756,1425.3074785225756,1425.3074785225756,1425.3074785225756,1425.3074785225756,0
1970-01-01 00:00:00.000000576,,1415.2476117092149,1415.2476117092149,1415.2476117092149,1415.2476117092149,1415.2476117092149,0
1970-01-01 00:00:00.000000577,,1398.51446598441,1398.51446598441,1398.51446598441,1398.51446598441,1398.51446598441,0
1970-01-01 00:00:00.000000578,,1379.988466695066,1379.988466695066,1379.988466695066,1379.988466695066,1379.988466695066,0
1970-01-01 00:00:00.000000579,,1394.430721507353,1394.430721507353,1394.430721507353,1394.430721507353,1394.430721507353,0
1970-01-01 00:00:00.000000580,,1427.7974767909468,1427.7974767909468,1427.7974767909468,1427.7974767909468,1427.7974767909468,0
1970-01-01 00:00:00.000000581,,1414.3512435205853,1414.3512435205853,1414.3512435205853,1414.3512435205853,1414.3512435205853,0
1970-01-01 00:00:00.000000582,,1419.3313670179805,1419.3313670179805,1419.3313670179805,1419.3313670179805,1419.3313670179805,0
1970-01-01 00:00:00.000000583,,1447.419102005185,1447.419102005185,1447.419102005185,1447.419102005185,1447.419102005185,0
1970-01-01 00:00:00.000000584,,1446.3234565863577,1446.3234565863577,1446.3234565863577,1446.3234565863577,1446.3234565863577,0
1970-01-01 00:00:00.000000585,,1432.4787356808251,1432.4787356808251,1432.4787356808251,1432.4787356808251,1432.4787356808251,0
1970-01-01 00:00:00.000000586,,1418.235682967954,1418.235682967954,1418.235682967954,1418.235682967954,1418.235682967954,0
1970-01-01 00:00:00.000000587,,1415.5464438973825,1415.5464438973825,1415.5464438973825,1415.5464438973825,1415.5464438973825,0
1970-01-01 00:00:00.000000588,,1401.004549811851,1401.004549811851,1401.004549811851,1401.004549811851,1401.004549811851,0
1970-01-01 00:00:00.000000589,,1426.3034970063509,1426.3034970063509,1426.3034970063509,1426.3034970063509,1426.3034970063509,0
1970-01-01 00:00:00.000000590,,1420.426959119657,1420.426959119657,1420.426959119657,1420.426959119657,1420.426959119657,0
1970-01-01 00:00:00.000000591,,1414.4508509493858,1414.4508509493858,1414.4508509493858,1414.4508509493858,1414.4508509493858,0
1970-01-01 00:00:00.000000592,,1406.4826358531975,1406.4826358531975,1406.4826358531975,1406.4826358531975,1406.4826358531975,0
1970-01-01 00:00:00.000000593,,1412.3591925541664,1412.3591925541664,1412.3591925541664,1412.3591925541664,1412.3591925541664,0
1970-01-01 00:00:00.000000594,,1406.4826830156508,1406.4826830156508,1406.4826830156508,1406.4826830156508,1406.4826830156508,0
1970-01-01 00:00:00.000000595,,1416.6421539546416,1416.6421539546416,1416.6421539546416,1416.6421539546416,1416.6421539546416,0
1970-01-01 00:00:00.000000596,,1409.0722382665938,1409.0722382665938,1409.0722382665938,1409.0722382665938,1409.0722382665938,0
1970-01-01 00:00:00.000000597,,1422.3193687346825,1422.3193687346825,1422.3193687346825,1422.3193687346825,1422.3193687346825,0
1970-01-01 00:00:00.000000598,,1435.2676355449807,1435.2676355449807,1435.2676355449807,1435.2676355449807,1435.2676355449807,0
1970-01-01 00:00:00.000000599,,1451.204075048637,1451.204075048637,1451.204075048637,1451.204075048637,1451.204075048637,0
1970-01-01 00:00:00.000000600,,1444.2318404180787,1444.2318404180787,1444.2318404180787,1444.2318404180787,1444.2318404180787,0
1970-01-01 00:00:00.000000601,,1440.048586734708,1440.048586734708,1440.048586734708,1440.048586734708,1440.048586734708,0
1970-01-01 00:00:00.000000602,,1447.7179200254843,1447.7179200254843,1447.7179200254843,1447.7179200254843,1447.7179200254843,0
1970-01-01 00:00:00.000000603,,1418.335338487147,1418.335338487147,1418.335338487147,1418.335338487147,1418.335338487147,0
1970-01-01 00:00:00.000000604,,1421.223780491138,1421.223780491138,1421.223780491138,1421.223780491138,1421.223780491138,0
1970-01-01 00:00:00.000000605,,1442.2398094911548,1442.2398094911548,1442.2398094911548,1442.2398094911548,1442.2398094911548,0
1970-01-01 00:00:00.000000606,,1424.3114328610282,1424.3114328610282,1424.3114328610282,1424.3114328610282,1424.3114328610282,0
1970-01-01 00:00:00.000000607,,1424.4110453044384,1424.4110453044384,1424.4110453044384,1424.4110453044384,1424.4110453044384,0
1970-01-01 00:00:00.000000608,,1425.3075053013415,1425.3075053013415,1425.3075053013415,1425.3075053013415,1425.3075053013415,0
1970-01-01 00:00:00.000000609,,1447.2199506188397,1447.2199506188397,1447.2199506188397,1447.2199506188397,1447.2199506188397,0
1970-01-01 00:00:00.000000610,,1459.1721495093714,1459.1721495093714,1459.1721495093714,1459.1721495093714,1459.1721495093714,0
1970-01-01 00:00:00.000000611,,1458.1762135192969,1458.1762135192969,1458.1762135192969,1458.1762135192969,1458.1762135192969,0
1970-01-01 00:00:00.000000612,,1463.2558362824063,1463.2558362824063,1463.2558362824063,1463.2558362824063,1463.2558362824063,0
1970-01-01 00:00:00.000000613,,1493.4353527246628,1493.4353527246628,1493.4353527246628,1493.4353527246628,1493.4353527246628,0
1970-01-01 00:00:00.000000614,,1507.7781788170053,1507.7781788170053,1507.7781788170053,1507.7781788170053,1507.7781788170053,0
1970-01-01 00:00:00.000000615,,1494.630607775488,1494.630607775488,1494.630607775488,1494.630607775488,1494.630607775488,0
1970-01-01 00:00:00.000000616,,1522.3200879079554,1522.3200879079554,1522.3200879079554,1522.3200879079554,1522.3200879079554,0
1970-01-01 00:00:00.000000617,,1514.7502729656237,1514.7502729656237,1514.7502729656237,1514.7502729656237,1514.7502729656237,0
1970-01-01 00:00:00.000000618,,1517.9375659885409,1517.9375659885409,1517.9375659885409,1517.9375659885409,1517.9375659885409,0
1970-01-01 00:00:00.000000619,,1520.5271677380254,1520.5271677380254,1520.5271677380254,1520.5271677380254,1520.5271677380254,0
1970-01-01 00:00:00.000000620,,1529.8897875590692,1529.8897875590692,1529.8897875590692,1529.8897875590692,1529.8897875590692,0
1970-01-01 00:00:00.000000621,,1530.586937987722,1530.586937987722,1530.586937987722,1530.586937987722,1530.586937987722,0
1970-01-01 00:00:00.000000622,,1513.654605815878,1513.654605815878,1513.654605815878,1513.654605815878,1513.654605815878,0
1970-01-01 00:00:00.000000623,,1505.9852937598653,1505.9852937598653,1505.9852937598653,1505.9852937598653,1505.9852937598653,0
1970-01-01 00:00:00.000000624,,1486.263916129696,1486.263916129696,1486.263916129696,1486.263916129696,1486.263916129696,0
1970-01-01 00:00:00.000000625,,1480.2878335086834,1480.2878335086834,1480.2878335086834,1480.2878335086834,1480.2878335086834,0
1970-01-01 00:00:00.000000626,,1467.1403332858122,1467.1403332858122,1467.1403332858122,1467.1403332858122,1467.1403332858122,0
1970-01-01 00:00:00.000000627,,1481.4830970988437,1481.4830970988437,1481.4830970988437,1481.4830970988437,1481.4830970988437,0
1970-01-01 00:00:00.000000628,,1478.8934598804974,1478.8934598804974,1478.8934598804974,1478.8934598804974,1478.8934598804974,0
1970-01-01 00:00:00.000000629,,1459.1722169809668,1459.1722169809668,1459.1722169809668,1459.1722169809668,1459.1722169809668,0
1970-01-01 00:00:00.000000630,,1421.721828538219,1421.721828538219,1421.721828538219,1421.721828538219,1421.721828538219,0
1970-01-01 00:00:00.000000631,,1420.327316390472,1420.327316390472,1420.327316390472,1420.327316390472,1420.327316390472,0
1970-01-01 00:00:00.000000632,,1413.554298653669,1413.554298653669,1413.554298653669,1413.554298653669,1413.554298653669,0
1970-01-01 00:00:00.000000633,,1393.3351272649268,1393.3351272649268,1393.3351272649268,1393.3351272649268,1393.3351272649268,0
1970-01-01 00:00:00.000000634,,1386.7614543919697,1386.7614543919697,1386.7614543919697,1386.7614543919697,1386.7614543919697,0
1970-01-01 00:00:00.000000635,,1377.498442270458,1377.498442270458,1377.498442270458,1377.498442270458,1377.498442270458,0
1970-01-01 00:00:00.000000636,,1412.458776601272,1412.458776601272,1412.458776601272,1412.458776601272,1412.458776601272,0
1970-01-01 00:00:00.000000637,,1382.5780559389789,1382.5780559389789,1382.5780559389789,1382.5780559389789,1382.5780559389789,0
1970-01-01 00:00:00.000000638,,1381.3828853186424,1381.3828853186424,1381.3828853186424,1381.3828853186424,1381.3828853186424,0
1970-01-01 00:00:00.000000639,,1389.550225151016,1389.550225151016,1389.550225151016,1389.550225151016,1389.550225151016,0
1970-01-01 00:00:00.000000640,,1405.38696851784,1405.38696851784,1405.38696851784,1405.38696851784,1405.38696851784,0
1970-01-01 00:00:00.000000641,,1386.3630773472378,1386.3630773472378,1386.3630773472378,1386.3630773472378,1386.3630773472378,0
1970-01-01 00:00:00.000000642,,1382.1796145349972,1382.1796145349972,1382.1796145349972,1382.1796145349972,1382.1796145349972,0
1970-01-01 00:00:00.000000643,,1379.4904158119157,1379.4904158119157,1379.4904158119157,1379.4904158119157,1379.4904158119157,0
1970-01-01 00:00:00.000000644,,1364.5501609316866,1364.5501609316866,1364.5501609316866,1364.5501609316866,1364.5501609316866,0
1970-01-01 00:00:00.000000645,,1376.402846498686,1376.402846498686,1376.402846498686,1376.402846498686,1376.402846498686,0
1970-01-01 00:00:00.000000646,,1382.4785186353236,1382.4785186353236,1382.4785186353236,1382.4785186353236,1382.4785186353236,0
1970-01-01 00:00:00.000000647,,1377.300048828125,1377.300048828125,1377.300048828125,1377.300048828125,1377.300048828125,0
1970-01-01 00:00:00.000000648,,1390.0,1390.0,1390.0,1390.0,1390.0,0
1970-01-01 00:00:00.000000649,,1390.0,1390.0,1390.0,1390.0,1390.0,0
1970-01-01 00:00:00.000000650,,1413.0,1413.0,1413.0,1413.0,1413.0,0
1970-01-01 00:00:00.000000651,,1425.0,1425.0,1425.0,1425.0,1425.0,0
1970-01-01 00:00:00.000000652,,1420.0,1420.0,1420.0,1420.0,1420.0,0
1970-01-01 00:00:00.000000653,,1414.699951171875,1414.699951171875,1414.699951171875,1414.699951171875,1414.699951171875,0
1970-01-01 00:00:00.000000654,,1408.0,1408.0,1408.0,1408.0,1408.0,0
1970-01-01 00:00:00.000000655,,1384.9000244140625,1384.9000244140625,1384.9000244140625,1384.9000244140625,1384.9000244140625,0
1970-01-01 00:00:00.000000656,,1389.9000244140625,1389.9000244140625,1389.9000244140625,1389.9000244140625,1389.9000244140625,0
1970-01-01 00:00:00.000000657,,1381.0999755859375,1381.0999755859375,1381.0999755859375,1381.0999755859375,1381.0999755859375,0
1970-01-01 00:00:00.000000658,,1356.0,1356.0,1356.0,1356.0,1356.0,0
1970-01-01 00:00:00.000000659,,1354.800048828125,1354.800048828125,1354.800048828125,1354.800048828125,1354.800048828125,0
1970-01-01 00:00:00.000000660,,1369.699951171875,1369.699951171875,1369.699951171875,1369.699951171875,1369.699951171875,0
1970-01-01 00:00:00.000000661,,1371.800048828125,1371.800048828125,1371.800048828125,1371.800048828125,1371.800048828125,0
1970-01-01 00:00:00.000000662,,1363.0,1363.0,1363.0,1363.0,1363.0,0
1970-01-01 00:00:00.000000663,,1380.0,1380.0,1380.0,1380.0,1380.0,0
1970-01-01 00:00:00.000000664,,1376.5999755859375,1376.5999755859375,1376.5999755859375,1376.5999755859375,1376.5999755859375,0
1970-01-01 00:00:00.000000665,,1383.9000244140625,1383.9000244140625,1383.9000244140625,1383.9000244140625,1383.9000244140625,0
1970-01-01 00:00:00.000000666,,1376.0,1376.0,1376.0,1376.0,1376.0,0
1970-01-01 00:00:00.000000667,,1383.300048828125,1383.300048828125,1383.300048828125,1383.300048828125,1383.300048828125,0
