Date,Ticker,TCS.NS,TCS.NS.1,TCS.NS.2,TCS.NS.3,TCS.NS.4,SentimentScore
1970-01-01 00:00:00.000000000,,3120.9746428953467,3120.9746428953467,3120.9746428953467,3120.9746428953467,3120.9746428953467,0
1970-01-01 00:00:00.000000001,,3120.9746428953467,3120.9746428953467,3120.9746428953467,3120.9746428953467,3120.9746428953467,0
1970-01-01 00:00:00.000000002,,3112.360480090008,3112.360480090008,3112.360480090008,3112.360480090008,3112.360480090008,0
1970-01-01 00:00:00.000000003,,3164.711485133984,3164.711485133984,3164.711485133984,3164.711485133984,3164.711485133984,0
1970-01-01 00:00:00.000000004,,3187.2023198494617,3187.2023198494617,3187.2023198494617,3187.2023198494617,3187.2023198494617,0
1970-01-01 00:00:00.000000005,,3158.2994089707186,3158.2994089707186,3158.2994089707186,3158.2994089707186,3158.2994089707186,0
1970-01-01 00:00:00.000000006,,3090.3484577543945,3090.3484577543945,3090.3484577543945,3090.3484577543945,3090.3484577543945,0
1970-01-01 00:00:00.000000007,,3143.943167992141,3143.943167992141,3143.943167992141,3143.943167992141,3143.943167992141,0
1970-01-01 00:00:00.000000008,,3148.824455165407,3148.824455165407,3148.824455165407,3148.824455165407,3148.824455165407,0
1970-01-01 00:00:00.000000009,,3186.053949998748,3186.053949998748,3186.053949998748,3186.053949998748,3186.053949998748,0
1970-01-01 00:00:00.000000010,,3199.357091750638,3199.357091750638,3199.357091750638,3199.357091750638,3199.357091750638,0
1970-01-01 00:00:00.000000011,,3182.113266881313,3182.113266881313,3182.113266881313,3182.113266881313,3182.113266881313,0
1970-01-01 00:00:00.000000012,,3194.584409542297,3194.584409542297,3194.584409542297,3194.584409542297,3194.584409542297,0
1970-01-01 00:00:00.000000013,,3242.551184550148,3242.551184550148,3242.551184550148,3242.551184550148,3242.551184550148,0
1970-01-01 00:00:00.000000014,,3242.551689615784,3242.551689615784,3242.551689615784,3242.551689615784,3242.551689615784,0
1970-01-01 00:00:00.000000015,,3228.161509570274,3228.161509570274,3228.161509570274,3228.161509570274,3228.161509570274,0
1970-01-01 00:00:00.000000016,,3250.225730387927,3250.225730387927,3250.225730387927,3250.225730387927,3250.225730387927,0
1970-01-01 00:00:00.000000017,,3285.7214823214213,3285.7214823214213,3285.7214823214213,3285.7214823214213,3285.7214823214213,0
1970-01-01 00:00:00.000000018,,3286.0095713913324,3286.0095713913324,3286.0095713913324,3286.0095713913324,3286.0095713913324,0
1970-01-01 00:00:00.000000019,,3286.6811201617334,3286.6811201617334,3286.6811201617334,3286.6811201617334,3286.6811201617334,0
1970-01-01 00:00:00.000000020,,3280.9249493217903,3280.9249493217903,3280.9249493217903,3280.9249493217903,3280.9249493217903,0
1970-01-01 00:00:00.000000021,,3308.7454024736803,3308.7454024736803,3308.7454024736803,3308.7454024736803,3308.7454024736803,0
1970-01-01 00:00:00.000000022,,3226.2428534958594,3226.2428534958594,3226.2428534958594,3226.2428534958594,3226.2428534958594,0
1970-01-01 00:00:00.000000023,,3287.639955924305,3287.639955924305,3287.639955924305,3287.639955924305,3287.639955924305,0
1970-01-01 00:00:00.000000024,,3361.508677568011,3361.508677568011,3361.508677568011,3361.508677568011,3361.508677568011,0
1970-01-01 00:00:00.000000025,,3331.913416084789,3331.913416084789,3331.913416084789,3331.913416084789,3331.913416084789,0
1970-01-01 00:00:00.000000026,,3327.8366660724405,3327.8366660724405,3327.8366660724405,3327.8366660724405,3327.8366660724405,0
1970-01-01 00:00:00.000000027,,3336.6142726405114,3336.6142726405114,3336.6142726405114,3336.6142726405114,3336.6142726405114,0
1970-01-01 00:00:00.000000028,,3372.0619407057225,3372.0619407057225,3372.0619407057225,3372.0619407057225,3372.0619407057225,0
1970-01-01 00:00:00.000000029,,3376.858694785748,3376.858694785748,3376.858694785748,3376.858694785748,3376.858694785748,0
1970-01-01 00:00:00.000000030,,3404.6788949173124,3404.6788949173124,3404.6788949173124,3404.6788949173124,3404.6788949173124,0
1970-01-01 00:00:00.000000031,,3362.468224611322,3362.468224611322,3362.468224611322,3362.468224611322,3362.468224611322,0
1970-01-01 00:00:00.000000032,,3345.200411606133,3345.200411606133,3345.200411606133,3345.200411606133,3345.200411606133,0
1970-01-01 00:00:00.000000033,,3383.7652709787526,3383.7652709787526,3383.7652709787526,3383.7652709787526,3383.7652709787526,0
1970-01-01 00:00:00.000000034,,3382.7585179492467,3382.7585179492467,3382.7585179492467,3382.7585179492467,3382.7585179492467,0
1970-01-01 00:00:00.000000035,,3359.590210740269,3359.590210740269,3359.590210740269,3359.590210740269,3359.590210740269,0
1970-01-01 00:00:00.000000036,,3351.91545475949,3351.91545475949,3351.91545475949,3351.91545475949,3351.91545475949,0
1970-01-01 00:00:00.000000037,,3276.080089353148,3276.080089353148,3276.080089353148,3276.080089353148,3276.080089353148,0
1970-01-01 00:00:00.000000038,,3281.884214211261,3281.884214211261,3281.884214211261,3281.884214211261,3281.884214211261,0
1970-01-01 00:00:00.000000039,,3283.3230549969585,3283.3230549969585,3283.3230549969585,3283.3230549969585,3283.3230549969585,0
1970-01-01 00:00:00.000000040,,3252.144593441408,3252.144593441408,3252.144593441408,3252.144593441408,3252.144593441408,0
1970-01-01 00:00:00.000000041,,3193.145574568549,3193.145574568549,3193.145574568549,3193.145574568549,3193.145574568549,0
1970-01-01 00:00:00.000000042,,3187.869290841312,3187.869290841312,3187.869290841312,3187.869290841312,3187.869290841312,0
1970-01-01 00:00:00.000000043,,3224.324307062749,3224.324307062749,3224.324307062749,3224.324307062749,3224.324307062749,0
1970-01-01 00:00:00.000000044,,3217.608688766514,3217.608688766514,3217.608688766514,3217.608688766514,3217.608688766514,0
1970-01-01 00:00:00.000000045,,3225.187342201673,3225.187342201673,3225.187342201673,3225.187342201673,3225.187342201673,0
1970-01-01 00:00:00.000000046,,3227.201977550641,3227.201977550641,3227.201977550641,3227.201977550641,3227.201977550641,0
1970-01-01 00:00:00.000000047,,3247.347876803023,3247.347876803023,3247.347876803023,3247.347876803023,3247.347876803023,0
1970-01-01 00:00:00.000000048,,3178.1798932335464,3178.1798932335464,3178.1798932335464,3178.1798932335464,3178.1798932335464,0
1970-01-01 00:00:00.000000049,,3197.462609501381,3197.462609501381,3197.462609501381,3197.462609501381,3197.462609501381,0
1970-01-01 00:00:00.000000050,,3146.618154700995,3146.618154700995,3146.618154700995,3146.618154700995,3146.618154700995,0
1970-01-01 00:00:00.000000051,,3117.8380186547897,3117.8380186547897,3117.8380186547897,3117.8380186547897,3117.8380186547897,0
1970-01-01 00:00:00.000000052,,3077.5454087764915,3077.5454087764915,3077.5454087764915,3077.5454087764915,3077.5454087764915,0
1970-01-01 00:00:00.000000053,,3022.3842944468124,3022.3842944468124,3022.3842944468124,3022.3842944468124,3022.3842944468124,0
1970-01-01 00:00:00.000000054,,3040.755135435348,3040.755135435348,3040.755135435348,3040.755135435348,3040.755135435348,0
1970-01-01 00:00:00.000000055,,3015.4767541251367,3015.4767541251367,3015.4767541251367,3015.4767541251367,3015.4767541251367,0
1970-01-01 00:00:00.000000056,,3002.7656064012303,3002.7656064012303,3002.7656064012303,3002.7656064012303,3002.7656064012303,0
1970-01-01 00:00:00.000000057,,2988.231691352447,2988.231691352447,2988.231691352447,2988.231691352447,2988.231691352447,0
1970-01-01 00:00:00.000000058,,3020.8490163615606,3020.8490163615606,3020.8490163615606,3020.8490163615606,3020.8490163615606,0
1970-01-01 00:00:00.000000059,,3007.514314515956,3007.514314515956,3007.514314515956,3007.514314515956,3007.514314515956,0
1970-01-01 00:00:00.000000060,,2999.839871905109,2999.839871905109,2999.839871905109,2999.839871905109,2999.839871905109,0
1970-01-01 00:00:00.000000061,,3001.7582953291976,3001.7582953291976,3001.7582953291976,3001.7582953291976,3001.7582953291976,0
1970-01-01 00:00:00.000000062,,3060.2296643124405,3060.2296643124405,3060.2296643124405,3060.2296643124405,3060.2296643124405,0
1970-01-01 00:00:00.000000063,,3093.806202047412,3093.806202047412,3093.806202047412,3093.806202047412,3093.806202047412,0
1970-01-01 00:00:00.000000064,,3055.960571154015,3055.960571154015,3055.960571154015,3055.960571154015,3055.960571154015,0
1970-01-01 00:00:00.000000065,,3093.854189668319,3093.854189668319,3093.854189668319,3093.854189668319,3093.854189668319,0
1970-01-01 00:00:00.000000066,,3089.057837405062,3089.057837405062,3089.057837405062,3089.057837405062,3089.057837405062,0
1970-01-01 00:00:00.000000067,,3131.268913624373,3131.268913624373,3131.268913624373,3131.268913624373,3131.268913624373,0
1970-01-01 00:00:00.000000068,,3096.6843102624825,3096.6843102624825,3096.6843102624825,3096.6843102624825,3096.6843102624825,0
1970-01-01 00:00:00.000000069,,3079.464641584868,3079.464641584868,3079.464641584868,3079.464641584868,3079.464641584868,0
1970-01-01 00:00:00.000000070,,3006.6512288397944,3006.6512288397944,3006.6512288397944,3006.6512288397944,3006.6512288397944,0
1970-01-01 00:00:00.000000071,,3026.65335589644,3026.65335589644,3026.65335589644,3026.65335589644,3026.65335589644,0
1970-01-01 00:00:00.000000072,,3003.437224051802,3003.437224051802,3003.437224051802,3003.437224051802,3003.437224051802,0
1970-01-01 00:00:00.000000073,,2964.344522771059,2964.344522771059,2964.344522771059,2964.344522771059,2964.344522771059,0
1970-01-01 00:00:00.000000074,,2983.531208614425,2983.531208614425,2983.531208614425,2983.531208614425,2983.531208614425,0
1970-01-01 00:00:00.000000075,,3022.9598579372287,3022.9598579372287,3022.9598579372287,3022.9598579372287,3022.9598579372287,0
1970-01-01 00:00:00.000000076,,3053.562021865652,3053.562021865652,3053.562021865652,3053.562021865652,3053.562021865652,0
1970-01-01 00:00:00.000000077,,3051.64369490967,3051.64369490967,3051.64369490967,3051.64369490967,3051.64369490967,0
1970-01-01 00:00:00.000000078,,3055.4808006957965,3055.4808006957965,3055.4808006957965,3055.4808006957965,3055.4808006957965,0
1970-01-01 00:00:00.000000079,,3070.25482527173,3070.25482527173,3070.25482527173,3070.25482527173,3070.25482527173,0
1970-01-01 00:00:00.000000080,,3103.4474027619726,3103.4474027619726,3103.4474027619726,3103.4474027619726,3103.4474027619726,0
1970-01-01 00:00:00.000000081,,3085.219962118624,3085.219962118624,3085.219962118624,3085.219962118624,3085.219962118624,0
1970-01-01 00:00:00.000000082,,3050.8279377176764,3050.8279377176764,3050.8279377176764,3050.8279377176764,3050.8279377176764,0
1970-01-01 00:00:00.000000083,,3089.058162176573,3089.058162176573,3089.058162176573,3089.058162176573,3089.058162176573,0
1970-01-01 00:00:00.000000084,,3113.0416934733657,3113.0416934733657,3113.0416934733657,3113.0416934733657,3113.0416934733657,0
1970-01-01 00:00:00.000000085,,3120.3325650983,3120.3325650983,3120.3325650983,3120.3325650983,3120.3325650983,0
1970-01-01 00:00:00.000000086,,3156.211181637488,3156.211181637488,3156.211181637488,3156.211181637488,3156.211181637488,0
1970-01-01 00:00:00.000000087,,3174.438897486895,3174.438897486895,3174.438897486895,3174.438897486895,3174.438897486895,0
1970-01-01 00:00:00.000000088,,3145.802290975248,3145.802290975248,3145.802290975248,3145.802290975248,3145.802290975248,0
1970-01-01 00:00:00.000000089,,3150.4555576014886,3150.4555576014886,3150.4555576014886,3150.4555576014886,3150.4555576014886,0
1970-01-01 00:00:00.000000090,,3123.7855941829725,3123.7855941829725,3123.7855941829725,3123.7855941829725,3123.7855941829725,0
1970-01-01 00:00:00.000000091,,3123.545850910899,3123.545850910899,3123.545850910899,3123.545850910899,3123.545850910899,0
1970-01-01 00:00:00.000000092,,3094.7652983015287,3094.7652983015287,3094.7652983015287,3094.7652983015287,3094.7652983015287,0
1970-01-01 00:00:00.000000093,,3079.4644473658177,3079.4644473658177,3079.4644473658177,3079.4644473658177,3079.4644473658177,0
1970-01-01 00:00:00.000000094,,3098.651125062216,3098.651125062216,3098.651125062216,3098.651125062216,3098.651125062216,0
1970-01-01 00:00:00.000000095,,3171.560608341515,3171.560608341515,3171.560608341515,3171.560608341515,3171.560608341515,0
1970-01-01 00:00:00.000000096,,3142.780413349906,3142.780413349906,3142.780413349906,3142.780413349906,3142.780413349906,0
1970-01-01 00:00:00.000000097,,3160.048759185944,3160.048759185944,3160.048759185944,3160.048759185944,3160.048759185944,0
1970-01-01 00:00:00.000000098,,3159.568941034416,3159.568941034416,3159.568941034416,3159.568941034416,3159.568941034416,0
1970-01-01 00:00:00.000000099,,3224.131696998823,3224.131696998823,3224.131696998823,3224.131696998823,3224.131696998823,0
1970-01-01 00:00:00.000000100,,3180.194792373348,3180.194792373348,3180.194792373348,3180.194792373348,3180.194792373348,0
1970-01-01 00:00:00.000000101,,3174.43896283986,3174.43896283986,3174.43896283986,3174.43896283986,3174.43896283986,0
1970-01-01 00:00:00.000000102,,3179.23550947536,3179.23550947536,3179.23550947536,3179.23550947536,3179.23550947536,0
1970-01-01 00:00:00.000000103,,3190.987170597393,3190.987170597393,3190.987170597393,3190.987170597393,3190.987170597393,0
1970-01-01 00:00:00.000000104,,3180.19473683898,3180.19473683898,3180.19473683898,3180.19473683898,3180.19473683898,0
1970-01-01 00:00:00.000000105,,3146.617142141535,3146.617142141535,3146.617142141535,3146.617142141535,3146.617142141535,0
1970-01-01 00:00:00.000000106,,3120.715761529568,3120.715761529568,3120.715761529568,3120.715761529568,3120.715761529568,0
1970-01-01 00:00:00.000000107,,3128.390581857246,3128.390581857246,3128.390581857246,3128.390581857246,3128.390581857246,0
1970-01-01 00:00:00.000000108,,3113.0409246108093,3113.0409246108093,3113.0409246108093,3113.0409246108093,3113.0409246108093,0
1970-01-01 00:00:00.000000109,,3084.2610860329364,3084.2610860329364,3084.2610860329364,3084.2610860329364,3084.2610860329364,0
1970-01-01 00:00:00.000000110,,3127.431147894488,3127.431147894488,3127.431147894488,3127.431147894488,3127.431147894488,0
1970-01-01 00:00:00.000000111,,3111.793767318042,3111.793767318042,3111.793767318042,3111.793767318042,3111.793767318042,0
1970-01-01 00:00:00.000000112,,3136.483178898009,3136.483178898009,3136.483178898009,3136.483178898009,3136.483178898009,0
1970-01-01 00:00:00.000000113,,3089.8026716362706,3089.8026716362706,3089.8026716362706,3089.8026716362706,3089.8026716362706,0
1970-01-01 00:00:00.000000114,,3083.0372930443496,3083.0372930443496,3083.0372930443496,3083.0372930443496,3083.0372930443496,0
1970-01-01 00:00:00.000000115,,3106.2325613269354,3106.2325613269354,3106.2325613269354,3106.2325613269354,3106.2325613269354,0
1970-01-01 00:00:00.000000116,,3141.025437846982,3141.025437846982,3141.025437846982,3141.025437846982,3141.025437846982,0
1970-01-01 00:00:00.000000117,,3150.69022478578,3150.69022478578,3150.69022478578,3150.69022478578,3150.69022478578,0
1970-01-01 00:00:00.000000118,,3128.7516384410424,3128.7516384410424,3128.7516384410424,3128.7516384410424,3128.7516384410424,0
1970-01-01 00:00:00.000000119,,3097.5343740274448,3097.5343740274448,3097.5343740274448,3097.5343740274448,3097.5343740274448,0
1970-01-01 00:00:00.000000120,,3094.634857234224,3094.634857234224,3094.634857234224,3094.634857234224,3094.634857234224,0
1970-01-01 00:00:00.000000121,,3100.4336396774515,3100.4336396774515,3100.4336396774515,3100.4336396774515,3100.4336396774515,0
1970-01-01 00:00:00.000000122,,3112.031332803392,3112.031332803392,3112.031332803392,3112.031332803392,3112.031332803392,0
1970-01-01 00:00:00.000000123,,3203.1695958653577,3203.1695958653577,3203.1695958653577,3203.1695958653577,3203.1695958653577,0
1970-01-01 00:00:00.000000124,,3179.684301319629,3179.684301319629,3179.684301319629,3179.684301319629,3179.684301319629,0
1970-01-01 00:00:00.000000125,,3208.6784976153644,3208.6784976153644,3208.6784976153644,3208.6784976153644,3208.6784976153644,0
1970-01-01 00:00:00.000000126,,3195.679567433131,3195.679567433131,3195.679567433131,3195.679567433131,3195.679567433131,0
1970-01-01 00:00:00.000000127,,3191.281631473164,3191.281631473164,3191.281631473164,3191.281631473164,3191.281631473164,0
1970-01-01 00:00:00.000000128,,3213.268885316097,3213.268885316097,3213.268885316097,3213.268885316097,3213.268885316097,0
1970-01-01 00:00:00.000000129,,3184.516864683391,3184.516864683391,3184.516864683391,3184.516864683391,3184.516864683391,0
1970-01-01 00:00:00.000000130,,3170.937488223699,3170.937488223699,3170.937488223699,3170.937488223699,3170.937488223699,0
1970-01-01 00:00:00.000000131,,3173.885656490919,3173.885656490919,3173.885656490919,3173.885656490919,3173.885656490919,0
1970-01-01 00:00:00.000000132,,3252.1694652669635,3252.1694652669635,3252.1694652669635,3252.1694652669635,3252.1694652669635,0
1970-01-01 00:00:00.000000133,,3392.3075306304995,3392.3075306304995,3392.3075306304995,3392.3075306304995,3392.3075306304995,0
1970-01-01 00:00:00.000000134,,3359.447894024044,3359.447894024044,3359.447894024044,3359.447894024044,3359.447894024044,0
1970-01-01 00:00:00.000000135,,3382.642731380588,3382.642731380588,3382.642731380588,3382.642731380588,3382.642731380588,0
1970-01-01 00:00:00.000000136,,3345.993866330876,3345.993866330876,3345.993866330876,3345.993866330876,3345.993866330876,0
1970-01-01 00:00:00.000000137,,3298.465100815717,3298.465100815717,3298.465100815717,3298.465100815717,3298.465100815717,0
1970-01-01 00:00:00.000000138,,3276.130102806954,3276.130102806954,3276.130102806954,3276.130102806954,3276.130102806954,0
1970-01-01 00:00:00.000000139,,3292.118314386395,3292.118314386395,3292.118314386395,3292.118314386395,3292.118314386395,0
1970-01-01 00:00:00.000000140,,3294.880145302078,3294.880145302078,3294.880145302078,3294.880145302078,3294.880145302078,0
1970-01-01 00:00:00.000000141,,3289.647396497541,3289.647396497541,3289.647396497541,3289.647396497541,3289.647396497541,0
1970-01-01 00:00:00.000000142,,3280.00619919588,3280.00619919588,3280.00619919588,3280.00619919588,3280.00619919588,0
1970-01-01 00:00:00.000000143,,3260.044935309803,3260.044935309803,3260.044935309803,3260.044935309803,3260.044935309803,0
1970-01-01 00:00:00.000000144,,3309.0754669316248,3309.0754669316248,3309.0754669316248,3309.0754669316248,3309.0754669316248,0
1970-01-01 00:00:00.000000145,,3328.406534325866,3328.406534325866,3328.406534325866,3328.406534325866,3328.406534325866,0
1970-01-01 00:00:00.000000146,,3313.920580603676,3313.920580603676,3313.920580603676,3313.920580603676,3313.920580603676,0
1970-01-01 00:00:00.000000147,,3295.7522211794712,3295.7522211794712,3295.7522211794712,3295.7522211794712,3295.7522211794712,0
1970-01-01 00:00:00.000000148,,3346.817415728949,3346.817415728949,3346.817415728949,3346.817415728949,3346.817415728949,0
1970-01-01 00:00:00.000000149,,3375.9834506124294,3375.9834506124294,3375.9834506124294,3375.9834506124294,3375.9834506124294,0
1970-01-01 00:00:00.000000150,,3357.427758564071,3357.427758564071,3357.427758564071,3357.427758564071,3357.427758564071,0
1970-01-01 00:00:00.000000151,,3342.989828526343,3342.989828526343,3342.989828526343,3342.989828526343,3342.989828526343,0
1970-01-01 00:00:00.000000152,,3331.4590822095734,3331.4590822095734,3331.4590822095734,3331.4590822095734,3331.4590822095734,0
1970-01-01 00:00:00.000000153,,3333.9783938069554,3333.9783938069554,3333.9783938069554,3333.9783938069554,3333.9783938069554,0
1970-01-01 00:00:00.000000154,,3342.990278707455,3342.990278707455,3342.990278707455,3342.990278707455,3342.990278707455,0
1970-01-01 00:00:00.000000155,,3347.8352903665727,3347.8352903665727,3347.8352903665727,3347.8352903665727,3347.8352903665727,0
1970-01-01 00:00:00.000000156,,3304.230388230785,3304.230388230785,3304.230388230785,3304.230388230785,3304.230388230785,0
1970-01-01 00:00:00.000000157,,3270.316356134051,3270.316356134051,3270.316356134051,3270.316356134051,3270.316356134051,0
1970-01-01 00:00:00.000000158,,3294.541064120094,3294.541064120094,3294.541064120094,3294.541064120094,3294.541064120094,0
1970-01-01 00:00:00.000000159,,3282.9128995048004,3282.9128995048004,3282.9128995048004,3282.9128995048004,3282.9128995048004,0
1970-01-01 00:00:00.000000160,,3302.2925510571176,3302.2925510571176,3302.2925510571176,3302.2925510571176,3302.2925510571176,0
1970-01-01 00:00:00.000000161,,3270.3165044562,3270.3165044562,3270.3165044562,3270.3165044562,3270.3165044562,0
1970-01-01 00:00:00.000000162,,3288.727047450962,3288.727047450962,3288.727047450962,3288.727047450962,3288.727047450962,0
1970-01-01 00:00:00.000000163,,3276.1788209663905,3276.1788209663905,3276.1788209663905,3276.1788209663905,3276.1788209663905,0
1970-01-01 00:00:00.000000164,,3292.602858985793,3292.602858985793,3292.602858985793,3292.602858985793,3292.602858985793,0
1970-01-01 00:00:00.000000165,,3295.5093980102333,3295.5093980102333,3295.5093980102333,3295.5093980102333,3295.5093980102333,0
1970-01-01 00:00:00.000000166,,3261.595220010862,3261.595220010862,3261.595220010862,3261.595220010862,3261.595220010862,0
1970-01-01 00:00:00.000000167,,3273.223727940572,3273.223727940572,3273.223727940572,3273.223727940572,3273.223727940572,0
1970-01-01 00:00:00.000000168,,3313.92087404954,3313.92087404954,3313.92087404954,3313.92087404954,3313.92087404954,0
1970-01-01 00:00:00.000000169,,3327.485862279315,3327.485862279315,3327.485862279315,3327.485862279315,3327.485862279315,0
1970-01-01 00:00:00.000000170,,3324.3858134541274,3324.3858134541274,3324.3858134541274,3324.3858134541274,3324.3858134541274,0
1970-01-01 00:00:00.000000171,,3348.077370694272,3348.077370694272,3348.077370694272,3348.077370694272,3348.077370694272,0
1970-01-01 00:00:00.000000172,,3354.6180208633923,3354.6180208633923,3354.6180208633923,3354.6180208633923,3354.6180208633923,0
1970-01-01 00:00:00.000000173,,3383.6872087373,3383.6872087373,3383.6872087373,3383.6872087373,3383.6872087373,0
1970-01-01 00:00:00.000000174,,3460.334008040141,3460.334008040141,3460.334008040141,3460.334008040141,3460.334008040141,0
1970-01-01 00:00:00.000000175,,3459.31653542409,3459.31653542409,3459.31653542409,3459.31653542409,3459.31653542409,0
1970-01-01 00:00:00.000000176,,3457.184712278759,3457.184712278759,3457.184712278759,3457.184712278759,3457.184712278759,0
1970-01-01 00:00:00.000000177,,3469.0060836799707,3469.0060836799707,3469.0060836799707,3469.0060836799707,3469.0060836799707,0
1970-01-01 00:00:00.000000178,,3468.957420935858,3468.957420935858,3468.957420935858,3468.957420935858,3468.957420935858,0
1970-01-01 00:00:00.000000179,,3477.2426994387893,3477.2426994387893,3477.2426994387893,3477.2426994387893,3477.2426994387893,0
1970-01-01 00:00:00.000000180,,3472.8338529390844,3472.8338529390844,3472.8338529390844,3472.8338529390844,3472.8338529390844,0
1970-01-01 00:00:00.000000181,,3490.759848685566,3490.759848685566,3490.759848685566,3490.759848685566,3490.759848685566,0
1970-01-01 00:00:00.000000182,,3456.942513429872,3456.942513429872,3456.942513429872,3456.942513429872,3456.942513429872,0
1970-01-01 00:00:00.000000183,,3478.647234588645,3478.647234588645,3478.647234588645,3478.647234588645,3478.647234588645,0
1970-01-01 00:00:00.000000184,,3488.3372192425954,3488.3372192425954,3488.3372192425954,3488.3372192425954,3488.3372192425954,0
1970-01-01 00:00:00.000000185,,3427.485208034955,3427.485208034955,3427.485208034955,3427.485208034955,3427.485208034955,0
1970-01-01 00:00:00.000000186,,3424.5782731996,3424.5782731996,3424.5782731996,3424.5782731996,3424.5782731996,0
1970-01-01 00:00:00.000000187,,3378.163960793104,3378.163960793104,3378.163960793104,3378.163960793104,3378.163960793104,0
1970-01-01 00:00:00.000000188,,3443.764192410028,3443.764192410028,3443.764192410028,3443.764192410028,3443.764192410028,0
1970-01-01 00:00:00.000000189,,3479.616267880264,3479.616267880264,3479.616267880264,3479.616267880264,3479.616267880264,0
1970-01-01 00:00:00.000000190,,3531.9906723635186,3531.9906723635186,3531.9906723635186,3531.9906723635186,3531.9906723635186,0
1970-01-01 00:00:00.000000191,,3527.1453630044166,3527.1453630044166,3527.1453630044166,3527.1453630044166,3527.1453630044166,0
1970-01-01 00:00:00.000000192,,3536.7869661811897,3536.7869661811897,3536.7869661811897,3536.7869661811897,3536.7869661811897,0
1970-01-01 00:00:00.000000193,,3464.1128723522656,3464.1128723522656,3464.1128723522656,3464.1128723522656,3464.1128723522656,0
1970-01-01 00:00:00.000000194,,3420.508278225612,3420.508278225612,3420.508278225612,3420.508278225612,3420.508278225612,0
1970-01-01 00:00:00.000000195,,3455.391689596092,3455.391689596092,3455.391689596092,3455.391689596092,3455.391689596092,0
1970-01-01 00:00:00.000000196,,3420.508611385952,3420.508611385952,3420.508611385952,3420.508611385952,3420.508611385952,0
1970-01-01 00:00:00.000000197,,3402.0978087306885,3402.0978087306885,3402.0978087306885,3402.0978087306885,3402.0978087306885,0
1970-01-01 00:00:00.000000198,,3370.583890830107,3370.583890830107,3370.583890830107,3370.583890830107,3370.583890830107,0
1970-01-01 00:00:00.000000199,,3352.028743503988,3352.028743503988,3352.028743503988,3352.028743503988,3352.028743503988,0
1970-01-01 00:00:00.000000200,,3373.9842574878794,3373.9842574878794,3373.9842574878794,3373.9842574878794,3373.9842574878794,0
1970-01-01 00:00:00.000000201,,3293.836010795162,3293.836010795162,3293.836010795162,3293.836010795162,3293.836010795162,0
1970-01-01 00:00:00.000000202,,3272.0263311031777,3272.0263311031777,3272.0263311031777,3272.0263311031777,3272.0263311031777,0
1970-01-01 00:00:00.000000203,,3254.4909504512443,3254.4909504512443,3254.4909504512443,3254.4909504512443,3254.4909504512443,0
1970-01-01 00:00:00.000000204,,3254.490968375929,3254.490968375929,3254.490968375929,3254.490968375929,3254.490968375929,0
1970-01-01 00:00:00.000000205,,3302.093865593112,3302.093865593112,3302.093865593112,3302.093865593112,3302.093865593112,0
1970-01-01 00:00:00.000000206,,3259.3482541340773,3259.3482541340773,3259.3482541340773,3259.3482541340773,3259.3482541340773,0
1970-01-01 00:00:00.000000207,,3247.884658554033,3247.884658554033,3247.884658554033,3247.884658554033,3247.884658554033,0
1970-01-01 00:00:00.000000208,,3285.578909903954,3285.578909903954,3285.578909903954,3285.578909903954,3285.578909903954,0
1970-01-01 00:00:00.000000209,,3278.778096485328,3278.778096485328,3278.778096485328,3278.778096485328,3278.778096485328,0
1970-01-01 00:00:00.000000210,,3281.6929506308525,3281.6929506308525,3281.6929506308525,3281.6929506308525,3281.6929506308525,0
1970-01-01 00:00:00.000000211,,3275.32970246197,3275.32970246197,3275.32970246197,3275.32970246197,3275.32970246197,0
1970-01-01 00:00:00.000000212,,3293.4478565522354,3293.4478565522354,3293.4478565522354,3293.4478565522354,3293.4478565522354,0
1970-01-01 00:00:00.000000213,,3242.833168116945,3242.833168116945,3242.833168116945,3242.833168116945,3242.833168116945,0
1970-01-01 00:00:00.000000214,,3260.320018666236,3260.320018666236,3260.320018666236,3260.320018666236,3260.320018666236,0
1970-01-01 00:00:00.000000215,,3286.6476253068085,3286.6476253068085,3286.6476253068085,3286.6476253068085,3286.6476253068085,0
1970-01-01 00:00:00.000000216,,3332.2589151668635,3332.2589151668635,3332.2589151668635,3332.2589151668635,3332.2589151668635,0
1970-01-01 00:00:00.000000217,,3398.125771545085,3398.125771545085,3398.125771545085,3398.125771545085,3398.125771545085,0
1970-01-01 00:00:00.000000218,,3391.7140265430435,3391.7140265430435,3391.7140265430435,3391.7140265430435,3391.7140265430435,0
1970-01-01 00:00:00.000000219,,3419.255681816323,3419.255681816323,3419.255681816323,3419.255681816323,3419.255681816323,0
1970-01-01 00:00:00.000000220,,3400.2140738811468,3400.2140738811468,3400.2140738811468,3400.2140738811468,3400.2140738811468,0
1970-01-01 00:00:00.000000221,,3429.359397825661,3429.359397825661,3429.359397825661,3429.359397825661,3429.359397825661,0
1970-01-01 00:00:00.000000222,,3394.628596856334,3394.628596856334,3394.628596856334,3394.628596856334,3394.628596856334,0
1970-01-01 00:00:00.000000223,,3358.537579518945,3358.537579518945,3358.537579518945,3358.537579518945,3358.537579518945,0
1970-01-01 00:00:00.000000224,,3381.7564585834666,3381.7564585834666,3381.7564585834666,3381.7564585834666,3381.7564585834666,0
1970-01-01 00:00:00.000000225,,3399.6804706732564,3399.6804706732564,3399.6804706732564,3399.6804706732564,3399.6804706732564,0
1970-01-01 00:00:00.000000226,,3400.2142213855973,3400.2142213855973,3400.2142213855973,3400.2142213855973,3400.2142213855973,0
1970-01-01 00:00:00.000000227,,3443.591496909269,3443.591496909269,3443.591496909269,3443.591496909269,3443.591496909269,0
1970-01-01 00:00:00.000000228,,3437.131014250938,3437.131014250938,3437.131014250938,3437.131014250938,3437.131014250938,0
1970-01-01 00:00:00.000000229,,3431.8851550865443,3431.8851550865443,3431.8851550865443,3431.8851550865443,3431.8851550865443,0
1970-01-01 00:00:00.000000230,,3502.2212117139416,3502.2212117139416,3502.2212117139416,3502.2212117139416,3502.2212117139416,0
1970-01-01 00:00:00.000000231,,3529.4226796795115,3529.4226796795115,3529.4226796795115,3529.4226796795115,3529.4226796795115,0
1970-01-01 00:00:00.000000232,,3519.6102433835927,3519.6102433835927,3519.6102433835927,3519.6102433835927,3519.6102433835927,0
1970-01-01 00:00:00.000000233,,3535.202928275833,3535.202928275833,3535.202928275833,3535.202928275833,3535.202928275833,0
1970-01-01 00:00:00.000000234,,3539.6719048070327,3539.6719048070327,3539.6719048070327,3539.6719048070327,3539.6719048070327,0
1970-01-01 00:00:00.000000235,,3526.508532422753,3526.508532422753,3526.508532422753,3526.508532422753,3526.508532422753,0
1970-01-01 00:00:00.000000236,,3562.161371642584,3562.161371642584,3562.161371642584,3562.161371642584,3562.161371642584,0
1970-01-01 00:00:00.000000237,,3748.105087456802,3748.105087456802,3748.105087456802,3748.105087456802,3748.105087456802,0
1970-01-01 00:00:00.000000238,,3735.378614376225,3735.378614376225,3735.378614376225,3735.378614376225,3735.378614376225,0
1970-01-01 00:00:00.000000239,,3718.1340527743664,3718.1340527743664,3718.1340527743664,3718.1340527743664,3718.1340527743664,0
1970-01-01 00:00:00.000000240,,3649.15876432614,3649.15876432614,3649.15876432614,3649.15876432614,3649.15876432614,0
1970-01-01 00:00:00.000000241,,3691.661537840776,3691.661537840776,3691.661537840776,3691.661537840776,3691.661537840776,0
1970-01-01 00:00:00.000000242,,3710.945629897685,3710.945629897685,3710.945629897685,3710.945629897685,3710.945629897685,0
1970-01-01 00:00:00.000000243,,3690.689620339928,3690.689620339928,3690.689620339928,3690.689620339928,3690.689620339928,0
1970-01-01 00:00:00.000000244,,3714.977209386298,3714.977209386298,3714.977209386298,3714.977209386298,3714.977209386298,0
1970-01-01 00:00:00.000000245,,3683.889764847791,3683.889764847791,3683.889764847791,3683.889764847791,3683.889764847791,0
1970-01-01 00:00:00.000000246,,3681.946294829313,3681.946294829313,3681.946294829313,3681.946294829313,3681.946294829313,0
1970-01-01 00:00:00.000000247,,3702.445040999075,3702.445040999075,3702.445040999075,3702.445040999075,3702.445040999075,0
1970-01-01 00:00:00.000000248,,3659.602167866908,3659.602167866908,3659.602167866908,3659.602167866908,3659.602167866908,0
1970-01-01 00:00:00.000000249,,3596.2125560606937,3596.2125560606937,3596.2125560606937,3596.2125560606937,3596.2125560606937,0
1970-01-01 00:00:00.000000250,,3570.224930860893,3570.224930860893,3570.224930860893,3570.224930860893,3570.224930860893,0
1970-01-01 00:00:00.000000251,,3631.331804928008,3631.331804928008,3631.331804928008,3631.331804928008,3631.331804928008,0
1970-01-01 00:00:00.000000252,,3604.1786136578194,3604.1786136578194,3604.1786136578194,3604.1786136578194,3604.1786136578194,0
1970-01-01 00:00:00.000000253,,3584.7975412418177,3584.7975412418177,3584.7975412418177,3584.7975412418177,3584.7975412418177,0
1970-01-01 00:00:00.000000254,,3617.82807331872,3617.82807331872,3617.82807331872,3617.82807331872,3617.82807331872,0
1970-01-01 00:00:00.000000255,,3738.293177876765,3738.293177876765,3738.293177876765,3738.293177876765,3738.293177876765,0
1970-01-01 00:00:00.000000256,,3847.0998804562737,3847.0998804562737,3847.0998804562737,3847.0998804562737,3847.0998804562737,0
1970-01-01 00:00:00.000000257,,3787.838494652686,3787.838494652686,3787.838494652686,3787.838494652686,3787.838494652686,0
1970-01-01 00:00:00.000000258,,3710.120019631304,3710.120019631304,3710.120019631304,3710.120019631304,3710.120019631304,0
1970-01-01 00:00:00.000000259,,3786.867233696485,3786.867233696485,3786.867233696485,3786.867233696485,3786.867233696485,0
1970-01-01 00:00:00.000000260,,3841.386041116524,3841.386041116524,3841.386041116524,3841.386041116524,3841.386041116524,0
1970-01-01 00:00:00.000000261,,3797.568003122368,3797.568003122368,3797.568003122368,3797.568003122368,3797.568003122368,0
1970-01-01 00:00:00.000000262,,3778.093620029419,3778.093620029419,3778.093620029419,3778.093620029419,3778.093620029419,0
1970-01-01 00:00:00.000000263,,3739.046546909872,3739.046546909872,3739.046546909872,3739.046546909872,3739.046546909872,0
1970-01-01 00:00:00.000000264,,3700.973757486317,3700.973757486317,3700.973757486317,3700.973757486317,3700.973757486317,0
1970-01-01 00:00:00.000000265,,3707.449148548149,3707.449148548149,3707.449148548149,3707.449148548149,3707.449148548149,0
1970-01-01 00:00:00.000000266,,3711.10034274536,3711.10034274536,3711.10034274536,3711.10034274536,3711.10034274536,0
1970-01-01 00:00:00.000000267,,3719.669151010243,3719.669151010243,3719.669151010243,3719.669151010243,3719.669151010243,0
1970-01-01 00:00:00.000000268,,3773.273355013097,3773.273355013097,3773.273355013097,3773.273355013097,3773.273355013097,0
1970-01-01 00:00:00.000000269,,3878.388546300602,3878.388546300602,3878.388546300602,3878.388546300602,3878.388546300602,0
1970-01-01 00:00:00.000000270,,3892.0204078187335,3892.0204078187335,3892.0204078187335,3892.0204078187335,3892.0204078187335,0
1970-01-01 00:00:00.000000271,,4043.9232034402817,4043.9232034402817,4043.9232034402817,4043.9232034402817,4043.9232034402817,0
1970-01-01 00:00:00.000000272,,3982.577947418793,3982.577947418793,3982.577947418793,3982.577947418793,3982.577947418793,0
1970-01-01 00:00:00.000000273,,4027.905136727231,4027.905136727231,4027.905136727231,4027.905136727231,4027.905136727231,0
1970-01-01 00:00:00.000000274,,4021.527473476732,4021.527473476732,4021.527473476732,4021.527473476732,4021.527473476732,0
1970-01-01 00:00:00.000000275,,4017.097232709837,4017.097232709837,4017.097232709837,4017.097232709837,4017.097232709837,0
1970-01-01 00:00:00.000000276,,3999.131032254953,3999.131032254953,3999.131032254953,3999.131032254953,3999.131032254953,0
1970-01-01 00:00:00.000000277,,4019.5798449047847,4019.5798449047847,4019.5798449047847,4019.5798449047847,4019.5798449047847,0
1970-01-01 00:00:00.000000278,,4005.217297984756,4005.217297984756,4005.217297984756,4005.217297984756,4005.217297984756,0
1970-01-01 00:00:00.000000279,,4014.759788418847,4014.759788418847,4014.759788418847,4014.759788418847,4014.759788418847,0
1970-01-01 00:00:00.000000280,,3974.885251960021,3974.885251960021,3974.885251960021,3974.885251960021,3974.885251960021,0
1970-01-01 00:00:00.000000281,,3907.6003511857225,3907.6003511857225,3907.6003511857225,3907.6003511857225,3907.6003511857225,0
1970-01-01 00:00:00.000000282,,3866.7033724629737,3866.7033724629737,3866.7033724629737,3866.7033724629737,3866.7033724629737,0
1970-01-01 00:00:00.000000283,,4021.5274818311927,4021.5274818311927,4021.5274818311927,4021.5274818311927,4021.5274818311927,0
1970-01-01 00:00:00.000000284,,3929.995870102703,3929.995870102703,3929.995870102703,3929.995870102703,3929.995870102703,0
1970-01-01 00:00:00.000000285,,3893.9677521300446,3893.9677521300446,3893.9677521300446,3893.9677521300446,3893.9677521300446,0
1970-01-01 00:00:00.000000286,,3988.030761658436,3988.030761658436,3988.030761658436,3988.030761658436,3988.030761658436,0
1970-01-01 00:00:00.000000287,,3991.3414182941815,3991.3414182941815,3991.3414182941815,3991.3414182941815,3991.3414182941815,0
1970-01-01 00:00:00.000000288,,3999.3263159688886,3999.3263159688886,3999.3263159688886,3999.3263159688886,3999.3263159688886,0
1970-01-01 00:00:00.000000289,,3997.184035858106,3997.184035858106,3997.184035858106,3997.184035858106,3997.184035858106,0
1970-01-01 00:00:00.000000290,,3955.313178116832,3955.313178116832,3955.313178116832,3955.313178116832,3955.313178116832,0
1970-01-01 00:00:00.000000291,,3889.148304084413,3889.148304084413,3889.148304084413,3889.148304084413,3889.148304084413,0
1970-01-01 00:00:00.000000292,,3958.2342520506186,3958.2342520506186,3958.2342520506186,3958.2342520506186,3958.2342520506186,0
1970-01-01 00:00:00.000000293,,3981.6041972630856,3981.6041972630856,3981.6041972630856,3981.6041972630856,3981.6041972630856,0
1970-01-01 00:00:00.000000294,,4014.078082822845,4014.078082822845,4014.078082822845,4014.078082822845,4014.078082822845,0
1970-01-01 00:00:00.000000295,,4094.557752115061,4094.557752115061,4094.557752115061,4094.557752115061,4094.557752115061,0
1970-01-01 00:00:00.000000296,,4044.36119419038,4044.36119419038,4044.36119419038,4044.36119419038,4044.36119419038,0
1970-01-01 00:00:00.000000297,,4082.48315202997,4082.48315202997,4082.48315202997,4082.48315202997,4082.48315202997,0
1970-01-01 00:00:00.000000298,,4104.538423942185,4104.538423942185,4104.538423942185,4104.538423942185,4104.538423942185,0
1970-01-01 00:00:00.000000299,,3944.845576590933,3944.845576590933,3944.845576590933,3944.845576590933,3944.845576590933,0
1970-01-01 00:00:00.000000300,,3881.309457241605,3881.309457241605,3881.309457241605,3881.309457241605,3881.309457241605,0
1970-01-01 00:00:00.000000301,,3885.252776197185,3885.252776197185,3885.252776197185,3885.252776197185,3885.252776197185,0
1970-01-01 00:00:00.000000302,,3794.646813799024,3794.646813799024,3794.646813799024,3794.646813799024,3794.646813799024,0
1970-01-01 00:00:00.000000303,,3773.2248410803513,3773.2248410803513,3773.2248410803513,3773.2248410803513,3773.2248410803513,0
1970-01-01 00:00:00.000000304,,3786.3704117242414,3786.3704117242414,3786.3704117242414,3786.3704117242414,3786.3704117242414,0
1970-01-01 00:00:00.000000305,,3748.9789017480143,3748.9789017480143,3748.9789017480143,3748.9789017480143,3748.9789017480143,0
1970-01-01 00:00:00.000000306,,3795.328466689312,3795.328466689312,3795.328466689312,3795.328466689312,3795.328466689312,0
1970-01-01 00:00:00.000000307,,3787.83056874682,3787.83056874682,3787.83056874682,3787.83056874682,3787.83056874682,0
1970-01-01 00:00:00.000000308,,3749.8552054933216,3749.8552054933216,3749.8552054933216,3749.8552054933216,3749.8552054933216,0
1970-01-01 00:00:00.000000309,,3871.4745363238826,3871.4745363238826,3871.4745363238826,3871.4745363238826,3871.4745363238826,0
1970-01-01 00:00:00.000000310,,3873.519647085271,3873.519647085271,3873.519647085271,3873.519647085271,3873.519647085271,0
1970-01-01 00:00:00.000000311,,3878.388378745376,3878.388378745376,3878.388378745376,3878.388378745376,3878.388378745376,0
1970-01-01 00:00:00.000000312,,3879.3618511619097,3879.3618511619097,3879.3618511619097,3879.3618511619097,3879.3618511619097,0
1970-01-01 00:00:00.000000313,,3852.4868465326495,3852.4868465326495,3852.4868465326495,3852.4868465326495,3852.4868465326495,0
1970-01-01 00:00:00.000000314,,3866.703469073994,3866.703469073994,3866.703469073994,3866.703469073994,3866.703469073994,0
1970-01-01 00:00:00.000000315,,3896.30461271825,3896.30461271825,3896.30461271825,3896.30461271825,3896.30461271825,0
1970-01-01 00:00:00.000000316,,3799.515299796274,3799.515299796274,3799.515299796274,3799.515299796274,3799.515299796274,0
1970-01-01 00:00:00.000000317,,3774.977738832576,3774.977738832576,3774.977738832576,3774.977738832576,3774.977738832576,0
1970-01-01 00:00:00.000000318,,3737.1964239670265,3737.1964239670265,3737.1964239670265,3737.1964239670265,3737.1964239670265,0
1970-01-01 00:00:00.000000319,,3736.222708413117,3736.222708413117,3736.222708413117,3736.222708413117,3736.222708413117,0
1970-01-01 00:00:00.000000320,,3775.22099053578,3775.22099053578,3775.22099053578,3775.22099053578,3775.22099053578,0
1970-01-01 00:00:00.000000321,,3787.830855772767,3787.830855772767,3787.830855772767,3787.830855772767,3787.830855772767,0
1970-01-01 00:00:00.000000322,,3711.1005278852026,3711.1005278852026,3711.1005278852026,3711.1005278852026,3711.1005278852026,0
1970-01-01 00:00:00.000000323,,3753.8959532403615,3753.8959532403615,3753.8959532403615,3753.8959532403615,3753.8959532403615,0
1970-01-01 00:00:00.000000324,,3737.19630610978,3737.19630610978,3737.19630610978,3737.19630610978,3737.19630610978,0
1970-01-01 00:00:00.000000325,,3770.303409041968,3770.303409041968,3770.303409041968,3770.303409041968,3770.303409041968,0
1970-01-01 00:00:00.000000326,,3678.821326868952,3678.821326868952,3678.821326868952,3678.821326868952,3678.821326868952,0
1970-01-01 00:00:00.000000327,,3787.976967494884,3787.976967494884,3787.976967494884,3787.976967494884,3787.976967494884,0
1970-01-01 00:00:00.000000328,,3751.802684840144,3751.802684840144,3751.802684840144,3751.802684840144,3751.802684840144,0
1970-01-01 00:00:00.000000329,,3827.5595549362256,3827.5595549362256,3827.5595549362256,3827.5595549362256,3827.5595549362256,0
1970-01-01 00:00:00.000000330,,3856.965794590127,3856.965794590127,3856.965794590127,3856.965794590127,3856.965794590127,0
1970-01-01 00:00:00.000000331,,3857.939783042688,3857.939783042688,3857.939783042688,3857.939783042688,3857.939783042688,0
1970-01-01 00:00:00.000000332,,3858.523985900126,3858.523985900126,3858.523985900126,3858.523985900126,3858.523985900126,0
1970-01-01 00:00:00.000000333,,3782.475292465661,3782.475292465661,3782.475292465661,3782.475292465661,3782.475292465661,0
1970-01-01 00:00:00.000000334,,3832.622858739565,3832.622858739565,3832.622858739565,3832.622858739565,3832.622858739565,0
1970-01-01 00:00:00.000000335,,3801.950029375647,3801.950029375647,3801.950029375647,3801.950029375647,3801.950029375647,0
1970-01-01 00:00:00.000000336,,3816.440456776042,3816.440456776042,3816.440456776042,3816.440456776042,3816.440456776042,0
1970-01-01 00:00:00.000000337,,3843.805084589271,3843.805084589271,3843.805084589271,3843.805084589271,3843.805084589271,0
1970-01-01 00:00:00.000000338,,3757.1014753412887,3757.1014753412887,3757.1014753412887,3757.1014753412887,3757.1014753412887,0
1970-01-01 00:00:00.000000339,,3761.416803411751,3761.416803411751,3761.416803411751,3761.416803411751,3761.416803411751,0
1970-01-01 00:00:00.000000340,,3767.252210151692,3767.252210151692,3767.252210151692,3767.252210151692,3767.252210151692,0
1970-01-01 00:00:00.000000341,,3803.837038368416,3803.837038368416,3803.837038368416,3803.837038368416,3803.837038368416,0
1970-01-01 00:00:00.000000342,,3781.03325352592,3781.03325352592,3781.03325352592,3781.03325352592,3781.03325352592,0
1970-01-01 00:00:00.000000343,,3783.975707501734,3783.975707501734,3783.975707501734,3783.975707501734,3783.975707501734,0
1970-01-01 00:00:00.000000344,,3775.04998854492,3775.04998854492,3775.04998854492,3775.04998854492,3775.04998854492,0
1970-01-01 00:00:00.000000345,,3704.529695813898,3704.529695813898,3704.529695813898,3704.529695813898,3704.529695813898,0
1970-01-01 00:00:00.000000346,,3668.23932172806,3668.23932172806,3668.23932172806,3668.23932172806,3668.23932172806,0
1970-01-01 00:00:00.000000347,,3661.1777834219824,3661.1777834219824,3661.1777834219824,3661.1777834219824,3661.1777834219824,0
1970-01-01 00:00:00.000000348,,3629.0070475479474,3629.0070475479474,3629.0070475479474,3629.0070475479474,3629.0070475479474,0
1970-01-01 00:00:00.000000349,,3644.700217308586,3644.700217308586,3644.700217308586,3644.700217308586,3644.700217308586,0
1970-01-01 00:00:00.000000350,,3708.4527346567897,3708.4527346567897,3708.4527346567897,3708.4527346567897,3708.4527346567897,0
1970-01-01 00:00:00.000000351,,3763.672651587923,3763.672651587923,3763.672651587923,3763.672651587923,3763.672651587923,0
1970-01-01 00:00:00.000000352,,3820.265413643011,3820.265413643011,3820.265413643011,3820.265413643011,3820.265413643011,0
1970-01-01 00:00:00.000000353,,3771.22485470778,3771.22485470778,3771.22485470778,3771.22485470778,3771.22485470778,0
1970-01-01 00:00:00.000000354,,3800.060602001018,3800.060602001018,3800.060602001018,3800.060602001018,3800.060602001018,0
1970-01-01 00:00:00.000000355,,3782.798561549058,3782.798561549058,3782.798561549058,3782.798561549058,3782.798561549058,0
1970-01-01 00:00:00.000000356,,3814.38092186984,3814.38092186984,3814.38092186984,3814.38092186984,3814.38092186984,0
1970-01-01 00:00:00.000000357,,3752.638777810969,3752.638777810969,3752.638777810969,3752.638777810969,3752.638777810969,0
1970-01-01 00:00:00.000000358,,3754.2076570551294,3754.2076570551294,3754.2076570551294,3754.2076570551294,3754.2076570551294,0
1970-01-01 00:00:00.000000359,,3723.165119191036,3723.165119191036,3723.165119191036,3723.165119191036,3723.165119191036,0
1970-01-01 00:00:00.000000360,,3753.57053199112,3753.57053199112,3753.57053199112,3753.57053199112,3753.57053199112,0
1970-01-01 00:00:00.000000361,,3735.6703279337926,3735.6703279337926,3735.6703279337926,3735.6703279337926,3735.6703279337926,0
1970-01-01 00:00:00.000000362,,3743.761909380764,3743.761909380764,3743.761909380764,3743.761909380764,3743.761909380764,0
1970-01-01 00:00:00.000000363,,3770.7346228482215,3770.7346228482215,3770.7346228482215,3770.7346228482215,3770.7346228482215,0
1970-01-01 00:00:00.000000364,,3757.493807044908,3757.493807044908,3757.493807044908,3757.493807044908,3757.493807044908,0
1970-01-01 00:00:00.000000365,,3842.627982909809,3842.627982909809,3842.627982909809,3842.627982909809,3842.627982909809,0
1970-01-01 00:00:00.000000366,,3809.476629681037,3809.476629681037,3809.476629681037,3809.476629681037,3809.476629681037,0
1970-01-01 00:00:00.000000367,,3916.973743543969,3916.973743543969,3916.973743543969,3916.973743543969,3916.973743543969,0
1970-01-01 00:00:00.000000368,,3942.867222225506,3942.867222225506,3942.867222225506,3942.867222225506,3942.867222225506,0
1970-01-01 00:00:00.000000369,,3923.10406642612,3923.10406642612,3923.10406642612,3923.10406642612,3923.10406642612,0
1970-01-01 00:00:00.000000370,,3933.0591961591817,3933.0591961591817,3933.0591961591817,3933.0591961591817,3933.0591961591817,0
1970-01-01 00:00:00.000000371,,3944.828753006439,3944.828753006439,3944.828753006439,3944.828753006439,3944.828753006439,0
1970-01-01 00:00:00.000000372,,3908.5384022697513,3908.5384022697513,3908.5384022697513,3908.5384022697513,3908.5384022697513,0
1970-01-01 00:00:00.000000373,,3907.263432139018,3907.263432139018,3907.263432139018,3907.263432139018,3907.263432139018,0
1970-01-01 00:00:00.000000374,,3855.574775619537,3855.574775619537,3855.574775619537,3855.574775619537,3855.574775619537,0
1970-01-01 00:00:00.000000375,,3903.634449912648,3903.634449912648,3903.634449912648,3903.634449912648,3903.634449912648,0
1970-01-01 00:00:00.000000376,,4154.428635820325,4154.428635820325,4154.428635820325,4154.428635820325,4154.428635820325,0
1970-01-01 00:00:00.000000377,,4091.9504222394808,4091.9504222394808,4091.9504222394808,4091.9504222394808,4091.9504222394808,0
1970-01-01 00:00:00.000000378,,4080.180868466435,4080.180868466435,4080.180868466435,4080.180868466435,4080.180868466435,0
1970-01-01 00:00:00.000000379,,4244.3962648333445,4244.3962648333445,4244.3962648333445,4244.3962648333445,4244.3962648333445,0
1970-01-01 00:00:00.000000380,,4227.24104271726,4227.24104271726,4227.24104271726,4227.24104271726,4227.24104271726,0
1970-01-01 00:00:00.000000381,,4210.577683912533,4210.577683912533,4210.577683912533,4210.577683912533,4210.577683912533,0
1970-01-01 00:00:00.000000382,,4215.00161862754,4215.00161862754,4215.00161862754,4215.00161862754,4215.00161862754,0
1970-01-01 00:00:00.000000383,,4222.374672972997,4222.374672972997,4222.374672972997,4222.374672972997,4222.374672972997,0
1970-01-01 00:00:00.000000384,,4276.444704766146,4276.444704766146,4276.444704766146,4276.444704766146,4276.444704766146,0
1970-01-01 00:00:00.000000385,,4340.345723869609,4340.345723869609,4340.345723869609,4340.345723869609,4340.345723869609,0
1970-01-01 00:00:00.000000386,,4316.849742205607,4316.849742205607,4316.849742205607,4316.849742205607,4316.849742205607,0
1970-01-01 00:00:00.000000387,,4276.444426060357,4276.444426060357,4276.444426060357,4276.444426060357,4276.444426060357,0
1970-01-01 00:00:00.000000388,,4325.009451924858,4325.009451924858,4325.009451924858,4325.009451924858,4325.009451924858,0
1970-01-01 00:00:00.000000389,,4291.190940373379,4291.190940373379,4291.190940373379,4291.190940373379,4291.190940373379,0
1970-01-01 00:00:00.000000390,,4167.321924905007,4167.321924905007,4167.321924905007,4167.321924905007,4167.321924905007,0
1970-01-01 00:00:00.000000391,,4100.422196084056,4100.422196084056,4100.422196084056,4100.422196084056,4100.422196084056,0
1970-01-01 00:00:00.000000392,,4156.507295418715,4156.507295418715,4156.507295418715,4156.507295418715,4156.507295418715,0
1970-01-01 00:00:00.000000393,,4110.30242603549,4110.30242603549,4110.30242603549,4110.30242603549,4110.30242603549,0
1970-01-01 00:00:00.000000394,,4145.693800574564,4145.693800574564,4145.693800574564,4145.693800574564,4145.693800574564,0
1970-01-01 00:00:00.000000395,,4158.473852952468,4158.473852952468,4158.473852952468,4158.473852952468,4158.473852952468,0
1970-01-01 00:00:00.000000396,,4141.761324664464,4141.761324664464,4141.761324664464,4141.761324664464,4141.761324664464,0
1970-01-01 00:00:00.000000397,,4137.829027045683,4137.829027045683,4137.829027045683,4137.829027045683,4137.829027045683,0
1970-01-01 00:00:00.000000398,,4276.444493463673,4276.444493463673,4276.444493463673,4276.444493463673,4276.444493463673,0
1970-01-01 00:00:00.000000399,,4346.243891590688,4346.243891590688,4346.243891590688,4346.243891590688,4346.243891590688,0
1970-01-01 00:00:00.000000400,,4428.823597069772,4428.823597069772,4428.823597069772,4428.823597069772,4428.823597069772,0
1970-01-01 00:00:00.000000401,,4441.603572482973,4441.603572482973,4441.603572482973,4441.603572482973,4441.603572482973,0
1970-01-01 00:00:00.000000402,,4482.893774641826,4482.893774641826,4482.893774641826,4482.893774641826,4482.893774641826,0
1970-01-01 00:00:00.000000403,,4423.908127122674,4423.908127122674,4423.908127122674,4423.908127122674,4423.908127122674,0
1970-01-01 00:00:00.000000404,,4413.094132665178,4413.094132665178,4413.094132665178,4413.094132665178,4413.094132665178,0
1970-01-01 00:00:00.000000405,,4428.823803661238,4428.823803661238,4428.823803661238,4428.823803661238,4428.823803661238,0
1970-01-01 00:00:00.000000406,,4422.679098954422,4422.679098954422,4422.679098954422,4422.679098954422,4422.679098954422,0
1970-01-01 00:00:00.000000407,,4384.584878669929,4384.584878669929,4384.584878669929,4384.584878669929,4384.584878669929,0
1970-01-01 00:00:00.000000408,,4423.908383801126,4423.908383801126,4423.908383801126,4423.908383801126,4423.908383801126,0
1970-01-01 00:00:00.000000409,,4498.623077164004,4498.623077164004,4498.623077164004,4498.623077164004,4498.623077164004,0
1970-01-01 00:00:00.000000410,,4444.601917289093,4444.601917289093,4444.601917289093,4444.601917289093,4444.601917289093,0
1970-01-01 00:00:00.000000411,,4401.247872579934,4401.247872579934,4401.247872579934,4401.247872579934,4401.247872579934,0
1970-01-01 00:00:00.000000412,,4405.229552886051,4405.229552886051,4405.229552886051,4405.229552886051,4405.229552886051,0
1970-01-01 00:00:00.000000413,,4398.299001148173,4398.299001148173,4398.299001148173,4398.299001148173,4398.299001148173,0
1970-01-01 00:00:00.000000414,,4379.669071484804,4379.669071484804,4379.669071484804,4379.669071484804,4379.669071484804,0
1970-01-01 00:00:00.000000415,,4367.33145279228,4367.33145279228,4367.33145279228,4367.33145279228,4367.33145279228,0
1970-01-01 00:00:00.000000416,,4444.99612920937,4444.99612920937,4444.99612920937,4444.99612920937,4444.99612920937,0
1970-01-01 00:00:00.000000417,,4433.985351725256,4433.985351725256,4433.985351725256,4433.985351725256,4433.985351725256,0
1970-01-01 00:00:00.000000418,,4453.400751542411,4453.400751542411,4453.400751542411,4453.400751542411,4453.400751542411,0
1970-01-01 00:00:00.000000419,,4450.452068864939,4450.452068864939,4450.452068864939,4450.452068864939,4450.452068864939,0
1970-01-01 00:00:00.000000420,,4436.9344765811065,4436.9344765811065,4436.9344765811065,4436.9344765811065,4436.9344765811065,0
1970-01-01 00:00:00.000000421,,4421.007962696659,4421.007962696659,4421.007962696659,4421.007962696659,4421.007962696659,0
1970-01-01 00:00:00.000000422,,4315.817998559718,4315.817998559718,4315.817998559718,4315.817998559718,4315.817998559718,0
1970-01-01 00:00:00.000000423,,4243.90421540839,4243.90421540839,4243.90421540839,4243.90421540839,4243.90421540839,0
1970-01-01 00:00:00.000000424,,4227.290111701271,4227.290111701271,4227.290111701271,4227.290111701271,4227.290111701271,0
1970-01-01 00:00:00.000000425,,4179.757558692518,4179.757558692518,4179.757558692518,4179.757558692518,4179.757558692518,0
1970-01-01 00:00:00.000000426,,4180.4461478288495,4180.4461478288495,4180.4461478288495,4180.4461478288495,4180.4461478288495,0
1970-01-01 00:00:00.000000427,,4187.96654320763,4187.96654320763,4187.96654320763,4187.96654320763,4187.96654320763,0
1970-01-01 00:00:00.000000428,,4261.698356160286,4261.698356160286,4261.698356160286,4261.698356160286,4261.698356160286,0
1970-01-01 00:00:00.000000429,,4214.411527216484,4214.411527216484,4214.411527216484,4214.411527216484,4214.411527216484,0
1970-01-01 00:00:00.000000430,,4183.591935586364,4183.591935586364,4183.591935586364,4183.591935586364,4183.591935586364,0
1970-01-01 00:00:00.000000431,,4190.523091822548,4190.523091822548,4190.523091822548,4190.523091822548,4190.523091822548,0
1970-01-01 00:00:00.000000432,,4153.558433219178,4153.558433219178,4153.558433219178,4153.558433219178,4153.558433219178,0
1970-01-01 00:00:00.000000433,,4201.631174301058,4201.631174301058,4201.631174301058,4201.631174301058,4201.631174301058,0
1970-01-01 00:00:00.000000434,,4200.353958171027,4200.353958171027,4200.353958171027,4200.353958171027,4200.353958171027,0
1970-01-01 00:00:00.000000435,,4187.966241724208,4187.966241724208,4187.966241724208,4187.966241724208,4187.966241724208,0
1970-01-01 00:00:00.000000436,,4181.330470770868,4181.330470770868,4181.330470770868,4181.330470770868,4181.330470770868,0
1970-01-01 00:00:00.000000437,,4072.944928615996,4072.944928615996,4072.944928615996,4072.944928615996,4072.944928615996,0
1970-01-01 00:00:00.000000438,,4069.9958427070137,4069.9958427070137,4069.9958427070137,4069.9958427070137,4069.9958427070137,0
1970-01-01 00:00:00.000000439,,4061.1967871084994,4061.1967871084994,4061.1967871084994,4061.1967871084994,4061.1967871084994,0
1970-01-01 00:00:00.000000440,,4015.925814326252,4015.925814326252,4015.925814326252,4015.925814326252,4015.925814326252,0
1970-01-01 00:00:00.000000441,,4043.255572489504,4043.255572489504,4043.255572489504,4043.255572489504,4043.255572489504,0
1970-01-01 00:00:00.000000442,,4030.6502381689447,4030.6502381689447,4030.6502381689447,4030.6502381689447,4030.6502381689447,0
1970-01-01 00:00:00.000000443,,4072.63225386454,4072.63225386454,4072.63225386454,4072.63225386454,4072.63225386454,0
1970-01-01 00:00:00.000000444,,4006.998397202053,4006.998397202053,4006.998397202053,4006.998397202053,4006.998397202053,0
1970-01-01 00:00:00.000000445,,3941.562363857524,3941.562363857524,3941.562363857524,3941.562363857524,3941.562363857524,0
1970-01-01 00:00:00.000000446,,3945.898500126476,3945.898500126476,3945.898500126476,3945.898500126476,3945.898500126476,0
1970-01-01 00:00:00.000000447,,3998.178642163711,3998.178642163711,3998.178642163711,3998.178642163711,3998.178642163711,0
1970-01-01 00:00:00.000000448,,4009.905682230793,4009.905682230793,4009.905682230793,4009.905682230793,4009.905682230793,0
1970-01-01 00:00:00.000000449,,4036.415673890777,4036.415673890777,4036.415673890777,4036.415673890777,4036.415673890777,0
1970-01-01 00:00:00.000000450,,4015.868056174012,4015.868056174012,4015.868056174012,4015.868056174012,4015.868056174012,0
1970-01-01 00:00:00.000000451,,4010.940726264307,4010.940726264307,4010.940726264307,4010.940726264307,4010.940726264307,0
1970-01-01 00:00:00.000000452,,3931.9534111550174,3931.9534111550174,3931.9534111550174,3931.9534111550174,3931.9534111550174,0
1970-01-01 00:00:00.000000453,,3908.745410737845,3908.745410737845,3908.745410737845,3908.745410737845,3908.745410737845,0
1970-01-01 00:00:00.000000454,,3883.911123193089,3883.911123193089,3883.911123193089,3883.911123193089,3883.911123193089,0
1970-01-01 00:00:00.000000455,,3945.503999033253,3945.503999033253,3945.503999033253,3945.503999033253,3945.503999033253,0
1970-01-01 00:00:00.000000456,,4109.193987227991,4109.193987227991,4109.193987227991,4109.193987227991,4109.193987227991,0
1970-01-01 00:00:00.000000457,,4094.707399492009,4094.707399492009,4094.707399492009,4094.707399492009,4094.707399492009,0
1970-01-01 00:00:00.000000458,,4068.295973166591,4068.295973166591,4068.295973166591,4068.295973166591,4068.295973166591,0
1970-01-01 00:00:00.000000459,,4154.821401595459,4154.821401595459,4154.821401595459,4154.821401595459,4154.821401595459,0
1970-01-01 00:00:00.000000460,,4117.47158666077,4117.47158666077,4117.47158666077,4117.47158666077,4117.47158666077,0
1970-01-01 00:00:00.000000461,,4074.9975226135857,4074.9975226135857,4074.9975226135857,4074.9975226135857,4074.9975226135857,0
1970-01-01 00:00:00.000000462,,4151.865731888586,4151.865731888586,4151.865731888586,4151.865731888586,4151.865731888586,0
1970-01-01 00:00:00.000000463,,3961.5673686951022,3961.5673686951022,3961.5673686951022,3961.5673686951022,3961.5673686951022,0
1970-01-01 00:00:00.000000464,,3986.204655506895,3986.204655506895,3986.204655506895,3986.204655506895,3986.204655506895,0
1970-01-01 00:00:00.000000465,,4011.9263122802745,4011.9263122802745,4011.9263122802745,4011.9263122802745,4011.9263122802745,0
1970-01-01 00:00:00.000000466,,4217.89312489922,4217.89312489922,4217.89312489922,4217.89312489922,4217.89312489922,0
1970-01-01 00:00:00.000000467,,4258.347459420346,4258.347459420346,4258.347459420346,4258.347459420346,4258.347459420346,0
1970-01-01 00:00:00.000000468,,4295.697961602462,4295.697961602462,4295.697961602462,4295.697961602462,4295.697961602462,0
1970-01-01 00:00:00.000000469,,4256.327078738215,4256.327078738215,4256.327078738215,4256.327078738215,4256.327078738215,0
1970-01-01 00:00:00.000000470,,4158.76376247456,4158.76376247456,4158.76376247456,4158.76376247456,4158.76376247456,0
1970-01-01 00:00:00.000000471,,4208.038390702419,4208.038390702419,4208.038390702419,4208.038390702419,4208.038390702419,0
1970-01-01 00:00:00.000000472,,4251.745247039808,4251.745247039808,4251.745247039808,4251.745247039808,4251.745247039808,0
1970-01-01 00:00:00.000000473,,4250.95653908952,4250.95653908952,4250.95653908952,4250.95653908952,4250.95653908952,0
1970-01-01 00:00:00.000000474,,4336.939793481563,4336.939793481563,4336.939793481563,4336.939793481563,4336.939793481563,0
1970-01-01 00:00:00.000000475,,4388.38286730876,4388.38286730876,4388.38286730876,4388.38286730876,4388.38286730876,0
1970-01-01 00:00:00.000000476,,4366.160098479674,4366.160098479674,4366.160098479674,4366.160098479674,4366.160098479674,0
1970-01-01 00:00:00.000000477,,4361.9229457997935,4361.9229457997935,4361.9229457997935,4361.9229457997935,4361.9229457997935,0
1970-01-01 00:00:00.000000478,,4367.540157555417,4367.540157555417,4367.540157555417,4367.540157555417,4367.540157555417,0
1970-01-01 00:00:00.000000479,,4365.765139357171,4365.765139357171,4365.765139357171,4365.765139357171,4365.765139357171,0
1970-01-01 00:00:00.000000480,,4370.594981296335,4370.594981296335,4370.594981296335,4370.594981296335,4370.594981296335,0
1970-01-01 00:00:00.000000481,,4394.295574591947,4394.295574591947,4394.295574591947,4394.295574591947,4394.295574591947,0
1970-01-01 00:00:00.000000482,,4346.006812586636,4346.006812586636,4346.006812586636,4346.006812586636,4346.006812586636,0
1970-01-01 00:00:00.000000483,,4249.133455090055,4249.133455090055,4249.133455090055,4249.133455090055,4249.133455090055,0
1970-01-01 00:00:00.000000484,,4219.864180336366,4219.864180336366,4219.864180336366,4219.864180336366,4219.864180336366,0
1970-01-01 00:00:00.000000485,,4266.181967934054,4266.181967934054,4266.181967934054,4266.181967934054,4266.181967934054,0
1970-01-01 00:00:00.000000486,,4139.103152817303,4139.103152817303,4139.103152817303,4139.103152817303,4139.103152817303,0
1970-01-01 00:00:00.000000487,,4097.959001765894,4097.959001765894,4097.959001765894,4097.959001765894,4097.959001765894,0
1970-01-01 00:00:00.000000488,,4118.851529054263,4118.851529054263,4118.851529054263,4118.851529054263,4118.851529054263,0
1970-01-01 00:00:00.000000489,,4102.59081156437,4102.59081156437,4102.59081156437,4102.59081156437,4102.59081156437,0
1970-01-01 00:00:00.000000490,,4090.7655254260135,4090.7655254260135,4090.7655254260135,4090.7655254260135,4090.7655254260135,0
1970-01-01 00:00:00.000000491,,4074.997226975595,4074.997226975595,4074.997226975595,4074.997226975595,4074.997226975595,0
1970-01-01 00:00:00.000000492,,4034.9862920363385,4034.9862920363385,4034.9862920363385,4034.9862920363385,4034.9862920363385,0
1970-01-01 00:00:00.000000493,,4060.215230796863,4060.215230796863,4060.215230796863,4060.215230796863,4060.215230796863,0
1970-01-01 00:00:00.000000494,,4119.295181980029,4119.295181980029,4119.295181980029,4119.295181980029,4119.295181980029,0
1970-01-01 00:00:00.000000495,,4045.925271684696,4045.925271684696,4045.925271684696,4045.925271684696,4045.925271684696,0
1970-01-01 00:00:00.000000496,,4055.2384761375806,4055.2384761375806,4055.2384761375806,4055.2384761375806,4055.2384761375806,0
1970-01-01 00:00:00.000000497,,3976.349996178194,3976.349996178194,3976.349996178194,3976.349996178194,3976.349996178194,0
1970-01-01 00:00:00.000000498,,4041.490725999252,4041.490725999252,4041.490725999252,4041.490725999252,4041.490725999252,0
1970-01-01 00:00:00.000000499,,4139.054201950057,4139.054201950057,4139.054201950057,4139.054201950057,4139.054201950057,0
1970-01-01 00:00:00.000000500,,4183.400891174992,4183.400891174992,4183.400891174992,4183.400891174992,4183.400891174992,0
1970-01-01 00:00:00.000000501,,4239.573682538562,4239.573682538562,4239.573682538562,4239.573682538562,4239.573682538562,0
1970-01-01 00:00:00.000000502,,4156.793018552642,4156.793018552642,4156.793018552642,4156.793018552642,4156.793018552642,0
1970-01-01 00:00:00.000000503,,4198.183159049705,4198.183159049705,4198.183159049705,4198.183159049705,4198.183159049705,0
1970-01-01 00:00:00.000000504,,4109.305296575243,4109.305296575243,4109.305296575243,4109.305296575243,4109.305296575243,0
1970-01-01 00:00:00.000000505,,4095.3768153243486,4095.3768153243486,4095.3768153243486,4095.3768153243486,4095.3768153243486,0
1970-01-01 00:00:00.000000506,,4045.491300349546,4045.491300349546,4045.491300349546,4045.491300349546,4045.491300349546,0
1970-01-01 00:00:00.000000507,,4000.74231294192,4000.74231294192,4000.74231294192,4000.74231294192,4000.74231294192,0
1970-01-01 00:00:00.000000508,,4117.307038660843,4117.307038660843,4117.307038660843,4117.307038660843,4117.307038660843,0
1970-01-01 00:00:00.000000509,,4054.085128044842,4054.085128044842,4054.085128044842,4054.085128044842,4054.085128044842,0
1970-01-01 00:00:00.000000510,,4052.109674254546,4052.109674254546,4052.109674254546,4052.109674254546,4052.109674254546,0
1970-01-01 00:00:00.000000511,,4021.2892019383103,4021.2892019383103,4021.2892019383103,4021.2892019383103,4021.2892019383103,0
1970-01-01 00:00:00.000000512,,4004.693511497203,4004.693511497203,4004.693511497203,4004.693511497203,4004.693511497203,0
1970-01-01 00:00:00.000000513,,4050.035026306533,4050.035026306533,4050.035026306533,4050.035026306533,4050.035026306533,0
1970-01-01 00:00:00.000000514,,4060.012342981848,4060.012342981848,4060.012342981848,4060.012342981848,4060.012342981848,0
1970-01-01 00:00:00.000000515,,4062.9760202550738,4062.9760202550738,4062.9760202550738,4062.9760202550738,4062.9760202550738,0
1970-01-01 00:00:00.000000516,,3981.87417259173,3981.87417259173,3981.87417259173,3981.87417259173,3981.87417259173,0
1970-01-01 00:00:00.000000517,,4034.032038962661,4034.032038962661,4034.032038962661,4034.032038962661,4034.032038962661,0
1970-01-01 00:00:00.000000518,,4099.525820208286,4099.525820208286,4099.525820208286,4099.525820208286,4099.525820208286,0
1970-01-01 00:00:00.000000519,,4055.468173998699,4055.468173998699,4055.468173998699,4055.468173998699,4055.468173998699,0
1970-01-01 00:00:00.000000520,,4040.255383072488,4040.255383072488,4040.255383072488,4040.255383072488,4040.255383072488,0
1970-01-01 00:00:00.000000521,,3990.8637829009576,3990.8637829009576,3990.8637829009576,3990.8637829009576,3990.8637829009576,0
1970-01-01 00:00:00.000000522,,3969.5264974120864,3969.5264974120864,3969.5264974120864,3969.5264974120864,3969.5264974120864,0
1970-01-01 00:00:00.000000523,,3922.801835153518,3922.801835153518,3922.801835153518,3922.801835153518,3922.801835153518,0
1970-01-01 00:00:00.000000524,,3919.739518058658,3919.739518058658,3919.739518058658,3919.739518058658,3919.739518058658,0
1970-01-01 00:00:00.000000525,,3877.262379456016,3877.262379456016,3877.262379456016,3877.262379456016,3877.262379456016,0
1970-01-01 00:00:00.000000526,,3809.595275152018,3809.595275152018,3809.595275152018,3809.595275152018,3809.595275152018,0
1970-01-01 00:00:00.000000527,,3850.985742757336,3850.985742757336,3850.985742757336,3850.985742757336,3850.985742757336,0
1970-01-01 00:00:00.000000528,,3825.104515384308,3825.104515384308,3825.104515384308,3825.104515384308,3825.104515384308,0
1970-01-01 00:00:00.000000529,,3715.7509099558138,3715.7509099558138,3715.7509099558138,3715.7509099558138,3715.7509099558138,0
1970-01-01 00:00:00.000000530,,3730.173629303301,3730.173629303301,3730.173629303301,3730.173629303301,3730.173629303301,0
1970-01-01 00:00:00.000000531,,3697.624233350342,3697.624233350342,3697.624233350342,3697.624233350342,3697.624233350342,0
1970-01-01 00:00:00.000000532,,3580.911052714881,3580.911052714881,3580.911052714881,3580.911052714881,3580.911052714881,0
1970-01-01 00:00:00.000000533,,3567.772790451682,3567.772790451682,3567.772790451682,3567.772790451682,3567.772790451682,0
1970-01-01 00:00:00.000000534,,3541.348287656423,3541.348287656423,3541.348287656423,3541.348287656423,3541.348287656423,0
1970-01-01 00:00:00.000000535,,3442.6137776512555,3442.6137776512555,3442.6137776512555,3442.6137776512555,3442.6137776512555,0
1970-01-01 00:00:00.000000536,,3431.747776723982,3431.747776723982,3431.747776723982,3431.747776723982,3431.747776723982,0
1970-01-01 00:00:00.000000537,,3478.0278844831014,3478.0278844831014,3478.0278844831014,3478.0278844831014,3478.0278844831014,0
1970-01-01 00:00:00.000000538,,3513.7382462249243,3513.7382462249243,3513.7382462249243,3513.7382462249243,3513.7382462249243,0
1970-01-01 00:00:00.000000539,,3556.2150765897245,3556.2150765897245,3556.2150765897245,3556.2150765897245,3556.2150765897245,0
1970-01-01 00:00:00.000000540,,3562.6361259918417,3562.6361259918417,3562.6361259918417,3562.6361259918417,3562.6361259918417,0
1970-01-01 00:00:00.000000541,,3514.7260358188087,3514.7260358188087,3514.7260358188087,3514.7260358188087,3514.7260358188087,0
1970-01-01 00:00:00.000000542,,3521.640803348143,3521.640803348143,3521.640803348143,3521.640803348143,3521.640803348143,0
1970-01-01 00:00:00.000000543,,3459.703345650245,3459.703345650245,3459.703345650245,3459.703345650245,3459.703345650245,0
1970-01-01 00:00:00.000000544,,3446.565041661376,3446.565041661376,3446.565041661376,3446.565041661376,3446.565041661376,0
1970-01-01 00:00:00.000000545,,3455.1591796875,3455.1591796875,3455.1591796875,3455.1591796875,3455.1591796875,0
1970-01-01 00:00:00.000000546,,3503.859893262568,3503.859893262568,3503.859893262568,3503.859893262568,3503.859893262568,0
1970-01-01 00:00:00.000000547,,3469.285438744659,3469.285438744659,3469.285438744659,3469.285438744659,3469.285438744659,0
1970-01-01 00:00:00.000000548,,3432.735397721791,3432.735397721791,3432.735397721791,3432.735397721791,3432.735397721791,0
1970-01-01 00:00:00.000000549,,3556.215139766549,3556.215139766549,3556.215139766549,3556.215139766549,3556.215139766549,0
1970-01-01 00:00:00.000000550,,3600.6680101993416,3600.6680101993416,3600.6680101993416,3600.6680101993416,3600.6680101993416,0
1970-01-01 00:00:00.000000551,,3603.3844445431537,3603.3844445431537,3603.3844445431537,3603.3844445431537,3603.3844445431537,0
1970-01-01 00:00:00.000000552,,3570.884729570523,3570.884729570523,3570.884729570523,3570.884729570523,3570.884729570523,0
1970-01-01 00:00:00.000000553,,3606.5948937734543,3606.5948937734543,3606.5948937734543,3606.5948937734543,3606.5948937734543,0
1970-01-01 00:00:00.000000554,,3529.2470706788267,3529.2470706788267,3529.2470706788267,3529.2470706788267,3529.2470706788267,0
1970-01-01 00:00:00.000000555,,3500.8961197970325,3500.8961197970325,3500.8961197970325,3500.8961197970325,3500.8961197970325,0
1970-01-01 00:00:00.000000556,,3448.5409029806515,3448.5409029806515,3448.5409029806515,3448.5409029806515,3448.5409029806515,0
1970-01-01 00:00:00.000000557,,3321.702519893932,3321.702519893932,3321.702519893932,3321.702519893932,3321.702519893932,0
1970-01-01 00:00:00.000000558,,3062.296322980731,3062.296322980731,3062.296322980731,3062.296322980731,3062.296322980731,0
1970-01-01 00:00:00.000000559,,3261.889076504213,3261.889076504213,3261.889076504213,3261.889076504213,3261.889076504213,0
1970-01-01 00:00:00.000000560,,3220.893565957195,3220.893565957195,3220.893565957195,3220.893565957195,3220.893565957195,0
1970-01-01 00:00:00.000000561,,3249.541039112772,3249.541039112772,3249.541039112772,3249.541039112772,3249.541039112772,0
1970-01-01 00:00:00.000000562,,3274.08864453866,3274.08864453866,3274.08864453866,3274.08864453866,3274.08864453866,0
1970-01-01 00:00:00.000000563,,3208.6939279027843,3208.6939279027843,3208.6939279027843,3208.6939279027843,3208.6939279027843,0
1970-01-01 00:00:00.000000564,,3206.026672488032,3206.026672488032,3206.026672488032,3206.026672488032,3206.026672488032,0
1970-01-01 00:00:00.000000565,,3250.084532114573,3250.084532114573,3250.084532114573,3250.084532114573,3250.084532114573,0
1970-01-01 00:00:00.000000566,,3282.18908375484,3282.18908375484,3282.18908375484,3282.18908375484,3282.18908375484,0
1970-01-01 00:00:00.000000567,,3324.0735410505326,3324.0735410505326,3324.0735410505326,3324.0735410505326,3324.0735410505326,0
1970-01-01 00:00:00.000000568,,3359.734352714529,3359.734352714529,3359.734352714529,3359.734352714529,3359.734352714529,0
1970-01-01 00:00:00.000000569,,3378.404512693047,3378.404512693047,3378.404512693047,3378.404512693047,3378.404512693047,0
1970-01-01 00:00:00.000000570,,3393.222033047998,3393.222033047998,3393.222033047998,3393.222033047998,3393.222033047998,0
1970-01-01 00:00:00.000000571,,3412.9787121327167,3412.9787121327167,3412.9787121327167,3412.9787121327167,3412.9787121327167,0
1970-01-01 00:00:00.000000572,,3429.772055911222,3429.772055911222,3429.772055911222,3429.772055911222,3429.772055911222,0
1970-01-01 00:00:00.000000573,,3429.7718458539784,3429.7718458539784,3429.7718458539784,3429.7718458539784,3429.7718458539784,0
1970-01-01 00:00:00.000000574,,3408.0393599095555,3408.0393599095555,3408.0393599095555,3408.0393599095555,3408.0393599095555,0
1970-01-01 00:00:00.000000575,,3417.91796875,3417.91796875,3417.91796875,3417.91796875,3417.91796875,0
1970-01-01 00:00:00.000000576,,3378.997198925932,3378.997198925932,3378.997198925932,3378.997198925932,3378.997198925932,0
1970-01-01 00:00:00.000000577,,3406.063923519544,3406.063923519544,3406.063923519544,3406.063923519544,3406.063923519544,0
1970-01-01 00:00:00.000000578,,3357.660022315629,3357.660022315629,3357.660022315629,3357.660022315629,3357.660022315629,0
1970-01-01 00:00:00.000000579,,3462.370587392757,3462.370587392757,3462.370587392757,3462.370587392757,3462.370587392757,0
1970-01-01 00:00:00.000000580,,3576.3670057941126,3576.3670057941126,3576.3670057941126,3576.3670057941126,3576.3670057941126,0
1970-01-01 00:00:00.000000581,,3478.176010622288,3478.176010622288,3478.176010622288,3478.176010622288,3478.176010622288,0
1970-01-01 00:00:00.000000582,,3520.653098251618,3520.653098251618,3520.653098251618,3520.653098251618,3520.653098251618,0
1970-01-01 00:00:00.000000583,,3550.1891985825587,3550.1891985825587,3550.1891985825587,3550.1891985825587,3550.1891985825587,0
1970-01-01 00:00:00.000000584,,3506.8234139931265,3506.8234139931265,3506.8234139931265,3506.8234139931265,3506.8234139931265,0
1970-01-01 00:00:00.000000585,,3488.8447556489973,3488.8447556489973,3488.8447556489973,3488.8447556489973,3488.8447556489973,0
1970-01-01 00:00:00.000000586,,3465.334167770128,3465.334167770128,3465.334167770128,3465.334167770128,3465.334167770128,0
1970-01-01 00:00:00.000000587,,3452.492257645667,3452.492257645667,3452.492257645667,3452.492257645667,3452.492257645667,0
1970-01-01 00:00:00.000000588,,3434.710973449065,3434.710973449065,3434.710973449065,3434.710973449065,3434.710973449065,0
1970-01-01 00:00:00.000000589,,3478.176031648211,3478.176031648211,3478.176031648211,3478.176031648211,3478.176031648211,0
1970-01-01 00:00:00.000000590,,3489.042255720683,3489.042255720683,3489.042255720683,3489.042255720683,3489.042255720683,0
1970-01-01 00:00:00.000000591,,3477.1880041983504,3477.1880041983504,3477.1880041983504,3477.1880041983504,3477.1880041983504,0
1970-01-01 00:00:00.000000592,,3462.0742707354857,3462.0742707354857,3462.0742707354857,3462.0742707354857,3462.0742707354857,0
1970-01-01 00:00:00.000000593,,3447.5529416641066,3447.5529416641066,3447.5529416641066,3447.5529416641066,3447.5529416641066,0
1970-01-01 00:00:00.000000594,,3408.039560292111,3408.039560292111,3408.039560292111,3408.039560292111,3408.039560292111,0
1970-01-01 00:00:00.000000595,,3404.088244663152,3404.088244663152,3404.088244663152,3404.088244663152,3404.088244663152,0
1970-01-01 00:00:00.000000596,,3377.5377895527827,3377.5377895527827,3377.5377895527827,3377.5377895527827,3377.5377895527827,0
1970-01-01 00:00:00.000000597,,3397.4699581243544,3397.4699581243544,3397.4699581243544,3397.4699581243544,3397.4699581243544,0
1970-01-01 00:00:00.000000598,,3359.698359073828,3359.698359073828,3359.698359073828,3359.698359073828,3359.698359073828,0
1970-01-01 00:00:00.000000599,,3388.500583115049,3388.500583115049,3388.500583115049,3388.500583115049,3388.500583115049,0
1970-01-01 00:00:00.000000600,,3428.365293437595,3428.365293437595,3428.365293437595,3428.365293437595,3428.365293437595,0
1970-01-01 00:00:00.000000601,,3458.2637500771752,3458.2637500771752,3458.2637500771752,3458.2637500771752,3458.2637500771752,0
1970-01-01 00:00:00.000000602,,3460.1571582794445,3460.1571582794445,3460.1571582794445,3460.1571582794445,3460.1571582794445,0
1970-01-01 00:00:00.000000603,,3381.723464034396,3381.723464034396,3381.723464034396,3381.723464034396,3381.723464034396,0
1970-01-01 00:00:00.000000604,,3428.365222862198,3428.365222862198,3428.365222862198,3428.365222862198,3428.365222862198,0
1970-01-01 00:00:00.000000605,,3498.128521462644,3498.128521462644,3498.128521462644,3498.128521462644,3498.128521462644,0
1970-01-01 00:00:00.000000606,,3507.19778191584,3507.19778191584,3507.19778191584,3507.19778191584,3507.19778191584,0
1970-01-01 00:00:00.000000607,,3438.331497049777,3438.331497049777,3438.331497049777,3438.331497049777,3438.331497049777,0
1970-01-01 00:00:00.000000608,,3413.415828473248,3413.415828473248,3413.415828473248,3413.415828473248,3413.415828473248,0
1970-01-01 00:00:00.000000609,,3403.4498383690693,3403.4498383690693,3403.4498383690693,3403.4498383690693,3403.4498383690693,0
1970-01-01 00:00:00.000000610,,3422.983562342859,3422.983562342859,3422.983562342859,3422.983562342859,3422.983562342859,0
1970-01-01 00:00:00.000000611,,3395.775759591069,3395.775759591069,3395.775759591069,3395.775759591069,3395.775759591069,0
1970-01-01 00:00:00.000000612,,3433.149033076155,3433.149033076155,3433.149033076155,3433.149033076155,3433.149033076155,0
1970-01-01 00:00:00.000000613,,3443.3145602623845,3443.3145602623845,3443.3145602623845,3443.3145602623845,3443.3145602623845,0
1970-01-01 00:00:00.000000614,,3428.2654211111044,3428.2654211111044,3428.2654211111044,3428.2654211111044,3428.2654211111044,0
1970-01-01 00:00:00.000000615,,3443.3145772321013,3443.3145772321013,3443.3145772321013,3443.3145772321013,3443.3145772321013,0
1970-01-01 00:00:00.000000616,,3475.4054582188955,3475.4054582188955,3475.4054582188955,3475.4054582188955,3475.4054582188955,0
1970-01-01 00:00:00.000000617,,3418.3990425621496,3418.3990425621496,3418.3990425621496,3418.3990425621496,3418.3990425621496,0
1970-01-01 00:00:00.000000618,,3396.473503732036,3396.473503732036,3396.473503732036,3396.473503732036,3396.473503732036,0
1970-01-01 00:00:00.000000619,,3406.738663456697,3406.738663456697,3406.738663456697,3406.738663456697,3406.738663456697,0
1970-01-01 00:00:00.000000620,,3393.483550682905,3393.483550682905,3393.483550682905,3393.483550682905,3393.483550682905,0
1970-01-01 00:00:00.000000621,,3398.4665612557537,3398.4665612557537,3398.4665612557537,3398.4665612557537,3398.4665612557537,0
1970-01-01 00:00:00.000000622,,3368.5680437680185,3368.5680437680185,3368.5680437680185,3368.5680437680185,3368.5680437680185,0
1970-01-01 00:00:00.000000623,,3288.738858113972,3288.738858113972,3288.738858113972,3288.738858113972,3288.738858113972,0
1970-01-01 00:00:00.000000624,,3254.953647067968,3254.953647067968,3254.953647067968,3254.953647067968,3254.953647067968,0
1970-01-01 00:00:00.000000625,,3195.156597032704,3195.156597032704,3195.156597032704,3195.156597032704,3195.156597032704,0
1970-01-01 00:00:00.000000626,,3227.0,3227.0,3227.0,3227.0,3227.0,0
1970-01-01 00:00:00.000000627,,3224.10009765625,3224.10009765625,3224.10009765625,3224.10009765625,3224.10009765625,0
1970-01-01 00:00:00.000000628,,3225.0,3225.0,3225.0,3225.0,3225.0,0
1970-01-01 00:00:00.000000629,,3190.0,3190.0,3190.0,3190.0,3190.0,0
1970-01-01 00:00:00.000000630,,3159.60009765625,3159.60009765625,3159.60009765625,3159.60009765625,3159.60009765625,0
1970-01-01 00:00:00.000000631,,3159.60009765625,3159.60009765625,3159.60009765625,3159.60009765625,3159.60009765625,0
1970-01-01 00:00:00.000000632,,3165.10009765625,3165.10009765625,3165.10009765625,3165.10009765625,3165.10009765625,0
1970-01-01 00:00:00.000000633,,3140.0,3140.0,3140.0,3140.0,3140.0,0
1970-01-01 00:00:00.000000634,,3110.0,3110.0,3110.0,3110.0,3110.0,0
1970-01-01 00:00:00.000000635,,3060.0,3060.0,3060.0,3060.0,3060.0,0
1970-01-01 00:00:00.000000636,,3060.0,3060.0,3060.0,3060.0,3060.0,0
1970-01-01 00:00:00.000000637,,3041.699951171875,3041.699951171875,3041.699951171875,3041.699951171875,3041.699951171875,0
1970-01-01 00:00:00.000000638,,3029.89990234375,3029.89990234375,3029.89990234375,3029.89990234375,3029.89990234375,0
1970-01-01 00:00:00.000000639,,3009.10009765625,3009.10009765625,3009.10009765625,3009.10009765625,3009.10009765625,0
1970-01-01 00:00:00.000000640,,3074.39990234375,3074.39990234375,3074.39990234375,3074.39990234375,3074.39990234375,0
1970-01-01 00:00:00.000000641,,3063.0,3063.0,3063.0,3063.0,3063.0,0
1970-01-01 00:00:00.000000642,,3016.0,3016.0,3016.0,3016.0,3016.0,0
1970-01-01 00:00:00.000000643,,3048.10009765625,3048.10009765625,3048.10009765625,3048.10009765625,3048.10009765625,0
1970-01-01 00:00:00.000000644,,3036.39990234375,3036.39990234375,3036.39990234375,3036.39990234375,3036.39990234375,0
1970-01-01 00:00:00.000000645,,3041.0,3041.0,3041.0,3041.0,3041.0,0
1970-01-01 00:00:00.000000646,,3036.10009765625,3036.10009765625,3036.10009765625,3036.10009765625,3036.10009765625,0
1970-01-01 00:00:00.000000647,,3034.0,3034.0,3034.0,3034.0,3034.0,0
1970-01-01 00:00:00.000000648,,3046.5,3046.5,3046.5,3046.5,3046.5,0
1970-01-01 00:00:00.000000649,,3011.199951171875,3011.199951171875,3011.199951171875,3011.199951171875,3011.199951171875,0
1970-01-01 00:00:00.000000650,,3010.89990234375,3010.89990234375,3010.89990234375,3010.89990234375,3010.89990234375,0
1970-01-01 00:00:00.000000651,,3130.0,3130.0,3130.0,3130.0,3130.0,0
1970-01-01 00:00:00.000000652,,3086.0,3086.0,3086.0,3086.0,3086.0,0
1970-01-01 00:00:00.000000653,,3087.300048828125,3087.300048828125,3087.300048828125,3087.300048828125,3087.300048828125,0
1970-01-01 00:00:00.000000654,,3129.0,3129.0,3129.0,3129.0,3129.0,0
1970-01-01 00:00:00.000000655,,3157.199951171875,3157.199951171875,3157.199951171875,3157.199951171875,3157.199951171875,0
1970-01-01 00:00:00.000000656,,3145.0,3145.0,3145.0,3145.0,3145.0,0
1970-01-01 00:00:00.000000657,,3093.0,3093.0,3093.0,3093.0,3093.0,0
1970-01-01 00:00:00.000000658,,3090.0,3090.0,3090.0,3090.0,3090.0,0
1970-01-01 00:00:00.000000659,,3121.10009765625,3121.10009765625,3121.10009765625,3121.10009765625,3121.10009765625,0
1970-01-01 00:00:00.000000660,,3129.89990234375,3129.89990234375,3129.89990234375,3129.89990234375,3129.89990234375,0
1970-01-01 00:00:00.000000661,,3116.0,3116.0,3116.0,3116.0,3116.0,0
1970-01-01 00:00:00.000000662,,3097.10009765625,3097.10009765625,3097.10009765625,3097.10009765625,3097.10009765625,0
1970-01-01 00:00:00.000000663,,3050.0,3050.0,3050.0,3050.0,3050.0,0
1970-01-01 00:00:00.000000664,,3032.10009765625,3032.10009765625,3032.10009765625,3032.10009765625,3032.10009765625,0
1970-01-01 00:00:00.000000665,,3056.39990234375,3056.39990234375,3056.39990234375,3056.39990234375,3056.39990234375,0
1970-01-01 00:00:00.000000666,,3139.0,3139.0,3139.0,3139.0,3139.0,0
1970-01-01 00:00:00.000000667,,3144.0,3144.0,3144.0,3144.0,3144.0,0
