Date,Close,High,Low,Open,Volume
,TCS.NS,TCS.NS,TCS.NS,TCS.NS,TCS.NS
2023-01-02,3121.404052734375,3126.572318191164,3096.281221597618,3120.97342236063,709547
2023-01-03,3169.161865234375,3177.440343751405,3105.947982748461,3112.3602403251716,1245178
2023-01-04,3172.3203125,3184.4751670848154,3145.091989554534,3164.7117286890552,1231668
2023-01-05,3168.9228515625,3193.997787846409,3141.0244001124465,3187.202565398395,1826057
2023-01-06,3073.64794921875,3159.783401328745,3062.593852799827,3158.2999106998213,2488376
2023-01-09,3177.39306640625,3184.1403898881604,3082.8354391154307,3090.3484577543945,2885060
2023-01-10,3145.283447265625,3156.385442223344,3091.401129522859,3143.9436560653985,3864655
2023-01-11,3185.7666015625,3205.6735027069485,3130.6877340874107,3148.8242138558544,2720512
2023-01-12,3191.175048828125,3206.1529534911883,3173.1822631337755,3186.0546812454227,2250391
2023-01-13,3229.648681640625,3233.907554298508,3163.0850745654243,3199.357575452263,1742837
2023-01-16,3198.469970703125,3216.649316808273,3163.9339207761645,3182.113266881313,1843607
2023-01-17,3241.01611328125,3244.2779916443565,3185.950397624615,3194.584409542297,1688475
2023-01-18,3252.14453125,3270.3238764037073,3235.1163408577618,3242.5511845501474,2421189
2023-01-19,3235.932373046875,3249.267033351674,3224.324328046937,3242.5516896157833,1585044
2023-01-20,3226.3388671875,3256.6056918908125,3219.14385639351,3228.161509570274,1529349
2023-01-23,3276.03173828125,3279.96510395405,3219.1433820231946,3250.225730387927,1067916
2023-01-24,3296.561767578125,3311.5752614522503,3278.3344088801136,3285.721238983637,1387863
2023-01-25,3290.278564453125,3295.315072205404,3266.535027906667,3286.0095713913324,874110
2023-01-27,3272.3388671875,3305.8675700763138,3244.7579929449885,3286.6808749510883,1785879
2023-01-30,3294.01953125,3317.811078885662,3247.875672255353,3280.9247061517053,1953798
2023-01-31,3222.1171875,3308.7451517692325,3214.7303576627132,3308.7451517692325,2820375
2023-02-01,3269.74853515625,3279.965356078484,3218.5679349644092,3226.2426126036685,2205161
2023-02-02,3319.681640625,3327.93201257701,3281.0206403021025,3287.639955924305,1813847
2023-02-03,3340.691650390625,3361.509168891985,3312.487066493937,3361.509168891985,1804469
2023-02-06,3319.250244140625,3331.913416084789,3297.0897517914855,3331.913416084789,1138714
2023-02-07,3331.337646484375,3350.9559935923235,3320.6409244141632,3327.835934420445,1455647
2023-02-08,3376.9541015625,3395.9487408609984,3336.6140314163167,3336.6140314163167,1986946
2023-02-09,3396.860595703125,3403.33610536567,3362.756197971204,3372.0616983474542,1655427
2023-02-10,3393.694580078125,3398.2994335691774,3365.4899988282914,3376.8582089268975,1187821
2023-02-13,3340.78759765625,3404.679392536829,3332.1535839811777,3404.679392536829,1087939
2023-02-14,3357.767578125,3381.5111126639817,3352.8748773228444,3362.468224611322,1579818
2023-02-15,3377.481201171875,3382.6137348686757,3319.4414589825515,3345.199686184649,1429449
2023-02-16,3413.36083984375,3429.621515993147,3383.5734508833093,3383.7652709787526,1618931
2023-02-17,3358.77490234375,3394.98979062334,3348.078413132962,3382.7582720653327,1061369
2023-02-20,3345.488037109375,3378.776905261915,3333.7361867148666,3359.590210740269,1296082
2023-02-21,3310.664306640625,3366.2096963964727,3304.6684643002877,3351.9157019421455,1139541
2023-02-22,3263.22509765625,3306.8268142919965,3256.941408332268,3276.0800893531477,1218430
2023-02-23,3274.97705078125,3312.0072319925325,3269.4128623303063,3281.884214211261,1441570
2023-02-24,3262.169677734375,3294.307390617472,3244.7578463797577,3283.3230549969585,977592
2023-02-27,3196.359375,3252.144593441408,3181.1538265049285,3252.144593441408,1128022
2023-02-28,3178.132080078125,3254.063328507291,3165.7085082433923,3193.145574568549,4116217
2023-03-01,3248.019775390625,3251.185627063274,3180.1948520846126,3187.8695304606845,1669307
2023-03-02,3186.382080078125,3232.861797811115,3183.0724223223824,3224.3238129673077,1556538
2023-03-03,3206.240478515625,3221.4460276916975,3195.64001710487,3217.608688766514,1043190
2023-03-06,3234.73291015625,3266.4867492616027,3222.405365163581,3225.187342201673,1334132
2023-03-08,3252.5283203125,3257.9006883953557,3195.400125469975,3227.201977550641,1844590
2023-03-09,3201.15625,3247.348124466536,3195.4002415075925,3247.348124466536,1648500
2023-03-10,3195.544189453125,3201.5400318980614,3156.2114630143446,3178.180136047552,1024404
2023-03-13,3148.488525390625,3232.7661739045475,3138.943191805736,3197.462609501381,1901233
2023-03-14,3084.212890625,3170.025328348801,3078.8885364673056,3146.617656540052,2670334
2023-03-15,3068.81591796875,3127.767227260773,3062.1966017064888,3117.8380186547897,1780522
2023-03-16,3055.481201171875,3088.866097559379,3043.009849330357,3077.545900583791,1901060
2023-03-17,3050.01318359375,3090.401038240357,3016.1486182322737,3022.3842944468124,6739966
2023-03-20,3015.476806640625,3040.7551354353477,2969.188907407253,3040.7551354353477,2289468
2023-03-21,2979.789794921875,3028.3800068830346,2971.4914087114084,3015.477001189692,1815297
2023-03-22,3003.48486328125,3015.668366064641,2979.789345103307,3002.7653623190904,1123939
2023-03-23,2997.585205078125,3018.4029563299578,2974.8970321362567,2988.231691352447,1372218
2023-03-24,2993.603759765625,3041.0908246938093,2979.693407412925,3020.8487699989937,1329577
2023-03-27,2995.33056640625,3024.5422590893177,2979.6933650722135,3007.514069382289,1524217
2023-03-28,2989.191162109375,3021.472918143681,2983.6749870970775,2999.839871905109,1303530
2023-03-29,3011.255615234375,3021.90432415691,2977.8709548327965,3001.7582953291976,1740616
2023-03-31,3075.531005859375,3082.3423758807726,3023.8229594697154,3060.2296643124405,2382581
2023-04-03,3069.87158203125,3093.806940179877,3044.6890417099,3093.806940179877,1521830
2023-04-05,3108.052490234375,3131.6042030702424,3055.960571154015,3055.960571154015,2655065
2023-04-06,3089.729736328125,3124.889499469784,3084.261574469411,3093.8549230680715,1703464
2023-04-10,3130.69287109375,3138.9432434749574,3084.261163744495,3089.057837405062,2203187
2023-04-11,3083.110107421875,3139.854664954485,3062.3403692804245,3131.2686656702417,2348779
2023-04-12,3109.827392578125,3128.342600059477,3068.9118592555783,3096.684553371314,2417727
2023-04-13,3059.1748046875,3098.6513371710666,3050.68459820557,3079.464641584868,4174070
2023-04-17,3011.831298828125,3034.759304535353,2945.3973706727347,3006.650985119088,5505048
2023-04-18,3003.4375,3028.476232589457,2984.106996982973,3026.6533558964393,2617302
2023-04-19,2963.960693359375,3012.3110703577922,2946.5966409566745,3003.437224051802,3298034
2023-04-20,2978.54248046875,2986.4089783169507,2952.8322631736505,2964.3442797942107,2419999
2023-04-21,3032.313232421875,3035.7666968738286,2974.705135851866,2983.5309684014064,1929184
2023-04-24,3045.696044921875,3051.5958600147746,2999.024268289194,3022.9598579372287,1640676
2023-04-25,3046.846923828125,3061.4287640266025,3019.5058856262667,3053.5622665443707,2024090
2023-04-26,3068.095947265625,3077.929127203947,3051.6434520782354,3051.6434520782354,2000029
2023-04-27,3058.311279296875,3069.1037956221207,3041.7147406830886,3055.481288525218,2434446
2023-04-28,3088.338623046875,3096.0133016162235,3066.273922159998,3070.255067982807,2931312
2023-05-02,3088.481689453125,3103.4474027619726,3079.4640379801954,3103.4474027619726,2321159
2023-05-03,3050.588623046875,3085.2207028553835,3044.113113176143,3085.2207028553835,2468285
2023-05-04,3089.729736328125,3093.3272420526228,3048.7661846543665,3050.8286609180336,1953253
2023-05-05,3099.322509765625,3112.08170787656,3079.5123422707356,3089.0576755124916,1710027
2023-05-08,3118.413818359375,3122.490991290485,3099.8986097355796,3113.0414497533434,928235
2023-05-09,3149.73583984375,3163.8860275046636,3114.0006201577135,3120.3323232367843,1107375
2023-05-10,3153.1416015625,3172.0404498848784,3133.2354048786615,3156.2114260158023,1559987
2023-05-11,3148.680908203125,3175.110631203661,3138.943752777326,3174.439143624747,1719623
2023-05-12,3141.1494140625,3156.2109208544616,3127.4308820624756,3145.8020464730043,1027479
2023-05-15,3122.682861328125,3158.1302361827343,3116.2553648588523,3150.4555576014886,1150390
2023-05-16,3125.65625,3151.4144803048725,3118.2694196740676,3123.7855941829725,986306
2023-05-17,3078.21728515625,3146.6178978888497,3068.19228412287,3123.545850910899,1588815
2023-05-18,3069.72705078125,3097.6435483622195,3065.074184078142,3094.765544433508,1369364
2023-05-19,3091.7919921875,3102.9681479765536,3072.797117912635,3079.4644473658177,1152449
2023-05-22,3164.557373046875,3173.91088650488,3086.227787363073,3098.6511250622157,1333243
2023-05-23,3162.974365234375,3192.6177123337816,3156.3070362370236,3171.560363538162,1687418
2023-05-24,3169.018798828125,3182.3054456728455,3142.7808975884304,3142.7808975884304,1016555
2023-05-25,3159.56884765625,3171.5605314563727,3134.2425051554214,3160.048515008255,1374917
2023-05-26,3193.529296875,3202.88281051553,3157.1706042035107,3159.5689410344157,1791115
2023-05-29,3185.3271484375,3234.8766933080315,3177.3166097972125,3224.132191228528,1210372
2023-05-30,3181.345703125,3191.658551207791,3167.0997232777127,3180.194548321064,1344224
2023-05-31,3155.731201171875,3192.3777364496764,3132.371309721682,3174.4382260762227,5815424
2023-06-01,3188.828857421875,3204.1782141363005,3163.406485363608,3179.2355094753593,1177314
2023-06-02,3171.177001953125,3200.2446571292,3163.35828331498,3190.987170597393,2030661
2023-06-05,3155.15576171875,3191.7065070170484,3151.4624636974445,3180.1944907609,1861468
2023-06-06,3100.857666015625,3155.1080913391725,3089.633496620686,3146.617885371964,2022849
2023-06-07,3141.72509765625,3145.514657069972,3109.203745194383,3120.7157615295673,1567196
2023-06-08,3104.8388671875,3137.0245945026663,3101.5292091826054,3128.390581857246,1759366
2023-06-09,3078.792724609375,3117.837597838253,3075.0033996022066,3113.0409246108093,1775689
2023-06-12,3114.86376953125,3122.0587798408137,3080.423747201169,3084.2610860329364,2324605
2023-06-13,3111.793701171875,3132.2275756904064,3107.2848752408045,3127.4309025270218,1371928
2023-06-14,3118.84521484375,3123.4500683814585,3094.670026536505,3111.7940109067044,1658544
2023-06-15,3108.455322265625,3138.560747213078,3102.366518356471,3136.482932556073,2273810
2023-06-16,3068.443603515625,3092.1221038143703,3050.1774262383706,3089.8026716362706,4156189
2023-06-19,3102.75341796875,3107.102530479832,3068.5404939300206,3083.037535633627,1468186
2023-06-20,3119.473388671875,3124.1124892110142,3093.717072276403,3106.232804431307,1528452
2023-06-21,3148.950439453125,3152.0430942318103,3115.848863685045,3141.0254378469826,1645987
2023-06-22,3129.910888671875,3158.083374930768,3121.792640776404,3150.6899790243365,1529603
2023-06-23,3108.50390625,3140.4455307164276,3101.545137902307,3128.751392710188,1119505
2023-06-26,3082.69873046875,3106.135611161812,3066.6071108901274,3097.5341287118995,1978803
2023-06-27,3090.14111328125,3102.0284984562527,3075.595701230574,3094.635101729902,863542
2023-06-28,3107.633544921875,3122.6138185003006,3086.322850479104,3100.4333961024818,1575872
2023-06-30,3191.5234375,3199.0135750246045,3106.3292579728854,3112.0313328033917,2672406
2023-07-03,3162.578125,3207.5189557973363,3159.1471111568376,3203.1698431395293,1687264
2023-07-04,3197.90234375,3203.846036132088,3167.410187225788,3179.684301319629,1656681
2023-07-05,3208.630126953125,3217.3767224582975,3194.1814562104755,3208.6784976153644,1453008
2023-07-06,3211.48095703125,3216.8449091953057,3191.2818416942446,3195.6793244937653,1848238
2023-07-07,3217.617919921875,3244.3407017091663,3191.281631473164,3191.281631473164,1789326
2023-07-10,3162.239501953125,3213.2691333964635,3155.7158335117606,3213.2691333964635,1407431
2023-07-11,3162.674560546875,3184.516864683391,3151.463656404731,3184.516864683391,1110172
2023-07-12,3150.593505859375,3178.8627358379185,3141.1222944933666,3170.937733940805,1515240
2023-07-13,3228.539794921875,3254.537730569262,3163.0131144232437,3173.8858964986425,4585146
2023-07-14,3396.8017578125,3406.659934965344,3239.605596163269,3252.169699012351,6306101
2023-07-17,3374.621337890625,3430.8698127983516,3360.4626548025662,3392.3077760506694,2743228
2023-07-18,3379.5986328125,3405.8381827730286,3348.816487885512,3359.4476513391164,2600090
2023-07-19,3353.697021484375,3398.9278343405786,3330.115027727234,3382.642731380588,2405370
2023-07-20,3355.877685546875,3370.993673065369,3329.4729081259597,3345.994109752469,1715404
2023-07-21,3263.823974609375,3328.358070580248,3254.860886010531,3298.4651008157175,3770223
2023-07-24,3289.45361328125,3307.57354021269,3267.506252472614,3276.130102806954,1680132
2023-07-25,3293.71728515625,3301.130144380902,3275.3551112242812,3292.118558408518,1272980
2023-07-26,3283.20361328125,3314.7440425186023,3280.0059235606327,3294.8799002931983,1066803
2023-07-27,3291.537109375,3305.829603637131,3280.054806773023,3289.64764049802,1701769
2023-07-28,3251.323974609375,3288.436053827298,3227.6808948641115,3280.0059529015366,2599831
2023-07-31,3315.325439453125,3320.3641016139222,3256.6534962404953,3260.044935309803,2743678
2023-08-01,3344.976318359375,3352.679682454882,3309.0754669316248,3309.0754669316248,1956167
2023-08-02,3333.9296875,3339.50133711482,3307.7188990012046,3328.406534325866,1914899
2023-08-03,3294.49267578125,3326.7598469287555,3263.533725902876,3313.9208261840367,2026351
2023-08-04,3336.740234375,3363.338760665621,3295.7522211794712,3295.7522211794712,2248493
2023-08-07,3375.98388671875,3379.8113206886096,3334.5113839792657,3346.817415728949,1853889
2023-08-08,3362.950927734375,3381.700598108625,3349.385172054233,3375.983695699196,1634225
2023-08-09,3355.10205078125,3359.4624722190883,3318.8137019066176,3357.427514254229,1794589
2023-08-10,3335.335205078125,3357.4278197859026,3323.658917073972,3342.9900732272904,1096701
2023-08-11,3341.8271484375,3359.1233454421417,3308.106507549579,3331.4590822095734,1679974
2023-08-14,3342.844970703125,3347.8351368442895,3305.1998992115405,3333.978637300039,1190425
2023-08-16,3351.129150390625,3358.493512384857,3328.64880258382,3342.9897916121627,1328445
2023-08-17,3329.18212890625,3353.4551915233856,3307.3315229062337,3347.835044858064,1843241
2023-08-18,3262.661376953125,3304.2306354819825,3252.390066860784,3304.2306354819825,2526749
2023-08-21,3296.1396484375,3303.988502319431,3267.4094082619317,3270.316356134051,1375579
2023-08-22,3277.244140625,3305.199380998847,3260.674681447335,3294.5405732618237,1222012
2023-08-23,3292.845458984375,3296.4791441079506,3271.2855939178253,3282.913386313268,1330046
2023-08-24,3282.670654296875,3307.1859602788286,3273.3200672580856,3302.2925510571176,1152881
2023-08-25,3276.421142578125,3280.7815645840665,3246.334183423521,3270.3165044561997,1158046
2023-08-28,3270.84912109375,3288.726801975922,3255.8783878856875,3288.726801975922,1037485
2023-08-29,3271.430908203125,3284.415418562988,3260.6268455264444,3276.179065461361,944517
2023-08-30,3285.771484375,3302.389677825994,3278.116616498973,3292.602858985793,1188200
2023-08-31,3252.680908203125,3311.4011130717445,3239.9386448011883,3295.5098927208232,3417652
2023-09-01,3274.385986328125,3283.882063213725,3252.6808705050566,3261.595463197816,1277950
2023-09-04,3312.467041015625,3326.372036049027,3265.5198810344486,3273.223245444137,1828332
2023-09-05,3322.980712890625,3340.0831618685725,3299.5311437356463,3313.9206305745624,1501842
2023-09-06,3323.513427734375,3337.079184553251,3292.6999693573484,3327.486351144256,1314818
2023-09-07,3348.077392578125,3352.680060290952,3316.1494607048576,3324.3858134541274,1885092
2023-09-08,3335.141357421875,3357.5249517272705,3328.503968072845,3348.077370694272,1518917
2023-09-11,3372.689453125,3377.5828629473767,3338.1453153883267,3354.6180208633923,1783604
2023-09-12,3469.73291015625,3478.5505097960563,3374.966365415812,3383.6872087373,4476016
2023-09-13,3457.184814453125,3477.5334499384576,3435.0434664525874,3460.334008040141,1754929
2023-09-14,3449.62646484375,3486.108564180116,3435.6247139429142,3459.3162905976865,2604721
2023-09-15,3486.690185546875,3495.4595255128456,3451.952064224932,3457.184712278759,2952897
2023-09-18,3494.296630859375,3507.03889443688,3464.3551620969497,3469.006326053605,1395753
2023-09-20,3494.199951171875,3512.5621251746993,3468.957905689772,3468.957905689772,1649396
2023-09-21,3474.093505859375,3493.1824165502185,3418.5707532840975,3477.2426994387893,2004073
2023-09-22,3491.874267578125,3521.0407402671312,3454.4716788483393,3472.8338529390844,1989083
2023-09-25,3466.19580078125,3507.716797276769,3448.2696237785926,3490.7596028147955,1238778
2023-09-26,3474.480712890625,3483.4438015572423,3426.322327044132,3456.9422705216166,1726062
2023-09-27,3477.969482421875,3501.903306628391,3445.411570666076,3478.6477229651146,1541134
2023-09-28,3427.049560546875,3491.0509151267934,3417.9412178038674,3488.337716256097,1755753
2023-09-29,3419.15185546875,3457.7656674103773,3396.8167608028293,3427.484963299314,2243791
2023-10-03,3404.859375,3424.578027645077,3372.156214446026,3424.578027645077,1948148
2023-10-04,3428.01806640625,3437.9501376890325,3369.443117715539,3378.163960793104,1788138
2023-10-05,3478.017822265625,3511.592975040501,3441.050993791205,3443.764192410028,2990768
2023-10-06,3509.07373046875,3522.203492900833,3464.161525860391,3479.616752062629,2075691
2023-10-09,3525.497802734375,3564.8868492933016,3518.375686269089,3531.989938592903,4233074
2023-10-10,3516.3408203125,3534.848482377593,3489.6455392572893,3527.145118113646,1848148
2023-10-11,3497.929931640625,3536.786225623303,3493.1820118827413,3536.786225623303,2426417
2023-10-12,3432.6689453125,3477.3388958750584,3428.357020573171,3464.112379598333,4241281
2023-10-13,3460.09130859375,3466.0504564342814,3415.6633656502213,3420.508278225612,2890357
2023-10-16,3414.7431640625,3463.773541469456,3409.9467475268652,3455.3919366429436,1671104
2023-10-17,3398.2705078125,3424.529794587994,3394.6853194711102,3420.508611385952,1672065
2023-10-18,3379.084716796875,3413.435104126742,3375.9355232117896,3402.098054534039,1408245
2023-10-19,3357.12890625,3377.724681433553,3353.48581920293,3370.5841359492374,1514545
2023-10-20,3394.919921875,3399.7287492235573,3345.859684173674,3352.0285024478358,1481211
2023-10-23,3312.926025390625,3379.764574673807,3304.328482504707,3373.9842574878794,1106272
2023-10-25,3293.44775390625,3327.3526539606864,3280.9153928431065,3293.8362549645863,1518537
2023-10-26,3241.618896484375,3277.5154005505847,3235.061339714683,3272.0265775339394,1984471
2023-10-27,3255.4140625,3266.149073428411,3241.861825708093,3254.4911945226586,1108851
2023-10-30,3282.22705078125,3286.404504534894,3238.7042584547025,3254.4909683759292,910972
2023-10-31,3272.70654296875,3302.0941119260206,3254.5397295948305,3302.0941119260206,999811
2023-11-01,3235.6923828125,3275.475079563095,3216.602703260188,3259.3482541340773,1563475
2023-11-02,3264.30322265625,3279.7011948612367,3247.8849014667153,3247.8849014667153,1245384
2023-11-03,3255.364990234375,3291.3101118879417,3248.9533000312704,3285.578417090908,1402598
2023-11-06,3283.878662109375,3295.5851625824334,3263.234502189303,3278.778340246769,1099852
2023-11-07,3274.357666015625,3307.096824010128,3270.034583951179,3281.6924612558178,1191144
2023-11-08,3285.141845703125,3304.960145556748,3273.4839664527203,3275.32970246197,992899
2023-11-09,3252.013427734375,3294.8076001255913,3246.767477776503,3293.447609300994,2112352
2023-11-10,3238.412841796875,3252.0136999016195,3227.6294466076274,3242.833168116945,1338557
2023-11-13,3236.566650390625,3260.3195268015334,3232.1463246927,3260.3195268015334,1030990
2023-11-15,3307.24267578125,3315.6945893553025,3260.36829431732,3286.647140066283,2059802
2023-11-16,3398.125732421875,3428.7276614876782,3316.8604673723867,3332.2586757585013,3951984
2023-11-17,3402.594970703125,3424.0163718058684,3392.977314949322,3398.126259185063,2021292
2023-11-20,3419.255859375,3433.1479748452243,3391.7140265430435,3391.7140265430435,1475621
2023-11-21,3410.123779296875,3438.151357617526,3401.1861197059716,3419.255926610745,1807236
2023-11-22,3429.5048828125,3431.93360749678,3381.8534942510405,3400.21455799214,1798051
2023-11-23,3408.229248046875,3442.960009998753,3400.214456827211,3429.3591521714443,2729804
2023-11-24,3358.53759765625,3404.634742811444,3354.554394467568,3394.6283500921804,1989733
2023-11-28,3371.21533203125,3381.9989639949645,3335.124579790223,3358.537579518945,1689195
2023-11-29,3413.572265625,3417.701097251868,3376.7042753575834,3381.7559748532553,1441634
2023-11-30,3388.16748046875,3416.3890657423312,3381.7555537510475,3399.67949079268,3266235
2023-12-01,3411.5322265625,3416.681170187955,3390.5481881740484,3400.2144647162854,1172141
2023-12-04,3412.3095703125,3446.6518323292607,3398.2715890288414,3443.591496909269,1625213
2023-12-05,3430.91357421875,3437.131014250938,3402.934619713637,3437.131014250938,1377656
2023-12-06,3501.3466796875,3509.8472159148896,3424.647365925969,3431.8851550865443,1896572
2023-12-07,3511.838623046875,3527.0425817635564,3489.3001055832606,3502.2209682419298,1967653
2023-12-08,3523.30224609375,3541.080558059956,3499.3551157926445,3529.4226796795115,1641155
2023-12-11,3539.0400390625,3548.852180752397,3511.9355689624736,3519.6102433835927,1102503
2023-12-12,3567.407958984375,3592.9579521944743,3527.479631434828,3535.2029282758335,2236866
2023-12-13,3491.09765625,3545.9382149047556,3461.4185917001764,3539.6721523445854,3850968
2023-12-14,3562.696044921875,3573.1395604942823,3524.1765684036072,3526.508049101208,3290396
2023-12-15,3750.92236328125,3784.8758865773325,3562.1618353516847,3562.1618353516847,8531230
2023-12-18,3749.173583984375,3816.9836229920093,3720.951756388531,3748.1050874568027,2521612
2023-12-19,3707.399658203125,3745.190757103993,3681.946670607514,3735.378614376225,2004435
2023-12-20,3672.280517578125,3787.6449455167435,3659.1654036651034,3718.1347943416963,2586083
2023-12-21,3679.51806640625,3698.170625405862,3636.6268813755173,3649.159006452403,1517562
2023-12-22,3714.976806640625,3736.300959232259,3654.7444420978113,3691.661052624052,2413058
2023-12-26,3687.337890625,3724.691623292156,3682.091703777086,3710.9451384903386,1285231
2023-12-27,3702.542236328125,3709.3426655856683,3660.5739203461735,3690.6901070581507,1293976
2023-12-28,3691.56396484375,3728.5778207819258,3683.9865342121075,3714.97696369726,1682889
2023-12-29,3685.24951171875,3713.6172051567646,3658.047795847884,3683.889520797263,1574996
2024-01-01,3702.445068359375,3722.7491113860583,3665.431210140814,3681.946537618257,825907
2024-01-02,3675.340087890625,3702.4447950579743,3659.8448733372065,3702.4447950579743,1344068
2024-01-03,3586.497802734375,3664.3142378242237,3581.9318476857156,3659.602416983921,1803075
2024-01-04,3562.2587890625,3612.9705083748395,3546.909203032143,3596.2123095930524,3598144
2024-01-05,3631.33154296875,3640.9008121452825,3570.0793022663765,3570.2249308608934,1963127
2024-01-08,3573.43115234375,3633.1291560173595,3567.699219937264,3631.3318049280083,1067805
2024-01-09,3584.700439453125,3645.370172645198,3577.754381632584,3604.1788591250474,1370944
2024-01-10,3607.190185546875,3622.9282725925827,3582.854319051135,3584.7972986167806,1292227
2024-01-11,3629.049072265625,3665.4313208716426,3601.3129887281157,3617.8283167044788,1777909
2024-01-12,3772.10107421875,3793.910975286704,3712.645939096034,3738.293177876765,6813450
2024-01-15,3792.502197265625,3851.9573298002842,3774.238140296117,3847.0998804562737,2801505
2024-01-16,3751.213623046875,3787.8387411769872,3745.6275566806867,3787.8387411769872,1432672
2024-01-17,3773.849609375,3798.4767350462816,3703.853717445346,3710.1197796135352,3458696
2024-01-18,3791.33642578125,3797.3596154824213,3751.893842559141,3786.867477549335,2239110
2024-01-19,3839.487548828125,3859.44912521602,3812.2229566885608,3841.3862853778837,2941975
2024-01-23,3756.914794921875,3830.5777865241894,3741.821895467125,3797.5682499048307,2618854
2024-01-24,3740.89697265625,3781.6476594002056,3705.6477962212402,3778.093620029419,2657709
2024-01-25,3710.22412109375,3759.592459378295,3679.4539867078256,3739.0465469098717,2205154
2024-01-29,3701.168701171875,3719.669676000148,3681.5480255900916,3700.974001614099,1646747
2024-01-30,3700.730224609375,3746.739223534862,3687.5360620279253,3707.4489039642863,1411621
2024-01-31,3715.7255859375,3733.301557613305,3696.7377454645057,3711.10034274536,2459358
2024-02-01,3752.922119140625,3802.33918966779,3705.1118546272237,3719.669151010243,2363107
2024-02-02,3862.127197265625,3879.751667343191,3770.303891212372,3773.273832060788,2826510
2024-02-05,3868.943115234375,3916.3639841552226,3858.037325728202,3878.3883015639612,1691523
2024-02-06,4027.36962890625,4040.9044559236536,3885.204259994182,3892.0204078187335,4474396
2024-02-07,3976.1513671875,4045.870922703787,3966.9496144396635,4043.923451742197,2124267
2024-02-08,4025.52001953125,4048.792202854569,3978.731981281588,3982.5781889550713,2345173
2024-02-09,4025.130859375,4074.839869342809,3992.3157809440268,4027.905625345082,2100596
2024-02-12,4012.471923828125,4050.350138353779,3997.7194511568555,4021.527473476732,1013716
2024-02-13,4040.51513671875,4060.4767128852122,3974.301127971461,4017.0969899842103,1257415
2024-02-14,3992.41259765625,4006.8236913539386,3943.141491460348,3999.1312768064327,1391283
2024-02-15,3995.43115234375,4037.398766341099,3975.761507726558,4019.57959928857,1091582
2024-02-16,4019.8720703125,4039.0063532331533,3992.413014514953,4005.2175412353613,1307556
2024-02-19,3996.015380859375,4019.87189957143,3948.4972807094987,4014.7597884188467,772291
2024-02-20,3924.786865234375,3990.368045703509,3904.679322418514,3974.885746474054,1193648
2024-02-21,3886.6650390625,3956.62802606332,3876.051417775102,3907.6003511857225,1885939
2024-02-22,3979.754150390625,3987.3978308394308,3866.7033724629737,3866.7033724629737,2982052
2024-02-23,3945.673583984375,4021.5274818311927,3940.1231016354586,4021.5274818311927,2538072
2024-02-26,3895.964111328125,3943.6284121215494,3878.144705772124,3929.996116375944,1379284
2024-02-27,3996.599609375,4015.68491892097,3893.967990001203,3893.967990001203,2960475
2024-02-28,4010.767578125,4045.7730801502776,3981.6040129877983,3988.0307616584355,1939225
2024-02-29,3987.5439453125,4029.414567656157,3957.7962811947627,3991.3414182941815,3772719
2024-03-01,3986.813720703125,4031.2646476321634,3979.461970720343,3999.3263159688886,2043265
2024-03-04,3973.52197265625,4009.744881748288,3968.8479952218395,3997.183790263655,1749271
2024-03-05,3906.723876953125,3957.2606489086174,3875.4668756536166,3955.3131781168318,2070859
2024-03-06,3957.552978515625,3965.050693824185,3854.4829875644286,3889.148064163673,1744204
2024-03-07,4000.689453125,4015.684883544461,3931.6514690128774,3958.2344936004447,2688905
2024-03-11,4014.078369140625,4043.9232651586194,3981.6041972630856,3981.6041972630856,2304068
2024-03-12,4082.1416015625,4118.851610667918,4012.81146158408,4014.0776026830017,4039801
2024-03-13,4040.0283203125,4129.611980343532,4023.3773492805985,4094.557504679215,2837260
2024-03-14,4097.08935546875,4114.03225712865,3978.683030207731,4044.3616761876724,2919608
2024-03-15,4108.43310546875,4127.664379707775,4067.2927846283033,4082.48315202997,3373143
2024-03-18,4043.436279296875,4143.000724705209,4009.696442521243,4104.538176112258,1526904
2024-03-19,3872.837890625,3951.418290603149,3862.4189692920513,3944.8455765909334,8931209
2024-03-20,3866.60595703125,3912.4689912686326,3856.1870353866384,3881.3094572416053,1817913
2024-03-21,3868.60205078125,3903.1209235304927,3844.3073998400932,3885.2530213886234,3829582
2024-03-22,3808.181640625,3834.5699647781776,3753.7499274301354,3794.646813799024,5852485
2024-03-26,3775.658935546875,3843.041376290008,3769.7677889528313,3773.2245970971353,3440925
2024-03-27,3740.020263671875,3792.6994447610605,3728.8223063895252,3786.3701645579936,1968575
2024-03-28,3774.49072265625,3812.1742365291384,3739.63094645981,3748.9789017480143,4311783
2024-04-01,3813.8779296875,3829.9932972654246,3785.9317727059406,3795.328223736123,1569676
2024-04-02,3781.7939453125,3807.159802384113,3771.2775544700808,3787.8310578075434,2142666
2024-04-03,3843.626220703125,3876.441059797784,3749.855443677786,3749.855443677786,3973090
2024-04-04,3898.155517578125,3922.8395707708546,3831.8927668286606,3871.4750212631457,3394637
2024-04-05,3874.736572265625,3896.8890525116617,3856.4790336013084,3873.519403021337,1636819
2024-04-08,3868.212646484375,3926.7340019269777,3855.992219556017,3878.388133962529,2302538
2024-04-09,3842.8955078125,3910.375418883656,3821.9601966177256,3879.3618511619097,1876992
2024-04-10,3879.994873046875,3885.399152350213,3815.095500273694,3852.4868465326504,2101965
2024-04-12,3896.304931640625,3907.941260442175,3841.873215117463,3866.7034690739947,4354821
2024-04-15,3837.68603515625,3957.4554932330634,3816.117890439459,3896.3048605880067,4200329
2024-04-16,3771.08251953125,3825.5142335144715,3761.3938998087315,3799.515545777659,3051420
2024-04-18,3760.56640625,3832.62283143449,3748.881580544407,3774.9777388325756,3476284
2024-04-19,3725.706298828125,3751.3643214263843,3701.0707459342584,3737.1964239670265,2957749
2024-04-22,3763.098388671875,3776.146349558878,3711.87980518784,3736.2231932071722,1728883
2024-04-23,3772.9326171875,3792.699493931328,3759.2030902829515,3775.2209905357795,1807586
2024-04-24,3730.428955078125,3795.620490873651,3724.002206513264,3787.8306078754495,1317312
2024-04-25,3751.023681640625,3771.9102596572366,3710.9058283393892,3711.1005278852026,2856271
2024-04-26,3720.98388671875,3774.977467405439,3702.6776135505615,3753.8959532403615,2039178
2024-04-29,3768.55078125,3775.9512655457443,3718.8902747468273,3737.1965482191617,1110693
2024-04-30,3720.302490234375,3779.79782513137,3709.932302119023,3770.3039038857896,2203078
2024-05-02,3761.83203125,3769.4272149416875,3678.821088115686,3678.821088115686,2491044
2024-05-03,3742.45458984375,3791.3362977409042,3697.857698127601,3787.976720384603,2962234
2024-05-06,3818.0654296875,3836.468934581478,3751.802684840144,3751.802684840144,2053831
2024-05-07,3874.444580078125,3883.256933352698,3810.7136430982405,3827.559313749985,2062112
2024-05-08,3872.4970703125,3879.6541208134627,3835.1544592136574,3856.9660377516016,1247685
2024-05-09,3856.18701171875,3866.7034019340017,3807.354274876837,3857.939783042688,1726486
2024-05-10,3791.628173828125,3869.235075285604,3783.0107581868297,3858.523985900126,1672489
2024-05-13,3844.11279296875,3851.1236405461927,3768.3561286760473,3782.4752924656605,931326
2024-05-14,3798.736572265625,3842.1652670810554,3790.654520735424,3832.6226124211207,1058317
2024-05-15,3778.482666015625,3823.810095410986,3773.7114577543716,3801.949783718732,1115021
2024-05-16,3826.101318359375,3834.487314976301,3769.7536756903473,3816.440456776042,2599399
2024-05-17,3760.5341796875,3844.7858973181783,3756.5127517164856,3843.805084589271,2765804
2024-05-21,3746.90087890625,3770.9798801907446,3736.94572511883,3757.1014753412887,1908117
2024-05-22,3758.474365234375,3767.5468829479496,3744.301669237929,3761.4168034117506,1311168
2024-05-23,3818.7451171875,3830.073551639933,3752.0989428421417,3767.252451000279,2095742
2024-05-24,3775.638427734375,3809.2803506928462,3770.538249667906,3803.8367924044264,1309452
2024-05-27,3773.235595703125,3833.359462905497,3767.6450111298777,3781.0330088807773,1841538
2024-05-28,3766.22265625,3795.7452148143816,3756.5127061341295,3783.975462210306,1801993
2024-05-29,3730.66796875,3775.0497414998836,3727.0880983327716,3775.0497414998836,1568095
2024-05-30,3664.41455078125,3721.595741600682,3644.160624153166,3704.529695813898,2919230
2024-05-31,3600.51416015625,3677.851333617414,3583.644230418155,3668.23932172806,10956800
2024-06-03,3631.802490234375,3679.568021993886,3625.0838272936135,3661.1777834219824,2156773
2024-06-04,3643.718994140625,3673.143373635704,3522.588631885883,3629.0068043930855,3395997
2024-06-05,3674.565673828125,3711.1991237742145,3629.0069720299666,3644.6999751522585,2799670
2024-06-06,3756.905029296875,3766.2227503412187,3669.7108723591427,3708.4529756487823,4328036
2024-06-07,3819.235595703125,3839.881751093866,3763.672651587923,3763.672651587923,4552445
2024-06-10,3784.662109375,3830.9564232695784,3768.1844072887975,3820.2656600803466,1734661
2024-06-11,3778.188720703125,3805.5042108924868,3767.3016038836363,3771.2248547077797,1419898
2024-06-12,3758.130859375,3818.7942202199274,3754.0114939556183,3800.060602001018,2177001
2024-06-13,3803.73876953125,3815.361496092327,3778.090612582942,3782.798561549058,1932323
2024-06-14,3758.5234375,3814.3806741009234,3754.5510980864838,3814.3806741009234,1860730
2024-06-18,3741.8984375,3768.282202007468,3722.2330959725655,3752.6382881282734,1774045
2024-06-19,3728.755615234375,3760.2888873952325,3720.1735040598087,3754.2076570551294,1509050
2024-06-20,3714.582763671875,3736.8471632650467,3707.5209603786343,3723.1648744863523,2846526
2024-06-21,3737.632080078125,3803.395620974485,3725.1758064009155,3753.5702868094163,4642195
2024-06-24,3743.566162109375,3782.994786873642,3718.5554369174442,3735.6705715594985,1702154
2024-06-25,3764.80029296875,3773.8237215161507,3720.124228579657,3743.761909380764,1338808
2024-06-26,3781.866943359375,3792.753821226435,3767.3017782182387,3770.7346228482215,1639845
2024-06-27,3858.66455078125,3866.364026982779,3744.8414178076,3757.4938070449075,4526556
2024-06-28,3829.23974609375,3884.0182303010656,3823.060817746885,3842.627982909809,2731571
2024-07-01,3901.869140625,3924.918239697478,3809.476629681037,3809.476629681037,2658723
2024-07-02,3940.317138671875,3946.20201531018,3906.1359572048,3916.9739862382603,2307449
2024-07-03,3889.16748046875,3948.8500278460997,3879.11415049591,3942.866974713921,1821198
2024-07-04,3943.799072265625,3969.6926731502645,3905.694639702886,3923.1040664261195,2518001
2024-07-05,3934.82421875,3949.487319907648,3911.4808298979824,3933.0587080970186,1668616
2024-07-08,3916.58154296875,3953.901517117693,3901.7223251427313,3944.8289989078726,1758882
2024-07-09,3909.029052734375,3930.0674374566415,3898.8286963406176,3908.5386463797477,1305801
2024-07-10,3834.14404296875,3926.487706503185,3827.13132763065,3907.263680935565,2669716
2024-07-11,3848.414794921875,3903.634598566715,3820.854101354475,3855.574775619537,4872189
2024-07-12,4103.671875,4119.364879680974,3895.101890988185,3903.634914392215,13509164
2024-07-15,4089.20458984375,4158.645938957586,4077.2873321481356,4154.428635820325,4848030
2024-07-16,4098.27685546875,4114.067556183018,4065.370303340338,4091.9504222394808,2029521
2024-07-18,4232.74560546875,4242.014476062332,4080.1803977848094,4080.1803977848094,5613364
2024-07-19,4229.6494140625,4285.046672091509,4212.789504234044,4244.395774849738,3903354
2024-07-22,4214.8544921875,4246.903348689168,4192.8823165168515,4227.24153243352,1896386
2024-07-23,4229.6005859375,4287.947117977994,4194.159876371138,4210.577683912533,2365208
2024-07-24,4233.4345703125,4265.729197669507,4195.929753955791,4215.00161862754,1809793
2024-07-25,4249.40966796875,4269.563027874675,4201.926577858845,4222.374672972997,2810342
2024-07-26,4313.654296875,4347.669328520429,4263.713005087432,4276.444220696866,3552210
2024-07-29,4307.01904296875,4356.075176096543,4297.0897302455405,4340.345723869609,1746803
2024-07-30,4291.53515625,4323.632972146041,4254.128266463847,4316.849742205607,1797906
2024-07-31,4311.197265625,4339.362720581677,4271.5294564855885,4276.444910405595,2330091
2024-08-01,4322.748046875,4344.572371561555,4291.239703135842,4325.008963388223,2202244
2024-08-02,4210.62646484375,4323.632933737026,4197.797323114393,4291.190940373379,2811282
2024-08-05,4084.791015625,4167.321675831672,4040.994514863432,4167.321675831672,2787771
2024-08-06,4100.66845703125,4186.246317493068,4090.443928890724,4100.422684336041,2203067
2024-08-07,4129.423828125,4173.171367509381,4109.61416503561,4156.507786902492,1237666
2024-08-08,4101.9951171875,4160.440054288972,4089.6575202840554,4110.30242603549,2441283
2024-08-09,4157.24462890625,4181.723490337842,4134.43673358199,4145.693313650052,1302536
2024-08-12,4124.705078125,4167.322162987125,4115.562525120596,4158.474345231313,936912
2024-08-13,4125.98291015625,4162.406230389115,4112.268602200677,4141.761324664464,1495593
2024-08-14,4222.62060546875,4233.385641348028,4117.33148860454,4137.829027045683,3226545
2024-08-16,4341.376953125,4352.141986959411,4251.965153108655,4276.444012485529,3457058
2024-08-19,4414.07763671875,4418.255772566424,4316.112735730609,4346.244372368284,2055210
2024-08-20,4446.81396484375,4487.809038984132,4423.908143576909,4428.823597069772,2212298
2024-08-21,4474.537109375,4482.893379929694,4416.583723341674,4441.603572482973,1896990
2024-08-22,4425.8740234375,4483.827408179873,4421.1553804157365,4482.893280069969,1829872
2024-08-23,4388.41845703125,4429.806671292171,4379.669045851447,4423.908127122674,1809253
2024-08-26,4426.31689453125,4475.1762140890105,4409.161769882674,4413.094132665178,1844164
2024-08-27,4421.1064453125,4433.739257383393,4410.931360102684,4428.823803661238,930697
2024-08-28,4429.85595703125,4485.351622818282,4381.930282157301,4422.679586444656,1848058
2024-08-29,4435.5087890625,4478.961593547129,4384.584878669929,4384.584878669929,2133641
2024-08-30,4476.7490234375,4514.5980132595905,4411.91400340769,4423.9079012832835,3637222
2024-09-02,4444.60205078125,4510.42016565307,4435.705271888983,4498.623077164004,1216500
2024-09-03,4436.04931640625,4478.862723418696,4419.877282744973,4444.601917289093,1717263
2024-09-04,4403.5087890625,4411.127741591436,4361.678473961914,4401.247872579934,1265505
2024-09-05,4400.26513671875,4422.925185992935,4378.833470829995,4405.229552886051,1688793
2024-09-06,4381.3896484375,4442.5380843769135,4364.922878569025,4398.299001148173,1649179
2024-09-09,4374.31103515625,4414.323018683421,4355.583349318389,4379.669071484804,1184938
2024-09-10,4431.6259765625,4463.183287374054,4365.365752381657,4367.331933989544,1385591
2024-09-11,4403.60791015625,4472.42426676839,4395.644778600455,4444.99612920937,1325919
2024-09-12,4441.30908203125,4455.957037570517,4356.369660869125,4433.984864249237,2742216
2024-09-13,4446.1259765625,4470.113292994115,4428.823484701669,4453.400751542411,1458786
2024-09-16,4436.9345703125,4469.179756667669,4418.452655210724,4450.452068864939,1155120
2024-09-17,4429.46240234375,4459.102490180248,4390.482953097841,4436.933987476228,1699364
2024-09-18,4272.65966796875,4421.007962696659,4247.935032184893,4421.007962696659,2961779
2024-09-19,4223.50537109375,4347.424252297365,4209.397922353699,4315.8174996062235,2927551
2024-09-20,4212.4453125,4257.471155302491,4156.016001413029,4243.90421540839,5447908
2024-09-23,4196.32275390625,4236.531068498641,4181.084847689653,4227.290111701271,1702319
2024-09-24,4199.07568359375,4218.442765016595,4168.305132526303,4179.758044727455,3012026
2024-09-25,4202.46728515625,4217.066279151633,4168.3048807678815,4180.4461478288495,2713073
2024-09-26,4219.9169921875,4243.805905107155,4187.96654320763,4187.96654320763,3964251
2024-09-27,4235.84326171875,4303.971257963029,4227.339142801401,4261.698356160286,3012477
2024-09-30,4196.32275390625,4226.061248296706,4188.015445281488,4214.411527216484,2503416
2024-10-01,4215.39453125,4223.111889276909,4171.204892145493,4183.591450988956,1823365
2024-10-03,4161.177734375,4206.645685521381,4138.812417865159,4190.523091822548,3350119
2024-10-04,4180.34765625,4225.324058219178,4152.624304993512,4153.558433219178,2965463
2024-10-07,4200.59912109375,4224.586437755327,4157.883638905139,4201.631174301058,1472619
2024-10-08,4181.33056640625,4207.038292492998,4132.864386365645,4200.353467668349,1541867
2024-10-09,4181.0361328125,4222.3749081806955,4174.891815425741,4187.9667308148455,1082504
2024-10-10,4155.91748046875,4221.244048728042,4127.6046606504715,4181.330470770868,2378875
2024-10-11,4079.0400390625,4170.221699578775,4042.911456593787,4072.944684840193,5759183
2024-10-14,4066.701904296875,4094.965760922086,4052.4965321992213,4069.9953540303254,2137590
2024-10-15,4047.187744140625,4099.439400703778,4025.756558136523,4061.1967871084994,2759474
2024-10-16,4025.707275390625,4045.41829222887,3998.4265080493487,4015.925570778842,2359151
2024-10-17,4039.519775390625,4060.1157180197656,4023.741121305155,4043.255328123109,2522659
2024-10-18,4063.220703125,4085.985597920686,4020.7955892025657,4030.6504803525722,2361000
2024-10-21,4020.64794921875,4079.875942553178,4010.940784986428,4072.632501161756,1595450
2024-10-22,3957.231201171875,4030.453084242788,3948.214072783788,4006.998397202053,1928049
2024-10-23,4007.2451171875,4053.858559887262,3937.176744813799,3941.562363857524,1966476
2024-10-24,3989.1611328125,4019.809939302293,3945.8982586335824,3945.8982586335824,2676744
2024-10-25,3998.67138671875,4032.62143844137,3974.1818860941275,3998.1786421637107,1759676
2024-10-28,4031.488037109375,4074.0117940177324,3992.2162016366315,4009.9056822307925,1532534
2024-10-29,4016.1142578125,4043.9543235221386,4001.184194918886,4036.415428516039,1445885
2024-10-30,4025.377685546875,4047.4034616907834,4001.1347996748937,4015.867812610164,1935002
2024-10-31,3910.864013671875,4019.120083197284,3902.536679230978,4010.940475876283,3740372
2024-11-01,3926.385498046875,3940.921461805209,3918.3538583788945,3931.9536556418684,154895
2024-11-04,3906.62646484375,3933.9737869859623,3856.4651665950405,3908.7454107378453,2269192
2024-11-05,3913.72216796875,3928.159486802753,3883.911123193089,3883.911123193089,967590
2024-11-06,4079.580078125,4089.5826967940407,3917.5657575256814,3945.504471267115,3792017
2024-11-07,4090.66650390625,4144.769757867758,4025.7721926964314,4109.193987227991,3724349
2024-11-08,4086.8232421875,4109.243118907964,4057.8990412562157,4094.7071548804106,1648039
2024-11-11,4137.7734375,4172.856465867137,4057.8992541224643,4068.296453249154,1406487
2024-11-12,4136.49169921875,4156.792870167602,4103.921478145864,4154.821892040448,1587640
2024-11-13,4090.125,4135.851600433275,4071.104770640701,4117.472323979751,1098813
2024-11-14,4085.73876953125,4099.63426074071,4056.7164070519016,4074.997035616066,1825432
2024-11-18,3961.17333984375,4151.865475994954,3932.2984618056635,4151.865475994954,3313944
2024-11-19,3980.932373046875,4072.188515474592,3955.8517246360525,3961.5673686951022,1776233
2024-11-21,4013.74951171875,4033.0649543674667,3965.6082713308415,3986.2048979720894,2384347
2024-11-22,4183.0068359375,4193.206743644381,3995.1725304474053,4011.9258439692617,3096553
2024-11-25,4252.48388671875,4265.295244341108,4190.496721846663,4217.89312489922,4052167
2024-11-26,4289.53857421875,4303.236776393483,4247.45799740418,4258.347459420346,2060669
2024-11-27,4269.6806640625,4313.879947019853,4261.304006601975,4295.697961602462,1558993
2024-11-28,4183.302734375,4276.973765406798,4171.575509903601,4256.327575543031,2558544
2024-11-29,4208.8759765625,4236.32194265591,4134.767008032492,4158.76376247456,2017425
2024-12-02,4214.591796875,4225.974484518176,4168.66790929936,4208.038390702419,1670944
2024-12-03,4240.31298828125,4262.240119532022,4203.554439381881,4251.744757442165,2010905
2024-12-04,4291.2138671875,4323.29182780231,4226.812054865757,4250.9565390895195,3302642
2024-12-05,4399.27294921875,4423.861097675505,4296.732988608866,4336.940756207394,3746747
2024-12-06,4380.99169921875,4400.208736252777,4348.7169318923725,4388.38286730876,1842087
2024-12-09,4387.544921875,4404.544607771133,4351.47592686491,4366.160098479674,2066639
2024-12-10,4368.2294921875,4428.590699209594,4348.076528927836,4361.922458223545,2087828
2024-12-11,4363.20361328125,4384.095692071247,4343.050170070465,4367.539668788923,1635256
2024-12-12,4390.30517578125,4419.918932897898,4361.775071796231,4365.766110461297,1914642
2024-12-13,4408.9794921875,4429.674762836589,4330.63311044452,4370.594981296335,1967048
2024-12-16,4351.1318359375,4410.063893929993,4333.19574114194,4394.2960677170595,1646224
2024-12-17,4265.689453125,4368.623979293737,4255.341817856936,4346.0068125866355,3225027
2024-12-18,4284.75830078125,4298.702873423096,4227.353568461925,4249.132970868585,1575404
2024-12-19,4209.9111328125,4300.674782551446,4200.154886167338,4219.864669772065,3015763
2024-12-20,4109.78466796875,4318.412885998388,4092.2431558896187,4266.181967934054,4116989
2024-12-23,4097.95849609375,4155.806889764658,4055.1883720303713,4139.1026596336305,2195338
2024-12-24,4118.8515625,4156.792891643738,4097.959001765894,4097.959001765894,1181886
2024-12-26,4108.60302734375,4139.005464717603,4083.029390701867,4118.852018553539,1208464
2024-12-27,4104.4140625,4120.2805320435555,4087.0693594187683,4102.59081156437,858100
2024-12-30,4098.45166015625,4138.363966598421,4052.330965190293,4090.765038060532,1527169
2024-12-31,4035.380859375,4079.875837090253,3973.5414176669124,4074.997473513026,1555429
2025-01-01,4052.774658203125,4074.0117548678522,4026.1662131104285,4034.9862920363385,763161
2025-01-02,4115.15576171875,4122.3005570902305,4037.499419676703,4060.2147490346047,1720835
2025-01-03,4040.406494140625,4119.295181980029,4032.9169216558203,4119.295181980029,1791953
2025-01-06,4035.577880859375,4089.4347641535296,4007.392796245949,4045.925516451322,2085593
2025-01-07,3969.845703125,4080.269802492842,3953.3387610597765,4055.2384761375806,2669054
2025-01-08,4048.783203125,4066.127907014057,3959.4487150765217,3976.3497564052877,2181277
2025-01-09,3980.242919921875,4077.7076998881107,3966.889493919747,4041.490973896717,2392472
2025-01-10,4203.75146484375,4234.646644233189,4109.4895290789855,4139.054201950057,7894300
2025-01-13,4228.83251953125,4260.220444691178,4166.056669211393,4183.401374210544,4003771
2025-01-14,4171.62451171875,4251.301403019245,4157.827664089084,4239.5741787732,3441709
2025-01-15,4187.9345703125,4194.685266878148,4146.396301039106,4156.793018552642,1653474
2025-01-16,4145.26220703125,4231.689785201745,4131.022179634115,4198.183159049705,2637705
2025-01-17,4074.13818359375,4109.996975792013,4050.1831231881365,4109.305296575243,1761466
2025-01-20,4028.203857421875,4095.3765671125325,4018.6218817831777,4095.3765671125325,1287799
2025-01-21,3986.76416015625,4061.0000534758,3980.9852141832826,4045.4910526126155,1971591
2025-01-22,4106.04541015625,4112.515552783079,3995.0123315030273,4000.7418371831222,2409223
2025-01-23,4095.03125,4140.372895807769,4089.6965415052296,4117.306793192179,1822998
2025-01-24,4101.84765625,4127.185594847985,4054.0856106405295,4054.0856106405295,1910099
2025-01-27,4015.70751953125,4105.7984925327555,3991.900780466966,4052.1094279008153,1551782
2025-01-28,3991.16015625,4052.1096856868503,3979.306105487386,4021.2892019383103,2468272
2025-01-29,4049.93603515625,4057.8884165262934,4004.693270083929,4004.693270083929,1217089
2025-01-30,4050.18310546875,4079.6701524518658,4009.1386486944825,4050.035026306533,1531251
2025-01-31,4062.3828125,4078.237893678919,4035.5631210153647,4060.012098983697,1492943
2025-02-01,4023.610595703125,4085.5974046676292,4006.6692774506637,4062.9760202550738,437172
2025-02-03,4019.165283203125,4027.4138234847605,3950.066092547816,3981.874414467155,1265713
2025-02-04,4057.09814453125,4068.754917393804,4016.597044877319,4034.03228171527,2547132
2025-02-05,4041.34228515625,4099.525820208286,4026.4258417274636,4099.525820208286,1693912
2025-02-06,4033.09375,4089.1535308615516,4002.2732667297546,4055.468173998699,2284536
2025-02-07,3980.392578125,4040.2556308848625,3959.2529507546524,4040.2556308848625,1548940
2025-02-10,3987.850830078125,4002.7178337412574,3965.5258456983292,3990.8637829009576,1339511
2025-02-11,3915.343505859375,3990.863637094394,3906.8974467099824,3969.526249892905,1810908
2025-02-12,3902.1064453125,3972.83571115218,3892.228069702002,3922.801835153518,1678002
2025-02-13,3862.593017578125,3935.989398017966,3854.789197163407,3919.739518058658,2277310
2025-02-14,3886.992431640625,3899.982398124333,3852.56619875504,3877.2621359265468,1681975
2025-02-17,3857.01171875,3886.152926511077,3809.299116791676,3809.5955162912987,1799806
2025-02-18,3826.092529296875,3876.669765987123,3817.4983904443516,3850.9859884863977,2149879
2025-02-19,3738.076171875,3827.82106864859,3722.319970005145,3825.1045153843083,4366672
2025-02-20,3733.43310546875,3741.928604788681,3705.675015273267,3715.7509099558138,2888572
2025-02-21,3739.953125,3770.5760903658215,3729.0869114830957,3730.173629303301,1833931
2025-02-24,3630.895751953125,3717.4301755985084,3625.3637652705784,3697.6239847229253,2508516
2025-02-25,3585.40576171875,3613.5096912637337,3577.2066619706934,3580.911052714881,4101954
2025-02-27,3568.612548828125,3593.752965954935,3556.9065775254853,3567.772790451682,3823856
2025-02-28,3440.88525390625,3556.215291484246,3414.954517405844,3541.348287656423,7085018
2025-03-03,3450.56591796875,3480.398563015721,3433.871319078812,3442.6137776512555,4990439
2025-03-04,3489.091796875,3507.811270911589,3422.1658003657744,3431.747776723982,2797737
2025-03-05,3503.9091796875,3556.5609685813047,3478.0278844831014,3478.0278844831014,2501894
2025-03-06,3557.795654296875,3565.550034007974,3493.092297722642,3513.738005107593,2786513
2025-03-07,3567.27880859375,3580.9110146215976,3530.926339576579,3556.2150765897245,2051315
2025-03-10,3545.990966796875,3578.0464882486435,3539.0269050026495,3562.6361259918417,1004626
2025-03-11,3531.815673828125,3545.1020407658093,3494.623445019518,3514.7260358188087,1995450
2025-03-12,3463.555908203125,3525.8391128612507,3444.4413966520915,3521.640803348143,3174167
2025-03-13,3468.34716796875,3481.4360158451636,3441.724993541169,3459.7035891824394,1693004
2025-03-17,3455.159423828125,3487.5111042781473,3435.057073961186,3446.565285194742,2690906
2025-03-18,3455.159423828125,3455.159423828125,3455.159423828125,3455.159423828125,0
2025-03-19,3454.56689453125,3503.8598932625678,3420.634577218764,3503.8598932625678,3051244
2025-03-20,3519.813232421875,3535.4211137803227,3469.285438744659,3469.285438744659,2845192
2025-03-21,3534.581787109375,3572.267694804508,3422.857258900137,3432.735634827699,4161925
2025-03-24,3584.81298828125,3605.360057323045,3523.2214624383355,3556.215139766549,1834751
2025-03-25,3613.2626953125,3664.877205825815,3593.752904257228,3600.6677669097294,3135390
2025-03-26,3591.57958984375,3635.7358773567735,3581.7506550649064,3603.3841996001006,1734499
2025-03-27,3606.79248046875,3618.449012006768,3566.5875396807087,3570.884729570523,2528474
2025-03-28,3562.290283203125,3616.4238291582196,3548.2135981206075,3606.5948937734543,2051919
2025-04-01,3507.613525390625,3540.4096829245336,3482.1272690594255,3529.2470706788267,2618493
2025-04-02,3500.846923828125,3520.7519956565757,3487.1160780114287,3500.8963639411054,1764313
2025-04-03,3361.75927734375,3459.407116080848,3354.8444144618065,3448.5409029806515,4537821
2025-04-04,3259.271240234375,3358.301958396606,3255.4187701110422,3321.702768711085,5317367
2025-04-07,3234.2294921875,3251.368328518194,3018.8809120553065,3062.296322980731,6623955
2025-04-08,3252.899658203125,3308.2680019006634,3215.70767038631,3261.889076504213,5557558
2025-04-09,3207.113525390625,3230.228827873871,3172.9836893878546,3220.89381114684,2990265
2025-04-11,3192.197021484375,3258.8266155521846,3167.0071641277755,3249.5410391127716,7108961
2025-04-15,3208.69384765625,3274.08864453866,3199.2107519795586,3274.08864453866,3512160
2025-04-16,3233.982421875,3238.23017131478,3189.7272541040916,3208.693685671263,2384391
2025-04-17,3258.77734375,3263.420373380785,3178.8613788302714,3206.0269126767075,2932346
2025-04-21,3281.201171875,3313.20701075186,3244.15726522527,3250.084290289227,2432946
2025-04-22,3274.088623046875,3293.3514549412,3254.9246713743637,3282.18908375484,2710498
2025-04-23,3371.489501953125,3379.293321999538,3296.7102488988207,3324.0733003434707,3543923
2025-04-24,3360.228271484375,3370.9956041985065,3346.4971849798935,3359.734352714529,2252175
2025-04-25,3406.06396484375,3435.5015728669696,3363.5869490408845,3378.404512693047,2742991
2025-04-28,3401.618408203125,3415.7445325916697,3363.5866647108005,3393.2217895100143,1593296
2025-04-29,3430.265869140625,3452.492213865078,3388.6778120988047,3412.9787121327167,1578332
2025-04-30,3411.694580078125,3467.2110034862103,3325.061273098265,3429.772055911222,2809332
2025-05-02,3389.270751953125,3449.034925807151,3378.40453852512,3429.772092912052,1721761
2025-05-05,3412.287353515625,3461.8767511097926,3404.4832920390604,3408.0396037462647,1284443
2025-05-06,3417.91796875,3430.759857071893,3395.1977047958817,3417.91796875,1324763
2025-05-07,3403.19921875,3417.4239829127787,3378.997198925932,3378.997198925932,1477128
2025-05-08,3406.952880859375,3434.7112128994936,3386.998610284149,3406.063923519544,2543591
2025-05-09,3398.45751953125,3404.285664518617,3356.7708237929633,3357.659781105859,2531757
2025-05-12,3576.366943359375,3586.344199009816,3459.604594038759,3462.370587392757,2228678
2025-05-13,3472.2490234375,3578.935479918652,3467.803754417452,3576.3670057941126,3062887
2025-05-14,3505.5390625,3517.689512589028,3465.9269214811093,3478.1760106222882,2119499
2025-05-15,3536.359619140625,3556.21525075921,3471.360099994329,3520.653098251618,3548330
2025-05-16,3517.98583984375,3550.1891985825587,3502.970757638989,3550.1891985825587,1666727
2025-05-19,3476.002685546875,3506.823167687793,3461.0862426467947,3506.823167687793,2537377
2025-05-20,3455.752197265625,3514.726051583229,3451.5044475075333,3488.8447556489973,2038374
2025-05-21,3482.917724609375,3493.9814570703943,3455.752191652226,3465.334167770128,1440153
2025-05-22,3434.711181640625,3455.2582510362627,3409.323804689904,3452.492257645667,2034383
2025-05-23,3471.853759765625,3492.005548214681,3423.4497224636393,3434.7109734490655,1274331
2025-05-26,3494.27783203125,3501.884132971573,3467.4086987656956,3478.176031648211,967470
2025-05-27,3456.147216796875,3496.944956186642,3440.7370955910233,3489.042255720683,2467680
2025-05-28,3455.159423828125,3486.0787880344637,3450.516635478714,3477.1882498955265,1222933
2025-05-29,3455.5546875,3489.536203315723,3444.0956752612224,3462.0742707354857,3188072
2025-05-30,3421.276611328125,3464.0500271917626,3411.1020770923456,3447.5531876798154,3404365
2025-06-02,3407.842041015625,3417.91793582919,3377.0215575741954,3408.039560292111,1877585
2025-06-03,3363.784423828125,3431.2537776661225,3359.1416355127826,3404.0882446631517,2848125
2025-06-04,3369.465087890625,3383.3182215676084,3358.6020509863906,3377.5377895527827,2544807
2025-06-05,3359.6982421875,3397.4699581243544,3352.3231247435624,3397.4699581243544,3584683
2025-06-06,3372.75390625,3379.4311968394054,3347.3401523789876,3359.6983590738273,2070390
2025-06-09,3410.326416015625,3422.3855889461993,3379.431263640164,3388.500583115049,1718678
2025-06-10,3451.187744140625,3474.0104381585516,3411.6220654345716,3428.365293437595,2419874
2025-06-11,3460.1572265625,3477.1994881899896,3437.4345354790357,3458.2637500771752,2847013
2025-06-12,3422.584716796875,3462.9477367145046,3411.6219212636915,3460.1571582794445,4060134
2025-06-13,3434.0458984375,3438.8297125316194,3381.723464034396,3381.723464034396,2178493
2025-06-16,3484.474853515625,3497.131850878911,3414.6118485958773,3428.365222862198,1934088
2025-06-17,3503.41064453125,3508.094699586469,3476.302688697425,3498.1285214626437,2111940
2025-06-18,3439.7265625,3526.033760927228,3431.4548294482115,3507.19778191584,2696327
2025-06-19,3412.41943359375,3439.3281148750093,3401.4566375162,3438.331497049777,2672768
2025-06-20,3424.07958984375,3434.6438354271677,3399.3634207293467,3413.415828473248,2351248
2025-06-23,3382.122314453125,3413.416016519491,3358.6020366921707,3403.4498383690693,3123421
2025-06-24,3378.932861328125,3430.4581957754644,3370.561369209563,3422.983562342859,3403048
2025-06-25,3433.14892578125,3438.331289496645,3388.5004012430704,3395.775759591069,1757699
2025-06-26,3430.1591796875,3439.7265645422617,3403.748808087712,3433.149033076155,2879106
2025-06-27,3429.461669921875,3454.675906058565,3419.395732636828,3443.3145602623845,1778433
2025-06-30,3450.290771484375,3453.180865734764,3418.399002366091,3428.2654211111044,1468351
2025-07-01,3418.10009765625,3473.213111911396,3401.9549375924103,3443.3145772321013,2375183
2025-07-02,3411.7216796875,3478.0962775498906,3408.4327923652227,3475.4054582188955,3090585
2025-07-03,3389.2978515625,3423.6811655474544,3386.1087232761492,3418.3990425621496,2531870
2025-07-04,3408.233642578125,3415.409242162467,3378.6341422209043,3396.473503732036,1109320
2025-07-07,3400.160888671875,3414.5123309346973,3396.8720012794643,3406.738663456697,1639174
2025-07-08,3394.679443359375,3413.415906340367,3381.922687075622,3393.483550682905,2325242
2025-07-09,3372.355224609375,3402.4530322953497,3355.611997580095,3398.4665612557537,2034938
2025-07-10,3370.561279296875,3387.5037812921582,3344.6492174217365,3368.5680437680185,3035012
2025-07-11,3254.95361328125,3323.7202389139525,3250.070283569519,3288.738858113972,7635550
2025-07-14,3211.800048828125,3260.933353706794,3189.1768740408747,3254.9536470679677,3924009
2025-07-15,3241.300048828125,3248.375889064686,3195.1565970327038,3195.1565970327038,2590889
2025-07-16,3233.10009765625,3244.89990234375,3220.60009765625,3227.0,2540733
2025-07-17,3209.199951171875,3242.0,3204.10009765625,3224.10009765625,2947640
2025-07-18,3189.89990234375,3228.800048828125,3187.0,3225.0,3432645
2025-07-21,3158.199951171875,3197.60009765625,3152.0,3190.0,3844346
2025-07-22,3159.60009765625,3180.10009765625,3154.60009765625,3159.60009765625,3198036
2025-07-23,3179.10009765625,3182.0,3157.60009765625,3159.60009765625,1922875
2025-07-24,3148.0,3173.699951171875,3140.0,3165.10009765625,2934778
2025-07-25,3135.800048828125,3156.89990234375,3125.60009765625,3140.0,2568917
2025-07-28,3079.300048828125,3118.0,3069.89990234375,3110.0,3374473
2025-07-29,3056.0,3074.0,3041.199951171875,3060.0,4785312
2025-07-30,3053.60009765625,3069.0,3047.199951171875,3060.0,2880121
2025-07-31,3036.800048828125,3059.800048828125,3015.0,3041.699951171875,2968371
2025-08-01,3003.0,3036.800048828125,3000.0,3029.89990234375,2053847
2025-08-04,3074.39990234375,3079.39990234375,2991.60009765625,3009.10009765625,2519252
2025-08-05,3063.89990234375,3077.5,3042.0,3074.39990234375,1927996
2025-08-06,3032.300048828125,3066.800048828125,3026.0,3063.0,1487081
2025-08-07,3047.0,3051.60009765625,3010.89990234375,3016.0,2543076
2025-08-08,3036.39990234375,3059.800048828125,3025.0,3048.10009765625,2762140
2025-08-11,3040.800048828125,3049.89990234375,3021.300048828125,3036.39990234375,1884215
2025-08-12,3035.39990234375,3096.39990234375,3026.89990234375,3041.0,3358232
2025-08-13,3036.199951171875,3044.39990234375,3028.60009765625,3036.10009765625,2148166
2025-08-14,3022.300048828125,3055.89990234375,3019.10009765625,3034.0,3342174
2025-08-18,3011.199951171875,3049.0,3003.39990234375,3046.5,2945609
2025-08-19,3016.199951171875,3025.0,3011.10009765625,3011.199951171875,2650784
2025-08-20,3098.60009765625,3103.39990234375,3010.89990234375,3010.89990234375,4952358
2025-08-21,3102.60009765625,3130.0,3083.10009765625,3130.0,3230726
2025-08-22,3054.0,3095.699951171875,3050.0,3086.0,1593791
2025-08-25,3140.60009765625,3152.0,3077.10009765625,3087.300048828125,3448370
2025-08-26,3157.199951171875,3162.0,3120.0,3129.0,5522097
2025-08-27,3157.199951171875,3157.199951171875,3157.199951171875,3157.199951171875,0
2025-08-28,3093.699951171875,3146.5,3086.5,3145.0,3116051
2025-08-29,3084.699951171875,3115.0,3077.199951171875,3093.0,2271789
2025-09-01,3112.60009765625,3131.10009765625,3090.0,3090.0,1246862
2025-09-02,3111.5,3155.0,3103.10009765625,3121.10009765625,2185229
2025-09-03,3097.5,3141.89990234375,3088.0,3129.89990234375,1799774
2025-09-04,3095.699951171875,3118.0,3090.800048828125,3116.0,1481391
2025-09-05,3048.300048828125,3103.39990234375,3028.60009765625,3097.10009765625,2802055
2025-09-08,3019.0,3064.89990234375,3016.0,3050.0,2626187
2025-09-09,3049.39990234375,3060.0,3030.800048828125,3032.10009765625,2489301
2025-09-10,3110.0,3122.699951171875,3053.39990234375,3056.39990234375,2079428
2025-09-11,3124.199951171875,3139.0,3110.10009765625,3139.0,2263446
2025-09-12,3133.39990234375,3148.699951171875,3121.0,3144.0,1447167
2025-09-15,3111.89990234375,3134.0,3096.0,3134.0,1732539
2025-09-16,3145.699951171875,3150.0,3109.10009765625,3128.0,2573429
2025-09-17,3172.800048828125,3182.39990234375,3142.39990234375,3152.0,2418271
2025-09-18,3176.699951171875,3203.0,3161.39990234375,3185.0,2633138
2025-09-19,3169.199951171875,3180.5,3144.0,3170.0,4901694
2025-09-22,3073.800048828125,3106.89990234375,3065.0,3095.0,3634901
2025-09-23,3057.0,3080.699951171875,3052.0,3070.0,1104135
